species	organelle	subgraph_id	path	n_segments	coverage	is_circular	length_bp	n_orphan_nodes	orphan_bp	pct_subgraph_explained
Acaena_ovalifolia	mito	1	u27-,u28+	2	511	false	245105	1	112414	0.6856
Acer_campestre	mito	1	u70-,u71+,u75-,u76+	4	2104	false	513280	5	236281	0.6848
Acer_pseudoplatanus	mito	1	u90-,u91+	2	818	false	299977	1	313433	0.489
Acer_pseudoplatanus	mito	2	u94+	1		true	118359	0	0	1.0
Aconitum_napellus	mito	1	u16+	1		false	32300	0	0	1.0
Aconitum_napellus	mito	2	u17+	1		false	12210	0	0	1.0
Aconitum_napellus	mito	3	u18+	1		false	12189	0	0	1.0
Aconitum_napellus	mito	4	u20+	1		false	10090	0	0	1.0
Adiantum_capillus_veneris	mito	1	u31-,u33+,u34+,u43+,u44+,u353+	6	31354	false	22027	67	225302	0.0891
Adonis_annua	mito	1	u25-,u26+,u27+,u28+	4	970	false	203126	5	382801	0.3467
Adoxa_moschatellina	mito	1	u28+	1		true	148054	0	0	1.0
Adoxa_moschatellina	mito	2	u30+	1		true	255314	0	0	1.0
Adoxa_moschatellina	mito	3	u31+	1		true	157394	0	0	1.0
Adoxa_moschatellina	mito	4	u32+	1		true	124985	0	0	1.0
Aegonychon_purpurocaeruleum	mito	1	u173+,u174-	2	2728	false	108424	1	188783	0.3648
Aesculus_hippocastanum	mito	1	u1-,u29+,u31+,u33+,u34-,u141-	6	7225	false	358158	3	148419	0.707
Aethusa_cynapium	mito	1	u106-,u107+,u307+,u308+	4	2056	false	58148	10	198878	0.2262
Agrimonia_eupatoria	mito	1	u154-,u156+,u158+,u159-	4	1491	false	180972	2	136300	0.5704
Agrostemma_githago	mito	1	u114-,u116+,u117+,u120+	4	5224	false	65657	5	176233	0.2714
Agrostis_capillaris	mito	1	u23-,u25+,u32+,u33+,u34+	5	1044	false	320049	7	241736	0.5697
Agrostis_gigantea	mito	1	u50-,u51+,u56-	3	192	false	29650	6	523034	0.0536
Agrostis_gigantea	mito	2	u60+	1		false	36507	0	0	1.0
Agrostis_gigantea	mito	3	u61+	1		false	13943	0	0	1.0
Agrostis_gigantea	mito	4	u63+	1		false	11890	0	0	1.0
Agrostis_stolonifera	mito	1	u26-,u27+,u28+,u30+,u31+,u33+	6	1247	false	241708	3	269420	0.4729
Ailanthus_altissima	mito	1	u39-,u41+	2	1105	false	455274	1	202686	0.6919
Ajuga_chamaepitys	mito	1	u25-,u27+,u29+,u30-	4	2365	false	158051	2	247666	0.3896
Ajuga_reptans	mito	1	u15+,u18+,u19-,u20+,u25+,u29+,u30+,u32+	8	6576	false	144845	13	232396	0.384
Alchemilla_alpina	mito	1	u24+	1		true	150791	0	0	1.0
Alchemilla_alpina	mito	2	u25+	1		true	171050	0	0	1.0
Alchemilla_glaucescens	mito	1	u136+,u138-	2	1075	false	308862	1	2196	0.9929
Alisma_plantago_aquatica	mito	1	u17+,u18+,u21+,u26+,u27+	5	1059	false	150709	6	92805	0.6189
Alliaria_petiolata	mito	1	u8+	1		true	78336	0	0	1.0
Alliaria_petiolata	mito	2	u10+	1		true	199241	0	0	1.0
Allium_paradoxum	mito	1	u18-,u20+,u24+,u39+	4	2075	false	60943	5	254214	0.1934
Allium_schoenoprasum	mito	1	u6-,u7+,u9+,u12+,u17+,u21-	6	1849	false	67935	33	399488	0.1453
Allium_triquetrum	mito	1	u16+	1		true	115643	0	0	1.0
Allium_triquetrum	mito	2	u17+	1		true	145824	0	0	1.0
Allium_triquetrum	mito	3	u18+	1		true	97998	0	0	1.0
Alnus_cordata	mito	1	u6+	1		false	317460	0	0	1.0
Alnus_cordata	mito	2	u7+	1		false	60237	0	0	1.0
Alnus_cordata	mito	3	u8+	1		false	61177	0	0	1.0
Alnus_cordata	mito	4	u9+	1		false	124420	0	0	1.0
Alnus_cordata	mito	5	u10+	1		false	61057	0	0	1.0
Alnus_glutinosa	mito	1	u4-,u5+,u6+	3	925	true	505234	0	0	1.0
Alnus_glutinosa	mito	2	u11+	1		true	157103	0	0	1.0
Alnus_incana	mito	1	u2+,u18+	2	1362	true	315470	1	190851	0.6231
Alnus_incana	mito	2	u25+,u26-	2	1196	false	155923	1	1410	0.991
Alopecurus_geniculatus	mito	1	u1-,u3+,u5+,u8-,u9+,u11+,u12-	7	702	false	327276	5	203841	0.6162
Alopecurus_pratensis	mito	1	u6-,u8+,u9+,u11+,u14-	5	588	false	103167	4	386113	0.2109
Ammi_majus	mito	1	u101+,u103+,u105+,u108+,u109+,u113+	6	5894	false	31319	8	214880	0.1272
Ammophila_arenaria	mito	1	u9-,u11+,u12+,u13-	4	275	false	118173	6	377303	0.2385
Amsinckia_menziesii	mito	1	u199-,u1413-	2	1	false	2256	7	9793	0.1872
Anacamptis_pyramidalis	mito	1	u12-,u87-,u88-	3	5923	true	2115	20	236128	0.0089
Anacamptis_pyramidalis	mito	2	u3-,u94-	2	67	true	32462	4	93018	0.2587
Anacamptis_pyramidalis	mito	3	u9+	1		true	31743	0	0	1.0
Anacamptis_pyramidalis	mito	4	u29+,u95+	2	30	true	34028	1	33846	0.5013
Anacamptis_pyramidalis	mito	5	u34+,u35-	2	1456	false	35412	1	1659	0.9552
Anacamptis_pyramidalis	mito	6	u37+,u100-	2	1457	false	29045	1	1439	0.9528
Anacamptis_pyramidalis	mito	7	u39-,u40+	2	1225	false	29141	1	1765	0.9429
Anacamptis_pyramidalis	mito	8	u41+,u43-	2	874	false	27056	1	2707	0.909
Anacamptis_pyramidalis	mito	9	u60+	1		true	36152	0	0	1.0
Anagallis_arvensis	mito	1	u16-,u17+,u105-	3	6581	false	197147	6	308208	0.3901
Anagallis_tenella	mito	1	u30+,u33+,u36+,u37+,u55+	5	3726	false	63281	10	317075	0.1664
Anastrepta_orcadensis	mito	1	u7+,u8-	2	344	false	145595	1	1546	0.9895
Andreaea_mutabilis	mito	1	u35+	1		false	72681	0	0	1.0
Andreaea_mutabilis	mito	2	u56+	1		true	119989	0	0	1.0
Andreaea_rupestris	mito	1	u8-,u10+	2	501	false	119512	1	2267	0.9814
Andromeda_polifolia	mito	1	u104-,u105+,u108+,u109-	4	2214	false	285383	2	175750	0.6189
Anemone_nemorosa	mito	1	u6-,u8+,u10+,u12+,u13+,u25+,u26+,u27+,u49+	9	834	false	80882	19	718164	0.1012
Anemone_pulsatilla	mito	1	u35-,u36+,u37+,u40+	4	319	false	101347	5	566629	0.1517
Anemone_pulsatilla	mito	2	u46-,u47+	2	64	false	120962	1	2317	0.9812
Anethum_foeniculum	mito	1	u1-,u120+,u122+,u123+	4	5332	false	76899	8	167711	0.3144
Angelica_archangelica	mito	1	u2+,u6+,u21-,u102+,u108-,u127-	6	2688	false	25847	63	303270	0.0785
Angelica_sylvestris	mito	1	u91+,u272-,u273-	3	649	false	3038	14	258602	0.0116
Anomodon_viticulosus	mito	1	u72+,u73-	2	546	false	103698	1	1902	0.982
Antennaria_dioica	mito	1	u1+,u4+,u5+,u7+,u9+,u12+,u16+,u19+	8	3771	false	60415	15	261594	0.1876
Anthoxanthum_odoratum	mito	1	u52+,u55+,u56+,u58+	4	301	false	106077	18	466465	0.1853
Anthriscus_sylvestris	mito	1	u2+,u3+,u71+,u72+	4	517	false	22985	17	323639	0.0663
Anthyllis_vulneraria	mito	1	u527+,u529+,u530+,u532+,u534+,u3841+,u3845+	7	16815	false	22890	20	255496	0.0822
Anthyllis_vulneraria	mito	2	u787+,u3896-	2	2696	false	53300	1	1371	0.9749
Aponogeton_distachyos	mito	1	u29-,u30+,u31+	3	382	false	114298	3	114510	0.4995
Aquilegia_vulgaris	mito	1	u10-,u11+,u12-	3	1153	false	408440	0	0	1.0
Aquilegia_vulgaris	mito	2	u22+	1		true	83956	0	0	1.0
Arabidopsis_thaliana	mito	1	u64-,u66+,u68+,u69+	4	2266	false	184038	2	177889	0.5085
Arabis_alpina	mito	1	u65+,u68+,u70+,u72+,u678+	5	5401	false	151631	4	156326	0.4924
Arabis_hirsuta	mito	1	u28+,u31+,u33+,u35+,u36-	5	3872	false	129269	4	194562	0.3992
Arabis_scabra	mito	1	u607-,u2777-,u2781-	3	4900	false	102556	9	214500	0.3235
Arabis_scabra	mito	2	u2422+	1		true	445663	0	0	1.0
Arbutus_unedo	mito	1	u2+,u6+,u9+,u10+	4	580	false	201646	5	638355	0.2401
Arctium_lappa	mito	1	u1-,u3+,u5+,u6-,u7+,u8+,u9-	7	1148	false	229945	2	52137	0.8152
Arctium_minus	mito	1	u4+,u8+,u9+	3	455	false	60502	3	377408	0.1382
Arctium_minus	mito	2	u16-,u17+,u19+,u20-,u21+,u22+,u23-	7	1307	false	233983	2	48074	0.8296
Arctostaphylos_uva_ursi	mito	1	u58-,u59+,u62-,u63+	4	1278	false	116055	2	481813	0.1941
Arctous_alpina	mito	1	u69+	1		true	2994551	0	0	1.0
Arctous_alpina	mito	2	u70+	1		true	224449	0	0	1.0
Arctous_alpina	mito	3	u71+	1		true	400343	0	0	1.0
Arenaria_serpyllifolia	mito	1	u2944-,u2945+,u2947+	3	5681	true	55624	3	57317	0.4925
Arenaria_serpyllifolia	mito	2	u3127-,u12713-	2	50	true	40350	1	52733	0.4335
Arenaria_serpyllifolia	mito	3	u11886+	1		true	29956	0	0	1.0
Arenaria_serpyllifolia	mito	4	u11887+	1		true	31383	0	0	1.0
Arenaria_serpyllifolia	mito	5	u11888+	1		true	32099	0	0	1.0
Arenaria_serpyllifolia	mito	6	u11889+	1		true	29176	0	0	1.0
Arenaria_serpyllifolia	mito	7	u11890+	1		true	32921	0	0	1.0
Arenaria_serpyllifolia	mito	8	u11929+	1		true	34766	0	0	1.0
Arenaria_serpyllifolia	mito	9	u11930+	1		true	45108	0	0	1.0
Aria_edulis	mito	1	u31-,u32-	2	522	false	96744	1	328445	0.2275
Aristolochia_clematitis	mito	1	u21+,u23+,u26+,u27+,u28-	5	2664	false	46662	6	301203	0.1341
Armoracia_rusticana	mito	1	u121+,u124+,u125-,u126+	4	5556	false	214722	2	89259	0.7064
Arrhenatherum_elatius	mito	1	u17+,u19+,u21+,u23+,u25-	5	778	false	83075	6	349277	0.1921
Artemisia_maritima	mito	1	u122+,u180+	2	194	false	86086	1	126874	0.4042
Arum_italicum	mito	1	u21-,u23+,u24+,u26+	4	759	true	39801	7	649808	0.0577
Arum_italicum	mito	2	u39+	1		true	21364	0	0	1.0
Arum_maculatum	mito	1	u5+,u9+,u11+,u12+,u13-	5	1421	false	156827	11	446341	0.26
Arum_maculatum	mito	2	u36+	1		true	53453	0	0	1.0
Asparagus_officinalis	mito	1	u23-,u24+,u26+,u27-	4	1644	false	94012	2	379977	0.1983
Asplenium_adiantum_nigrum	mito	1	u25-,u31+,u66-	3	11404	false	7645	44	206937	0.0356
Asplenium_ceterach	mito	1	u18-,u20+,u21+,u87-	4	9128	false	8344	75	248809	0.0324
Asplenium_marinum	mito	1	u7+,u19-,u92+	3	1641	false	4311	86	287309	0.0148
Asplenium_scolopendrium	mito	1	u24-,u25+,u26+,u27+,u339-	5	4146	false	7778	79	265725	0.0284
Asplenium_trichomanes	mito	1	u21-,u66+,u67-	3	13977	false	4087	54	225338	0.0178
Asplenium_viride	mito	1	u23+,u24+,u73-,u78-	4	24872	false	5139	72	250241	0.0201
Astragalus_alpinus	mito	1	u56-,u57+,u58+,u60+	4	961	false	239400	1	71206	0.7708
Astragalus_danicus	mito	1	u79+,u80-	2	2347	false	302489	1	1415	0.9953
Astragalus_glycyphyllos	mito	1	u39-,u40+	2	493	false	71046	1	116076	0.3797
Astragalus_glycyphyllos	mito	2	u46+	1		true	173157	0	0	1.0
Atriplex_laciniata	mito	1	u31-,u32+,u36-	3	5030	false	48329	3	176831	0.2146
Atriplex_laciniata	mito	2	u39+	1		true	62669	0	0	1.0
Atriplex_littoralis	mito	1	u12+,u14+,u15-	3	1585	true	146203	2	136318	0.5175
Atriplex_praecox	mito	1	u27-,u28+,u29+,u30-,u31+	5	7094	false	221478	1	53315	0.806
Atropa_belladonna	mito	1	u33-,u35+	2	1113	false	107497	1	50518	0.6803
Atropa_belladonna	mito	2	u36-,u38+	2	1076	false	121318	1	62321	0.6606
Atropa_belladonna	mito	3	u52+	1		true	88077	0	0	1.0
Avenella_flexuosa	mito	1	u10+,u115+,u117+,u118+,u120+,u121+,u123+,u124+,u125+,u126+	10	1079	false	32437	145	616618	0.05
Azolla_filiculoides	mito	1	u156+,u162+,u10060+,u10061+,u10062+,u10083+	6	1898	false	7181	167	329734	0.0213
Azolla_filiculoides	mito	2	u6142+	1		false	27790	0	0	1.0
Azolla_filiculoides	mito	3	u8580+	1		false	17871	0	0	1.0
Baldellia_ranunculoides	mito	1	u24-,u25+,u27+	3	563	true	149329	3	115553	0.5638
Ballota_nigra	mito	1	u5+	1		true	148913	0	0	1.0
Ballota_nigra	mito	2	u6+	1		true	126729	0	0	1.0
Ballota_nigra	mito	3	u7+	1		true	122298	0	0	1.0
Barbarea_vulgaris	mito	1	u159+,u161+,u162+,u163+,u165+,u166+,u168+,u169+	8	12586	false	43932	54	381321	0.1033
Bartramia_pomiformis	mito	1	u11-,u12+	2	695	false	106026	1	1901	0.9824
Bellardia_viscosa	mito	1	u37-,u39+,u40+,u41+	4	1588	false	278516	2	187225	0.598
Bellardia_viscosa	mito	2	u48+	1		true	75466	0	0	1.0
Bellis_perennis	mito	1	u51-,u52-	2	757	false	124301	1	133941	0.4813
Berberis_aquifolium	mito	1	u14+,u15+,u16+,u17+,u18-	5	6957	false	305131	1	71709	0.8097
Berberis_aquifolium	mito	2	u22-,u120+	2	1393	false	187388	1	1406	0.9926
Berberis_aquifolium	mito	3	u44+	1		true	75414	0	0	1.0
Berberis_aquifolium	mito	4	u45+	1		true	119173	0	0	1.0
Berberis_aquifolium	mito	5	u49+	1		true	95637	0	0	1.0
Berberis_vulgaris	mito	1	u71+,u73+,u74+,u75+,u76+	5	4488	false	410155	4	348252	0.5408
Berula_erecta	mito	1	u351+,u354+,u355+,u357+,u358+,u361+,u362+,u364-	8	13571	false	120732	7	253471	0.3226
Beta_vulgaris	mito	1	u45+,u48+,u51+,u52+,u53+	5	7544	false	124500	4	215528	0.3661
Betonica_officinalis	mito	1	u24+,u26+,u27+,u29+	4	967	false	212712	6	122650	0.6343
Betula_pendula	mito	1	u24+,u25+,u26+,u28+	4	2209	false	476012	2	168639	0.7384
Betula_pubescens	mito	1	u51-,u53+,u55+,u56+	4	503	false	399071	2	238710	0.6257
Bidens_cernua	mito	1	u21+,u23+,u25+,u27+,u28+,u30+	6	2047	false	91487	4	71418	0.5616
Bidens_cernua	mito	2	u37+	1		true	38334	0	0	1.0
Bidens_cernua	mito	3	u38+	1		true	9039	0	0	1.0
Bistorta_vivipara	mito	1	u34+	1		true	30153	0	0	1.0
Bistorta_vivipara	mito	2	u35+	1		true	59232	0	0	1.0
Bistorta_vivipara	mito	3	u36+	1		true	33784	0	0	1.0
Bistorta_vivipara	mito	4	u39+	1		true	67832	0	0	1.0
Bistorta_vivipara	mito	5	u40+	1		true	55316	0	0	1.0
Bistorta_vivipara	mito	6	u41+	1		true	38903	0	0	1.0
Bistorta_vivipara	mito	7	u42+	1		true	72628	0	0	1.0
Blackstonia_perfoliata	mito	1	u19+,u20+,u22+,u23+,u25+,u27+,u245-	7	13006	false	179470	4	151156	0.5428
Blitum_bonus_henricus	mito	1	u31-,u33+,u34+,u36+	4	14576	false	100683	5	201053	0.3337
Blysmopsis_rufa	mito	1	u52+,u57+,u58+,u74+,u76-,u175+	6	2248	false	116431	66	2125158	0.0519
Blysmopsis_rufa	mito	2	u130+	1		true	201507	0	0	1.0
Borago_officinalis	mito	1	u419+,u421-	2	876	false	120681	1	57579	0.677
Borago_officinalis	mito	2	u432+	1		true	110483	0	0	1.0
Borago_officinalis	mito	3	u433+	1		true	65991	0	0	1.0
Borago_officinalis	mito	4	u434+	1		true	74529	0	0	1.0
Brachypodium_pinnatum	mito	1	u160+,u163+,u166+,u167+,u169+,u170+,u171-	7	17234	false	109005	5	346011	0.2396
Brachypodium_sylvaticum	mito	1	u88+,u91+,u94+,u95+,u98+,u101-	6	2627	false	186879	8	299928	0.3839
Brassica_nigra	mito	1	u40-,u42+	2	241	false	136530	1	90476	0.6014
Briza_media	mito	1	u6-,u8+,u9+,u10+,u11-	5	517	false	359180	1	117064	0.7542
Bromus_benekenii	mito	1	u3-,u4+,u8+,u11+,u17-,u18+,u22-	7	1002	false	193706	13	257493	0.4293
Bromus_hordeaceus	mito	1	u1-,u2+,u4+,u9+,u10+,u12-	6	1582	false	92382	8	370832	0.1994
Bromus_interruptus	mito	1	u3-,u4+,u6+,u11+,u12+,u14-	6	967	false	92382	8	370832	0.1994
Bromus_secalinus	mito	1	u3+,u5-	2	647	false	143108	1	258658	0.3562
Bromus_sterilis	mito	1	u41-,u42+,u43+,u46+,u51+,u96+	6	4720	false	69440	11	414935	0.1434
Bryonia_dioica	mito	1	u61+	1		true	232281	0	0	1.0
Bryonia_dioica	mito	2	u63+	1		true	121373	0	0	1.0
Bryum_knowltonii	mito	1	u14+,u17+,u78+	3	2186	false	100540	3	6357	0.9405
Buddleja_davidii	mito	1	u20-,u21+	2	869	false	404006	1	119431	0.7718
Butomus_umbellatus	mito	1	u2+,u5+,u6-	3	597	false	235024	3	202891	0.5367
Buxus_sempervirens	mito	1	u24+,u25+,u27+,u28+,u30+,u32+	6	3913	true	105468	17	700574	0.1308
Buxus_sempervirens	mito	2	u60+	1		true	27239	0	0	1.0
Buxus_sempervirens	mito	3	u61+	1		true	46709	0	0	1.0
Buxus_sempervirens	mito	4	u62+	1		true	26657	0	0	1.0
Buxus_sempervirens	mito	5	u63+	1		true	18051	0	0	1.0
Buxus_sempervirens	mito	6	u68+	1		true	27671	0	0	1.0
Cakile_maritima	mito	1	u102+,u104+,u107+,u110-	4	1209	false	69837	6	125935	0.3567
Cakile_maritima	mito	2	u111+,u113+,u114+,u263-	4	3974	false	242861	2	3260	0.9868
Calendula_officinalis	mito	1	u2-,u49+,u51+,u53+	4	8982	false	119140	2	67145	0.6396
Calendula_officinalis	mito	2	u4+	1		true	128434	0	0	1.0
Calliergonella_cuspidata	mito	1	u9-,u11+	2	527	false	105706	1	1586	0.9852
Callitriche_obtusangula	mito	1	u12+,u16+,u17+,u20+,u21+,u22+,u26+	7	7667	false	66393	8	247579	0.2115
Callitriche_obtusangula	mito	2	u48+	1		true	39422	0	0	1.0
Callitriche_obtusangula	mito	3	u49+	1		true	27334	0	0	1.0
Callitriche_stagnalis	mito	1	u8-,u10+,u18-,u19+,u20+,u21+	6	7467	false	164335	8	115651	0.5869
Calluna_vulgaris	mito	1	u150-,u152+	2	1352	false	147275	1	283893	0.3416
Calystegia_pulchra	mito	1	u144+,u149-,u150+,u1053-	4	2317	false	71743	10	232311	0.236
Calystegia_sepium	mito	1	u5-,u56+,u58+,u64-	4	3509	false	51246	24	267903	0.1606
Calystegia_soldanella	mito	1	u6+,u7+,u10+,u164+	4	11262	false	9906	38	287584	0.0333
Campanula_glomerata	mito	1	u212+,u215+,u400-	3	2495	false	34462	3	115711	0.2295
Campanula_glomerata	mito	2	u226+	1		true	280586	0	0	1.0
Campanula_medium	mito	1	u25+,u27+,u28+,u29-	4	4091	false	64369	5	210795	0.2339
Campanula_patula	mito	1	u81-,u82+,u83+,u84+	4	8575	false	86811	2	216769	0.286
Campanula_rotundifolia	mito	1	u29+,u31-	2	121	false	224846	1	114684	0.6622
Campylopus_flexuosus	mito	1	u12+	1		true	39366	0	0	1.0
Campylopus_flexuosus	mito	2	u14+	1		true	102103	0	0	1.0
Capsella_bursa_pastoris	mito	1	u278+,u279-	2	2864	false	287328	1	1406	0.9951
Cardamine_amara	mito	1	u39-,u40-	2	522	false	229226	1	74534	0.7546
Cardamine_bulbifera	mito	1	u3-,u57+,u58+,u60-	4	2767	false	285419	2	3303	0.9886
Cardamine_flexuosa	mito	1	u38+,u39+,u41-	3	3195	false	130677	5	162081	0.4464
Cardamine_hirsuta	mito	1	u22-,u23+,u24+,u26-	4	2743	false	166353	2	124102	0.5727
Cardamine_pratensis	mito	1	u77+,u78-,u79+	3	6321	false	198456	3	96892	0.6719
Cardamine_raphanifolia	mito	1	u93+,u219+	2	75	true	189063	1	88861	0.6803
Carduus_crispus	mito	1	u74-,u76+,u79-	3	5252	false	83135	6	241543	0.2561
Carduus_nutans	mito	1	u143-,u145+,u146+,u148-	4	4626	false	106922	2	214796	0.3323
Carduus_tenuiflorus	mito	1	u25-,u26+,u27+,u29+	4	1059	false	201910	2	141771	0.5875
Carex_acutiformis	mito	1	u38-,u40+,u41+,u44+,u46+,u51+	6	1008	true	83011	15	1273679	0.0612
Carex_aquatilis	mito	1	u51-,u53+,u54+,u65+,u67+,u69-,u343-	7	777	false	356335	14	1024236	0.2581
Carex_arenaria	mito	1	u93+,u96+,u97+,u103+	4	1215	false	221914	9	1174100	0.159
Carex_atrata	mito	1	u70+,u73+,u75+	3	500	false	375124	3	935670	0.2862
Carex_bigelowii	mito	1	u2+,u31+,u32-,u33+	4	2265	false	424462	11	757436	0.3591
Carex_buxbaumii	mito	1	u17-,u18+,u19+,u20+,u22+,u23+,u24-	7	4861	false	700183	2	375432	0.651
Carex_canescens	mito	1	u6-,u8+,u11+,u13-	4	338	true	518239	5	1075215	0.3252
Carex_capillaris	mito	1	u5-,u226-,u228+	3	1092	true	287715	6	936904	0.2349
Carex_caryophyllea	mito	1	u18+,u22+,u24+,u26+,u32-	5	2283	false	105474	12	993135	0.096
Carex_caryophyllea	mito	2	u45+	1		true	180133	0	0	1.0
Carex_depauperata	mito	1	u10-,u11+,u12+,u15+,u17+,u18+,u29-	7	1472	false	345969	20	1059112	0.2462
Carex_depauperata	mito	2	u274+	1		true	166921	0	0	1.0
Carex_depauperata	mito	3	u276+	1		true	132164	0	0	1.0
Carex_distans	mito	1	u121-,u122+,u123+,u129+,u131-	5	1093	true	520789	7	1494025	0.2585
Carex_disticha	mito	1	u5+,u109+,u110-	3	484	false	96968	18	1070275	0.0831
Carex_divulsa	mito	1	u20-,u21+,u22+,u24+	4	927	true	739673	2	297538	0.7131
Carex_divulsa	mito	2	u52+	1		true	335508	0	0	1.0
Carex_echinata	mito	1	u41-,u43+,u45+,u46+,u48-,u50+,u55+,u56+,u58-	9	1844	false	486574	9	878219	0.3565
Carex_elata	mito	1	u37+,u43+,u45+,u46+,u49-	5	1558	false	276525	10	1048397	0.2087
Carex_extensa	mito	1	u27-,u29+,u31+,u32+,u35+,u43+,u44-	7	1058	false	697919	11	1010738	0.4085
Carex_extensa	mito	2	u66+	1		true	171771	0	0	1.0
Carex_hirta	mito	1	u460+,u463+,u466+,u468+,u469+,u470-	6	11598	true	523765	6	887684	0.3711
Carex_lachenalii	mito	1	u45-,u46+,u48+,u49+,u50-	5	899	true	1481536	1	120889	0.9246
Carex_laevigata	mito	1	u4+,u103+,u105+,u106+	4	2197	false	1062061	2	1674627	0.3881
Carex_lepidocarpa	mito	1	u10+,u11-,u12+,u13+,u16+,u18+	6	1836	false	391447	6	782077	0.3336
Carex_lepidocarpa	mito	2	u52+	1		true	166105	0	0	1.0
Carex_leporina	mito	1	u8-,u178+,u180+,u182+	4	2304	false	386079	5	979612	0.2827
Carex_montana	mito	1	u70+,u76+,u81+,u82+,u83-	5	1251	false	353420	12	885075	0.2854
Carex_nigra	mito	1	u13+,u16+,u18+,u19+,u21-,u23+,u112-	7	2620	false	216112	8	1228652	0.1496
Carex_otrubae	mito	1	u53+,u56+,u59+,u60+,u63-,u64+	6	1767	false	286385	15	855935	0.2507
Carex_pallescens	mito	1	u22-,u24+,u27+	3	874	false	547703	3	967960	0.3614
Carex_panicea	mito	1	u3+,u6+,u8+,u9+,u12-	5	1479	false	388304	10	850300	0.3135
Carex_paniculata	mito	1	u28+,u497+,u498+,u500+,u501+,u502-	6	3006	false	372076	14	1551959	0.1934
Carex_paniculata	mito	2	u765+,u767-	2	201	false	143109	1	258658	0.3562
Carex_pendula	mito	1	u28-,u29+,u36+,u37+,u39-,u40+,u42+,u43+,u44+,u45-	10	1973	false	737871	8	632153	0.5386
Carex_pendula	mito	2	u51+	1		true	420844	0	0	1.0
Carex_pseudocyperus	mito	1	u243+,u246+,u248-	3	503	false	580838	3	572513	0.5036
Carex_pulicaris	mito	1	u11+,u13-	2	464	true	766112	4	831883	0.4794
Carex_remota	mito	1	u143+,u145+,u147+,u149+,u150-,u151+,u152+	7	1620	true	748655	8	663700	0.5301
Carex_remota	mito	2	u273+	1		true	94802	0	0	1.0
Carex_riparia	mito	1	u7338-,u7340+,u7342+,u7343+,u7348+,u7353-	6	969	false	191561	11	1010908	0.1593
Carex_rostrata	mito	1	u79-,u80+,u86+,u88+,u90+,u92-	6	2653	true	391307	12	1122617	0.2585
Carex_rupestris	mito	1	u9+,u13-,u15+,u16+,u21+	5	873	true	296157	10	1002062	0.2281
Carex_rupestris	mito	2	u39+	1		true	131704	0	0	1.0
Carex_saxatilis	mito	1	u631+,u634+,u636+,u638+,u639+,u640+,u641+,u642-	8	2579	false	891561	4	760722	0.5396
Carex_spicata	mito	1	u16+,u20+,u22+,u23+,u24+	5	912	false	282752	4	1046913	0.2126
Carex_strigosa	mito	1	u92+,u95+,u97+,u100+,u101+,u103+,u104+	7	1227	false	613725	8	928559	0.3979
Carex_sylvatica	mito	1	u11+,u14+,u19-	3	536	false	373717	6	1459951	0.2038
Carex_vaginata	mito	1	u107-,u108+,u109+,u110-,u111+,u113+,u114-	7	1538	false	952190	2	187024	0.8358
Carex_viridula	mito	1	u29+,u33-,u34+,u37-	4	860	false	130117	5	884206	0.1283
Carex_viridula	mito	2	u45+	1		true	124819	0	0	1.0
Carex_viridula	mito	3	u46+	1		true	137611	0	0	1.0
Carlina_vulgaris	mito	1	u1+,u5+,u12-,u13+,u14+	5	1049	false	69598	10	238424	0.226
Carpinus_betulus	mito	1	u39+,u40-	2	859	false	444291	1	2167	0.9951
Carpinus_betulus	mito	2	u54+	1		true	291193	0	0	1.0
Carpobrotus_edulis	mito	1	u2-,u3+,u4+,u7+,u8+,u11+,u14+,u16+,u19+,u21-	10	9509	false	989694	14	1202910	0.4514
Carpobrotus_edulis	mito	2	u29+,u30-	2	865	false	189663	1	2414	0.9874
Castanea_sativa	mito	1	u27+,u30+,u32+,u33-	4	2647	true	241262	5	169529	0.5873
Centaurea_cyanus	mito	1	u144+,u145-	2	872	false	166076	1	136487	0.5489
Centaurea_nigra	mito	1	u49-,u50+,u112-	3	1539	false	94157	3	211646	0.3079
Centaurium_erythraea	mito	1	u46-,u47+,u48+,u51+,u52+	5	11279	false	129137	6	214808	0.3755
Centaurium_intermedium	mito	1	u193-,u195+,u197+,u381-	4	4448	false	44259	8	253694	0.1485
Centranthus_ruber	mito	1	u4+,u101+,u103+,u104-,u106+,u109-,u110+	7	10743	true	223328	19	406674	0.3545
Centranthus_ruber	mito	2	u120+,u122-	2	1201	false	63624	1	1922	0.9707
Centranthus_ruber	mito	3	u125+	1		true	102663	0	0	1.0
Centranthus_ruber	mito	4	u126+	1		true	40106	0	0	1.0
Centranthus_ruber	mito	5	u127+	1		true	60168	0	0	1.0
Centranthus_ruber	mito	6	u129+	1		true	63288	0	0	1.0
Centranthus_ruber	mito	7	u130+	1		true	51980	0	0	1.0
Centranthus_ruber	mito	8	u133+	1		true	76499	0	0	1.0
Cephalanthera_damasonium	mito	1	u6+	1		false	10641	0	0	1.0
Cephalanthera_damasonium	mito	2	u7+	1		false	20791	0	0	1.0
Cephalanthera_damasonium	mito	3	u8+	1		false	22298	0	0	1.0
Cephalanthera_damasonium	mito	4	u9+	1		false	22710	0	0	1.0
Cephalanthera_damasonium	mito	5	u11+	1		true	29198	0	0	1.0
Cephalanthera_damasonium	mito	6	u13+	1		true	19953	0	0	1.0
Cephalanthera_damasonium	mito	7	u14+	1		true	25426	0	0	1.0
Cephalanthera_damasonium	mito	8	u15+	1		true	38643	0	0	1.0
Cephalanthera_damasonium	mito	9	u18+	1		true	37232	0	0	1.0
Cephalanthera_damasonium	mito	10	u19+	1		true	22885	0	0	1.0
Cephalanthera_damasonium	mito	11	u20+	1		true	27577	0	0	1.0
Cephalanthera_damasonium	mito	12	u23+	1		true	27884	0	0	1.0
Cephalanthera_damasonium	mito	13	u24+	1		true	30367	0	0	1.0
Cephalanthera_damasonium	mito	14	u25+	1		true	29884	0	0	1.0
Cephalanthera_damasonium	mito	15	u26+	1		true	26002	0	0	1.0
Cephalanthera_damasonium	mito	16	u28+	1		true	28699	0	0	1.0
Cephalanthera_damasonium	mito	17	u29+	1		true	26097	0	0	1.0
Cephalanthera_damasonium	mito	18	u31+	1		true	26272	0	0	1.0
Cephalanthera_damasonium	mito	19	u32+	1		true	25256	0	0	1.0
Cephalanthera_longifolia	mito	1	u3+,u5-	2	177	false	24750	1	5613	0.8151
Cephalanthera_longifolia	mito	2	u9+,u10-	2	317	false	37807	1	18704	0.669
Cephalanthera_longifolia	mito	3	u15+	1		true	30112	0	0	1.0
Cephalanthera_longifolia	mito	4	u17+	1		true	25009	0	0	1.0
Cephalanthera_longifolia	mito	5	u20+	1		true	23840	0	0	1.0
Cephalanthera_longifolia	mito	6	u21+	1		true	23502	0	0	1.0
Cephalanthera_longifolia	mito	7	u22+	1		true	35157	0	0	1.0
Cephalanthera_longifolia	mito	8	u23+	1		true	30194	0	0	1.0
Cephalanthera_longifolia	mito	9	u24+	1		true	24120	0	0	1.0
Cephalanthera_longifolia	mito	10	u26+	1		true	22306	0	0	1.0
Cephalanthera_longifolia	mito	11	u29+	1		true	28241	0	0	1.0
Cephalanthera_longifolia	mito	12	u31+	1		true	23032	0	0	1.0
Cephalanthera_longifolia	mito	13	u32+	1		true	43531	0	0	1.0
Cephalanthera_longifolia	mito	14	u35+	1		true	30805	0	0	1.0
Cephalanthera_longifolia	mito	15	u40+	1		true	23851	0	0	1.0
Cephalanthera_longifolia	mito	16	u41+	1		true	27176	0	0	1.0
Cephalanthera_longifolia	mito	17	u42+	1		true	29386	0	0	1.0
Cephalanthera_longifolia	mito	18	u44+	1		true	28942	0	0	1.0
Cephalanthera_longifolia	mito	19	u45+	1		true	22529	0	0	1.0
Cephalanthera_longifolia	mito	20	u46+	1		true	29633	0	0	1.0
Cerastium_diffusum	mito	1	u29-,u199-,u304-,u364-,u365-	5	7924	false	4126	325	512626	0.008
Cerastium_fontanum	mito	1	u60+,u64+,u65+	3	2396	false	115323	3	159303	0.4199
Cerastium_glomeratum	mito	1	u16-,u17+,u45-	3	572	false	7558	68	134408	0.0532
Cerastium_semidecandrum	mito	1	u69+,u3367+,u3418+	3	138	false	3574	108	177267	0.0198
Cerastium_semidecandrum	mito	2	u527+	1		false	10073	0	0	1.0
Cerastium_semidecandrum	mito	3	u649+	1		false	11516	0	0	1.0
Ceratocapnos_claviculata	mito	1	u103-,u4982+	2	107	true	162257	1	149048	0.5212
Ceratocapnos_claviculata	mito	2	u4898+	1		true	142447	0	0	1.0
Ceratocapnos_claviculata	mito	3	u4919+	1		true	98996	0	0	1.0
Ceratophyllum_demersum	mito	1	u2-,u61-	2	1657	false	160976	1	116515	0.5801
Ceratophyllum_demersum	mito	2	u3-,u69-	2	535	false	226576	1	49542	0.8206
Ceratophyllum_demersum	mito	3	u65-,u67+	2	561	false	108613	1	97159	0.5278
Ceratophyllum_demersum	mito	4	u83+	1		true	103390	0	0	1.0
Chaenorhinum_minus	mito	1	u250-,u251+,u255+,u256+,u4149-	5	8966	false	95303	4	361951	0.2084
Chamaemelum_nobile	mito	1	u3-,u4-	2	323	false	73334	1	150728	0.3273
Chamaenerion_angustifolium	mito	1	u109-,u111+	2	658	false	292287	1	192783	0.6026
Chelidonium_majus	mito	1	u70-,u72+,u74+,u79-,u81+,u84-,u85+,u210+	8	4351	false	323292	16	342710	0.4854
Chenopodium_album	mito	1	u11+,u15+,u16-	3	2019	false	101049	3	204664	0.3305
Chionoloma_tenuirostre	mito	1	u28+	1		false	87218	0	0	1.0
Chionoloma_tenuirostre	mito	2	u39+	1		true	106321	0	0	1.0
Chrysosplenium_alternifolium	mito	1	u3-,u173+,u176-	3	5408	false	93791	5	140540	0.4003
Chrysosplenium_alternifolium	mito	2	u314+	1		true	73814	0	0	1.0
Chrysosplenium_oppositifolium	mito	1	u304+,u306+,u1591-	3	5637	false	27953	15	307397	0.0834
Chrysosplenium_oppositifolium	mito	2	u1444+	1		true	43447	0	0	1.0
Chrysosplenium_oppositifolium	mito	3	u1445+	1		true	44124	0	0	1.0
Cicerbita_alpina	mito	1	u24-,u26+,u27+,u29+	4	283	false	215686	2	99813	0.6836
Cicerbita_macrophylla	mito	1	u11+,u13+,u14-	3	298	false	73284	5	241486	0.2328
Cicerbita_muralis	mito	1	u9+	1		false	63582	0	0	1.0
Cicerbita_muralis	mito	2	u10+	1		false	40293	0	0	1.0
Cicerbita_muralis	mito	3	u11+	1		false	17824	0	0	1.0
Cicerbita_muralis	mito	4	u12+	1		false	49915	0	0	1.0
Cicerbita_muralis	mito	5	u13+	1		false	56394	0	0	1.0
Cicuta_virosa	mito	1	u110-,u111+,u113+,u115+,u344-	5	5964	false	30591	19	340326	0.0825
Cicuta_virosa	mito	2	u162+	1		false	19025	0	0	1.0
Circaea_lutetiana	mito	1	u21-,u89-	2	772	false	99278	1	123342	0.446
Circaea_lutetiana	mito	2	u40+	1		true	206681	0	0	1.0
Cirsium_acaule	mito	1	u10+,u14-,u16+,u265+	4	7701	false	20480	38	326857	0.059
Cirsium_arvense	mito	1	u4-,u5+,u6+,u8+,u10+,u12+,u166+	7	2359	false	19613	66	306338	0.0602
Cirsium_dissectum	mito	1	u86-,u87+,u88+,u90+,u110-,u335-	6	20223	false	83648	44	251410	0.2497
Cirsium_eriophorum	mito	1	u77+,u80+,u83+,u85+,u86+,u87-	6	5526	false	136835	6	173477	0.441
Cirsium_heterophyllum	mito	1	u10-,u12+	2	304	false	163273	1	132518	0.552
Cirsium_vulgare	mito	1	u1+,u4+,u5+,u7+,u11-	5	1487	false	162386	8	157905	0.507
Claytonia_perfoliata	mito	1	u39-,u40+	2	1009	false	176869	1	162345	0.5214
Claytonia_sibirica	mito	1	u256-,u258+,u259+,u261+	4	1965	false	104491	2	256966	0.2891
Clematis_vitalba	mito	1	u14+,u15+,u16-	3	577	false	63648	6	663862	0.0875
Clematis_viticella	mito	1	u15+	1		false	16544	0	0	1.0
Clematis_viticella	mito	2	u17+	1		false	31325	0	0	1.0
Clematis_viticella	mito	3	u19+	1		false	33723	0	0	1.0
Clematis_viticella	mito	4	u21+	1		false	21100	0	0	1.0
Clematis_viticella	mito	5	u22+	1		false	12098	0	0	1.0
Clematis_viticella	mito	6	u23+	1		false	12125	0	0	1.0
Clematis_viticella	mito	7	u24+	1		false	15730	0	0	1.0
Clematis_viticella	mito	8	u28+	1		false	45209	0	0	1.0
Clematis_viticella	mito	9	u29+	1		false	29942	0	0	1.0
Clematis_viticella	mito	10	u32+	1		false	10710	0	0	1.0
Climacium_dendroides	mito	1	u39-,u41+	2	591	false	104903	1	1938	0.9819
Clinopodium_vulgare	mito	1	u7-,u8+,u9+,u61-	4	3543	false	56600	2	138045	0.2908
Cochlearia_officinalis	mito	1	u100-,u102+,u103+,u105+,u106+,u108+,u109+,u111-	8	3531	false	167592	4	191254	0.467
Cochlearia_officinalis	mito	2	u201+	1		true	51453	0	0	1.0
Coincya_wrightii	mito	1	u317-,u319+,u320+,u4130-	4	7560	false	153396	2	2899	0.9815
Coincya_wrightii	mito	2	u3831+	1		true	96248	0	0	1.0
Colchicum_autumnale	mito	1	u193-,u195+,u196+,u198+,u279+	5	750	true	212453	6	378753	0.3594
Comarum_palustre	mito	1	u27+,u29+,u30+,u32-,u33+,u36-,u54+	7	4676	false	114435	7	242229	0.3208
Conium_maculatum	mito	1	u536-,u537+	2	1799	false	99602	1	475175	0.1733
Conopodium_majus	mito	1	u175+,u178+,u358-,u359-	4	6645	false	16969	9	269062	0.0593
Conopodium_majus	mito	2	u202+	1		true	48020	0	0	1.0
Convolvulus_arvensis	mito	1	u217+,u221+,u222+,u226+,u230-	5	2767	false	67519	20	252425	0.211
Cornus_suecica	mito	1	u1-,u61+,u62+	3	9293	false	379567	0	0	1.0
Corylus_avellana	mito	1	u30+,u32+	2	507	true	458486	1	169718	0.7298
Corylus_colurna	mito	1	u29+,u30+,u31+	3	693	true	604132	0	0	1.0
Corynephorus_canescens	mito	1	u12+,u16+,u17-,u18+,u20-	5	1132	false	80188	4	228384	0.2599
Corynephorus_canescens	mito	2	u21-,u23+	2	332	false	109611	1	65536	0.6258
Cotoneaster_cambricus	mito	1	u75+	1		true	243923	0	0	1.0
Cotoneaster_cambricus	mito	2	u76+	1		true	180184	0	0	1.0
Cotoneaster_horizontalis	mito	1	u75+,u76+,u77+,u149+	4	8338	false	176303	6	256966	0.4069
Crassula_helmsii	mito	1	u2-,u492-	2	3570	false	56458	1	29371	0.6578
Crataegus_laevigata	mito	1	u70+,u71+,u73+,u74+,u75+,u79-	6	6491	false	212425	9	241072	0.4684
Crataegus_monogyna	mito	1	u98-,u99+,u101-,u102+,u104+,u106+,u107+,u110-	8	17150	false	176966	10	277930	0.389
Crepis_paludosa	mito	1	u17-,u18+,u19-	3	367	false	246715	0	0	1.0
Crithmum_maritimum	mito	1	u29+,u32+,u34+	3	1648	false	88534	3	154187	0.3648
Crocosmia_x_crocosmiiflora	mito	1	u12+,u15+,u17+,u18+,u20-,u22+,u25-	7	4624	true	159163	11	226720	0.4125
Crocus_tommasinianus	mito	1	u12+,u13+,u15+,u18+,u19+,u26-,u27+,u28+	8	6742	false	133644	14	298611	0.3092
Crocus_tommasinianus	mito	2	u36-,u37+	2	258	false	43347	0	0	1.0
Cruciata_laevipes	mito	1	u40+	1		true	124987	0	0	1.0
Cruciata_laevipes	mito	2	u41+	1		true	109138	0	0	1.0
Cryphaea_heteromalla	mito	1	u6-,u8+	2	589	false	102583	1	1681	0.9839
Cryptogramma_crispa	mito	1	u1-,u32-,u54+,u59-,u62+	5	565	false	26556	47	180309	0.1284
Cuscuta_epithymum	mito	1	u1+,u53+,u56+,u58+,u62-	5	16735	false	95603	22	332725	0.2232
Cymbalaria_muralis	mito	1	u71-,u72+,u73+,u74+,u79+,u81+,u416-	7	8245	false	131270	9	429028	0.2343
Cynoglossum_officinale	mito	1	u13-,u15+,u61+,u63+,u64-	5	30	false	5049	2	3525	0.5889
Cynosurus_cristatus	mito	1	u20+,u24+,u25+,u26+,u28-	5	697	false	282160	4	257895	0.5225
Cyperus_fuscus	mito	1	u9-,u254+,u256+,u257+,u258+,u259-,u260+	7	16590	false	585513	2	310049	0.6538
Cystopteris_fragilis	mito	1	u5-,u6+,u8-,u18-,u62+,u64-	6	12742	false	15351	27	173788	0.0812
Cystopteris_montana	mito	1	u3-,u4+,u5+,u7+,u13+,u111+	6	12112	false	24354	34	170714	0.1248
Cytisus_scoparius	mito	1	u86-,u87+,u89-	3	2177	false	162252	2	288072	0.3603
Daboecia_cantabrica	mito	1	u32+,u34-	2	704	false	378858	1	100319	0.7906
Dactylis_glomerata	mito	1	u13+,u16+,u18+,u20+,u21+	5	2161	false	95280	4	480065	0.1656
Dactylorhiza_fuchsii	mito	1	u73+	1		true	48375	0	0	1.0
Dactylorhiza_fuchsii	mito	2	u77+	1		true	29634	0	0	1.0
Dactylorhiza_fuchsii	mito	3	u79+	1		true	58902	0	0	1.0
Dactylorhiza_fuchsii	mito	4	u80+	1		true	38723	0	0	1.0
Dactylorhiza_fuchsii	mito	5	u81+	1		true	38040	0	0	1.0
Dactylorhiza_fuchsii	mito	6	u83+	1		true	31730	0	0	1.0
Dactylorhiza_fuchsii	mito	7	u85+	1		true	33183	0	0	1.0
Dactylorhiza_fuchsii	mito	8	u86+	1		true	33116	0	0	1.0
Dactylorhiza_fuchsii	mito	9	u89+	1		true	63056	0	0	1.0
Dactylorhiza_fuchsii	mito	10	u90+	1		true	34868	0	0	1.0
Dactylorhiza_fuchsii	mito	11	u95+	1		true	79983	0	0	1.0
Dactylorhiza_fuchsii	mito	12	u98+	1		true	35161	0	0	1.0
Dactylorhiza_fuchsii	mito	13	u103+	1		true	34920	0	0	1.0
Dactylorhiza_fuchsii	mito	14	u104+	1		true	31192	0	0	1.0
Dactylorhiza_incarnata	mito	1	u7+	1		false	13248	0	0	1.0
Dactylorhiza_incarnata	mito	2	u9+	1		false	47989	0	0	1.0
Dactylorhiza_incarnata	mito	3	u14+	1		false	53225	0	0	1.0
Dactylorhiza_incarnata	mito	4	u16+	1		false	21064	0	0	1.0
Dactylorhiza_purpurella	mito	1	u47-,u48+,u49-,u50+,u51+	5	3654	true	177336	4	131192	0.5748
Dactylorhiza_purpurella	mito	2	u53-,u201+	2	45	true	55408	1	44273	0.5559
Dactylorhiza_purpurella	mito	3	u90+	1		true	33748	0	0	1.0
Dactylorhiza_purpurella	mito	4	u92+	1		true	62711	0	0	1.0
Dactylorhiza_purpurella	mito	5	u93+	1		true	40577	0	0	1.0
Dactylorhiza_purpurella	mito	6	u95+	1		true	46551	0	0	1.0
Dactylorhiza_purpurella	mito	7	u97+	1		true	70560	0	0	1.0
Dactylorhiza_purpurella	mito	8	u101+	1		true	68519	0	0	1.0
Dactylorhiza_purpurella	mito	9	u104+	1		true	54192	0	0	1.0
Dactylorhiza_purpurella	mito	10	u108+	1		true	43300	0	0	1.0
Dactylorhiza_viridis	mito	1	u7+,u9-	2	102	false	47321	1	38670	0.5503
Dactylorhiza_viridis	mito	2	u19+	1		false	33442	0	0	1.0
Dactylorhiza_viridis	mito	3	u22+	1		false	29393	0	0	1.0
Dactylorhiza_viridis	mito	4	u25+	1		false	71226	0	0	1.0
Dactylorhiza_viridis	mito	5	u27+	1		true	58902	0	0	1.0
Dactylorhiza_viridis	mito	6	u29+	1		true	63051	0	0	1.0
Damasonium_alisma	mito	1	u7+	1		false	28109	0	0	1.0
Damasonium_alisma	mito	2	u8+	1		true	50716	0	0	1.0
Damasonium_alisma	mito	3	u10+	1		true	79027	0	0	1.0
Damasonium_alisma	mito	4	u11+	1		true	52725	0	0	1.0
Danthonia_decumbens	mito	1	u1+,u3-	2	592	false	125848	4	264994	0.322
Daphne_laureola	mito	1	u60+,u61-,u118-	3	2517	true	49750	6	228060	0.1791
Daphne_laureola	mito	2	u64+,u66-	2	655	false	39036	1	1655	0.9593
Daphne_laureola	mito	3	u68+	1		true	23148	0	0	1.0
Daphne_laureola	mito	4	u70+	1		true	49741	0	0	1.0
Daphne_mezereum	mito	1	u24-,u25+,u27+,u30+,u33+,u35+,u36+,u38+	8	2411	false	130104	9	353242	0.2692
Daphne_mezereum	mito	2	u42+,u44-	2	940	false	164307	1	241163	0.4052
Datura_stramonium	mito	1	u3+,u8+,u10+,u13+,u14+,u185+	6	14285	false	140125	19	207808	0.4027
Daucus_carota	mito	1	u299-,u300+,u302+,u306+	4	2636	false	24753	9	239610	0.0936
Deschampsia_cespitosa	mito	1	u32+,u34+,u36+,u40+,u43+,u45+,u49-,u50+	8	1933	false	132776	12	430087	0.2359
Dianthus_deltoides	mito	1	u119+,u122+,u124+,u126+,u127+,u129-,u132+	7	4499	true	69036	19	425160	0.1397
Diapensia_lapponica	mito	1	u5+,u7+,u10+,u11+,u12+,u14-,u16+,u22-	8	5513	true	178725	24	1258404	0.1244
Dichodontium_palustre	mito	1	u14-,u1560-	2	907	false	106021	1	1418	0.9868
Dicranum_fuscescens	mito	1	u40+,u61+,u65+,u84+	4	2055	false	10665	111	506073	0.0206
Dicranum_fuscescens	mito	2	u145+	1		false	25591	0	0	1.0
Dicranum_fuscescens	mito	3	u165+	1		true	42462	0	0	1.0
Dicranum_majus	mito	1	u3-,u5+	2	399	false	105479	1	1943	0.9819
Dicranum_scottianum	mito	1	u473+	1		true	106065	0	0	1.0
Dicranum_scottianum	mito	2	u474+	1		true	32774	0	0	1.0
Digitalis_purpurea	mito	1	u128-,u129+	2	1312	false	164664	1	197983	0.4541
Digitaria_sanguinalis	mito	1	u67-,u68+,u69+,u72+,u75+,u76+,u509+	7	5882	false	104268	18	266890	0.2809
Dilutineuron_fasciculare	mito	1	u35-,u37+	2	685	false	106943	1	2055	0.9811
Dioscorea_communis	mito	1	u4-,u5+,u7+,u9+	4	1545	false	164843	2	241430	0.4057
Dioscorea_communis	mito	2	u10+	1		true	160157	0	0	1.0
Diphasiastrum_alpinum	mito	1	u13+	1		false	387961	0	0	1.0
Diphasiastrum_alpinum	mito	2	u14+	1		false	22581	0	0	1.0
Dipsacus_fullonum	mito	1	u59-,u60+	2	465	false	53004	1	252155	0.1737
Dipsacus_fullonum	mito	2	u67+	1		true	97483	0	0	1.0
Dipsacus_fullonum	mito	3	u71+	1		true	89961	0	0	1.0
Dipsacus_fullonum	mito	4	u73+	1		true	59311	0	0	1.0
Disphyma_crassifolium	mito	1	u6-,u8+,u9+,u12+,u13+,u16+	6	8971	false	246564	17	1539116	0.1381
Distichium_capillaceum	mito	1	u9-,u85+	2	369	false	107125	1	1486	0.9863
Doronicum_pardalianches	mito	1	u119+	1		true	218034	0	0	1.0
Doronicum_pardalianches	mito	2	u120+	1		true	57234	0	0	1.0
Doronicum_pardalianches	mito	3	u121+	1		true	74395	0	0	1.0
Douinia_ovata	mito	1	u15+,u16-	2	281	false	143833	1	2142	0.9853
Draba_verna	mito	1	u37+,u39+,u118-,u119-	4	7686	false	74769	7	203060	0.2691
Dracunculus_vulgaris	mito	1	u17-,u18+,u22+	3	831	false	72987	3	96498	0.4306
Dracunculus_vulgaris	mito	2	u23+,u25-	2	425	false	102537	1	55163	0.6502
Dracunculus_vulgaris	mito	3	u28+	1		true	38959	0	0	1.0
Dracunculus_vulgaris	mito	4	u29+	1		true	125262	0	0	1.0
Dracunculus_vulgaris	mito	5	u30+	1		true	48061	0	0	1.0
Dracunculus_vulgaris	mito	6	u31+	1		true	179933	0	0	1.0
Drosera_anglica	mito	1	u36+,u38-	2	797	false	195489	1	51070	0.7929
Drosera_anglica	mito	2	u45+	1		true	245735	0	0	1.0
Drosera_rotundifolia	mito	1	u33-,u165-	2	1023	false	297838	1	195654	0.6035
Dryas_octopetala	mito	1	u1+,u144-	2	3590	false	244700	4	106613	0.6965
Dryopteris_borreri	mito	1	u16+,u22+,u28-,u29+,u30-	5	6514	false	11031	30	174562	0.0594
Dryopteris_dilatata	mito	1	u0+,u28-,u61+,u65-	4	11918	false	10340	40	197390	0.0498
Dryopteris_filix_mas	mito	1	u0-,u39-,u40+	3	5709	false	9427	33	178770	0.0501
Echium_vulgare	mito	1	u2+,u62+,u63+,u65-	4	9652	true	180651	3	150726	0.5452
Eleocharis_parvula	mito	1	u19+,u21+,u23+,u25+,u27+,u29+,u52-	7	1110	false	441763	8	822876	0.3493
Eleocharis_quinqueflora	mito	1	u37+,u39+,u40+,u41-	4	940	false	273859	10	1693063	0.1392
Empetrum_nigrum	mito	1	u256+	1		true	392500	0	0	1.0
Empetrum_nigrum	mito	2	u257+	1		true	170407	0	0	1.0
Epilobium_alsinifolium	mito	1	u1736-,u1737+	2	978	false	304377	1	117523	0.7214
Epilobium_anagallidifolium	mito	1	u546-,u547+	2	761	false	305126	1	117512	0.722
Epilobium_brunnescens	mito	1	u2-,u107-,u108+	3	2062	false	421146	0	0	1.0
Epilobium_ciliatum	mito	1	u42-,u43+	2	1044	false	377611	1	43302	0.8971
Epilobium_hirsutum	mito	1	u152+,u153+,u154+	3	2400	true	430669	0	0	1.0
Epilobium_palustre	mito	1	u211-,u212+	2	848	false	305619	1	117453	0.7224
Epilobium_parviflorum	mito	1	u28+,u29-	2	149	false	313424	1	120481	0.7223
Epipactis_purpurata	mito	1	u9-,u100+	2	65	true	27205	1	23912	0.5322
Epipactis_purpurata	mito	2	u11+,u13-	2	288	false	28822	2	3332	0.8964
Epipactis_purpurata	mito	3	u28+	1		true	24065	0	0	1.0
Epipactis_purpurata	mito	4	u29+	1		true	21829	0	0	1.0
Epipactis_purpurata	mito	5	u39+	1		true	26483	0	0	1.0
Epipactis_purpurata	mito	6	u44+	1		true	18247	0	0	1.0
Epipactis_purpurata	mito	7	u45+	1		true	17556	0	0	1.0
Epipactis_purpurata	mito	8	u47+	1		true	17982	0	0	1.0
Epipactis_purpurata	mito	9	u48+	1		true	18189	0	0	1.0
Epipactis_purpurata	mito	10	u50+	1		true	26129	0	0	1.0
Epipactis_purpurata	mito	11	u51+	1		true	28106	0	0	1.0
Epipactis_purpurata	mito	12	u53+	1		true	22930	0	0	1.0
Epipactis_purpurata	mito	13	u56+	1		true	23901	0	0	1.0
Epipactis_purpurata	mito	14	u57+	1		true	19141	0	0	1.0
Epipactis_purpurata	mito	15	u61+	1		true	25330	0	0	1.0
Epipactis_purpurata	mito	16	u62+	1		true	19815	0	0	1.0
Epipactis_purpurata	mito	17	u74+	1		true	20064	0	0	1.0
Equisetum_arvense	mito	1	u9+,u11+,u13-,u42+	4	1265	false	58032	11	172540	0.2517
Equisetum_fluviatile	mito	1	u33+,u38+,u39+,u71-	4	739	false	50291	14	179473	0.2189
Equisetum_palustre	mito	1	u21+,u53-	2	264	false	15062	7	208740	0.0673
Equisetum_pratense	mito	1	u15-,u17+,u27-,u81-	4	1387	false	21995	16	212899	0.0936
Equisetum_sylvaticum	mito	1	u38+,u39-,u123+	3	461	false	77749	8	151800	0.3387
Equisetum_telmateia	mito	1	u11-,u13+,u14+,u61+	4	3945	false	26087	21	211316	0.1099
Eranthis_hyemalis	mito	1	u12-,u13+,u16+,u18+,u25+,u36-	6	3006	false	159438	18	605837	0.2083
Erica_ciliaris	mito	1	u209+,u212-,u213+,u214-	4	5761	false	267666	2	354147	0.4305
Erica_cinerea	mito	1	u63+,u65+	2	363	true	361688	1	293442	0.5521
Erica_mackaiana	mito	1	u5+,u6-,u8+,u11+	4	1054	false	337972	3	279076	0.5477
Erica_tetralix	mito	1	u19-,u20+,u21-	3	388	false	532181	1	83394	0.8645
Erigeron_borealis	mito	1	u19-,u20+,u21-	3	955	true	156864	3	99386	0.6122
Erinus_alpinus	mito	1	u0-,u2+	2	113	false	22979	1	10831	0.6797
Erinus_alpinus	mito	2	u3+,u5-	2	377	false	31161	1	24070	0.5642
Erinus_alpinus	mito	3	u14+	1		false	20284	0	0	1.0
Erinus_alpinus	mito	4	u15+	1		false	31687	0	0	1.0
Erinus_alpinus	mito	5	u16+	1		false	21756	0	0	1.0
Erinus_alpinus	mito	6	u17+	1		false	33861	0	0	1.0
Erinus_alpinus	mito	7	u21+	1		false	23827	0	0	1.0
Erinus_alpinus	mito	8	u24+	1		true	28092	0	0	1.0
Erinus_alpinus	mito	9	u25+	1		true	27619	0	0	1.0
Erinus_alpinus	mito	10	u26+	1		true	20373	0	0	1.0
Erinus_alpinus	mito	11	u28+	1		true	22754	0	0	1.0
Erinus_alpinus	mito	12	u30+	1		true	28815	0	0	1.0
Erinus_alpinus	mito	13	u32+	1		true	28006	0	0	1.0
Erinus_alpinus	mito	14	u34+	1		true	25962	0	0	1.0
Erinus_alpinus	mito	15	u35+	1		true	18715	0	0	1.0
Erinus_alpinus	mito	16	u37+	1		true	21569	0	0	1.0
Eriocaulon_aquaticum	mito	1	u1-,u47-,u48+,u50+,u52+,u56+	6	5922	true	79604	11	160651	0.3313
Eriophorum_angustifolium	mito	1	u200+,u204+,u205+,u208+,u216+,u217+	6	1762	false	227428	12	2609952	0.0802
Eriophorum_latifolium	mito	1	u132-,u133+,u134+,u135+,u139+	5	2695	false	17879	88	2787458	0.0064
Eriophorum_vaginatum	mito	1	u91+,u94+,u97+,u98+,u103+,u104+,u105-	7	955	false	673498	8	1113396	0.3769
Erodium_cicutarium	mito	1	u65+	1		true	12043	0	0	1.0
Erodium_cicutarium	mito	2	u66+	1		true	25548	0	0	1.0
Erodium_cicutarium	mito	3	u70+	1		true	47199	0	0	1.0
Erodium_cicutarium	mito	4	u71+	1		true	29661	0	0	1.0
Erodium_cicutarium	mito	5	u72+	1		true	34007	0	0	1.0
Erodium_cicutarium	mito	6	u75+	1		true	18454	0	0	1.0
Erodium_cicutarium	mito	7	u84+	1		true	22626	0	0	1.0
Erodium_maritimum	mito	1	u56-,u57+,u58+,u60+	4	2181	false	42495	5	159811	0.2101
Erodium_maritimum	mito	2	u73+	1		true	43167	0	0	1.0
Erodium_maritimum	mito	3	u74+	1		true	57315	0	0	1.0
Erodium_moschatum	mito	1	u132+	1		true	72752	0	0	1.0
Erodium_moschatum	mito	2	u133+	1		true	43253	0	0	1.0
Erodium_moschatum	mito	3	u138+	1		true	55968	0	0	1.0
Erodium_moschatum	mito	4	u148+	1		true	30159	0	0	1.0
Erodium_moschatum	mito	5	u152+	1		true	27144	0	0	1.0
Erodium_moschatum	mito	6	u158+	1		true	29935	0	0	1.0
Eryngium_campestre	mito	1	u26-,u28+,u31+	3	851	false	43843	3	195032	0.1835
Eryngium_maritimum	mito	1	u23-,u25+	2	460	false	112960	1	125511	0.4737
Erythranthe_lutea	mito	1	u392-,u393+	2	1592	false	291838	1	135818	0.6824
Erythranthe_lutea	mito	2	u614+	1		true	84504	0	0	1.0
Euonymus_europaeus	mito	1	u25+,u28+,u29+,u31-	4	3491	false	385630	11	730767	0.3454
Euonymus_europaeus	mito	2	u42+	1		true	326784	0	0	1.0
Eupatorium_cannabinum	mito	1	u21+,u23+,u24+,u27+,u28-	5	998	true	102387	9	161992	0.3873
Euphorbia_amygdaloides	mito	1	u17+,u20+,u22+,u23+,u26+,u30+,u68+	7	5708	false	75321	23	747032	0.0916
Euphorbia_amygdaloides	mito	2	u55+	1		true	33799	0	0	1.0
Euphorbia_exigua	mito	1	u9+,u11+,u13+,u15+,u21-,u22+	6	495	false	90269	17	711566	0.1126
Euphorbia_exigua	mito	2	u40+	1		true	33799	0	0	1.0
Euphorbia_helioscopia	mito	1	u0-,u17+,u18+,u22+,u23-	5	4706	true	330308	4	300001	0.524
Euphorbia_lathyris	mito	1	u0-,u13+,u15+,u16+	4	3047	false	217319	11	641392	0.2531
Euphorbia_lathyris	mito	2	u48+	1		true	42257	0	0	1.0
Euphorbia_lathyris	mito	3	u49+	1		true	86353	0	0	1.0
Euphorbia_lathyris	mito	4	u50+	1		true	32775	0	0	1.0
Euphorbia_maculata	mito	1	u17+,u18+,u20+,u22-	4	1461	false	394520	2	221406	0.6405
Euphorbia_maculata	mito	2	u37+	1		true	79705	0	0	1.0
Euphorbia_paralias	mito	1	u71+,u72+,u75+,u80+,u92-,u93+	6	5910	false	107980	20	643840	0.1436
Euphorbia_paralias	mito	2	u139+	1		true	40376	0	0	1.0
Euphorbia_paralias	mito	3	u147+	1		true	39175	0	0	1.0
Euphorbia_peplus	mito	1	u74+,u76+,u79+,u80+	4	3321	false	17551	19	743077	0.0231
Euphorbia_peplus	mito	2	u5936+	1		true	49647	0	0	1.0
Euphorbia_portlandica	mito	1	u4890+,u4895-,u4896+,u9792-	4	3236	false	57750	18	574986	0.0913
Euphorbia_portlandica	mito	2	u3680+,u3681+,u3682+,u3693+,u3698+,u9568-,u9578+	7	3018	false	12838	86	282162	0.0435
Euphorbia_portlandica	mito	3	u8516+	1		true	25174	0	0	1.0
Euphorbia_portlandica	mito	4	u8517+	1		true	39169	0	0	1.0
Euphrasia_anglica	mito	1	u41+	1		true	224039	0	0	1.0
Euphrasia_anglica	mito	2	u843+,u845-	2	3037	false	147533	1	46124	0.7618
Euphrasia_confusa	mito	1	u45-,u46+,u48+,u196+	4	3629	false	151857	5	168284	0.4743
Euphrasia_confusa	mito	2	u89+	1		true	113254	0	0	1.0
Euphrasia_foulaensis	mito	1	u7+	1		false	10464	0	0	1.0
Euphrasia_foulaensis	mito	2	u8+	1		false	10636	0	0	1.0
Euphrasia_nemorosa	mito	1	u13-,u14+,u16+,u62+	4	4630	false	151857	5	168279	0.4744
Euphrasia_nemorosa	mito	2	u28+	1		true	113254	0	0	1.0
Euphrasia_tetraquetra	mito	1	u46-,u47+	2	1036	false	58133	1	102857	0.3611
Euphrasia_tetraquetra	mito	2	u96+	1		true	233892	0	0	1.0
Fagus_sylvatica	mito	1	u35-,u36+,u37-,u76+	4	2308	false	505926	1	1400	0.9972
Fallopia_baldschuanica	mito	1	u8-,u9+,u11+,u14+,u31+	5	3684	false	56441	14	303244	0.1569
Fallopia_convolvulus	mito	1	u7+,u8+,u10+,u13+	4	3604	false	151388	4	207287	0.4221
Fallopia_sachalinensis	mito	1	u77+,u79+,u81+	3	1962	false	120589	5	231398	0.3426
Fallopia_sachalinensis	mito	2	u83-,u84+,u86+,u87+,u88-	5	472	false	273375	1	25726	0.914
Festuca_arundinacea	mito	1	u10-,u11+,u12+	3	234	true	302917	0	0	1.0
Festuca_arundinacea	mito	2	u17+	1		true	116026	0	0	1.0
Festuca_gigantea	mito	1	u4-,u5+,u6+,u8+,u10-	5	1798	false	122858	4	384904	0.242
Festuca_heterophylla	mito	1	u21+,u22+,u76-	3	672	false	139204	5	286752	0.3268
Festuca_rubra	mito	1	u14+,u18+,u50+	3	651	false	17515	13	384841	0.0435
Festuca_vivipara	mito	1	u49+,u51-,u197-	3	392	false	46817	8	380561	0.1095
Ficaria_verna	mito	1	u2-,u3+,u8+,u10+,u51-	5	988	true	203556	17	614077	0.249
Ficus_carica	mito	1	u186+	1		true	250763	0	0	1.0
Ficus_carica	mito	2	u206+	1		true	231447	0	0	1.0
Filago_lutescens	mito	1	u14+,u15+,u578+	3	5188	false	129060	5	104982	0.5514
Filipendula_ulmaria	mito	1	u57+,u59+,u60+,u61-,u63+,u64+,u65+	7	1431	false	596123	4	267744	0.6901
Filipendula_vulgaris	mito	1	u65+,u68+,u70+,u71+,u72+	5	530	true	48268	3	114339	0.2968
Filipendula_vulgaris	mito	2	u75-,u76+	2	693	false	99602	1	475175	0.1733
Filipendula_vulgaris	mito	3	u88+	1		true	28885	0	0	1.0
Filipendula_vulgaris	mito	4	u89+	1		true	29239	0	0	1.0
Filipendula_vulgaris	mito	5	u90+	1		true	32948	0	0	1.0
Filipendula_vulgaris	mito	6	u92+	1		true	13771	0	0	1.0
Fissidens_bryoides	mito	1	u9+,u10-	2	979	false	103296	1	2264	0.9786
Fragaria_moschata	mito	1	u1210-,u1211+	2	3424	false	128980	1	220466	0.3691
Fragaria_vesca	mito	1	u35-,u36+,u39+,u40+,u41+,u43+	6	9853	false	295973	3	46197	0.865
Frangula_alnus	mito	1	u26-,u28+,u31+	3	2809	false	232592	3	248384	0.4836
Frankenia_laevis	mito	1	u11+,u61-	2	1518	true	162479	1	100602	0.6176
Fraxinus_excelsior	mito	1	u61+,u64+,u66+,u68+,u70-	5	1087	false	239362	8	446411	0.349
Fritillaria_meleagris	mito	1	u2741+,u2743-	2	3196	false	218064	1	98823	0.6881
Fuchsia_magellanica	mito	1	u98-,u99+	2	1613	false	198679	2	199452	0.499
Fumaria_bastardii	mito	1	u56+,u57+	2	291	false	446552	0	0	1.0
Fumaria_bastardii	mito	2	u64+	1		true	287502	0	0	1.0
Fumaria_bastardii	mito	3	u65+	1		true	194739	0	0	1.0
Fumaria_densiflora	mito	1	u367-,u948-,u952-	3	3457	false	102556	9	214500	0.3235
Fumaria_densiflora	mito	2	u618+	1		true	445663	0	0	1.0
Fumaria_muralis	mito	1	u36-,u37+,u38+,u44+,u48-	5	9406	false	287627	4	198438	0.5917
Fumaria_occidentalis	mito	1	u15+	1		false	57745	0	0	1.0
Fumaria_occidentalis	mito	2	u16+	1		false	42975	0	0	1.0
Fumaria_occidentalis	mito	3	u17+	1		false	18067	0	0	1.0
Fumaria_occidentalis	mito	4	u18+	1		false	57771	0	0	1.0
Fumaria_occidentalis	mito	5	u25+	1		true	288852	0	0	1.0
Galanthus_nivalis	mito	1	u10-,u11+,u12-	3	180	true	336126	0	0	1.0
Galatella_linosyris	mito	1	u18-,u20+	2	349	false	79128	1	112708	0.4125
Galatella_linosyris	mito	2	u22+	1		true	61545	0	0	1.0
Galega_officinalis	mito	1	u62-,u63+,u66+,u67-	4	2592	false	91528	2	94892	0.491
Galega_officinalis	mito	2	u76+	1		true	161331	0	0	1.0
Galeopsis_tetrahit	mito	1	u48-,u50+	2	327	false	58106	1	13796	0.8081
Galeopsis_tetrahit	mito	2	u58+	1		true	69725	0	0	1.0
Galeopsis_tetrahit	mito	3	u59+	1		true	39513	0	0	1.0
Galeopsis_tetrahit	mito	4	u60+	1		true	40307	0	0	1.0
Galeopsis_tetrahit	mito	5	u61+	1		true	44886	0	0	1.0
Galeopsis_tetrahit	mito	6	u62+	1		true	16652	0	0	1.0
Galeopsis_tetrahit	mito	7	u63+	1		true	25924	0	0	1.0
Galeopsis_tetrahit	mito	8	u64+	1		true	20566	0	0	1.0
Galeopsis_tetrahit	mito	9	u67+	1		true	27838	0	0	1.0
Galeopsis_tetrahit	mito	10	u68+	1		true	9478	0	0	1.0
Galium_aparine	mito	1	u3+,u24+,u25-,u98-	4	5353	false	124614	8	91546	0.5765
Galium_odoratum	mito	1	u22-,u24+	2	1027	false	140110	1	77714	0.6432
Genista_anglica	mito	1	u43-,u88-	2	1907	false	414803	1	99814	0.806
Genista_pilosa	mito	1	u3-,u7-,u9+,u11+	4	3321	false	284877	2	144829	0.663
Genista_tinctoria	mito	1	u19+	1		true	142335	0	0	1.0
Genista_tinctoria	mito	2	u20+	1		true	128726	0	0	1.0
Genista_tinctoria	mito	3	u21+	1		true	142802	0	0	1.0
Gentiana_pneumonanthe	mito	1	u4+,u55-,u56-,u60-	4	1915	false	4979	56	354968	0.0138
Gentiana_verna	mito	1	u4-,u5+,u6+,u48+,u49-	5	4787	false	39764	6	269128	0.1287
Gentianella_amarella	mito	1	u6-,u7+,u9+,u203+,u205+,u212-	6	502	false	4571	338	518348	0.0087
Gentianella_amarella	mito	2	u513+,u515+,u519-	3	6	false	2322	7	10764	0.1774
Gentianella_campestris	mito	1	u452-,u1790-,u1821-,u1878-,u2000-	5	698	false	5977	387	593277	0.01
Gentianella_campestris	mito	2	u1016-,u1017+	2	1	false	1799	2	3394	0.3464
Gentianella_campestris	mito	3	u1021-,u1022+	2	1	false	2169	2	3023	0.4178
Geranium_dissectum	mito	1	u62+	1		true	35855	0	0	1.0
Geranium_dissectum	mito	2	u3197+	1		true	30602	0	0	1.0
Geranium_dissectum	mito	3	u3206+	1		true	84728	0	0	1.0
Geranium_dissectum	mito	4	u3213+	1		true	34230	0	0	1.0
Geranium_dissectum	mito	5	u3214+	1		true	55373	0	0	1.0
Geranium_dissectum	mito	6	u3226+	1		true	60817	0	0	1.0
Geranium_lucidum	mito	1	u245+,u247-	2	424	false	95293	1	149163	0.3898
Geranium_lucidum	mito	2	u342+	1		true	73025	0	0	1.0
Geranium_lucidum	mito	3	u343+	1		true	77698	0	0	1.0
Geranium_lucidum	mito	4	u344+	1		true	78025	0	0	1.0
Geranium_molle	mito	1	u634-,u635+,u636+	3	5010	true	94358	6	160349	0.3705
Geranium_molle	mito	2	u7557+	1		true	68083	0	0	1.0
Geranium_molle	mito	3	u7558+	1		true	72795	0	0	1.0
Geranium_phaeum	mito	1	u127+,u129+,u130+,u131+,u132+,u306+	6	12617	false	189534	6	85661	0.6887
Geranium_pratense	mito	1	u30+	1		true	191443	0	0	1.0
Geranium_pratense	mito	2	u31+	1		true	52984	0	0	1.0
Geranium_pratense	mito	3	u32+	1		true	61693	0	0	1.0
Geranium_pyrenaicum	mito	1	u131-,u132+,u133-	3	394	true	190618	3	272524	0.4116
Geranium_robertianum	mito	1	u153-,u155+,u156+,u157+	4	4128	true	492271	2	217965	0.6931
Geranium_robertianum	mito	2	u176+	1		true	93973	0	0	1.0
Geranium_rotundifolium	mito	1	u56-,u57+,u58-	3	1811	false	331900	0	0	1.0
Geranium_sanguineum	mito	1	u16-,u18+,u30+,u31+,u34+,u56-,u157+	7	2802	false	55618	81	1176365	0.0451
Geum_rivale	mito	1	u3-,u83-,u150+	3	2607	false	198075	5	125251	0.6126
Geum_urbanum	mito	1	u1-,u16-,u19+	3	2032	false	205256	5	118745	0.6335
Ginkgo_biloba	mito	1	u1+,u4+,u6+	3	300	false	43099	3	299279	0.1259
Glaucium_flavum	mito	1	u18+,u21+,u24+,u25+,u26+,u35-	6	3023	false	339822	17	2371161	0.1254
Glaucium_flavum	mito	2	u54+	1		true	329583	0	0	1.0
Glaux_maritima	mito	1	u22+,u25+,u27+	3	4047	false	195889	3	108026	0.6446
Glechoma_hederacea	mito	1	u8-,u9+,u11+,u13+,u14+,u262+,u263+	7	25099	false	17591	57	453109	0.0374
Glyceria_declinata	mito	1	u288-,u289+,u294-,u295+,u296-	5	1839	false	195921	4	290623	0.4027
Glyceria_fluitans	mito	1	u86+,u90+,u91+,u93+,u94-	5	1271	false	200112	4	281267	0.4157
Glyceria_maxima	mito	1	u6+	1		false	11064	0	0	1.0
Glyceria_maxima	mito	2	u7+	1		false	23231	0	0	1.0
Glyceria_maxima	mito	3	u8+	1		false	34549	0	0	1.0
Glyceria_maxima	mito	4	u9+	1		false	17434	0	0	1.0
Glyceria_maxima	mito	5	u11+	1		false	28882	0	0	1.0
Gnaphalium_supinum	mito	1	u93+	1		true	84609	0	0	1.0
Gnaphalium_supinum	mito	2	u94+	1		true	166156	0	0	1.0
Grimmia_donniana	mito	1	u1+,u2-	2	1218	false	106805	1	1992	0.9817
Grimmia_trichophylla	mito	1	u18-,u20+	2	552	false	106837	1	1743	0.9839
Groenlandia_densa	mito	1	u16-,u17+,u21+	3	1814	false	43740	3	178002	0.1973
Gunnera_tinctoria	mito	1	u9+	1		false	40721	0	0	1.0
Gunnera_tinctoria	mito	2	u10+	1		false	40990	0	0	1.0
Gunnera_tinctoria	mito	3	u11+	1		false	47226	0	0	1.0
Gunnera_tinctoria	mito	4	u12+	1		false	10550	0	0	1.0
Gunnera_tinctoria	mito	5	u13+	1		false	69576	0	0	1.0
Gunnera_tinctoria	mito	6	u18+	1		false	11941	0	0	1.0
Gunnera_tinctoria	mito	7	u26+	1		false	37766	0	0	1.0
Gymnadenia_conopsea	mito	1	u15+	1		true	43171	0	0	1.0
Gymnadenia_conopsea	mito	2	u16+	1		true	26168	0	0	1.0
Gymnadenia_conopsea	mito	3	u21+	1		true	34793	0	0	1.0
Gymnadenia_conopsea	mito	4	u22+	1		true	33595	0	0	1.0
Gymnadenia_conopsea	mito	5	u23+	1		true	29005	0	0	1.0
Gymnadenia_conopsea	mito	6	u27+	1		true	53121	0	0	1.0
Gymnadenia_conopsea	mito	7	u33+	1		true	31251	0	0	1.0
Gymnadenia_conopsea	mito	8	u34+	1		true	39417	0	0	1.0
Gymnadenia_conopsea	mito	9	u36+	1		true	31908	0	0	1.0
Gymnadenia_conopsea	mito	10	u37+	1		true	36012	0	0	1.0
Gymnadenia_conopsea	mito	11	u40+	1		true	31916	0	0	1.0
Gymnadenia_conopsea	mito	12	u43+	1		true	26642	0	0	1.0
Gymnadenia_conopsea	mito	13	u46+	1		true	36099	0	0	1.0
Gymnadenia_conopsea	mito	14	u51+	1		true	42501	0	0	1.0
Gymnadenia_conopsea	mito	15	u58+	1		true	26494	0	0	1.0
Gymnocarpium_robertianum	mito	1	u4-,u5+,u14+,u16+,u57-	5	8974	false	27663	28	174939	0.1365
Gymnomitrion_concinnatum	mito	1	u931+	1		true	26082	0	0	1.0
Gymnomitrion_concinnatum	mito	2	u932+	1		true	163433	0	0	1.0
Gymnomitrion_obtusum	mito	1	u3+	1		false	34194	0	0	1.0
Gymnomitrion_obtusum	mito	2	u4+	1		false	83642	0	0	1.0
Gymnomitrion_obtusum	mito	3	u5+	1		false	17519	0	0	1.0
Gymnomitrion_obtusum	mito	4	u6+	1		false	18331	0	0	1.0
Gymnomitrion_obtusum	mito	5	u8+	1		false	16382	0	0	1.0
Halimione_portulacoides	mito	1	u29-,u30+,u32+,u35+,u37-	5	7473	false	161204	4	131647	0.5505
Hedera_helix	mito	1	u0-,u1+,u23-,u24+,u25+,u26+	6	4578	false	143770	42	503367	0.2222
Hedera_hibernica	mito	1	u109-,u111+,u112+,u115+	4	1334	true	216559	5	297820	0.421
Hedera_hibernica	mito	2	u136+	1		true	83731	0	0	1.0
Helianthemum_apenninum	mito	1	u23+,u26+,u27+,u29+,u31-	5	2135	false	179302	4	235098	0.4327
Helianthemum_oelandicum	mito	1	u3-,u15+,u17+,u18+,u19-,u20+,u21-	7	6011	false	375845	2	91157	0.8048
Helictochloa_pratensis	mito	1	u24-,u25+,u27+,u31-,u62+	5	509	false	79391	7	371096	0.1762
Helleborus_foetidus	mito	1	u71-,u73+,u86+,u87+,u88+	5	621	false	181807	13	390377	0.3177
Helleborus_viridis	mito	1	u32+,u35+,u39+,u40+,u41-	5	1169	false	200352	10	538991	0.271
Helminthotheca_echioides	mito	1	u14-,u16+,u19-	3	432	false	81801	3	202963	0.2873
Helosciadium_nodiflorum	mito	1	u227-,u229+,u230+,u232+,u233+,u234+,u475+	7	14667	false	120680	5	208863	0.3662
Heracleum_sphondylium	mito	1	u14-,u15+,u16+,u17+,u19-,u65+	6	3861	false	80569	17	198645	0.2886
Herniaria_ciliolata	mito	1	u38+,u42+,u43+	3	1682	false	115323	3	159303	0.4199
Hesperis_matronalis	mito	1	u18+	1		false	108463	0	0	1.0
Hesperis_matronalis	mito	2	u19+	1		false	12304	0	0	1.0
Hesperis_matronalis	mito	3	u20+	1		false	230448	0	0	1.0
Hibiscus_tridactylites	mito	1	u31+,u34+,u36+,u38+,u39-	5	4778	false	277502	4	240738	0.5355
Hibiscus_trionum	mito	1	u30-,u31+,u33+,u34+,u36+	5	875	false	132166	3	382974	0.2566
Hibiscus_verdcourtii	mito	1	u23-,u25+,u103-	3	1981	false	65407	3	361686	0.1531
Hibiscus_verdcourtii	mito	2	u46+	1		true	106660	0	0	1.0
Hieracium_aggregatifolium	mito	1	u13+,u22-,u23+	3	310	false	92366	9	230778	0.2858
Hieracium_attenboroughianum	mito	1	u28-,u29+,u31+,u33+,u35+,u38-	6	1083	false	101064	6	248451	0.2892
Hieracium_britannicum	mito	1	u24-,u25+,u27+,u29+,u30+,u32-,u33+,u34-	8	2818	false	133611	4	215107	0.3831
Hieracium_drummondii	mito	1	u0-,u2+,u4+,u5-	4	292	false	241033	2	79165	0.7528
Hieracium_radyrense	mito	1	u37-,u38+,u40+,u41-	4	438	false	78138	8	271325	0.2236
Hieracium_richianum	mito	1	u19-,u20+,u21+,u23+,u25+,u26-	6	446	false	242286	3	119399	0.6699
Hieracium_sabaudum	mito	1	u8+,u12+,u14+,u15+	4	657	false	107900	4	209648	0.3398
Hieracium_scullyi	mito	1	u23+,u25+,u27+,u28-	4	1857	false	195688	2	125010	0.6102
Hieracium_snowdoniense	mito	1	u8-,u10+,u12+,u13+	4	662	false	178154	2	164542	0.5199
Hieracium_sp_SM_2023a	mito	1	u27-,u29+,u31+,u33+,u35+,u38-	6	1521	false	153222	6	194676	0.4404
Hierochloe_odorata	mito	1	u5-,u7+,u8+,u10+	4	1065	false	326452	2	184725	0.6386
Hippocrepis_comosa	mito	1	u50-,u51+,u52-	3	2322	false	127442	3	262505	0.3268
Hippophae_rhamnoides	mito	1	u13+,u14+,u15-	3	1068	false	177660	3	276774	0.3909
Hippuris_vulgaris	mito	1	u223+	1		true	119921	0	0	1.0
Hippuris_vulgaris	mito	2	u224+	1		true	179542	0	0	1.0
Hippuris_vulgaris	mito	3	u226+	1		true	248513	0	0	1.0
Holcus_lanatus	mito	1	u21-,u22+,u28-	3	288	false	83293	6	373497	0.1823
Holcus_mollis	mito	1	u7+,u10+,u11-,u12+	4	1681	false	188435	7	281019	0.4014
Homalothecium_sericeum	mito	1	u3+	1		false	11745	0	0	1.0
Homalothecium_sericeum	mito	2	u4+	1		false	24095	0	0	1.0
Homalothecium_sericeum	mito	3	u5+	1		false	10445	0	0	1.0
Homogyne_alpina	mito	1	u16+,u18+,u20+,u21+,u22-	5	598	false	119576	7	211535	0.3611
Homogyne_alpina	mito	2	u34+	1		false	14307	0	0	1.0
Honckenya_peploides	mito	1	u6-,u8+,u10+,u11+,u16-	5	1736	false	338680	6	410552	0.452
Hordeum_murinum	mito	1	u20+,u23+,u25+	3	635	false	99515	3	275813	0.2651
Hordeum_murinum	mito	2	u36+	1		true	43606	0	0	1.0
Hordeum_vulgare	mito	1	u3-,u5+,u6+,u9+,u10+,u12+,u13+,u14-,u15+,u16+,u17-	11	6925	false	215849	4	255478	0.458
Hornungia_petraea	mito	1	u70-,u72+,u73+,u75+	4	2606	false	145073	2	167523	0.4641
Hottonia_palustris	mito	1	u4-,u5+,u6-,u58-	4	2265	false	324059	0	0	1.0
Huperzia_selago	mito	1	u20-,u21-	2	504	false	187856	1	209576	0.4727
Hyacinthoides_non_scripta	mito	1	u23+,u36+,u38+,u51+,u53+,u58-,u62+	7	1062	false	34244	67	386566	0.0814
Hydrocotyle_ranunculoides	mito	1	u20-,u21+,u25-	3	792	false	42745	3	392569	0.0982
Hydrocotyle_vulgaris	mito	1	u48-,u52+,u54+,u55+,u56-	5	5788	false	292011	5	273904	0.516
Hypericum_androsaemum	mito	1	u14+	1		true	75608	0	0	1.0
Hypericum_androsaemum	mito	2	u15+	1		true	103449	0	0	1.0
Hypericum_androsaemum	mito	3	u16+	1		true	99282	0	0	1.0
Hypericum_androsaemum	mito	4	u17+	1		true	140002	0	0	1.0
Hypericum_hircinum	mito	1	u17+,u18-	2	339	false	229281	1	96751	0.7032
Hypericum_hircinum	mito	2	u23+	1		true	144611	0	0	1.0
Hypericum_hirsutum	mito	1	u63-,u65+	2	983	false	186688	1	287012	0.3941
Hypericum_linariifolium	mito	1	u19+	1		true	134437	0	0	1.0
Hypericum_linariifolium	mito	2	u20+	1		true	364084	0	0	1.0
Hypericum_pulchrum	mito	1	u52-,u53+,u54-	3	1538	false	217526	0	0	1.0
Hypericum_pulchrum	mito	2	u64+	1		true	276564	0	0	1.0
Hypnum_andoi	mito	1	u10+	1		false	40736	0	0	1.0
Hypnum_andoi	mito	2	u11+	1		false	12608	0	0	1.0
Hypnum_andoi	mito	3	u12+	1		false	11648	0	0	1.0
Hypochaeris_maculata	mito	1	u20-,u21+,u22+,u23+,u24-	5	2097	true	312685	1	22168	0.9338
Hypochaeris_radicata	mito	1	u12-,u14+,u15+,u18+,u20+	5	891	false	131187	4	187807	0.4113
Impatiens_glandulifera	mito	1	u95-,u96+	2	842	false	34054	1	8934	0.7922
Impatiens_glandulifera	mito	2	u103+	1		true	22933	0	0	1.0
Impatiens_glandulifera	mito	3	u104+	1		true	37157	0	0	1.0
Impatiens_glandulifera	mito	4	u105+	1		true	32023	0	0	1.0
Impatiens_glandulifera	mito	5	u106+	1		true	27375	0	0	1.0
Impatiens_glandulifera	mito	6	u107+	1		true	27162	0	0	1.0
Impatiens_glandulifera	mito	7	u108+	1		true	29446	0	0	1.0
Impatiens_glandulifera	mito	8	u109+	1		true	25110	0	0	1.0
Impatiens_glandulifera	mito	9	u111+	1		true	48807	0	0	1.0
Impatiens_glandulifera	mito	10	u112+	1		true	14045	0	0	1.0
Impatiens_glandulifera	mito	11	u113+	1		true	13587	0	0	1.0
Impatiens_glandulifera	mito	12	u114+	1		true	29565	0	0	1.0
Impatiens_glandulifera	mito	13	u115+	1		true	30529	0	0	1.0
Impatiens_glandulifera	mito	14	u116+	1		true	25989	0	0	1.0
Impatiens_glandulifera	mito	15	u118+	1		true	40267	0	0	1.0
Impatiens_glandulifera	mito	16	u126+	1		true	19226	0	0	1.0
Impatiens_noli_tangere	mito	1	u79+	1		true	28830	0	0	1.0
Impatiens_noli_tangere	mito	2	u80+	1		true	18701	0	0	1.0
Impatiens_noli_tangere	mito	3	u81+	1		true	25113	0	0	1.0
Impatiens_noli_tangere	mito	4	u82+	1		true	21105	0	0	1.0
Impatiens_noli_tangere	mito	5	u83+	1		true	11929	0	0	1.0
Impatiens_noli_tangere	mito	6	u84+	1		true	51972	0	0	1.0
Impatiens_noli_tangere	mito	7	u85+	1		true	26966	0	0	1.0
Impatiens_noli_tangere	mito	8	u86+	1		true	22106	0	0	1.0
Impatiens_noli_tangere	mito	9	u87+	1		true	24425	0	0	1.0
Impatiens_noli_tangere	mito	10	u88+	1		true	36659	0	0	1.0
Impatiens_noli_tangere	mito	11	u89+	1		true	17793	0	0	1.0
Impatiens_noli_tangere	mito	12	u90+	1		true	28578	0	0	1.0
Impatiens_noli_tangere	mito	13	u91+	1		true	30911	0	0	1.0
Impatiens_noli_tangere	mito	14	u92+	1		true	39586	0	0	1.0
Impatiens_noli_tangere	mito	15	u93+	1		true	25097	0	0	1.0
Impatiens_noli_tangere	mito	16	u95+	1		true	21520	0	0	1.0
Impatiens_parviflora	mito	1	u333+	1		true	25392	0	0	1.0
Impatiens_parviflora	mito	2	u335+	1		true	19340	0	0	1.0
Impatiens_parviflora	mito	3	u339+	1		true	32175	0	0	1.0
Impatiens_parviflora	mito	4	u341+	1		true	25774	0	0	1.0
Impatiens_parviflora	mito	5	u344+	1		true	40953	0	0	1.0
Impatiens_parviflora	mito	6	u345+	1		true	14158	0	0	1.0
Impatiens_parviflora	mito	7	u349+	1		true	26925	0	0	1.0
Impatiens_parviflora	mito	8	u350+	1		true	35227	0	0	1.0
Impatiens_parviflora	mito	9	u351+	1		true	27269	0	0	1.0
Impatiens_parviflora	mito	10	u353+	1		true	20777	0	0	1.0
Impatiens_parviflora	mito	11	u358+	1		true	49457	0	0	1.0
Impatiens_parviflora	mito	12	u362+	1		true	24487	0	0	1.0
Impatiens_parviflora	mito	13	u364+	1		true	31620	0	0	1.0
Impatiens_parviflora	mito	14	u365+	1		true	36648	0	0	1.0
Impatiens_parviflora	mito	15	u372+	1		true	26208	0	0	1.0
Impatiens_parviflora	mito	16	u373+	1		true	27708	0	0	1.0
Inula_conyza	mito	1	u64+,u66-	2	742	false	155945	1	179365	0.4651
Inula_salicina	mito	1	u91-,u92+	2	418	false	188338	1	180301	0.5109
Iris_foetidissima	mito	1	u18-,u20+,u21+,u22+,u23-	5	1857	false	398085	1	17597	0.9577
Iris_pseudacorus	mito	1	u2+,u6+,u8+,u9+,u11+,u14+,u16+,u25+,u30+	9	6984	false	161610	24	312430	0.3409
Isolepis_cernua	mito	1	u18+,u22+,u24+,u25+,u26-	5	1462	false	840105	4	866779	0.4922
Jacobaea_erucifolia	mito	1	u2-,u3+,u6+,u8+,u11+	5	2380	false	77243	11	224653	0.2559
Jacobaea_maritima	mito	1	u128+,u130+,u131+,u134+,u135+	5	2330	false	136192	3	177571	0.4341
Jacobaea_vulgaris	mito	1	u104-,u197+	2	170	true	214776	1	64349	0.7695
Jasione_montana	mito	1	u161+,u162-	2	2121	false	321172	1	1355	0.9958
Juglans_regia	mito	1	u25+,u28-,u29+,u33+,u5571+	5	6777	false	112743	10	744831	0.1315
Juncus_bufonius	mito	1	u104-,u105+,u106+,u107+,u111-	5	3770	false	171668	4	771744	0.182
Juncus_conglomeratus	mito	1	u1757+,u1759+,u1760-,u8562-	4	5069	false	93865	40	451827	0.172
Juncus_effusus	mito	1	u75+,u77-	2	702	false	291011	1	197492	0.5957
Juncus_gerardii	mito	1	u80+,u81-,u82+	3	1491	false	798116	0	0	1.0
Juncus_inflexus	mito	1	u5-,u182-,u183+	3	1980	false	782041	0	0	1.0
Juncus_squarrosus	mito	1	u3-,u153-,u154+,u158+	4	2655	false	354052	4	207526	0.6305
Juncus_squarrosus	mito	2	u2432+	1		true	422076	0	0	1.0
Juncus_tenuis	mito	1	u11-,u565+,u567+	3	692	false	270801	3	367511	0.4242
Jungermannia_exsertifolia	mito	1	u6+	1		false	75952	0	0	1.0
Jungermannia_exsertifolia	mito	2	u7+	1		false	13946	0	0	1.0
Jungermannia_exsertifolia	mito	3	u8+	1		false	38836	0	0	1.0
Kalmia_procumbens	mito	1	u476+,u479+,u481+,u484+	4	2997	false	86336	5	477535	0.1531
Kiaeria_blyttii	mito	1	u21+	1		false	21954	0	0	1.0
Kiaeria_blyttii	mito	2	u22+	1		true	106931	0	0	1.0
Kickxia_elatine	mito	1	u127-,u129+,u130+,u132+,u211+	5	2460	true	212453	6	378753	0.3594
Kickxia_elatine	mito	2	u153+	1		true	622897	0	0	1.0
Knautia_arvensis	mito	1	u85+,u88+,u89+	3	1112	false	15727	12	492356	0.031
Knautia_arvensis	mito	2	u100+	1		true	32126	0	0	1.0
Koeleria_macrantha	mito	1	u15-,u16+,u17+,u20+,u21+,u24+,u25+,u28+,u30+	9	3047	true	157533	8	246530	0.3899
Kurzia_trichoclados	mito	1	u17-,u19+	2	467	false	163155	1	1562	0.9905
Laburnum_anagyroides	mito	1	u2+,u19+,u20-	3	2025	false	421398	0	0	1.0
Lactuca_saligna	mito	1	u11-,u13+,u15+,u16+	4	2811	false	219915	2	79738	0.7339
Lactuca_serriola	mito	1	u40+,u44+,u47-,u49+,u51-	5	4196	false	75102	7	247714	0.2326
Lamium_album	mito	1	u101-,u103+,u104+,u105+,u106-	5	7267	false	245899	1	69431	0.7798
Lamium_amplexicaule	mito	1	u27+,u28-	2	2009	false	167977	4	130627	0.5625
Lamium_galeobdolon	mito	1	u40-,u41+,u42+,u119-	4	5217	false	193503	5	85942	0.6925
Lamium_galeobdolon	mito	2	u74+	1		true	69306	0	0	1.0
Lamium_purpureum	mito	1	u9-,u10+,u13-,u62-	4	4912	false	43472	11	251145	0.1476
Lapsana_communis	mito	1	u43-,u44+,u47-,u48+	4	731	false	108533	4	183999	0.371
Lathraea_clandestina	mito	1	u343+,u345-	2	2711	false	59263	1	1668	0.9726
Lathraea_clandestina	mito	2	u346-,u347+	2	3462	false	56525	1	1861	0.9681
Lathraea_clandestina	mito	3	u2044+	1		true	52355	0	0	1.0
Lathraea_clandestina	mito	4	u2045+	1		true	92303	0	0	1.0
Lathraea_clandestina	mito	5	u2057+	1		true	59123	0	0	1.0
Lathraea_clandestina	mito	6	u2061+	1		true	64715	0	0	1.0
Lathraea_squamaria	mito	1	u214-,u216+,u217+,u218+,u586+	5	16466	false	82864	1	1891	0.9777
Lathraea_squamaria	mito	2	u219+,u222+,u224+	3	12000	false	76976	3	79580	0.4917
Lathraea_squamaria	mito	3	u276+	1		true	47633	0	0	1.0
Lathraea_squamaria	mito	4	u278+	1		true	39223	0	0	1.0
Lathraea_squamaria	mito	5	u281+	1		true	59636	0	0	1.0
Lathyrus_aphaca	mito	1	u8-,u10+	2	411	false	167591	1	201249	0.4544
Lathyrus_linifolius	mito	1	u11+,u13+,u15+,u16+,u58-	5	1289	false	38547	12	387918	0.0904
Lathyrus_nissolia	mito	1	u1+,u3-	2	311	false	306258	1	103313	0.7478
Lathyrus_pratensis	mito	1	u10+,u11-	2	201	false	265376	1	84791	0.7579
Lathyrus_sylvestris	mito	1	u24+,u26-	2	628	false	272843	1	145568	0.6521
Leersia_oryzoides	mito	1	u14+,u17+,u18-	3	394	true	217473	3	161639	0.5736
Lemna_japonica	mito	1	u4+	1		false	133763	0	0	1.0
Lemna_japonica	mito	2	u9+	1		false	72317	0	0	1.0
Lemna_japonica	mito	3	u10+	1		false	72315	0	0	1.0
Lemna_japonica	mito	4	u11+	1		false	72313	0	0	1.0
Leontodon_hispidus	mito	1	u59+,u60+,u61+,u64+,u65-,u66+,u67+,u69+,u127-	9	4413	false	127859	5	180914	0.4141
Leontodon_saxatilis	mito	1	u669+,u672+,u673+,u674-	4	6077	false	103078	5	179622	0.3646
Lepidium_campestre	mito	1	u66+,u68-	2	1740	false	121092	1	186066	0.3942
Lepidium_draba	mito	1	u72+,u73-	2	509	false	209556	1	72393	0.7432
Lepidium_heterophyllum	mito	1	u2298+,u2301+,u2303+	3	2779	false	59857	3	249418	0.1935
Lepidozia_reptans	mito	1	u13+,u14-	2	544	false	163682	2	3453	0.9793
Leucobryum_juniperoideum	mito	1	u62+	1		false	343070	0	0	1.0
Leucobryum_juniperoideum	mito	2	u86+	1		true	103115	0	0	1.0
Leucojum_aestivum	mito	1	u72-,u73+,u74+,u77+,u78+,u80+	6	791	false	104575	3	127929	0.4498
Leucojum_aestivum	mito	2	u84+	1		true	111772	0	0	1.0
Levisticum_officinale	mito	1	u39+,u42+,u44+,u113-	4	1571	false	30936	24	225743	0.1205
Lewinskya_rupestris	mito	1	u16-,u18+	2	481	false	104845	1	1834	0.9828
Lewinskya_speciosa	mito	1	u31-,u32+	2	371	false	104850	1	1834	0.9828
Ligusticum_scoticum	mito	1	u45+,u46+,u47+,u48+,u78-	5	929	false	86674	4	157980	0.3543
Ligusticum_scoticum	mito	2	u50+	1		true	55980	0	0	1.0
Ligustrum_vulgare	mito	1	u8+,u68-	2	78	true	845419	1	119019	0.8766
Limonium_binervosum	mito	1	u153+	1		true	113744	0	0	1.0
Limonium_binervosum	mito	2	u156+	1		true	182834	0	0	1.0
Limosella_aquatica	mito	1	u25+,u27-	2	1356	false	320004	1	349429	0.478
Linaria_repens	mito	1	u25-,u26+,u28+,u29+	4	809	false	96175	2	388655	0.1984
Linaria_vulgaris	mito	1	u2+,u15+,u16-	3	1948	false	318209	0	0	1.0
Linaria_vulgaris	mito	2	u20+	1		true	138671	0	0	1.0
Linnaea_borealis	mito	1	u144-,u146+	2	912	false	439559	1	244494	0.6426
Linum_bienne	mito	1	u108+,u384-	2	99	true	41253	1	133987	0.2354
Linum_bienne	mito	2	u116+	1		true	40597	0	0	1.0
Linum_bienne	mito	3	u117+	1		true	36508	0	0	1.0
Linum_bienne	mito	4	u131+	1		true	45405	0	0	1.0
Linum_bienne	mito	5	u148+	1		true	38113	0	0	1.0
Linum_catharticum	mito	1	u45+,u47-	2	1419	false	141703	1	2079	0.9855
Linum_catharticum	mito	2	u79+	1		true	178290	0	0	1.0
Linum_catharticum	mito	3	u80+	1		true	178427	0	0	1.0
Lithospermum_officinale	mito	1	u743+,u745+	2	1366	false	156217	1	128965	0.5478
Littorella_uniflora	mito	1	u4+,u6-,u26+	3	192	false	105049	6	235156	0.3088
Lobelia_dortmanna	mito	1	u12+,u14+,u20+,u25-	4	11377	false	57422	36	459245	0.1111
Lobelia_urens	mito	1	u1078+,u1080+,u1082+,u1083+,u1086+,u1089-	6	25658	false	130611	10	379318	0.2561
Lolium_perenne	mito	1	u0+,u11+,u12+,u13+,u14+,u17+,u31+,u33+	8	2886	false	79999	39	539685	0.1291
Lonicera_periclymenum	mito	1	u44-,u45+,u46+	3	291	true	897280	0	0	1.0
Lonicera_periclymenum	mito	2	u51+	1		true	120903	0	0	1.0
Lophocolea_bispinosa	mito	1	u5+	1		false	151277	0	0	1.0
Lophocolea_bispinosa	mito	2	u12+	1		true	27022	0	0	1.0
Lotus_corniculatus	mito	1	u45-,u47+,u48+,u50+	4	3122	false	154864	2	230819	0.4015
Lotus_pedunculatus	mito	1	u74-,u76+,u78+,u79-	4	2727	false	211523	2	200804	0.513
Lotus_tenuis	mito	1	u124-,u125+,u127+,u128+,u129+,u131+,u132-	7	9412	false	271009	4	12642	0.9554
Lotus_tenuis	mito	2	u176+	1		true	80838	0	0	1.0
Ludwigia_grandiflora	mito	1	u147+,u149+,u152+,u154+,u157+,u158+	6	3439	false	150171	9	365401	0.2913
Ludwigia_grandiflora	mito	2	u167+	1		true	168194	0	0	1.0
Lunaria_annua	mito	1	u52+	1		true	83452	0	0	1.0
Lunaria_annua	mito	2	u53+	1		true	103153	0	0	1.0
Lunaria_annua	mito	3	u54+	1		true	105990	0	0	1.0
Luzula_campestris	mito	1	u225-,u227+,u229+,u230+,u232+,u1593-	6	18068	false	175485	3	420504	0.2944
Luzula_pallescens	mito	1	u22-,u23-	2	146	false	441070	1	211909	0.6755
Luzula_spicata	mito	1	u56+,u58-	2	591	false	161015	1	198417	0.448
Luzula_spicata	mito	2	u69+	1		true	143617	0	0	1.0
Luzula_sylvatica	mito	1	u49-,u50+,u51+,u52-,u53+,u55-	6	3285	false	217654	6	430504	0.3358
Lycopodium_clavatum	mito	1	u3+,u5+	2	404	false	250437	1	179819	0.5821
Lycopus_europaeus	mito	1	u43-,u88-	2	1390	false	77813	7	216751	0.2642
Lysimachia_nemorum	mito	1	u33+	1		true	353026	0	0	1.0
Lysimachia_nemorum	mito	2	u34+	1		true	104271	0	0	1.0
Lysimachia_thyrsiflora	mito	1	u74+	1		true	120838	0	0	1.0
Lysimachia_thyrsiflora	mito	2	u101+	1		true	65242	0	0	1.0
Lysimachia_thyrsiflora	mito	3	u105+	1		true	127843	0	0	1.0
Lysimachia_vulgaris	mito	1	u28+,u30-	2	552	false	203552	1	94218	0.6836
Lythrum_hyssopifolia	mito	1	u16+,u17-	2	1332	false	259238	1	1768	0.9932
Malus_domestica	mito	1	u5-,u144+,u145+,u150+	4	2318	false	78745	19	339104	0.1885
Malus_sylvestris	mito	1	u46+,u48-	2	452	false	143184	1	248743	0.3653
Malus_x_robusta	mito	1	u37+,u39-	2	444	false	72226	1	301885	0.1931
Malva_arborea	mito	1	u41-,u42+,u44-	3	1723	false	112248	3	133179	0.4574
Malva_arborea	mito	2	u60+	1		true	164744	0	0	1.0
Malva_arborea	mito	3	u64+	1		true	65344	0	0	1.0
Malva_arborea	mito	4	u69+	1		true	76375	0	0	1.0
Malva_neglecta	mito	1	u55+,u58+,u59+,u60+,u61+,u62+,u63-	7	6380	false	259889	5	119486	0.685
Malva_neglecta	mito	2	u88+	1		true	165810	0	0	1.0
Malva_sylvestris	mito	1	u189-,u191+,u195+,u196+,u197+,u199-	6	2318	false	146523	6	395182	0.2705
Marchantia_polymorpha	mito	1	u77+,u78-	2	1009	false	186256	1	1656	0.9912
Marsupella_aquatica	mito	1	u2-,u3+	2	219	false	162366	1	1641	0.99
Marsupella_emarginata	mito	1	u4-,u38+	2	571	false	162620	1	1382	0.9916
Mastigophora_woodsii	mito	1	u9-,u10+	2	372	false	162784	1	1521	0.9907
Mastigophora_woodsii	mito	2	u13+	1		true	27350	0	0	1.0
Matricaria_discoidea	mito	1	u2-,u3+	2	2191	false	223527	1	1372	0.9939
Matthiola_sinuata	mito	1	u30+,u32+,u33+,u120-	4	4958	false	56633	7	367307	0.1336
Meconopsis_cambrica	mito	1	u25-,u59-,u60+	3	2118	false	3310	21	216957	0.015
Medicago_arabica	mito	1	u49-,u52+,u53+,u54-,u155-	5	4396	true	66489	12	256884	0.2056
Medicago_lupulina	mito	1	u180+,u182-	2	2185	false	295252	1	2029	0.9932
Medicago_sativa	mito	1	u87-,u88+,u89-	3	3778	false	296299	0	0	1.0
Melampyrum_pratense	mito	1	u18+,u20+,u26+,u59+	4	1371	false	25926	33	310467	0.0771
Melampyrum_sylvaticum	mito	1	u10-,u11+,u13+,u16+,u59-,u60-	6	1329	false	75187	17	222979	0.2522
Melica_uniflora	mito	1	u18-,u19+,u20+,u28+	4	1067	false	78973	14	496454	0.1372
Melilotus_altissimus	mito	1	u58+,u60-	2	1784	false	85538	1	221373	0.2787
Melissa_officinalis	mito	1	u291+	1		true	172874	0	0	1.0
Melissa_officinalis	mito	2	u333+	1		true	175208	0	0	1.0
Melittis_melissophyllum	mito	1	u57-,u58+	2	1443	false	247485	1	113135	0.6863
Mentha_aquatica	mito	1	u9-,u10+,u19-,u119-	4	3580	false	24849	32	293590	0.078
Mentha_arvensis	mito	1	u0-,u15-,u16+,u29-,u30+,u31+,u35+,u151+	8	12201	false	70181	47	286544	0.1967
Mercurialis_annua	mito	1	u30-,u31-,u89-	3	1856	false	428615	2	2835	0.9934
Mercurialis_perennis	mito	1	u150+	1		true	89615	0	0	1.0
Mercurialis_perennis	mito	2	u151+	1		true	161120	0	0	1.0
Mercurialis_perennis	mito	3	u152+	1		true	156094	0	0	1.0
Metzgeria_conjugata	mito	1	u3-,u5+	2	591	false	171952	1	1471	0.9915
Metzgeria_furcata	mito	1	u8+	1		false	269750	0	0	1.0
Metzgeria_furcata	mito	2	u39+	1		true	172252	0	0	1.0
Meum_athamanticum	mito	1	u455-,u456+,u462+,u463+,u464+,u467+,u469+,u1938-	8	6433	false	182454	16	188307	0.4921
Milium_effusum	mito	1	u25+,u35+,u36+,u39+,u40+,u89+	6	6575	false	116781	18	352717	0.2487
Mimulus_peregrinus	mito	1	u598+,u599-	2	1110	false	89475	1	130610	0.4065
Mimulus_peregrinus	mito	2	u751+	1		true	271981	0	0	1.0
Mnium_stellare	mito	1	u40+,u41-	2	657	false	100667	1	1564	0.9847
Moehringia_trinervia	mito	1	u17-,u19+,u20-	3	5399	false	138521	3	195035	0.4153
Molinia_caerulea	mito	1	u47+,u49-	2	547	false	264827	1	201117	0.5684
Mollugo_verticillata	mito	1	u5+,u9+,u11+,u12-,u14+,u15+,u20+,u73-	8	4985	false	466301	16	1402112	0.2496
Monotropa_hypopitys	mito	1	u120+,u132+,u134+,u135+,u141+,u149+	6	6531	false	248482	36	772188	0.2434
Montia_fontana	mito	1	u2+,u20+,u21-	3	2761	false	405936	0	0	1.0
Myosotis_ramosissima	mito	1	u3861+	1		false	46833	0	0	1.0
Myosotis_ramosissima	mito	2	u4862+	1		false	22932	0	0	1.0
Myosotis_ramosissima	mito	3	u5526+	1		false	25433	0	0	1.0
Myosotis_ramosissima	mito	4	u7923+	1		false	10772	0	0	1.0
Myosotis_ramosissima	mito	5	u8464+	1		false	30560	0	0	1.0
Myosotis_ramosissima	mito	6	u9183+	1		false	12166	0	0	1.0
Myosotis_ramosissima	mito	7	u9247+	1		false	17705	0	0	1.0
Myosotis_ramosissima	mito	8	u9400+	1		false	20241	0	0	1.0
Myosotis_ramosissima	mito	9	u9516+	1		false	23723	0	0	1.0
Myriophyllum_alterniflorum	mito	1	u195+,u198+,u199+,u203+	4	6002	false	59450	8	333772	0.1512
Myriophyllum_aquaticum	mito	1	u88+,u94-,u95+,u98+,u100-,u522+	6	8162	false	236454	12	245950	0.4902
Myriophyllum_aquaticum	mito	2	u103-,u104+,u112+,u114+,u115+,u116-	6	3539	false	187259	9	225464	0.4537
Myriophyllum_spicatum	mito	1	u8+,u12+,u13+,u15-	4	2679	false	64265	11	349328	0.1554
Myrrhis_odorata	mito	1	u61+,u63+,u122-	3	739	false	36828	5	246245	0.1301
Narcissus_pseudonarcissus	mito	1	u19-,u21+,u25-,u26+	4	1333	false	128735	7	283848	0.312
Nardia_scalaris	mito	1	u1+	1		false	160334	0	0	1.0
Nardia_scalaris	mito	2	u51+	1		true	28076	0	0	1.0
Narthecium_ossifragum	mito	1	u20+,u22-	2	2116	false	158522	1	148350	0.5166
Narthecium_ossifragum	mito	2	u65+	1		true	100909	0	0	1.0
Nasturtium_officinale	mito	1	u59+,u60-	2	1787	false	168445	1	117531	0.589
Neottia_nidus_avis	mito	1	u21+	1		false	24487	0	0	1.0
Neottia_nidus_avis	mito	2	u25+	1		false	20980	0	0	1.0
Neottia_nidus_avis	mito	3	u26+	1		false	11245	0	0	1.0
Neottia_nidus_avis	mito	4	u28+	1		false	13128	0	0	1.0
Nigella_damascena	mito	1	u23+,u24-,u25+,u26+,u28+,u30+,u33-	7	891	false	251414	7	343078	0.4229
Nigella_damascena	mito	2	u47+	1		true	67668	0	0	1.0
Niphotrichum_ericoides	mito	1	u17+,u18-	2	258	false	106711	1	2046	0.9812
Nowellia_curvifolia	mito	1	u16+,u26+,u27-	3	145	false	97062	0	0	1.0
Nowellia_curvifolia	mito	2	u1138+	1		true	149448	0	0	1.0
Nuphar_pumila	mito	1	u54-,u55+,u57+	3	1020	true	216596	3	369723	0.3694
Nymphaea_alba	mito	1	u0+,u133+,u134+,u135+	4	670	false	177199	2	145367	0.5493
Odontites_vernus	mito	1	u1359+,u1362+,u1363+,u1365-,u1366+	5	14223	true	196664	4	309842	0.3883
Odontoschisma_sphagni	mito	1	u41-,u229+	2	405	false	154873	1	1460	0.9907
Oenanthe_crocata	mito	1	u11+,u13-	2	2050	false	41313	4	236118	0.1489
Oenanthe_crocata	mito	2	u46+	1		true	39163	0	0	1.0
Oenanthe_crocata	mito	3	u47+	1		true	27226	0	0	1.0
Oenanthe_lachenalii	mito	1	u3619-,u3620+,u3622+,u3624+,u3625+,u13782+	6	1105	false	54618	15	282295	0.1621
Oenanthe_lachenalii	mito	2	u6446+	1		false	14472	0	0	1.0
Oenanthe_pimpinelloides	mito	1	u1-,u3+,u5-	3	2041	false	153374	3	90360	0.6293
Oenanthe_pimpinelloides	mito	2	u7+,u8-	2	984	false	61768	1	2106	0.967
Oenothera_biennis	mito	1	u16-,u18+	2	545	false	337860	1	82439	0.8039
Onobrychis_viciifolia	mito	1	u521+,u522+,u523+	3	1968	false	340164	0	0	1.0
Onoclea_sensibilis	mito	1	u9-,u10+,u61+,u62+	4	7452	false	14694	51	242007	0.0572
Ononis_reclinata	mito	1	u292+	1		true	194974	0	0	1.0
Ononis_reclinata	mito	2	u296+	1		true	125569	0	0	1.0
Ononis_repens	mito	1	u66-,u67+	2	457	false	156888	1	158278	0.4978
Onopordum_acanthium	mito	1	u110+,u114+,u115+	3	1868	false	112943	5	199401	0.3616
Ophrys_apifera	mito	1	u11+	1		false	27807	0	0	1.0
Ophrys_apifera	mito	2	u19+	1		true	29336	0	0	1.0
Ophrys_apifera	mito	3	u21+	1		true	41257	0	0	1.0
Ophrys_apifera	mito	4	u24+	1		true	34537	0	0	1.0
Ophrys_apifera	mito	5	u25+	1		true	29137	0	0	1.0
Ophrys_apifera	mito	6	u33+	1		true	28674	0	0	1.0
Ophrys_apifera	mito	7	u36+	1		true	41183	0	0	1.0
Ophrys_apifera	mito	8	u43+	1		true	53840	0	0	1.0
Ophrys_apifera	mito	9	u45+	1		true	27633	0	0	1.0
Ophrys_apifera	mito	10	u56+	1		true	27027	0	0	1.0
Ophrys_apifera	mito	11	u58+	1		true	38575	0	0	1.0
Ophrys_apifera	mito	12	u62+	1		true	33338	0	0	1.0
Ophrys_apifera	mito	13	u69+	1		true	32973	0	0	1.0
Ophrys_apifera	mito	14	u73+	1		true	40668	0	0	1.0
Ophrys_apifera	mito	15	u74+	1		true	36883	0	0	1.0
Ophrys_apifera	mito	16	u77+	1		true	39689	0	0	1.0
Ophrys_apifera	mito	17	u83+	1		true	49971	0	0	1.0
Orchis_mascula	mito	1	u8+	1		true	45005	0	0	1.0
Orchis_mascula	mito	2	u11+	1		true	41013	0	0	1.0
Orchis_mascula	mito	3	u15+	1		true	55666	0	0	1.0
Orchis_mascula	mito	4	u16+	1		true	54255	0	0	1.0
Orchis_mascula	mito	5	u17+	1		true	38810	0	0	1.0
Orchis_mascula	mito	6	u21+	1		true	41268	0	0	1.0
Orchis_mascula	mito	7	u22+	1		true	66346	0	0	1.0
Orchis_mascula	mito	8	u28+	1		true	32690	0	0	1.0
Orchis_mascula	mito	9	u29+	1		true	41377	0	0	1.0
Orchis_mascula	mito	10	u30+	1		true	64331	0	0	1.0
Orchis_mascula	mito	11	u31+	1		true	50239	0	0	1.0
Orchis_mascula	mito	12	u43+	1		true	54651	0	0	1.0
Orchis_mascula	mito	13	u46+	1		true	47879	0	0	1.0
Orchis_mascula	mito	14	u47+	1		true	50942	0	0	1.0
Orchis_mascula	mito	15	u59+	1		true	44349	0	0	1.0
Oreojuncus_trifidus	mito	1	u4+,u152+,u154+,u3731+	4	1613	true	1007322	8	480252	0.6772
Origanum_vulgare	mito	1	u68-,u69+,u71+	3	888	true	109345	3	210352	0.342
Ornithopus_perpusillus	mito	1	u38-,u92+	2	959	false	210146	1	124889	0.6272
Orobanche_alba	mito	1	u0-,u63-,u64+,u66-,u67+,u74-	6	3857	false	572438	8	933160	0.3802
Orobanche_hederae	mito	1	u88-,u90+	2	1977	false	288727	1	65541	0.815
Orobanche_hederae	mito	2	u106+	1		true	650968	0	0	1.0
Orobanche_hederae	mito	3	u107+	1		true	90520	0	0	1.0
Orobanche_hederae	mito	4	u108+	1		true	57088	0	0	1.0
Orobanche_hederae	mito	5	u110+	1		true	76921	0	0	1.0
Orobanche_minor	mito	1	u25+	1		true	639145	0	0	1.0
Orobanche_minor	mito	2	u26+	1		true	315728	0	0	1.0
Orobanche_minor	mito	3	u27+	1		true	116073	0	0	1.0
Orobanche_minor	mito	4	u29+	1		true	53653	0	0	1.0
Orobanche_minor	mito	5	u30+	1		true	72085	0	0	1.0
Orontium_aquaticum	mito	1	u3-,u4+,u11-,u12+,u14+,u15+,u23-	7	766	false	191313	8	339322	0.3605
Orontium_aquaticum	mito	2	u20+	1		true	64409	0	0	1.0
Orthothecium_rufescens	mito	1	u53+,u6695-	2	1852	false	105053	1	1444	0.9864
Oxalis_acetosella	mito	1	u11+,u12-,u51+	3	799	true	86601	7	498437	0.148
Oxybasis_chenopodioides	mito	1	u381+,u385+,u389+,u390+,u393-,u7163+	6	22923	false	133198	18	188123	0.4145
Oxyria_digyna	mito	1	u10+,u358+,u359-	3	5265	false	252417	0	0	1.0
Oxyria_digyna	mito	2	u486+,u488-	2	2536	false	126807	1	31848	0.7993
Oxytropis_halleri	mito	1	u32-,u33+	2	272	false	261404	1	87223	0.7498
Papaver_rhoeas	mito	1	u0+,u56-,u58+,u59+,u61-	5	4895	false	60043	12	141317	0.2982
Papaver_somniferum	mito	1	u152-,u281-	2	2117	false	57413	4	92951	0.3818
Parietaria_judaica	mito	1	u92+	1		true	113265	0	0	1.0
Parietaria_judaica	mito	2	u93+	1		true	108468	0	0	1.0
Parietaria_judaica	mito	3	u94+	1		true	215982	0	0	1.0
Parnassia_palustris	mito	1	u207+,u213+,u412-	3	4781	false	26743	11	134390	0.166
Parnassia_palustris	mito	2	u226+	1		true	35157	0	0	1.0
Parnassia_palustris	mito	3	u228+	1		true	16485	0	0	1.0
Parnassia_palustris	mito	4	u231+	1		true	42266	0	0	1.0
Parnassia_palustris	mito	5	u234+	1		true	16825	0	0	1.0
Parnassia_palustris	mito	6	u235+	1		true	17860	0	0	1.0
Parnassia_palustris	mito	7	u236+	1		true	30792	0	0	1.0
Parnassia_palustris	mito	8	u237+	1		true	23829	0	0	1.0
Parnassia_palustris	mito	9	u238+	1		true	18051	0	0	1.0
Parnassia_palustris	mito	10	u239+	1		true	22956	0	0	1.0
Parnassia_palustris	mito	11	u241+	1		true	16923	0	0	1.0
Parnassia_palustris	mito	12	u244+	1		true	15494	0	0	1.0
Pastinaca_sativa	mito	1	u127+,u128+,u129-	3	1549	true	20910	25	286158	0.0681
Paulownia_tomentosa	mito	1	u123-,u124+,u125+,u126+,u127-	5	3356	false	436590	1	422305	0.5083
Pedicularis_palustris	mito	1	u7-,u8+,u16-,u277+	4	18077	false	60346	31	327389	0.1556
Pedicularis_sylvatica	mito	1	u87-,u88+,u89-,u90+	4	1477	true	183004	2	87716	0.676
Pedicularis_sylvatica	mito	2	u98+	1		true	84810	0	0	1.0
Pentaglottis_sempervirens	mito	1	u301-,u302+,u303+,u304-	4	3809	true	257386	1	68143	0.7907
Persicaria_amphibia	mito	1	u15-,u16+,u17+,u19+,u21+,u22+	6	1978	false	207604	3	185417	0.5282
Persicaria_hydropiper	mito	1	u1-,u3+,u5+,u9+	4	520	false	199295	5	197083	0.5028
Persicaria_maculosa	mito	1	u0-,u36+,u39+,u43+,u44+,u46-	6	12270	false	220961	6	169479	0.5659
Persicaria_nepalensis	mito	1	u17-,u18+,u19+,u21+	4	1327	false	115793	2	79834	0.5919
Persicaria_nepalensis	mito	2	u25+	1		true	48118	0	0	1.0
Persicaria_nepalensis	mito	3	u26+	1		true	44846	0	0	1.0
Persicaria_nepalensis	mito	4	u27+	1		true	47321	0	0	1.0
Persicaria_nepalensis	mito	5	u28+	1		true	50895	0	0	1.0
Petasites_albus	mito	1	u23-,u24+,u26+	3	984	true	86985	3	174736	0.3324
Petasites_albus	mito	2	u33+	1		true	46810	0	0	1.0
Petasites_fragrans	mito	1	u24-,u25+	2	516	false	310168	0	0	1.0
Petasites_hybridus	mito	1	u2-,u43+	2	223	false	302852	0	0	1.0
Petasites_japonicus	mito	1	u56+,u58-	2	280	false	141329	1	12228	0.9204
Petasites_japonicus	mito	2	u62+,u63-	2	346	false	68897	1	45814	0.6006
Petasites_japonicus	mito	3	u76+	1		true	48057	0	0	1.0
Phacelia_tanacetifolia	mito	1	u700+,u720+,u721+,u722+,u741-,u743+,u4157+	7	1016	false	9859	346	524701	0.0184
Phalaris_arundinacea	mito	1	u5-,u6+,u7+,u9+,u11+	5	1046	false	171230	3	183065	0.4833
Phalaris_arundinacea	mito	2	u16+	1		true	109165	0	0	1.0
Phegopteris_connectilis	mito	1	u10-,u12+,u14+,u18+,u34+,u59+	6	23506	false	16559	53	203955	0.0751
Phleum_pratense	mito	1	u3-,u5+,u6+,u9+,u10+,u11+,u13+	7	6570	false	151420	5	370914	0.2899
Phragmites_australis	mito	1	u1+,u5+,u30+	3	643	false	63152	9	413020	0.1326
Phyteuma_orbiculare	mito	1	u62+	1		true	71895	0	0	1.0
Phyteuma_orbiculare	mito	2	u63+	1		true	140752	0	0	1.0
Phyteuma_orbiculare	mito	3	u64+	1		true	69980	0	0	1.0
Phyteuma_spicatum	mito	1	u474+	1		true	147889	0	0	1.0
Phyteuma_spicatum	mito	2	u481+	1		true	121753	0	0	1.0
Phytolacca_acinosa	mito	1	u5+,u8+,u10+,u12+,u15-	5	1177	false	186672	7	283821	0.3968
Pilosella_aurantiaca	mito	1	u11-,u12+,u13+,u18-	4	518	false	88177	5	233740	0.2739
Pilosella_officinarum	mito	1	u42+,u45+,u48+,u49+,u50-	5	3057	false	162637	4	172806	0.4848
Pilularia_globulifera	mito	1	u2-,u3+,u26+,u27+,u28-,u211-,u217-	7	1286	false	22569	47	171811	0.1161
Pimpinella_saxifraga	mito	1	u62+,u64-	2	555	false	26284	1	9249	0.7397
Pimpinella_saxifraga	mito	2	u67+,u69-	2	922	false	34894	1	33872	0.5074
Pimpinella_saxifraga	mito	3	u70-,u71-	2	363	true	80307	0	0	1.0
Pimpinella_saxifraga	mito	4	u77+	1		true	25696	0	0	1.0
Pimpinella_saxifraga	mito	5	u80+	1		true	25858	0	0	1.0
Pimpinella_saxifraga	mito	6	u81+	1		true	19090	0	0	1.0
Pinguicula_vulgaris	mito	1	u7+,u8+,u78-	3	3218	false	394250	4	34638	0.9192
Plagiochila_asplenioides	mito	1	u3+	1		false	110635	0	0	1.0
Plagiochila_asplenioides	mito	2	u4+	1		false	47582	0	0	1.0
Plantago_coronopus	mito	1	u20+,u54+,u122-	3	368	false	328440	0	0	1.0
Plantago_coronopus	mito	2	u70+	1		false	203249	0	0	1.0
Plantago_coronopus	mito	3	u152+	1		false	152208	0	0	1.0
Plantago_lanceolata	mito	1	u61+,u63-	2	432	false	85644	1	58500	0.5942
Plantago_lanceolata	mito	2	u64+,u66-	2	430	false	74331	1	37529	0.6645
Plantago_lanceolata	mito	3	u79+	1		true	68419	0	0	1.0
Plantago_lanceolata	mito	4	u81+	1		true	78050	0	0	1.0
Plantago_lanceolata	mito	5	u82+	1		true	77297	0	0	1.0
Plantago_lanceolata	mito	6	u83+	1		true	54542	0	0	1.0
Plantago_lanceolata	mito	7	u84+	1		true	224001	0	0	1.0
Plantago_lanceolata	mito	8	u85+	1		true	57749	0	0	1.0
Plantago_lanceolata	mito	9	u87+	1		true	72691	0	0	1.0
Plantago_lanceolata	mito	10	u88+	1		true	57015	0	0	1.0
Plantago_lanceolata	mito	11	u89+	1		true	81836	0	0	1.0
Plantago_lanceolata	mito	12	u90+	1		true	89658	0	0	1.0
Plantago_lanceolata	mito	13	u92+	1		true	54429	0	0	1.0
Plantago_lanceolata	mito	14	u96+	1		true	61211	0	0	1.0
Plantago_lanceolata	mito	15	u99+	1		true	51312	0	0	1.0
Plantago_lanceolata	mito	16	u100+	1		true	51508	0	0	1.0
Plantago_lanceolata	mito	17	u102+	1		true	40670	0	0	1.0
Plantago_lanceolata	mito	18	u103+	1		true	45435	0	0	1.0
Plantago_major	mito	1	u163+,u164-	2	630	false	361890	4	212531	0.63
Plantago_maritima	mito	1	u12-,u13+,u14+,u16-,u18+,u140+,u143-	7	20885	false	81756	84	2490363	0.0318
Platanus_orientalis	mito	1	u7+	1		true	482312	0	0	1.0
Platanus_orientalis	mito	2	u9+	1		true	107091	0	0	1.0
Platanus_x_hispanica	mito	1	u8+	1		true	482312	0	0	1.0
Platanus_x_hispanica	mito	2	u9+	1		true	107091	0	0	1.0
Pleuridium_subulatum	mito	1	u7+	1		true	107093	0	0	1.0
Pleuridium_subulatum	mito	2	u9+	1		true	32815	0	0	1.0
Poa_alpina	mito	1	u9-,u10+,u11+,u13+,u14+,u15+	6	2896	false	319887	2	198285	0.6173
Poa_chaixii	mito	1	u35-,u36+,u40+,u41+,u43+,u45-	6	1926	false	213964	6	241475	0.4698
Poa_infirma	mito	1	u33-,u35+,u36+,u39+,u40-,u95-	6	2112	false	76699	12	406655	0.1587
Poa_nemoralis	mito	1	u58+,u61+,u62+,u65+	4	960	false	77723	8	450643	0.1471
Poa_trivialis	mito	1	u8+,u11+,u12+,u14+,u19-	5	1323	false	159907	7	340482	0.3196
Poa_trivialis	mito	2	u39+	1		true	220375	0	0	1.0
Pogonatum_aloides	mito	1	u65+	1		false	412539	0	0	1.0
Pogonatum_aloides	mito	2	u88+	1		true	114521	0	0	1.0
Pohlia_wahlenbergii	mito	1	u17-,u18+	2	1005	false	100238	1	1530	0.985
Polygala_serpyllifolia	mito	1	u63+,u65-	2	1266	false	116024	1	49027	0.703
Polygala_serpyllifolia	mito	2	u85+	1		true	68163	0	0	1.0
Polygala_serpyllifolia	mito	3	u86+	1		true	89280	0	0	1.0
Polygala_vulgaris	mito	1	u9+,u11+,u13+,u15+	4	1014	false	168616	9	174646	0.4912
Polygonum_maritimum	mito	1	u5009+,u5012+,u5013+,u5015+,u5016+,u8662+	6	17875	false	215122	3	136332	0.6121
Polypodium_vulgare	mito	1	u9+,u10+,u12+,u15+,u16+,u19+,u31+,u43+,u45+,u54+,u121+	11	23348	false	35916	59	296010	0.1082
Polypogon_viridis	mito	1	u0+,u13+,u14+,u17+,u18-,u19+,u20+	7	3043	false	372979	2	184963	0.6685
Polystichum_lonchitis	mito	1	u5+,u9+,u10+,u12+,u13+,u73+,u83+	7	18809	false	22832	65	228113	0.091
Polystichum_setiferum	mito	1	u0-,u8+,u77+	3	3922	false	7928	60	260634	0.0295
Polytrichum_juniperinum	mito	1	u16+,u18-	2	503	false	114915	1	2072	0.9823
Polytrichum_strictum	mito	1	u19+,u20-	2	709	false	114913	1	2074	0.9823
Pontederia_cordata	mito	1	u113+,u114-	2	5495	false	280510	1	1725	0.9939
Populus_nigra	mito	1	u129+	1		true	281899	0	0	1.0
Populus_nigra	mito	2	u130+	1		true	336788	0	0	1.0
Populus_nigra	mito	3	u131+	1		true	186333	0	0	1.0
Porella_cordaeana	mito	1	u5-,u6+	2	695	false	178649	1	1724	0.9904
Potamogeton_alpinus	mito	1	u23-,u25+	2	572	false	149511	1	109445	0.5774
Potamogeton_berchtoldii	mito	1	u1560-,u1561+	2	965	false	138775	1	98666	0.5845
Potamogeton_compressus	mito	1	u364-,u365+	2	596	false	176853	1	61522	0.7419
Potamogeton_epihydrus	mito	1	u1101+,u1102-	2	513	false	138746	1	99387	0.5826
Potamogeton_epihydrus	mito	2	u2076+	1		false	253169	0	0	1.0
Potamogeton_friesii	mito	1	u87+	1		false	79572	0	0	1.0
Potamogeton_friesii	mito	2	u90+	1		false	13720	0	0	1.0
Potamogeton_friesii	mito	3	u91+	1		false	24348	0	0	1.0
Potamogeton_friesii	mito	4	u92+	1		false	26586	0	0	1.0
Potamogeton_friesii	mito	5	u93+	1		false	58600	0	0	1.0
Potamogeton_gramineus	mito	1	u4441+	1		false	138797	0	0	1.0
Potamogeton_gramineus	mito	2	u4654+	1		false	10111	0	0	1.0
Potamogeton_lucens	mito	1	u324+,u326-	2	765	false	133077	1	109524	0.5485
Potamogeton_natans	mito	1	u90+,u92-	2	377	false	149489	1	108607	0.5792
Potamogeton_nodosus	mito	1	u0-,u7+,u10-	3	2994	false	109493	3	140581	0.4378
Potamogeton_obtusifolius	mito	1	u232+,u234-	2	632	false	139039	1	99858	0.582
Potamogeton_perfoliatus	mito	1	u311-,u313+	2	744	false	111739	1	139353	0.445
Potamogeton_polygonifolius	mito	1	u1311-,u1312+,u1313+,u1316+,u1320+,u1321+,u6124+	7	2287	false	104268	13	263187	0.2838
Potamogeton_polygonifolius	mito	2	u1871+,u1872-,u6218+	3	1025	false	261369	0	0	1.0
Potamogeton_praelongus	mito	1	u343+,u344-	2	975	false	169689	1	109588	0.6076
Potamogeton_pusillus	mito	1	u568+,u570-	2	2183	false	139057	1	97276	0.5884
Potamogeton_rutilus	mito	1	u31-,u1607-	2	826	false	139069	1	97233	0.5885
Potamogeton_trichoides	mito	1	u628+,u630-	2	970	false	139062	1	99112	0.5839
Potentilla_anglica	mito	1	u2+,u11-,u12-	3	5059	false	348512	0	0	1.0
Potentilla_anserina	mito	1	u49+,u50-	2	246	false	193906	1	96888	0.6668
Potentilla_crantzii	mito	1	u78-,u79+,u80+,u82+	4	5749	false	340814	2	52260	0.867
Potentilla_erecta	mito	1	u51+,u52-	2	2322	false	177366	1	72426	0.7101
Potentilla_erecta	mito	2	u53-,u54+	2	2631	false	108578	1	2021	0.9817
Potentilla_indica	mito	1	u15+,u17-	2	1400	false	311546	1	122401	0.7179
Potentilla_reptans	mito	1	u39+,u41+	2	686	false	64090	1	286146	0.183
Potentilla_sterilis	mito	1	u22+,u25-,u26+,u27-	4	2466	false	350691	2	98486	0.7807
Potentilla_verna	mito	1	u70-,u71+,u72+	3	5086	false	252364	3	114686	0.6875
Poterium_sanguisorba	mito	1	u6+,u8-,u9+,u10-	4	3382	false	319977	2	25230	0.9269
Primula_farinosa	mito	1	u6+,u8-,u9+,u10-	4	3382	false	319977	2	25230	0.9269
Primula_scotica	mito	1	u18+,u19+,u20-,u46-,u47+	5	15165	false	123752	6	230866	0.349
Primula_veris	mito	1	u4-,u5+,u141-	3	11400	false	180919	2	144501	0.556
Primula_vulgaris	mito	1	u1-,u38+,u40+,u76-	4	9162	false	95975	2	231287	0.2933
Prunella_vulgaris	mito	1	u120+,u121-,u122+	3	1071	false	293375	0	0	1.0
Prunus_avium	mito	1	u696+	1		true	281132	0	0	1.0
Prunus_avium	mito	2	u698+	1		true	164743	0	0	1.0
Prunus_domestica	mito	1	u20-,u21+	2	843	false	477311	1	2524	0.9947
Prunus_laurocerasus	mito	1	u0+,u1+	2	219	true	327851	0	0	1.0
Prunus_laurocerasus	mito	2	u5-,u6+,u7+	3	1178	false	256579	0	0	1.0
Prunus_lusitanica	mito	1	u7-,u8+,u9+,u11+,u12+,u13-	6	1779	false	261243	2	242387	0.5187
Prunus_padus	mito	1	u61-,u62+	2	2565	false	134600	1	143182	0.4846
Prunus_padus	mito	2	u76+	1		true	156645	0	0	1.0
Pseudofumaria_lutea	mito	1	u85+,u87-	2	1341	false	258532	1	374323	0.4085
Pseudognaphalium_luteoalbum	mito	1	u3+,u38+,u39-	3	3253	false	233257	0	0	1.0
Pseudotaxiphyllum_elegans	mito	1	u170+,u3350-	2	3424	false	105031	1	1467	0.9862
Pseudotsuga_menziesii	mito	1	u50+	1		false	10078	0	0	1.0
Pseudotsuga_menziesii	mito	2	u51+	1		false	20739	0	0	1.0
Pteridium_aquilinum	mito	1	u78+,u79+,u80+,u81-	4	216	false	3812	57	201449	0.0186
Pterigynandrum_filiforme	mito	1	u13-,u53-	2	1097	false	105212	1	1442	0.9865
Ptilium_crista_castrensis	mito	1	u553+,u3269-	2	2235	false	104556	1	1463	0.9862
Ptychostomum_cyclophyllum	mito	1	u8-,u9+	2	1690	false	99405	1	2328	0.9771
Puccinellia_maritima	mito	1	u13-,u14+,u15+,u19+,u20+,u55+	6	3695	false	112713	7	360993	0.2379
Pulicaria_dysenterica	mito	1	u20-,u21+,u24-	3	1096	false	50425	5	302424	0.1429
Pulicaria_vulgaris	mito	1	u68-,u70+	2	486	false	129214	1	71138	0.6449
Pulicaria_vulgaris	mito	2	u71-,u72+,u73-	3	776	false	132337	0	0	1.0
Pyrola_rotundifolia	mito	1	u29-,u30+,u31+,u33+,u35+,u37+,u38+	7	3909	false	294886	13	489073	0.3761
Pyrus_communis	mito	1	u78+	1		true	184092	0	0	1.0
Pyrus_communis	mito	2	u79+	1		true	260391	0	0	1.0
Quercus_cerris	mito	1	u105+,u118-,u119+,u122+,u123+,u124-,u738+	7	2376	false	88075	26	956930	0.0843
Quercus_cerris	mito	2	u201-,u202+,u205-	3	1236	true	56443	3	339899	0.1424
Quercus_cerris	mito	3	u395+	1		true	78962	0	0	1.0
Quercus_ilex	mito	1	u63-,u64+,u65-,u66+,u69+,u70+,u72+,u73-,u229+	9	9521	false	177816	8	358222	0.3317
Quercus_petraea	mito	1	u21-,u23+,u24+,u25+,u27+	5	7987	false	200712	3	173832	0.5359
Quercus_robur	mito	1	u49-,u50+,u51+,u53+,u55+,u56+	6	2632	false	323697	3	53357	0.8585
Ranunculus_acris	mito	1	u28+,u32+,u34+,u35+,u36+,u37-	6	407	false	332835	9	602700	0.3558
Ranunculus_auricomus	mito	1	u4+,u10+,u11+,u13+,u16-	5	2871	false	183973	9	392091	0.3194
Ranunculus_auricomus	mito	2	u21+	1		true	75633	0	0	1.0
Ranunculus_bulbosus	mito	1	u21-,u23+,u24-,u25+,u27-	5	1327	true	348557	7	507986	0.4069
Ranunculus_flammula	mito	1	u12+,u17-,u18+,u20+,u21+,u23+	6	1181	false	288476	9	649008	0.3077
Ranunculus_omiophyllus	mito	1	u0-,u2+	2	48	false	93433	1	15929	0.8543
Ranunculus_omiophyllus	mito	2	u7+	1		false	29836	0	0	1.0
Ranunculus_omiophyllus	mito	3	u8+	1		false	105435	0	0	1.0
Ranunculus_omiophyllus	mito	4	u10+	1		false	59680	0	0	1.0
Ranunculus_omiophyllus	mito	5	u11+	1		false	36130	0	0	1.0
Ranunculus_omiophyllus	mito	6	u17+	1		false	87736	0	0	1.0
Ranunculus_repens	mito	1	u6-,u7+,u9-	3	646	true	241909	3	322936	0.4283
Ranunculus_repens	mito	2	u15-,u16+	2	235	false	94531	1	75630	0.5555
Ranunculus_repens	mito	3	u19+	1		true	84408	0	0	1.0
Ranunculus_sardous	mito	1	u24+,u26+,u27+,u28+,u29-	5	2315	true	619961	4	207512	0.7492
Ranunculus_sceleratus	mito	1	u8+,u10+,u12+,u13+,u15+,u18-	6	3526	false	175987	8	673324	0.2072
Raphanus_raphanistrum	mito	1	u660+,u661+,u663+,u665+,u667+,u2942-	6	16550	false	68856	14	179998	0.2767
Reseda_lutea	mito	1	u471-,u472+,u987-	3	5460	true	372623	3	275332	0.5751
Reseda_luteola	mito	1	u60-,u66+,u68+,u74+,u76-	5	7868	false	105121	15	417759	0.201
Reseda_luteola	mito	2	u705+	1		true	88894	0	0	1.0
Reynoutria_japonica	mito	1	u19+,u20+,u51+	3	1838	false	165574	6	191767	0.4634
Rhamnus_cathartica	mito	1	u30-,u31+,u32+,u33-,u34+,u39+,u40+,u41+	8	17029	false	145161	13	380296	0.2763
Rhinanthus_minor	mito	1	u100-,u101+,u102+,u226+	4	4527	false	56725	4	35386	0.6158
Rhinanthus_minor	mito	2	u119+	1		true	75438	0	0	1.0
Rhinanthus_minor	mito	3	u120+	1		true	44475	0	0	1.0
Rhinanthus_minor	mito	4	u121+	1		true	39256	0	0	1.0
Rhinanthus_minor	mito	5	u122+	1		true	62525	0	0	1.0
Rhinanthus_minor	mito	6	u123+	1		true	27188	0	0	1.0
Rhodiola_rosea	mito	1	u2-,u57+,u60+,u62-	4	4283	false	79666	13	173058	0.3152
Rhododendron_ponticum	mito	1	u304-,u305+,u307+,u308-	4	4063	false	361042	5	601489	0.3751
Rhynchospora_alba	mito	1	u13-,u14+,u285-,u287+,u293+,u298-,u4526-	7	7898	false	409707	29	792267	0.3409
Ribes_nigrum	mito	1	u453+	1		true	146415	0	0	1.0
Ribes_nigrum	mito	2	u455+	1		true	303901	0	0	1.0
Ribes_rubrum	mito	1	u335-,u336+,u337+,u338+,u1222+	5	9331	false	168595	7	353003	0.3232
Ribes_uva_crispa	mito	1	u87+,u89-	2	1339	false	393260	1	51432	0.8843
Riccardia_palmata	mito	1	u3-,u209+	2	487	false	48300	3	103679	0.3178
Robinia_pseudoacacia	mito	1	u8-,u494-,u495+	3	2784	false	403320	0	0	1.0
Rorippa_sylvestris	mito	1	u87+	1		true	189261	0	0	1.0
Rorippa_sylvestris	mito	2	u91+	1		true	65918	0	0	1.0
Rosa_canina	mito	1	u16-,u17+	2	424	false	179025	1	81907	0.6861
Rosa_rubiginosa	mito	1	u41-,u43+	2	258	false	271747	0	0	1.0
Rosa_spinosissima	mito	1	u90-,u91+	2	1478	false	156131	1	131503	0.5428
Rubus_caesius	mito	1	u53-,u54+	2	392	false	124337	4	281189	0.3066
Rubus_chamaemorus	mito	1	u45+	1		true	148876	0	0	1.0
Rubus_chamaemorus	mito	2	u46+	1		true	207345	0	0	1.0
Rubus_idaeus	mito	1	u52-,u54+	2	794	false	284445	1	121552	0.7006
Rubus_saxatilis	mito	1	u1+,u87+,u88-	3	3904	false	378885	0	0	1.0
Rumex_acetosa	mito	1	u54+	1		true	41670	0	0	1.0
Rumex_acetosa	mito	2	u58+	1		true	46014	0	0	1.0
Rumex_acetosa	mito	3	u59+	1		true	73655	0	0	1.0
Rumex_acetosa	mito	4	u60+	1		true	45707	0	0	1.0
Rumex_acetosa	mito	5	u61+	1		true	47241	0	0	1.0
Rumex_acetosa	mito	6	u64+	1		true	40939	0	0	1.0
Rumex_acetosa	mito	7	u65+	1		true	50848	0	0	1.0
Rumex_acetosella	mito	1	u66-,u68+,u130-	3	1048	false	17703	4	25868	0.4063
Rumex_acetosella	mito	2	u79+	1		true	85818	0	0	1.0
Rumex_acetosella	mito	3	u80+	1		true	29394	0	0	1.0
Rumex_acetosella	mito	4	u81+	1		true	63875	0	0	1.0
Rumex_acetosella	mito	5	u82+	1		true	30975	0	0	1.0
Rumex_acetosella	mito	6	u84+	1		true	41549	0	0	1.0
Rumex_acetosella	mito	7	u85+	1		true	33692	0	0	1.0
Rumex_hydrolapathum	mito	1	u49+,u51+,u53+,u54+,u55+,u57-	6	1767	false	213384	4	191012	0.5277
Rumex_obtusifolius	mito	1	u8-,u10+,u11+,u13+,u15+,u16+,u20-	7	2184	false	149789	10	265217	0.3609
Rumex_sanguineus	mito	1	u3-,u361+	2	35262	false	6423	21	415536	0.0152
Rumex_sanguineus	mito	2	u91-,u93+,u95+,u102-,u371+	5	2523	false	120175	9	308477	0.2804
Ruppia_maritima	mito	1	u30-,u259+,u262+	3	2783	false	64609	3	172253	0.2728
Ruscus_aculeatus	mito	1	u4-,u5+,u6+	3	80	false	62982	11	149444	0.2965
Ruscus_aculeatus	mito	2	u12-,u14+	2	21	false	59547	1	25279	0.702
Ruscus_aculeatus	mito	3	u24+	1		false	25973	0	0	1.0
Ruscus_aculeatus	mito	4	u27+	1		false	30116	0	0	1.0
Ruscus_aculeatus	mito	5	u33+	1		false	10353	0	0	1.0
Sabulina_verna	mito	1	u41+,u42+,u45-	3	6102	false	83776	11	292554	0.2226
Sagina_procumbens	mito	1	u5-,u24+,u74-	3	1170	false	27765	30	840112	0.032
Salicornia_ramosissima	mito	1	u596-,u597+,u599+,u601+,u6853-	5	14213	false	54643	13	264887	0.171
Salix_arbuscula	mito	1	u123+	1		true	447070	0	0	1.0
Salix_arbuscula	mito	2	u126+	1		true	178438	0	0	1.0
Salix_aurita	mito	1	u2413-,u2414-	2	2245	false	166978	1	463873	0.2647
Salix_caprea	mito	1	u78-,u79+	2	745	false	473814	1	1407	0.997
Salix_caprea	mito	2	u102+	1		true	133113	0	0	1.0
Salix_cinerea	mito	1	u99-,u100+,u101+,u102-,u103+	5	2490	false	651555	1	1402	0.9979
Salix_herbacea	mito	1	u5+,u249-,u1172-,u1174-	4	3074	false	169565	3	474782	0.2632
Salix_lanata	mito	1	u330-,u331+	2	1540	false	513340	1	119107	0.8117
Salix_lapponum	mito	1	u61+,u62-	2	891	false	150626	1	440085	0.255
Salix_pentandra	mito	1	u27-,u187-	2	882	false	755157	1	1448	0.9981
Salix_phylicifolia	mito	1	u9-,u11+	2	262	false	155504	1	114799	0.5753
Salix_purpurea	mito	1	u97+,u99-	2	976	false	140230	1	496324	0.2203
Salix_repens	mito	1	u38-,u39-	2	853	false	255054	1	385634	0.3981
Salix_reticulata	mito	1	u1404-,u1405+	2	2923	false	560185	1	74035	0.8833
Salix_viminalis	mito	1	u24-,u25+	2	823	false	229415	1	86247	0.7268
Salix_viminalis	mito	2	u42+	1		true	319291	0	0	1.0
Salvia_pratensis	mito	1	u261+,u264+,u266+,u269+,u273-,u274+,u1097-	7	17393	false	47644	19	288785	0.1416
Salvia_verbenaca	mito	1	u47-,u48+,u49+	3	5031	false	126705	3	53956	0.7013
Salvia_verbenaca	mito	2	u152+	1		true	111027	0	0	1.0
Sambucus_ebulus	mito	1	u3-,u4+,u7-,u8+	4	495	false	523862	2	123523	0.8092
Sambucus_nigra	mito	1	u24+,u25+,u27+	3	518	false	416248	2	301439	0.58
Samolus_valerandi	mito	1	u43+,u150+	2	1508	false	312620	1	118246	0.7256
Sanguisorba_minor	mito	1	u8+,u10+,u11+,u14+,u15+,u16-	6	2851	false	139773	6	133458	0.5116
Sanguisorba_minor	mito	2	u19-,u112+,u113+,u114-	4	8878	false	10510	7	253394	0.0398
Sanicula_europaea	mito	1	u2-,u3+,u10+,u11+,u26+	5	1263	false	47594	11	254589	0.1575
Saponaria_officinalis	mito	1	u63-,u64+,u66+,u67-,u69+,u73-	6	2590	false	167404	11	205226	0.4492
Sarracenia_purpurea	mito	1	u26-,u27+,u30-,u66+	4	4546	false	35607	14	619121	0.0544
Saxifraga_aizoides	mito	1	u63+,u64+,u65-	3	3365	false	355466	0	0	1.0
Saxifraga_aizoides	mito	2	u67+	1		true	77270	0	0	1.0
Saxifraga_cernua	mito	1	u2-,u4+,u6+,u12+	4	697	false	154285	7	313665	0.3297
Saxifraga_cernua	mito	2	u26+	1		true	21858	0	0	1.0
Saxifraga_cernua	mito	3	u27+	1		true	71399	0	0	1.0
Saxifraga_cernua	mito	4	u30+	1		true	32045	0	0	1.0
Saxifraga_cernua	mito	5	u35+	1		true	43136	0	0	1.0
Saxifraga_cespitosa	mito	1	u0+,u1+,u2-	3	743	false	357103	2	126541	0.7384
Saxifraga_hirsuta	mito	1	u76-,u77+	2	713	false	413448	1	32743	0.9266
Saxifraga_hypnoides	mito	1	u16-,u17+,u18+	3	1040	false	104451	8	331170	0.2398
Saxifraga_hypnoides	mito	2	u28+	1		true	124969	0	0	1.0
Saxifraga_oppositifolia	mito	1	u38-,u40+,u48+,u50+,u51+,u114+	6	2647	false	144181	13	291836	0.3307
Saxifraga_oppositifolia	mito	2	u62+	1		true	77728	0	0	1.0
Saxifraga_tridactylites	mito	1	u21-,u23+	2	2633	false	172147	1	116751	0.5959
Scabiosa_columbaria	mito	1	u16+,u17+,u18+,u20-,u22+,u34-,u313+	7	7930	false	40328	30	496274	0.0752
Scapania_compacta	mito	1	u20-,u22+	2	466	false	143244	1	2089	0.9856
Scheuchzeria_palustris	mito	1	u2+,u299-	2	4000	false	420765	1	2226	0.9947
Schoenoplectus_lacustris	mito	1	u63+,u66+,u69+,u71+,u72+	5	519	false	325272	16	1746569	0.157
Schoenoplectus_tabernaemontani	mito	1	u10-,u11+,u12+,u15+,u17+,u19+,u21+,u25+,u29-	9	10519	false	323128	25	1803706	0.1519
Schoenoplectus_triqueter	mito	1	u42+,u47+,u48+,u51+,u54+,u55-,u56+,u62-	8	2994	false	457449	13	1154755	0.2837
Schoenus_ferrugineus	mito	1	u218+,u220+,u223+,u224+,u1219+	5	3833	true	46699	32	2177704	0.021
Schoenus_nigricans	mito	1	u46-,u48+,u60+,u64-,u186-	5	1719	false	418899	22	1236894	0.253
Scilla_verna	mito	1	u0+,u6+,u8+,u13+,u16+,u17+,u22-	7	6093	false	74955	22	352883	0.1752
Scirpus_sylvaticus	mito	1	u10-,u12+,u13+,u15+,u16+,u22-	6	1433	false	292823	14	1667272	0.1494
Sciuro_hypnum_glaciale	mito	1	u3-,u16-	2	899	false	104447	1	1462	0.9862
Scleranthus_perennis	mito	1	u68+,u77-,u78+,u83+,u99-,u100+	6	10510	false	20584	56	256254	0.0744
Scorzonera_humilis	mito	1	u2-,u3+,u5+,u7+,u10-	5	4074	false	120184	15	259918	0.3162
Scorzoneroides_autumnalis	mito	1	u72+,u75+,u80-,u82+,u95-,u191-	6	2427	false	73539	26	295694	0.1992
Scorzoneroides_autumnalis	mito	2	u99-,u100+,u102+	3	548	true	109345	3	210352	0.342
Scrophularia_auriculata	mito	1	u36-,u37+,u40-	3	1370	false	396228	2	463304	0.461
Scrophularia_umbrosa	mito	1	u15-,u16+,u20-	3	450	false	311218	3	444867	0.4116
Scrophularia_vernalis	mito	1	u736-,u738+	2	823	false	547028	1	57573	0.9048
Scrophularia_vernalis	mito	2	u6629+	1		true	127100	0	0	1.0
Scrophularia_vernalis	mito	3	u6630+	1		true	243456	0	0	1.0
Scrophularia_vernalis	mito	4	u6638+	1		true	54520	0	0	1.0
Scutellaria_minor	mito	1	u28+,u32-	2	1828	false	81719	4	293496	0.2178
Sedum_acre	mito	1	u96+	1		true	80489	0	0	1.0
Sedum_acre	mito	2	u98+	1		true	123957	0	0	1.0
Sedum_anglicum	mito	1	u55-,u56+,u57-	3	6224	false	87858	6	130577	0.4022
Selaginella_selaginoides	mito	1	u41-,u2649+,u2651+,u2652+,u9245-,u9246-,u9247-,u9248-,u9249+	9	43810	false	14948	66	170457	0.0806
Senecio_eboracensis	mito	1	u10-,u12+,u75-	3	1395	false	75142	3	219051	0.2554
Senecio_squalidus	mito	1	u27+,u30+,u32+,u35+,u36+	5	6123	false	104678	7	237470	0.3059
Senecio_sylvaticus	mito	1	u8-,u9+	2	853	false	175930	1	88816	0.6645
Senecio_viscosus	mito	1	u8-,u10+,u13-	3	2923	false	177943	3	134239	0.57
Senecio_vulgaris	mito	1	u15+,u16+,u17+	3	1645	false	273117	0	0	1.0
Sesleria_caerulea	mito	1	u9+,u12-,u14+,u16-	4	1753	false	174757	4	229581	0.4322
Sesleria_caerulea	mito	2	u26+	1		true	101843	0	0	1.0
Sherardia_arvensis	mito	1	u48-,u49-	2	780	false	191956	0	0	1.0
Sibthorpia_europaea	mito	1	u7+,u97+	2	1800	false	4949	8	331626	0.0147
Silaum_silaus	mito	1	u23+,u26+,u29+,u30+,u32+	5	697	false	122034	3	51736	0.7023
Silaum_silaus	mito	2	u33+,u34+,u36+	3	315	false	69662	1	4259	0.9424
Silaum_silaus	mito	3	u38+	1		true	39014	0	0	1.0
Silene_acaulis	mito	1	u8+,u12+,u19+,u22-,u23+,u24+,u27+,u28+,u76-	9	4958	false	176755	27	1214741	0.127
Silene_acaulis	mito	2	u53+	1		true	177851	0	0	1.0
Silene_acaulis	mito	3	u55+	1		true	31797	0	0	1.0
Silene_acaulis	mito	4	u61+	1		true	35532	0	0	1.0
Silene_dioica	mito	1	u6-,u8+	2	21	false	19726	1	54478	0.2658
Silene_dioica	mito	2	u9-,u11+	2	19	false	30505	1	17760	0.632
Silene_dioica	mito	3	u12+	1		false	62954	0	0	1.0
Silene_dioica	mito	4	u13+	1		false	15796	0	0	1.0
Silene_dioica	mito	5	u19+	1		true	41462	0	0	1.0
Silene_latifolia	mito	1	u29-,u30+,u31+,u34+,u36+,u37+,u81-	7	2681	false	114022	5	175096	0.3944
Silene_uniflora	mito	1	u250+,u261-,u262+,u271+,u297+,u299+,u1299+	7	12983	false	14833	138	491394	0.0293
Silene_vulgaris	mito	1	u501+,u573+,u3820-,u3842-	4	1317	false	22732	168	542217	0.0402
Silene_vulgaris	mito	2	u3502+	1		true	4817	0	0	1.0
Sinapis_arvensis	mito	1	u121+,u122-,u123+,u124+,u125+	5	18439	false	135274	9	109680	0.5522
Sisymbrium_officinale	mito	1	u169-,u170+,u172+,u173+,u174+	5	3493	false	72524	4	214349	0.2528
Sisyrinchium_bermudianum	mito	1	u42-,u43+,u47+	3	959	false	80638	3	176432	0.3137
Sium_latifolium	mito	1	u80-,u81+,u168-,u169-	4	797	false	160153	4	177705	0.474
Smyrnium_perfoliatum	mito	1	u173-,u194-,u195-,u196-,u197+	5	2011	false	1989	153	506536	0.0039
Smyrnium_perfoliatum	mito	2	u158+	1		false	11541	0	0	1.0
Solanum_crispum	mito	1	u1-,u3+,u9+	3	368	false	166534	6	310574	0.349
Solanum_dulcamara	mito	1	u30-,u31+,u32-	3	2321	false	103294	6	293458	0.2603
Solanum_dulcamara	mito	2	u43+	1		true	56430	0	0	1.0
Solanum_nigrum	mito	1	u17+,u20-,u41-	3	2203	true	44324	6	419962	0.0955
Soleirolia_soleirolii	mito	1	u424+,u428+,u11332-,u11337+,u11338+	5	48795	false	6490	47	445289	0.0144
Solenostoma_gracillimum	mito	1	u0+	1		true	33513	0	0	1.0
Solenostoma_gracillimum	mito	2	u13+	1		true	32738	0	0	1.0
Solenostoma_gracillimum	mito	3	u14+	1		true	159141	0	0	1.0
Solidago_canadensis	mito	1	u28-,u29+	2	1212	false	113582	1	143974	0.441
Solidago_virgaurea	mito	1	u8+,u9-	2	283	false	138119	1	132179	0.511
Sonchus_asper	mito	1	u289-,u290+,u296+,u298+,u299+,u1483+	6	6748	false	97642	7	237189	0.2916
Sonchus_oleraceus	mito	1	u60-,u61+,u63-,u68-	4	2241	false	51964	9	282945	0.1552
Sorbus_hibernica	mito	1	u58-,u59-	2	576	false	96744	1	328445	0.2275
Sparganium_angustifolium	mito	1	u4878+	1		true	114849	0	0	1.0
Sparganium_angustifolium	mito	2	u4879+	1		true	185123	0	0	1.0
Sparganium_angustifolium	mito	3	u4902+	1		true	133579	0	0	1.0
Sparganium_emersum	mito	1	u10+	1		true	115033	0	0	1.0
Sparganium_emersum	mito	2	u11+	1		true	132649	0	0	1.0
Sparganium_emersum	mito	3	u13+	1		true	172665	0	0	1.0
Sparganium_erectum	mito	1	u535+	1		true	129981	0	0	1.0
Sparganium_erectum	mito	2	u536+	1		true	241334	0	0	1.0
Sparganium_erectum	mito	3	u538+	1		true	67867	0	0	1.0
Sparganium_natans	mito	1	u4161+	1		true	143313	0	0	1.0
Sparganium_natans	mito	2	u4162+	1		true	156028	0	0	1.0
Sparganium_natans	mito	3	u4196+	1		true	133127	0	0	1.0
Spergula_arvensis	mito	1	u25+,u26+,u29+,u31-	4	888	false	202243	3	132162	0.6048
Spergularia_bocconei	mito	1	u6+,u7+,u9-,u10+,u20-,u54-	6	13264	false	107386	16	224899	0.3232
Spergularia_marina	mito	1	u7-,u12+,u13+,u15+,u16-,u89-	6	5107	false	112501	13	219329	0.339
Spergularia_media	mito	1	u21-,u22+,u33+,u5437+,u5439+	5	30183	false	57731	15	263804	0.1795
Spergularia_rubra	mito	1	u45-,u46+,u48+,u49+,u51+,u199+	6	8770	false	101283	7	187894	0.3502
Sphagnum_angustifolium	mito	1	u3+	1		false	18222	0	0	1.0
Sphagnum_angustifolium	mito	2	u4+	1		false	45925	0	0	1.0
Sphagnum_angustifolium	mito	3	u5+	1		false	26442	0	0	1.0
Spinacia_oleracea	mito	1	u50+,u52-	2	481	false	93057	1	231375	0.2868
Spiraea_salicifolia	mito	1	u26+,u30+,u31+	3	579	false	59446	3	238357	0.1996
Spirodela_polyrhiza	mito	1	u3-,u4-	2	1139	false	229454	0	0	1.0
Stachys_alpina	mito	1	u206+,u207+	2	928	true	173638	0	0	1.0
Stachys_alpina	mito	2	u2056+	1		true	60299	0	0	1.0
Stachys_alpina	mito	3	u2059+	1		true	49111	0	0	1.0
Stachys_alpina	mito	4	u2077+	1		true	79179	0	0	1.0
Stachys_palustris	mito	1	u57-,u58+	2	759	false	173173	1	66363	0.723
Stachys_palustris	mito	2	u69+	1		true	104789	0	0	1.0
Stellaria_alsine	mito	1	u78-,u734+,u738-	3	9	false	3766	4	5471	0.4077
Stellaria_alsine	mito	2	u125-,u126+	2	3	false	2450	2	3248	0.43
Stellaria_alsine	mito	3	u863+,u868-,u870-	3	2	false	3525	2	2792	0.558
Stellaria_graminea	mito	1	u266+,u280+	2	4	false	2317	3	4283	0.3511
Stellaria_graminea	mito	2	u143-,u315+	2	3	false	1972	4	6882	0.2227
Stellaria_graminea	mito	3	u336-,u338+	2	4	false	1913	3	4208	0.3125
Stellaria_graminea	mito	4	u345-,u348+	2	4	false	1915	3	4207	0.3128
Stellaria_holostea	mito	1	u85-,u174+	2	2	false	3522	12	18518	0.1598
Stellaria_media	mito	1	u11+,u16+,u18+,u20-	4	1027	false	179134	7	290341	0.3816
Stellaria_palustris	mito	1	u35-,u36+	2	62	false	2907	30	54235	0.0509
Struthiopteris_spicant	mito	1	u2+,u16-,u42-	3	26795	false	7042	35	181323	0.0374
Stuckenia_filiformis	mito	1	u431-,u432+	2	120	false	182330	1	81184	0.6919
Stuckenia_pectinata	mito	1	u73+,u75-,u76+,u201-	4	1078	false	111916	5	156752	0.4166
Suaeda_maritima	mito	1	u4-,u5+,u7+,u8-	4	2129	false	159658	7	441624	0.2655
Suaeda_vera	mito	1	u219+,u224-,u225+,u226+,u231-	5	3609	false	140940	14	493271	0.2222
Succisa_pratensis	mito	1	u33+,u36+,u37+,u39+,u41+,u42+,u43+	7	3006	false	150124	5	329589	0.3129
Succisa_pratensis	mito	2	u48+	1		true	64361	0	0	1.0
Symphytum_tuberosum	mito	1	u166-,u167+,u168+,u169-,u170+,u171-	6	11170	false	351786	2	2814	0.9921
Syringa_vulgaris	mito	1	u21-,u22+,u23+,u25-	4	3067	false	240794	2	530520	0.3122
Tamarix_gallica	mito	1	u13+,u16+,u18+,u20+,u21-	5	4008	false	200542	4	254415	0.4408
Tanacetum_parthenium	mito	1	u8+,u9-	2	235	false	220731	0	0	1.0
Tellima_grandiflora	mito	1	u108-,u109+,u110+,u111-,u594-	5	2422	false	397383	2	134719	0.7468
Tephroseris_palustris	mito	1	u44-,u45+,u46-	3	604	false	299905	0	0	1.0
Teucrium_botrys	mito	1	u5-,u29-	2	545	true	33690	2	84790	0.2844
Teucrium_botrys	mito	2	u10+	1		true	36575	0	0	1.0
Teucrium_botrys	mito	3	u11+	1		true	31200	0	0	1.0
Teucrium_botrys	mito	4	u13+	1		true	69452	0	0	1.0
Teucrium_botrys	mito	5	u14+	1		true	41857	0	0	1.0
Teucrium_botrys	mito	6	u15+	1		true	20998	0	0	1.0
Teucrium_botrys	mito	7	u16+	1		true	29716	0	0	1.0
Teucrium_botrys	mito	8	u17+	1		true	23839	0	0	1.0
Teucrium_botrys	mito	9	u18+	1		true	31060	0	0	1.0
Teucrium_botrys	mito	10	u21+	1		true	24822	0	0	1.0
Teucrium_chamaedrys	mito	1	u20+,u21+,u22+,u24+,u130+	5	3247	false	53487	4	65511	0.4495
Teucrium_chamaedrys	mito	2	u28-,u29+,u30+,u31+,u32-	5	3684	false	119945	1	28161	0.8099
Teucrium_chamaedrys	mito	3	u37-,u39+	2	969	false	65491	1	21703	0.7511
Teucrium_chamaedrys	mito	4	u44+,u45-	2	420	false	57035	0	0	1.0
Teucrium_chamaedrys	mito	5	u60+	1		true	25705	0	0	1.0
Teucrium_chamaedrys	mito	6	u70+	1		true	27771	0	0	1.0
Teucrium_scorodonia	mito	1	u12-,u14+,u16+,u22+,u23+,u25+,u26+,u28-	8	4313	true	122443	19	311900	0.2819
Teucrium_scorodonia	mito	2	u36+,u37-	2	370	false	45251	1	2382	0.95
Teucrium_scorodonia	mito	3	u53+	1		true	32691	0	0	1.0
Thalictrum_alpinum	mito	1	u5-,u6+,u7-,u8+,u15+,u18-	6	7109	false	122295	7	293005	0.2945
Thalictrum_flavum	mito	1	u42+,u44-	2	461	false	171017	1	276165	0.3824
Thalictrum_minus	mito	1	u26-,u27+	2	291	false	146563	1	275583	0.3472
Thelypteris_palustris	mito	1	u2-,u5-,u7+,u67-	4	2063	false	10024	52	210470	0.0455
Thymus_drucei	mito	1	u16-,u17+,u18+,u25+,u26+,u28+,u53+,u103-,u107+	9	7852	false	39775	62	436112	0.0836
Thymus_pulegioides	mito	1	u9-,u10+,u19+,u20+,u26-,u27+,u38-	7	14241	false	37604	72	416847	0.0827
Thymus_serpyllum	mito	1	u4+,u7+,u9+,u11+,u15+,u26+,u27+,u32-	8	12611	false	41299	111	483404	0.0787
Tilia_cordata	mito	1	u69-,u70+	2	1067	false	549316	1	239931	0.696
Tofieldia_pusilla	mito	1	u6+,u14+,u16-	3	2045	false	128019	13	685780	0.1573
Torilis_japonica	mito	1	u224+,u225+,u228+,u233+,u236-	5	14023	false	23288	19	268147	0.0799
Tragopogon_porrifolius	mito	1	u193-,u194+,u196+,u197+,u199+,u202+,u203-,u204+	8	4407	false	156852	5	184602	0.4594
Tragopogon_pratensis	mito	1	u82-,u83+,u85+,u86+,u89+,u90-	6	6485	false	111405	4	223424	0.3327
Tricholepidozia_tetradactyla	mito	1	u11+,u13-	2	773	false	165613	1	2294	0.9863
Trichophorum_cespitosum	mito	1	u3-,u4+,u6+,u9+,u10+,u11-	6	1742	false	145956	6	1364128	0.0967
Trifolium_campestre	mito	1	u1357-,u1358+,u1359+,u1361+,u1362-	5	4207	true	241989	3	74411	0.7648
Trifolium_dubium	mito	1	u127+	1		true	51656	0	0	1.0
Trifolium_dubium	mito	2	u128+	1		true	82292	0	0	1.0
Trifolium_dubium	mito	3	u135+	1		true	183666	0	0	1.0
Trifolium_fragiferum	mito	1	u42-,u43+	2	418	false	152776	1	142649	0.5171
Trifolium_incarnatum	mito	1	u189+,u190-	2	368	false	72517	1	115013	0.3867
Trifolium_incarnatum	mito	2	u205+	1		true	77566	0	0	1.0
Trifolium_incarnatum	mito	3	u206+	1		true	56018	0	0	1.0
Trifolium_medium	mito	1	u114-,u115-	2	509	true	297855	0	0	1.0
Trifolium_occidentale	mito	1	u1801-,u1802+,u1803+	3	215	true	320289	0	0	1.0
Trifolium_ochroleucon	mito	1	u111+,u115+,u116-	3	631	false	153430	9	173036	0.47
Trifolium_pratense	mito	1	u294+,u295+,u296-	3	2490	false	298562	0	0	1.0
Trifolium_scabrum	mito	1	u976+,u977+,u979-	3	9780	false	209796	9	122383	0.6316
Trifolium_squamosum	mito	1	u213-,u216-,u218+,u219+,u224+	5	1775	false	134777	8	176215	0.4334
Trifolium_striatum	mito	1	u42-,u43+,u44+	3	1240	false	235634	2	48976	0.8279
Trifolium_strictum	mito	1	u36-,u37-	2	77	true	345810	0	0	1.0
Trifolium_subterraneum	mito	1	u192-,u194+,u195+,u197+	4	4756	false	257336	2	49661	0.8382
Triglochin_maritima	mito	1	u190+,u193+,u196+,u199+	4	3142	false	128070	9	181341	0.4139
Triglochin_maritima	mito	2	u255+	1		true	38950	0	0	1.0
Triglochin_palustris	mito	1	u34+	1		true	220713	0	0	1.0
Triglochin_palustris	mito	2	u37+	1		true	132754	0	0	1.0
Tripolium_pannonicum	mito	1	u8-,u9+,u10+,u12+	4	997	false	140319	2	74276	0.6539
Tripolium_pannonicum	mito	2	u19+	1		true	84330	0	0	1.0
Trocdaris_verticillatum	mito	1	u10-,u429-	2	1523	false	3116	15	294641	0.0105
Trollius_europaeus	mito	1	u16+,u20+,u21-,u22+	4	1373	true	203629	5	497677	0.2904
Turritis_glabra	mito	1	u114+	1		true	138187	0	0	1.0
Turritis_glabra	mito	2	u116+	1		true	139032	0	0	1.0
Tussilago_farfara	mito	1	u77-,u78+,u79+,u81+,u82+,u84+,u85+,u86-	8	8326	false	179972	4	121431	0.5971
Typha_latifolia	mito	1	u7+	1		false	37862	0	0	1.0
Typha_latifolia	mito	2	u8+	1		false	102530	0	0	1.0
Typha_latifolia	mito	3	u9+	1		false	16258	0	0	1.0
Typha_latifolia	mito	4	u10+	1		false	31257	0	0	1.0
Typha_latifolia	mito	5	u11+	1		false	41711	0	0	1.0
Typha_latifolia	mito	6	u12+	1		false	31107	0	0	1.0
Typha_latifolia	mito	7	u14+	1		false	38934	0	0	1.0
Ulex_europaeus	mito	1	u2-,u58-,u59+	3	1654	false	428218	0	0	1.0
Ulmus_minor	mito	1	u33+,u34-	2	905	false	520510	1	1708	0.9967
Ulmus_plotii	mito	1	u73-,u74+,u75+	3	4800	false	222638	3	89589	0.7131
Urtica_dioica	mito	1	u89-,u90+,u91+,u92-	4	4821	false	103987	8	209078	0.3322
Urtica_urens	mito	1	u84+,u85-	2	926	false	208483	1	125322	0.6246
Utricularia_minor	mito	1	u2+	1		false	173449	0	0	1.0
Utricularia_minor	mito	2	u3+	1		false	206417	0	0	1.0
Utricularia_vulgaris	mito	1	u9+,u10-	2	631	false	315792	1	65512	0.8282
Vaccinium_myrtillus	mito	1	u676-,u677+	2	2399	false	314476	1	437142	0.4184
Vaccinium_oxycoccos	mito	1	u60+	1		true	223647	0	0	1.0
Vaccinium_oxycoccos	mito	2	u61+	1		true	262301	0	0	1.0
Valeriana_officinalis	mito	1	u7+,u9+,u11+,u92-	4	2807	false	159951	10	928769	0.1469
Valeriana_pyrenaica	mito	1	u153+,u159-,u160-	3	255	true	711373	9	642766	0.5253
Valerianella_locusta	mito	1	u147+	1		true	61799	0	0	1.0
Valerianella_locusta	mito	2	u149+	1		true	120086	0	0	1.0
Valerianella_locusta	mito	3	u150+	1		true	67044	0	0	1.0
Valerianella_locusta	mito	4	u152+	1		true	113971	0	0	1.0
Valerianella_locusta	mito	5	u156+	1		true	83420	0	0	1.0
Valerianella_locusta	mito	6	u157+	1		true	71272	0	0	1.0
Valerianella_locusta	mito	7	u159+	1		true	84955	0	0	1.0
Valerianella_locusta	mito	8	u160+	1		true	78148	0	0	1.0
Valerianella_locusta	mito	9	u161+	1		true	78910	0	0	1.0
Valerianella_locusta	mito	10	u162+	1		true	58994	0	0	1.0
Valerianella_locusta	mito	11	u163+	1		true	46768	0	0	1.0
Valerianella_locusta	mito	12	u164+	1		true	99220	0	0	1.0
Valerianella_locusta	mito	13	u166+	1		true	71114	0	0	1.0
Valerianella_locusta	mito	14	u168+	1		true	93215	0	0	1.0
Valerianella_locusta	mito	15	u169+	1		true	63904	0	0	1.0
Valerianella_locusta	mito	16	u170+	1		true	123040	0	0	1.0
Vandenboschia_speciosa	mito	1	u8+,u17+,u35+,u38+,u41+,u42+,u79+,u86-	8	1297	false	38309	165	732939	0.0497
Verbascum_nigrum	mito	1	u12-,u13-	2	832	false	234234	1	91477	0.7191
Verbascum_nigrum	mito	2	u20+	1		true	159090	0	0	1.0
Verbascum_thapsus	mito	1	u1-,u32-	2	468	false	214826	1	103232	0.6754
Verbascum_thapsus	mito	2	u30+,u224+	2	546	false	157472	1	1439	0.9909
Verbena_officinalis	mito	1	u6-,u7+,u9+,u10-	4	4586	false	358451	2	129943	0.7339
Veronica_anagallis_aquatica	mito	1	u16+,u17-	2	704	false	136010	1	203507	0.4006
Veronica_arvensis	mito	1	u12+,u14-	2	1665	false	119726	1	157401	0.432
Veronica_beccabunga	mito	1	u54-,u1963-,u1964+	3	6271	false	332921	0	0	1.0
Veronica_chamaedrys	mito	1	u49-,u51+,u52-,u53+	4	3793	false	195387	2	113586	0.6324
Veronica_filiformis	mito	1	u387+,u389+,u391+,u392+,u394-,u395+,u402-	7	12172	false	112117	14	197671	0.3619
Veronica_hederifolia	mito	1	u4-,u59-,u61+,u342-	4	6102	false	52928	13	252565	0.1733
Veronica_montana	mito	1	u28-,u29+,u30+	3	3455	false	222627	3	89589	0.7131
Veronica_montana	mito	2	u45+	1		true	486596	0	0	1.0
Veronica_officinalis	mito	1	u173-,u1904+	2	549	true	203523	1	147830	0.5793
Veronica_persica	mito	1	u26-,u27+,u29+,u30-,u31+,u35-	6	12189	false	271851	6	45984	0.8553
Veronica_praecox	mito	1	u29-,u31+,u32+,u33+,u34-	5	15571	false	305038	1	40262	0.8834
Veronica_scutellata	mito	1	u27+	1		true	201946	0	0	1.0
Veronica_scutellata	mito	2	u30+	1		true	134064	0	0	1.0
Veronica_serpyllifolia	mito	1	u20+,u22-	2	1405	false	186027	1	137490	0.575
Veronica_spicata	mito	1	u44-,u45+,u47+,u48+,u187-	5	5294	false	467663	1	54847	0.895
Veronica_triphyllos	mito	1	u20-,u21+	2	3516	false	139291	4	184336	0.4304
Veronica_verna	mito	1	u49+,u50-	2	1503	false	211187	1	95143	0.6894
Viburnum_lantana	mito	1	u9-,u10+,u11+,u12-,u13+	5	1825	false	652388	0	0	1.0
Viburnum_opulus	mito	1	u3-,u4+,u5+	3	1256	true	679971	0	0	1.0
Vicia_cracca	mito	1	u37+,u40+,u43+,u44+,u47-	5	690	false	143025	6	308100	0.317
Vicia_lutea	mito	1	u74-,u76+,u77+,u78+,u79+	5	441	true	336256	1	36875	0.9012
Vicia_parviflora	mito	1	u8+	1		true	342495	0	0	1.0
Vicia_parviflora	mito	2	u9+	1		true	64613	0	0	1.0
Vicia_sativa	mito	1	u9+,u11-	2	1131	false	143108	1	258658	0.3562
Vicia_sepium	mito	1	u6+,u10+,u11+	3	636	false	125849	3	260198	0.326
Vinca_minor	mito	1	u20+,u24-,u25+,u27+,u331+	5	2357	false	27402	27	1016296	0.0263
Vinca_minor	mito	2	u158+	1		true	78962	0	0	1.0
Viola_hirta	mito	1	u132+,u133+,u134+	3	2573	false	486990	0	0	1.0
Viola_lutea	mito	1	u138+	1		true	154250	0	0	1.0
Viola_lutea	mito	2	u140+	1		true	132170	0	0	1.0
Viola_lutea	mito	3	u141+	1		true	133797	0	0	1.0
Viola_palustris	mito	1	u37-,u38+,u39+	3	199	true	515992	0	0	1.0
Viola_riviniana	mito	1	u1+,u40-,u42+,u45-,u46+,u51-	6	525	false	349516	11	310611	0.5295
Viola_riviniana	mito	2	u52+,u53+	2	44	true	285062	0	0	1.0
Viola_riviniana	mito	3	u82+	1		true	138671	0	0	1.0
Viola_tricolor	mito	1	u264+	1		true	152206	0	0	1.0
Viola_tricolor	mito	2	u267+	1		true	133235	0	0	1.0
Viola_tricolor	mito	3	u268+	1		true	135191	0	0	1.0
Viscaria_vulgaris	mito	1	u44+,u46+,u47+,u54-	4	2634	true	70210	16	361555	0.1626
Viscum_album	mito	1	u12+,u14-	2	84	false	102412	1	17668	0.8529
Viscum_album	mito	2	u17+,u18+,u19-	3	150	true	289019	0	0	1.0
Viscum_album	mito	3	u24+	1		true	134321	0	0	1.0
Woodsia_ilvensis	mito	1	u17-,u18+,u21+,u22+,u24+,u29+,u202-,u204-	8	5812	false	22205	35	171390	0.1147
Xerophyllum_tenax	mito	1	u8-,u10+,u12+,u14+	4	1338	false	552658	5	300152	0.648
Xerophyllum_tenax	mito	2	u21+	1		true	104151	0	0	1.0
Xerophyllum_tenax	mito	3	u22+	1		true	106380	0	0	1.0
Zostera_marina	mito	1	u2-,u441-,u444+,u455-,u457+,u461-,u462+,u463-,u464+,u4521+	10	45464	false	71145	25	132618	0.3492
Zostera_noltei	mito	1	u3568+	1		false	84997	0	0	1.0
Zostera_noltei	mito	2	u3766+	1		false	24380	0	0	1.0
Zostera_noltei	mito	3	u6206+	1		false	22321	0	0	1.0
Zostera_noltei	mito	4	u7477+	1		false	10038	0	0	1.0
Zostera_noltei	mito	5	u10990+	1		false	36222	0	0	1.0
Acaena_ovalifolia	pltd	1	u1+,u19+,u20+	3	11425	false	131234	0	0	1.0
Acer_campestre	pltd	1	u0-,u1+,u422-	3	10287	false	44570	4	91250	0.3282
Acer_pseudoplatanus	pltd	1	u2-,u87+,u88+	3	19637	false	131220	0	0	1.0
Achillea_maritima	pltd	1	u1-,u2+	2	5596	false	106840	1	20804	0.837
Achillea_millefolium	pltd	1	u13-,u14+	2	3571	false	105895	1	20773	0.836
Achillea_ptarmica	pltd	1	u4-,u5+	2	1051	false	105968	1	20835	0.8357
Aconitum_napellus	pltd	1	u1-,u2+	2	2367	false	113569	1	17697	0.8652
Adiantum_capillus_veneris	pltd	1	u55+,u58+	2	63785	false	22771	7	115344	0.1649
Adonis_annua	pltd	1	u12+,u13+,u14+	3	7929	false	128293	0	0	1.0
Adoxa_moschatellina	pltd	1	u3+,u26+,u27+	3	26326	false	132056	0	0	1.0
Aegonychon_purpurocaeruleum	pltd	1	u0+,u1+,u168-	3	54577	false	126226	2	3104	0.976
Aesculus_hippocastanum	pltd	1	u1+,u13-,u14-	3	42242	false	131017	0	0	1.0
Aethusa_cynapium	pltd	1	u0-,u1-,u2+	3	12673	false	132499	0	0	1.0
Agrimonia_eupatoria	pltd	1	u148-,u149+	2	2717	false	111461	1	18832	0.8555
Agrostemma_githago	pltd	1	u0-,u57+	2	10081	false	43407	1	85007	0.338
Agrostis_capillaris	pltd	1	u20+,u21+,u22-	3	6186	false	116749	0	0	1.0
Agrostis_gigantea	pltd	1	u16-,u17+,u18+	3	692	false	113264	0	0	1.0
Agrostis_gigantea	pltd	2	u19+,u20+,u21-	3	966	false	116760	0	0	1.0
Agrostis_stolonifera	pltd	1	u0+,u21-,u69+	3	9685	false	36121	2	83166	0.3028
Ailanthus_altissima	pltd	1	u0-,u2-	2	13425	false	45977	1	90422	0.3371
Ajuga_chamaepitys	pltd	1	u1-,u14+	2	22264	false	107859	1	19506	0.8468
Ajuga_reptans	pltd	1	u9-,u10+	2	9982	false	107352	1	19168	0.8485
Alchemilla_alpina	pltd	1	u21-,u22-	2	1414	false	108903	1	18968	0.8517
Alchemilla_arvensis	pltd	1	u1-,u3+	2	8211	false	107769	1	20535	0.84
Alchemilla_glaucescens	pltd	1	u0+,u134+,u135-	3	22102	false	127561	0	0	1.0
Alchemilla_micans	pltd	1	u0+,u99+,u100-	3	10908	false	127553	0	0	1.0
Alisma_plantago_aquatica	pltd	1	u3+,u11+,u12-	3	6167	false	135683	0	0	1.0
Alleniella_complanata	pltd	1	u0-,u1-	2	126	false	96977	1	20606	0.8248
Alliaria_petiolata	pltd	1	u0-,u1-	2	8201	false	109821	1	19366	0.8501
Allium_paradoxum	pltd	1	u15+,u16+,u17-	3	6448	false	121687	0	0	1.0
Allium_schoenoprasum	pltd	1	u35+,u36+,u37-	3	3364	false	127497	0	0	1.0
Allium_triquetrum	pltd	1	u0+,u14-,u15-	3	7612	false	128420	0	0	1.0
Alnus_cordata	pltd	1	u0-,u4+,u5-	3	9045	false	136537	0	0	1.0
Alnus_glutinosa	pltd	1	u0+,u7+,u8+	3	9798	false	136594	0	0	1.0
Alnus_incana	pltd	1	u2-,u1797+	2	51075	false	24632	5	116583	0.1744
Alopecurus_geniculatus	pltd	1	u13-,u14+	2	1728	false	34910	1	81843	0.299
Alopecurus_pratensis	pltd	1	u3+,u4+,u5+	3	5460	false	116490	0	0	1.0
Ammi_majus	pltd	1	u0-,u83+,u84+	3	8915	false	130736	0	0	1.0
Ammophila_arenaria	pltd	1	u14-,u15+,u16+	3	2311	false	116773	0	0	1.0
Ammophila_arenaria	pltd	2	u17-,u18+,u19-	3	404	false	135852	0	0	1.0
Amphidium_lapponicum	pltd	1	u1+,u2+,u3-	3	1643	false	116075	0	0	1.0
Amphidium_mougeotii	pltd	1	u1+,u7+,u8+	3	2679	false	117035	0	0	1.0
Amsinckia_menziesii	pltd	1	u0-,u13+,u1323-,u1324-,u1325-,u1326-	6	940570	false	85830	19	65853	0.5659
Anacamptis_pyramidalis	pltd	1	u5-,u6-	2	8181	false	107647	1	19485	0.8467
Anagallis_arvensis	pltd	1	u0-,u1+,u2-	3	66270	false	128519	0	0	1.0
Anagallis_tenella	pltd	1	u1-,u25+,u26-	3	11221	false	129665	0	0	1.0
Anastrepta_orcadensis	pltd	1	u0+,u9+,u11+,u12-	4	11256	false	110291	3	4571	0.9602
Anastrophyllum_donnianum	pltd	1	u1-,u13+,u15+,u16-	4	6783	false	110412	5	7793	0.9341
Anchusa_arvensis	pltd	1	u65+,u66+,u67+	3	9218	false	125468	0	0	1.0
Andreaea_frigida	pltd	1	u8+,u10+	2	378	false	31279	1	95392	0.2469
Andreaea_hookeri	pltd	1	u1-,u4-,u5-	3	1020	false	126660	0	0	1.0
Andreaea_mutabilis	pltd	1	u13+,u15+	2	314	false	103852	1	23382	0.8162
Andreaea_nivalis	pltd	1	u1+,u3-	2	183	false	33075	1	95689	0.2569
Andreaea_rothii	pltd	1	u6-,u7+	2	367	false	104565	1	21790	0.8275
Andreaea_rupestris	pltd	1	u11+,u13-	2	701	false	103757	1	23683	0.8142
Andromeda_polifolia	pltd	1	u0-,u99+,u100-	3	33789	true	23655	3	125894	0.1582
Anemone_nemorosa	pltd	1	u26-,u27+,u28-	3	11012	false	131775	0	0	1.0
Anemone_pulsatilla	pltd	1	u17+,u18+,u20+,u21+	4	12136	false	132631	0	0	1.0
Anethum_foeniculum	pltd	1	u3-,u130+,u131-	3	16253	false	130701	0	0	1.0
Angelica_archangelica	pltd	1	u0+,u39-	2	7601	false	110062	1	20184	0.845
Angelica_sylvestris	pltd	1	u33+,u35+	2	3321	false	111522	1	20238	0.8464
Anoectangium_aestivum	pltd	1	u0+,u4+,u5+	3	2057	false	116581	0	0	1.0
Anomodon_viticulosus	pltd	1	u2+,u62-	2	1800	false	97287	1	20636	0.825
Antennaria_dioica	pltd	1	u21-,u22+,u23-	3	2089	false	129450	0	0	1.0
Anthelia_julacea	pltd	1	u1+,u2+,u3+	3	3632	false	111365	0	0	1.0
Anthoxanthum_odoratum	pltd	1	u20+,u21+,u22-	3	2018	false	114925	0	0	1.0
Anthriscus_caucalis	pltd	1	u4-,u5-	2	449	false	110983	1	17521	0.8637
Anthriscus_sylvestris	pltd	1	u1+,u22-,u23+	3	9794	false	129032	0	0	1.0
Anthyllis_vulneraria	pltd	1	u133+,u3693+,u3694+	3	48435	false	2466	12	142123	0.0171
Antitrichia_curtipendula	pltd	1	u161+,u162+	2	1420	false	28635	1	87888	0.2457
Aponogeton_distachyos	pltd	1	u1+,u3+,u5+	3	7909	false	113070	2	21875	0.8379
Aquilegia_vulgaris	pltd	1	u0+,u1+,u2-	3	26390	false	136676	0	0	1.0
Arabidopsis_thaliana	pltd	1	u0-,u1-	2	6460	false	110919	1	20329	0.8451
Arabis_alpina	pltd	1	u1+,u64-	2	14587	false	45244	1	83828	0.3505
Arabis_hirsuta	pltd	1	u0+,u21+,u22+	3	17030	false	129038	0	0	1.0
Arabis_scabra	pltd	1	u2+,u40+	2	16499	false	45742	1	84506	0.3512
Arabis_scabra	pltd	2	u599-,u600+	2	5254	false	136353	1	6633	0.9536
Arbutus_unedo	pltd	1	u11-,u12+	2	2739	false	119530	1	5509	0.9559
Archidium_alternifolium	pltd	1	u0-,u3+,u4-	3	8088	false	117479	0	0	1.0
Arctium_lappa	pltd	1	u13+,u15+	2	3108	false	109216	1	20906	0.8393
Arctium_minus	pltd	1	u0+,u8-	2	2664	false	114310	1	21175	0.8437
Arctium_minus	pltd	2	u9+,u11+	2	699	false	109217	1	20906	0.8393
Arctostaphylos_uva_ursi	pltd	1	u54+,u56+,u57-	3	42518	false	29863	3	96319	0.2367
Arctous_alpina	pltd	1	u62+,u64+,u65-	3	21044	false	30661	3	96676	0.2408
Arenaria_serpyllifolia	pltd	1	u1-,u10+	2	16650	false	105986	1	19705	0.8432
Aria_edulis	pltd	1	u0+,u30-	2	8474	false	114704	1	21675	0.8411
Aristolochia_clematitis	pltd	1	u0+,u2+	2	17445	false	115562	1	20335	0.8504
Armoracia_rusticana	pltd	1	u1+,u3+	2	26007	false	45624	1	84632	0.3503
Armoracia_rusticana	pltd	2	u128+,u130+	2	593	false	112981	1	18836	0.8571
Arrhenatherum_elatius	pltd	1	u34+,u36-	2	2267	false	102664	1	13999	0.88
Artemisia_campestris	pltd	1	u8+,u126-,u127+	3	8604	false	128621	0	0	1.0
Artemisia_maritima	pltd	1	u124+,u125+,u126+	3	3021	false	128651	0	0	1.0
Artemisia_vulgaris	pltd	1	u30+,u31+,u32+	3	5837	false	128763	0	0	1.0
Arum_italicum	pltd	1	u0+,u2-	2	4048	false	115577	5	28338	0.8031
Arum_maculatum	pltd	1	u0+,u1+,u54-	3	17095	false	116232	8	32840	0.7797
Arum_maculatum	pltd	2	u34-,u35+,u36+	3	185	false	129495	0	0	1.0
Asparagus_officinalis	pltd	1	u19-,u20+	2	9297	false	111940	1	18823	0.8561
Asplenium_adiantum_nigrum	pltd	1	u2+,u4-	2	6532	false	45249	1	84814	0.3479
Asplenium_ceterach	pltd	1	u2+,u61-	2	8364	false	104846	1	22743	0.8217
Asplenium_marinum	pltd	1	u61-,u62+,u63+	3	2105	false	135235	0	0	1.0
Asplenium_scolopendrium	pltd	1	u45+,u46+,u47+	3	10753	false	127938	0	0	1.0
Asplenium_trichomanes	pltd	1	u49+,u50+,u51-	3	8958	false	128161	0	0	1.0
Asplenium_viride	pltd	1	u0-,u54+,u55-	3	17524	false	130600	0	0	1.0
Astragalus_alpinus	pltd	1	u56+,u57-	2	7488	false	123244	1	2414	0.9808
Astragalus_glycyphyllos	pltd	1	u41-,u43+	2	4913	false	124040	1	1744	0.9861
Atractylocarpus_subporodictyon	pltd	1	u6+,u7+	2	1184	false	29424	1	91234	0.2439
Atriplex_laciniata	pltd	1	u0-,u29+,u30+	3	34293	false	107860	2	23183	0.8231
Atriplex_littoralis	pltd	1	u0-,u3+	2	35224	false	23347	3	108357	0.1773
Atriplex_praecox	pltd	1	u1-,u15+	2	35709	false	23321	3	108417	0.177
Atropa_belladonna	pltd	1	u0-,u1-	2	13407	false	112132	1	19888	0.8494
Aulacomnium_androgynum	pltd	1	u0+,u2+,u3-	3	4281	false	117590	0	0	1.0
Aulacomnium_palustre	pltd	1	u257-,u258-	2	41	false	28800	0	0	1.0
Aulacomnium_palustre	pltd	2	u267+	1		false	31503	0	0	1.0
Aulacomnium_palustre	pltd	3	u314+	1		false	18616	0	0	1.0
Avenella_flexuosa	pltd	1	u137-,u138+,u139-	3	1137	false	115531	0	0	1.0
Avenella_flexuosa	pltd	2	u140-,u141+,u142-	3	1332	false	116094	0	0	1.0
Azolla_filiculoides	pltd	1	u2-,u47+,u48+	3	4349	false	128600	0	0	1.0
Baldellia_ranunculoides	pltd	1	u2-,u21+	2	5887	false	113648	1	22034	0.8376
Ballota_nigra	pltd	1	u0+,u1-	2	7636	false	109499	1	20330	0.8434
Barbarea_vulgaris	pltd	1	u466+,u468+,u469+,u470+,u472+,u473+,u475+,u6464-	8	195932	false	25977	36	174205	0.1298
Bartramia_pomiformis	pltd	1	u0-,u14-,u15-	3	4410	false	118501	0	0	1.0
Bazzania_pearsonii	pltd	1	u4+,u44+	2	6570	false	29965	1	82730	0.2659
Bazzania_tricrenata	pltd	1	u2+,u45+	2	5612	false	29256	1	82350	0.2621
Bazzania_trilobata	pltd	1	u0+,u3+,u6+,u983+	4	9574	false	91962	7	29045	0.76
Bellardia_viscosa	pltd	1	u0+,u35+,u36-	3	18736	false	128156	0	0	1.0
Bellis_perennis	pltd	1	u1-,u71-	2	14982	false	25465	5	105219	0.1949
Berberis_aquifolium	pltd	1	u1-,u13+	2	10739	false	110344	1	21814	0.8349
Berberis_vulgaris	pltd	1	u1-,u2+,u3-	3	33818	false	131019	0	0	1.0
Berula_erecta	pltd	1	u1+,u3+,u187+,u6575+,u6576+	5	197822	false	103176	2	28410	0.7841
Berula_erecta	pltd	2	u1038+	1		false	33260	0	0	1.0
Beta_vulgaris	pltd	1	u1-,u43+,u44+	3	31355	false	127330	0	0	1.0
Betonica_officinalis	pltd	1	u30-,u31+	2	4338	false	107951	1	20209	0.8423
Betula_pendula	pltd	1	u1-,u4+	2	10237	false	114317	1	21783	0.8399
Betula_pubescens	pltd	1	u70+,u71+,u72-	3	5403	false	136058	0	0	1.0
Bidens_cernua	pltd	1	u31+,u33+	2	6659	false	108720	1	19995	0.8447
Bistorta_vivipara	pltd	1	u28-,u29+,u30-	3	9959	false	129561	0	0	1.0
Blackstonia_perfoliata	pltd	1	u3+,u108-	2	13036	false	43890	1	86505	0.3366
Blasia_pusilla	pltd	1	u1+,u5+	2	14919	false	29495	1	83823	0.2603
Blindia_acuta	pltd	1	u0+,u3-,u4-	3	3631	false	116111	0	0	1.0
Blindiadelphus_recurvatus	pltd	1	u7+,u8+	2	801	false	28569	1	87948	0.2452
Blitum_bonus_henricus	pltd	1	u0-,u23+,u24-	3	39958	false	129169	0	0	1.0
Blysmopsis_rufa	pltd	1	u1+,u165-,u166-	3	30816	false	65949	5	111858	0.3709
Borago_officinalis	pltd	1	u1+,u5-,u447-	3	70770	false	83732	4	45625	0.6473
Brachydontium_trichodes	pltd	1	u13-,u14-	2	1011	false	28846	1	87990	0.2469
Brachypodium_pinnatum	pltd	1	u0+,u172-	2	14257	false	34849	1	81811	0.2987
Brachypodium_sylvaticum	pltd	1	u0-,u102+,u105-	3	7517	false	113791	2	5523	0.9537
Brachythecium_rutabulum	pltd	1	u0-,u1-	2	1241	false	28486	1	87837	0.2449
Brassica_nigra	pltd	1	u1+,u42+,u43+	3	20839	false	129663	0	0	1.0
Brassica_oleracea	pltd	1	u0+,u2+	2	68	false	110573	1	18473	0.8568
Braunia_imberbis	pltd	1	u1-,u11-,u12-	3	1892	false	115549	0	0	1.0
Briza_media	pltd	1	u12+,u14+	2	1049	false	100097	1	15096	0.869
Bromus_benekenii	pltd	1	u0-,u1+,u2+	3	5481	false	116869	0	0	1.0
Bromus_hordeaceus	pltd	1	u20-,u21+,u22-	3	3409	false	116762	0	0	1.0
Bromus_interruptus	pltd	1	u15-,u16+,u17-	3	8638	false	116791	0	0	1.0
Bromus_interruptus	pltd	2	u18-,u19+,u20-	3	816	false	135853	0	0	1.0
Bromus_secalinus	pltd	1	u1+	1		true	125221	0	0	1.0
Bromus_secalinus	pltd	2	u6-,u7+,u8-	3	2664	false	116721	0	0	1.0
Bromus_sterilis	pltd	1	u38-,u39+,u40-	3	6336	false	116587	0	0	1.0
Bryoerythrophyllum_caledonicum	pltd	1	u18+,u672+	2	1883	false	27766	1	87779	0.2403
Bryoerythrophyllum_caledonicum	pltd	2	u1736-,u1737-	2	127	false	112253	0	0	1.0
Bryoerythrophyllum_ferruginascens	pltd	1	u3+,u176+,u177+	3	7842	false	115741	0	0	1.0
Bryonia_dioica	pltd	1	u1-,u40+,u41-	3	38776	false	131764	0	0	1.0
Bryum_calophyllum	pltd	1	u0-,u1+,u52-	3	27073	false	94868	2	21792	0.8132
Bryum_knowltonii	pltd	1	u1-,u19+	2	8099	false	28237	1	87970	0.243
Bryum_marratii	pltd	1	u1-,u8+,u9+	3	15593	false	114677	0	0	1.0
Bryum_riparium	pltd	1	u0-,u4+,u5-	3	17187	false	114778	0	0	1.0
Buddleja_davidii	pltd	1	u0-,u14+,u15-	3	12595	false	130634	0	0	1.0
Butomus_umbellatus	pltd	1	u8+,u9+	2	5246	false	44762	1	90077	0.332
Buxus_sempervirens	pltd	1	u45-,u46+,u47+	3	7603	false	135495	0	0	1.0
Cakile_maritima	pltd	1	u0+,u2+	2	17090	false	44843	1	85037	0.3453
Cakile_maritima	pltd	2	u126+,u128+	2	961	false	109463	1	19650	0.8478
Calendula_officinalis	pltd	1	u0-,u4+,u7+	3	60730	false	83868	6	50492	0.6242
Calliergon_cordifolium	pltd	1	u2-,u11+,u15+	3	41965	false	96484	4	25414	0.7915
Calliergon_giganteum	pltd	1	u0-,u1+,u2-	3	1659	false	116847	0	0	1.0
Calliergonella_cuspidata	pltd	1	u0+,u2-,u3+	3	3791	false	116248	0	0	1.0
Callitriche_obtusangula	pltd	1	u1-,u2+,u3+	3	15683	false	126830	0	0	1.0
Callitriche_stagnalis	pltd	1	u1+,u6+,u7-	3	13116	false	126165	0	0	1.0
Calluna_vulgaris	pltd	1	u139-,u270+,u271+	3	25933	false	4367	5	159936	0.0266
Calypogeia_arguta	pltd	1	u0+,u18+,u19-	3	3803	false	113075	0	0	1.0
Calypogeia_muelleriana	pltd	1	u0-,u3-,u5+	3	12501	false	30607	2	85113	0.2645
Calystegia_pulchra	pltd	1	u3+,u20+,u21-	3	5961	false	42073	5	93519	0.3103
Calystegia_sepium	pltd	1	u0-,u1+,u163+	3	17902	false	110121	6	27293	0.8014
Calystegia_soldanella	pltd	1	u1+,u2+,u32-	3	60540	false	131130	2	2974	0.9778
Campanula_glomerata	pltd	1	u0-,u210+	2	2294	false	138744	1	8782	0.9405
Campanula_glomerata	pltd	2	u207-,u208-	2	13825	false	108993	1	18546	0.8546
Campanula_medium	pltd	1	u0-,u6+,u7+,u9+,u11+,u12+,u16-	7	152582	false	114260	14	44919	0.7178
Campanula_patula	pltd	1	u1+,u24-,u189-,u190-	4	48407	false	120132	2	33554	0.7817
Campanula_rotundifolia	pltd	1	u22-,u23+,u24-	3	2958	false	149689	0	0	1.0
Camptothecium_lutescens	pltd	1	u1-,u2+,u3-	3	841	false	116316	0	0	1.0
Campylium_stellatum	pltd	1	u16-,u1069+,u1073-	3	27069	false	96124	3	25729	0.7889
Campylopus_flexuosus	pltd	1	u0+,u2+	2	1002	false	95343	1	19945	0.827
Campylopus_introflexus	pltd	1	u0-,u3+,u4-	3	1510	false	115440	0	0	1.0
Capsella_bursa_pastoris	pltd	1	u4+,u5+	2	22920	false	110578	1	20066	0.8464
Cardamine_amara	pltd	1	u0+,u38-	2	5528	false	110710	1	20290	0.8451
Cardamine_bulbifera	pltd	1	u0-,u1+	2	20269	false	110923	1	18270	0.8586
Cardamine_flexuosa	pltd	1	u0+,u1+	2	15547	false	45501	1	85351	0.3477
Cardamine_hirsuta	pltd	1	u0-,u1+,u8-	3	24541	false	130041	0	0	1.0
Cardamine_pratensis	pltd	1	u3+,u5-	2	10866	false	45084	1	84918	0.3468
Cardamine_raphanifolia	pltd	1	u0-,u1+,u2+	3	37591	false	129775	0	0	1.0
Carduus_crispus	pltd	1	u85-,u86+,u87-	3	6138	false	129809	0	0	1.0
Carduus_nutans	pltd	1	u3-,u87+,u88-	3	27160	false	129809	0	0	1.0
Carduus_nutans	pltd	2	u89+,u91-	2	260	false	114569	1	19279	0.856
Carduus_tenuiflorus	pltd	1	u30+,u32+	2	7679	false	108908	1	20999	0.8384
Carex_acutiformis	pltd	1	u2+,u3+,u59+,u61+,u62+	5	28196	false	178842	1	1932	0.9893
Carex_aquatilis	pltd	1	u52-,u54+,u83+,u84+	4	5827	false	100362	5	71539	0.5838
Carex_arenaria	pltd	1	u0-,u92-,u93+	3	13364	false	158510	0	0	1.0
Carex_atrata	pltd	1	u0-,u1+	2	13416	false	145035	1	12588	0.9201
Carex_bigelowii	pltd	1	u0+,u18+,u19+,u21+,u22+	5	88724	false	159510	1	1743	0.9892
Carex_buxbaumii	pltd	1	u2+,u3+,u25+	3	12075	false	154178	0	0	1.0
Carex_canescens	pltd	1	u0-,u15-,u16+	3	6110	false	147750	0	0	1.0
Carex_capillaris	pltd	1	u0+,u12+,u459-,u460-	4	21668	true	114487	4	52595	0.6852
Carex_caryophyllea	pltd	1	u0-,u1+,u106-,u107-	4	12342	false	128140	5	44018	0.7443
Carex_depauperata	pltd	1	u1+,u31+,u32-	3	3286	false	167390	0	0	1.0
Carex_distans	pltd	1	u0-,u1-	2	3844	false	147062	1	12367	0.9224
Carex_disticha	pltd	1	u8-,u118-	2	3789	false	46705	1	107593	0.3027
Carex_divulsa	pltd	1	u1+,u15-,u16-	3	17012	false	149771	0	0	1.0
Carex_echinata	pltd	1	u38-,u39-	2	2180	false	135710	1	9955	0.9317
Carex_elata	pltd	1	u2-,u171+,u172+,u173-,u175-	5	28506	false	40177	14	139914	0.2231
Carex_extensa	pltd	1	u1-,u44+,u45-	3	9138	true	35207	4	132885	0.2095
Carex_hirta	pltd	1	u0+,u1+,u10-	3	56912	false	171190	0	0	1.0
Carex_lachenalii	pltd	1	u0-,u33+,u34-	3	7899	false	148046	0	0	1.0
Carex_laevigata	pltd	1	u5+,u734-,u735+,u738+	4	100345	false	4503	10	167188	0.0262
Carex_lepidocarpa	pltd	1	u0+,u1-	2	2292	false	162383	1	12452	0.9288
Carex_leporina	pltd	1	u9-,u239+,u240-	3	11836	false	148439	0	0	1.0
Carex_montana	pltd	1	u0+,u11+,u116-,u117-	4	24887	true	37012	13	145954	0.2023
Carex_nigra	pltd	1	u0-,u8+,u9-	3	13698	false	163001	0	0	1.0
Carex_otrubae	pltd	1	u1+,u51+,u52-	3	13420	false	151794	0	0	1.0
Carex_pallescens	pltd	1	u0+,u1+,u79+,u80+	4	17614	false	148215	2	28073	0.8408
Carex_panicea	pltd	1	u16-,u17+,u34+,u35+	4	7033	false	44616	5	123837	0.2649
Carex_paniculata	pltd	1	u233+,u5555+	2	51416	false	1974	4	151585	0.0129
Carex_paniculata	pltd	2	u814+,u816-	2	4083	false	124662	1	2160	0.983
Carex_pendula	pltd	1	u1+,u44+,u45+	3	9856	false	167200	0	0	1.0
Carex_pseudocyperus	pltd	1	u0+,u2-	2	5547	false	57618	1	105896	0.3524
Carex_pseudocyperus	pltd	2	u741+	1		false	27618	0	0	1.0
Carex_pulicaris	pltd	1	u2+,u15-,u16-	3	5748	false	148177	0	0	1.0
Carex_remota	pltd	1	u2-,u123+,u124-	3	10235	false	147596	0	0	1.0
Carex_riparia	pltd	1	u4+,u175+,u176+,u177-	4	15807	false	28559	2	137450	0.172
Carex_rostrata	pltd	1	u1+,u8-,u127-,u128-	4	68028	false	28125	3	140358	0.1669
Carex_rupestris	pltd	1	u0+,u6+,u7+	3	15514	true	43483	2	116014	0.2726
Carex_saxatilis	pltd	1	u475-,u3917+,u3919+	3	35564	false	3441	14	180236	0.0187
Carex_spicata	pltd	1	u25-,u26-	2	2146	false	138880	1	11136	0.9258
Carex_strigosa	pltd	1	u0-,u1+	2	5009	false	155620	1	12874	0.9236
Carex_sylvatica	pltd	1	u9+,u10+,u42-,u43-	4	8050	false	63506	5	109453	0.3672
Carex_vaginata	pltd	1	u5-,u104-,u105+	3	56917	true	24158	4	139395	0.1477
Carex_viridula	pltd	1	u1-,u2+	2	4582	false	161033	1	12416	0.9284
Carlina_vulgaris	pltd	1	u15+,u16+,u17+	3	6821	false	129812	0	0	1.0
Carpinus_betulus	pltd	1	u0-,u4+,u6+	3	47801	false	113479	2	23344	0.8294
Carpobrotus_edulis	pltd	1	u23+,u24+	2	10652	false	108513	6	25304	0.8109
Castanea_sativa	pltd	1	u1-,u22+,u23+	3	17472	false	136698	0	0	1.0
Centaurea_cyanus	pltd	1	u150+,u152-	2	532	false	108914	1	20935	0.8388
Centaurea_nigra	pltd	1	u1-,u48-	2	6236	false	109752	1	20663	0.8416
Centaurium_erythraea	pltd	1	u0+,u41-	2	12576	false	110644	1	20252	0.8453
Centaurium_intermedium	pltd	1	u3-,u181+	2	23175	false	42762	1	87239	0.3289
Centranthus_ruber	pltd	1	u2+,u65+,u66+	3	52451	false	44175	2	87867	0.3346
Cephalanthera_damasonium	pltd	1	u0+,u2-	2	3609	false	116055	1	19771	0.8544
Cephalanthera_longifolia	pltd	1	u0-,u1-,u2+	3	22972	false	135864	0	0	1.0
Cephalozia_bicuspidata	pltd	1	u9+,u11-	2	1316	false	26277	1	82174	0.2423
Cerastium_arvense	pltd	1	u12-,u13+	2	7970	false	106077	1	19324	0.8459
Cerastium_diffusum	pltd	1	u124-,u125-	2	5337	false	106909	1	19719	0.8443
Cerastium_fontanum	pltd	1	u0+,u51+,u53+,u54-	4	23784	false	129156	0	0	1.0
Cerastium_fontanum	pltd	2	u57-,u58-	2	5753	false	106844	1	19344	0.8467
Cerastium_glomeratum	pltd	1	u75+,u77+	2	6498	false	106839	1	19243	0.8474
Cerastium_semidecandrum	pltd	1	u258-,u259+,u261-	3	28515	false	94821	3	34106	0.7355
Ceratocapnos_claviculata	pltd	1	u0+,u14+,u15-	3	31955	false	35882	3	109559	0.2467
Ceratodon_purpureus	pltd	1	u11-,u12+	2	1422	false	29922	1	87766	0.2542
Ceratophyllum_demersum	pltd	1	u70+,u71+,u72-	3	5626	false	132409	0	0	1.0
Ceratophyllum_demersum	pltd	2	u73+,u75+	2	4667	false	106615	1	18976	0.8489
Chaenorhinum_minus	pltd	1	u1-,u2+,u19+,u20-	4	78467	false	62915	5	72349	0.4651
Chamaemelum_nobile	pltd	1	u6-,u7-	2	3546	false	107065	1	20554	0.8389
Chamaenerion_angustifolium	pltd	1	u0+,u1-	2	12792	false	115796	1	19325	0.857
Chelidonium_majus	pltd	1	u1+,u90+	2	20783	false	115219	1	21113	0.8451
Chenopodium_album	pltd	1	u0-,u1+,u4-	3	43814	false	128931	0	0	1.0
Chionoloma_tenuirostre	pltd	1	u0-,u3-	2	868	false	94183	1	20995	0.8177
Chrysosplenium_alternifolium	pltd	1	u0+,u2+	2	12536	false	111114	1	17946	0.8609
Chrysosplenium_oppositifolium	pltd	1	u0-,u1-	2	20720	false	108453	1	20198	0.843
Cicerbita_alpina	pltd	1	u23+,u24+,u25-	3	5304	false	130160	0	0	1.0
Cicerbita_macrophylla	pltd	1	u15+,u17+	2	1993	false	109241	1	20674	0.8409
Cicerbita_muralis	pltd	1	u6+,u8-	2	780	false	109604	1	20552	0.8421
Cichorium_intybus	pltd	1	u2+,u3+,u4-	3	184	false	130272	0	0	1.0
Cicuta_virosa	pltd	1	u1+,u8+	2	19663	false	111858	1	17677	0.8635
Circaea_lutetiana	pltd	1	u26-,u27+,u28+	3	22708	false	133502	0	0	1.0
Cirsium_acaule	pltd	1	u1+,u98+,u99-	3	37490	false	129903	0	0	1.0
Cirsium_arvense	pltd	1	u115+,u117-	2	6561	false	108861	1	20995	0.8383
Cirsium_dissectum	pltd	1	u1+,u124-,u125+	3	49632	false	129905	0	0	1.0
Cirsium_eriophorum	pltd	1	u7+,u397+,u398-	3	29811	false	129946	0	0	1.0
Cirsium_heterophyllum	pltd	1	u5+,u7-	2	6165	false	108957	1	21027	0.8382
Cirsium_vulgare	pltd	1	u12+,u14+	2	2506	false	108985	1	21041	0.8382
Claytonia_perfoliata	pltd	1	u0-,u37+,u38+	3	35198	false	128257	0	0	1.0
Claytonia_sibirica	pltd	1	u4+,u5+	2	13502	false	109405	1	19726	0.8472
Clematis_vitalba	pltd	1	u17+,u18+,u19-	3	8344	false	130710	0	0	1.0
Clematis_viticella	pltd	1	u12+,u13+,u14+	3	1603	false	130676	0	0	1.0
Climacium_dendroides	pltd	1	u3-,u35+	2	3145	false	96843	1	20447	0.8257
Clinopodium_vulgare	pltd	1	u21-,u22+	2	4144	false	109604	1	18896	0.8529
Cochlearia_officinalis	pltd	1	u0-,u1-	2	10241	false	110330	1	20830	0.8412
Codriophorus_aciculare	pltd	1	u14-,u15-	2	1241	false	28546	1	87593	0.2458
Coincya_wrightii	pltd	1	u0-,u1+,u2-	3	70299	false	129342	0	0	1.0
Colchicum_autumnale	pltd	1	u85-,u86+	2	4941	false	113925	1	17483	0.867
Colura_calyptrifolia	pltd	1	u0-,u1+	2	789	false	28074	1	78494	0.2634
Comarum_palustre	pltd	1	u0+,u24-	2	9587	false	110298	1	20447	0.8436
Conium_maculatum	pltd	1	u16-,u17-	2	22101	false	110960	1	18855	0.8548
Conocephalum_conicum	pltd	1	u0+,u1+	2	3830	false	55460	0	0	1.0
Conopodium_majus	pltd	1	u0-,u1+	2	7518	false	113223	1	17603	0.8654
Convallaria_majalis	pltd	1	u6+,u8-	2	104	false	114569	1	19279	0.856
Convolvulus_arvensis	pltd	1	u0+,u1+,u194-	3	20560	false	131405	2	3433	0.9745
Cornus_suecica	pltd	1	u1+,u2+	2	32007	false	113428	1	19172	0.8554
Corylus_avellana	pltd	1	u0+,u32+,u33-	3	9376	false	135612	0	0	1.0
Corylus_colurna	pltd	1	u0-,u32+,u33+	3	7373	false	135583	0	0	1.0
Corynephorus_canescens	pltd	1	u9+,u10+,u11+	3	7538	false	115605	0	0	1.0
Cotoneaster_cambricus	pltd	1	u2+,u35+	2	12604	false	114078	1	21751	0.8399
Cotoneaster_horizontalis	pltd	1	u2-,u3+,u4-	3	51020	false	135380	0	0	1.0
Crassula_aquatica	pltd	1	u35+,u37+	2	2591	false	102560	1	19374	0.8411
Crassula_helmsii	pltd	1	u0-,u39+,u40+	3	37263	false	120928	0	0	1.0
Crataegus_laevigata	pltd	1	u78+,u79+,u80-	3	22231	false	135665	0	0	1.0
Crataegus_monogyna	pltd	1	u0+,u112-	2	10249	false	114039	1	21665	0.8404
Cratoneuron_filicinum	pltd	1	u1+,u11-	2	1228	false	95569	1	20335	0.8246
Cratoneuron_filicinum	pltd	2	u12-,u13+,u14+	3	243	false	117186	0	0	1.0
Crepis_paludosa	pltd	1	u14+,u15+,u16+	3	5846	false	129678	0	0	1.0
Crithmum_maritimum	pltd	1	u0-,u28-	2	7145	false	112907	1	20069	0.8491
Crocosmia_x_crocosmiiflora	pltd	1	u2+,u27-,u28+	3	16543	false	129465	0	0	1.0
Crocus_tommasinianus	pltd	1	u0-,u1+,u3+,u71-	4	215577	false	110174	5	24135	0.8203
Cruciata_laevipes	pltd	1	u1+,u11-,u12-	3	7564	false	129477	0	0	1.0
Cryphaea_heteromalla	pltd	1	u0-,u9+,u10-	3	2938	false	116574	0	0	1.0
Cryptogramma_crispa	pltd	1	u0-,u1+,u2-	3	1206	false	129817	0	0	1.0
Ctenidium_molluscum	pltd	1	u6-,u7+,u8+	3	780	false	116249	0	0	1.0
Cymbalaria_muralis	pltd	1	u0-,u1-	2	32722	false	109624	1	18886	0.853
Cynodontium_bruntonii	pltd	1	u0+,u12+,u13+	3	4319	false	116662	0	0	1.0
Cynoglossum_officinale	pltd	1	u2-,u5+	2	9162	false	109087	1	19114	0.8509
Cynosurus_cristatus	pltd	1	u0-,u33+,u34-	3	2511	false	114455	0	0	1.0
Cyperus_fuscus	pltd	1	u0-,u2461-	2	63665	false	35784	2	117160	0.234
Cystopteris_fragilis	pltd	1	u30-,u31+	2	2441	false	106229	1	23772	0.8171
Cystopteris_montana	pltd	1	u1-,u41-,u42-	3	10147	false	130356	0	0	1.0
Cytisus_scoparius	pltd	1	u0+,u3-	2	12218	false	109290	1	19810	0.8466
Daboecia_cantabrica	pltd	1	u1-,u2-	2	7103	false	136941	1	3628	0.9742
Dactylis_glomerata	pltd	1	u22+,u24-	2	10704	false	100790	1	14612	0.8734
Dactylorhiza_fuchsii	pltd	1	u1-,u71+,u72+	3	21577	false	128623	0	0	1.0
Dactylorhiza_incarnata	pltd	1	u3+,u4+,u5-	3	7102	false	128318	0	0	1.0
Dactylorhiza_purpurella	pltd	1	u0+,u1+,u2-,u3+	4	137424	false	128023	1	1668	0.9871
Dactylorhiza_viridis	pltd	1	u0-,u3+,u4-	3	29937	false	128646	0	0	1.0
Damasonium_alisma	pltd	1	u5-,u6+	2	1327	false	46170	1	89506	0.3403
Danthonia_decumbens	pltd	1	u8+,u10+	2	6271	false	100427	1	12685	0.8879
Daphne_laureola	pltd	1	u0-,u1+,u2-	3	15578	false	132644	0	0	1.0
Daphne_mezereum	pltd	1	u0-,u1+,u5+,u52+	4	21863	false	86808	8	56333	0.6065
Daphne_mezereum	pltd	2	u39+,u40+,u41-	3	7169	false	116587	0	0	1.0
Dasiphora_fruticosa	pltd	1	u7+,u362-	2	14717	false	108438	1	20653	0.84
Datura_stramonium	pltd	1	u0+,u2+	2	43249	false	44346	1	86891	0.3379
Daucus_carota	pltd	1	u75+,u76+,u77+	3	4333	false	130849	0	0	1.0
Deschampsia_cespitosa	pltd	1	u29+,u30+,u31-	3	6677	false	115149	0	0	1.0
Descurainia_sophia	pltd	1	u0-,u1-	2	12851	false	110297	1	18271	0.8579
Dianthus_deltoides	pltd	1	u0+,u155+	2	11758	false	108261	1	19352	0.8484
Diapensia_lapponica	pltd	1	u0+,u29+,u30+	3	9177	false	138587	0	0	1.0
Dichodontium_palustre	pltd	1	u0-,u2-,u3+	3	8342	false	116615	0	0	1.0
Dicranodontium_denudatum	pltd	1	u2-,u3-	2	1061	false	29735	1	89958	0.2484
Dicranoweisia_cirrata	pltd	1	u13+,u15+	2	2185	false	97163	1	19596	0.8322
Dicranum_bonjeanii	pltd	1	u10-,u317+,u318-	3	5885	false	115897	0	0	1.0
Dicranum_flexicaule	pltd	1	u1-,u11+,u12-	3	8956	false	115939	0	0	1.0
Dicranum_fuscescens	pltd	1	u5+,u134+,u135-	3	2528	false	115927	0	0	1.0
Dicranum_majus	pltd	1	u1+,u8-,u9+	3	3431	false	116604	0	0	1.0
Dicranum_scoparium	pltd	1	u4+,u153+,u154-	3	2121	false	115682	0	0	1.0
Dicranum_scottianum	pltd	1	u0-,u8+,u9-	3	1400	false	115638	0	0	1.0
Dicranum_tauricum	pltd	1	u0-,u12-,u13-	3	2510	false	115751	0	0	1.0
Didymodon_insulanus	pltd	1	u0+,u2+,u3+	3	2026	false	114350	0	0	1.0
Didymodon_rigidulus	pltd	1	u12+,u14+	2	1735	false	28515	1	87590	0.2456
Digitalis_purpurea	pltd	1	u97+,u98-,u354+	3	1311	false	22497	4	113035	0.166
Digitalis_purpurea	pltd	2	u2+,u100-	2	20708	false	110066	1	18909	0.8534
Digitalis_purpurea	pltd	3	u118+,u119+,u120+	3	257	false	81075	1	51469	0.6117
Digitaria_sanguinalis	pltd	1	u0-,u1-	2	13729	false	103712	1	12814	0.89
Dilutineuron_fasciculare	pltd	1	u26+,u28-	2	839	false	28493	1	87766	0.2451
Dioscorea_communis	pltd	1	u0+,u1+,u2+	3	33798	false	129838	0	0	1.0
Diphasiastrum_alpinum	pltd	1	u5+,u6+,u15+	3	3176	false	5330	8	147548	0.0349
Dipsacus_fullonum	pltd	1	u62-,u63-	2	6618	false	115121	1	19547	0.8549
Disphyma_crassifolium	pltd	1	u4-,u57-,u110-	3	24002	false	109439	7	26278	0.8064
Distichium_capillaceum	pltd	1	u13+,u14+,u15+	3	2030	false	118323	0	0	1.0
Ditrichum_cornubicum	pltd	1	u1+,u4+	2	24857	false	28800	1	87957	0.2467
Doronicum_pardalianches	pltd	1	u3+,u118+	2	20834	false	110226	1	20091	0.8458
Douinia_ovata	pltd	1	u3-,u4+,u6+,u13-	4	2441	false	110351	7	11108	0.9085
Draba_incana	pltd	1	u2-,u16+,u17+	3	15543	false	129928	0	0	1.0
Draba_verna	pltd	1	u0+,u1+,u2+	3	26856	false	127367	0	0	1.0
Dracunculus_vulgaris	pltd	1	u0-,u1+	2	15868	false	121398	10	38374	0.7598
Drosera_anglica	pltd	1	u1+,u33-,u35+	3	13477	false	106537	3	36726	0.7436
Drosera_rotundifolia	pltd	1	u45+,u47+	2	8467	false	116243	1	26384	0.815
Dryas_octopetala	pltd	1	u17+,u18+,u19-	3	8906	false	133071	0	0	1.0
Dryopteris_borreri	pltd	1	u1+,u32-	2	3693	false	43913	1	84650	0.3416
Dryopteris_dilatata	pltd	1	u1-,u46+,u47+	3	10844	false	130430	0	0	1.0
Dryopteris_filix_mas	pltd	1	u31+,u32+,u33-	3	4496	false	127673	0	0	1.0
Echium_vulgare	pltd	1	u0-,u1+	2	16668	false	108228	1	19243	0.849
Echium_vulgare	pltd	2	u3-,u72+,u73-	3	5950	false	123705	0	0	1.0
Eleocharis_parvula	pltd	1	u1-,u32+,u33-	3	6011	false	156440	0	0	1.0
Eleocharis_quinqueflora	pltd	1	u2-,u44-	2	4538	false	153908	1	12486	0.925
Elodea_nuttallii	pltd	1	u1-,u59+	2	14635	false	43867	1	89025	0.3301
Empetrum_nigrum	pltd	1	u2-,u236-	2	11545	false	137753	1	4764	0.9666
Encalypta_ciliata	pltd	1	u0-,u2-,u3+	3	2097	false	115569	0	0	1.0
Entodon_concinnus	pltd	1	u0+,u4-,u5+,u6+	4	2144	false	116856	1	2506	0.979
Epilobium_alsinifolium	pltd	1	u26+,u1035+	2	18642	false	117910	1	19297	0.8594
Epilobium_anagallidifolium	pltd	1	u0+,u16-	2	26795	false	115448	1	20295	0.8505
Epilobium_brunnescens	pltd	1	u1-,u103+,u104+	3	17101	false	134739	0	0	1.0
Epilobium_ciliatum	pltd	1	u0-,u35+,u36-	3	14231	false	136419	0	0	1.0
Epilobium_hirsutum	pltd	1	u73-,u74+	2	7896	false	45159	1	91014	0.3316
Epilobium_palustre	pltd	1	u2+,u126+	2	8002	false	117027	1	19224	0.8589
Epilobium_parviflorum	pltd	1	u19-,u20+,u23+,u24-	4	8622	false	134037	2	6521	0.9536
Epipactis_purpurata	pltd	1	u0-,u5-,u6+	3	44422	false	134671	0	0	1.0
Equisetum_arvense	pltd	1	u0-,u1+,u2-	3	8112	false	123517	0	0	1.0
Equisetum_fluviatile	pltd	1	u40+,u41+,u42-	3	5852	false	122943	0	0	1.0
Equisetum_hyemale	pltd	1	u0-,u34-	2	4114	false	102434	1	19245	0.8418
Equisetum_palustre	pltd	1	u9+,u10+,u11-	3	1842	false	122942	0	0	1.0
Equisetum_pratense	pltd	1	u12-,u77+,u78-	3	31607	false	11296	6	116965	0.0881
Equisetum_sylvaticum	pltd	1	u31-,u120+	2	9651	false	9307	7	120562	0.0717
Equisetum_telmateia	pltd	1	u2-,u30-	2	8472	false	93062	5	34198	0.7313
Equisetum_variegatum	pltd	1	u0-,u4+,u5-	3	3500	false	120505	0	0	1.0
Eranthis_hyemalis	pltd	1	u0-,u1+	2	20633	false	111922	1	18654	0.8571
Erica_ciliaris	pltd	1	u0+,u1+,u42+	3	33043	false	145409	0	0	1.0
Erica_cinerea	pltd	1	u60-,u61+,u62-	3	4783	false	149843	0	0	1.0
Erica_mackaiana	pltd	1	u0+,u4-	2	5071	false	40160	1	110890	0.2659
Erica_tetralix	pltd	1	u0+,u17+	2	4771	false	39848	1	110898	0.2643
Erigeron_borealis	pltd	1	u0-,u23+,u24-	3	4457	false	130012	0	0	1.0
Erinus_alpinus	pltd	1	u11-,u12+	2	3791	false	44861	1	82908	0.3511
Eriocaulon_aquaticum	pltd	1	u2+,u59-	2	8692	false	109155	1	19641	0.8475
Eriophorum_angustifolium	pltd	1	u3+,u191+,u192+,u1115-,u1122-,u1123-,u1124-	7	137950	true	34601	21	153019	0.1844
Eriophorum_latifolium	pltd	1	u1068+,u1071+,u1073+,u1074+,u1096+,u1097+,u10533+	7	117553	false	14306	78	189416	0.0702
Eriophorum_latifolium	pltd	2	u10129+	1		false	77620	0	0	1.0
Eriophorum_vaginatum	pltd	1	u26-,u27+,u84-,u85-	4	29717	false	27120	5	140645	0.1617
Erodium_maritimum	pltd	1	u0+,u41-,u42+,u43+	4	38932	false	118691	2	3283	0.9731
Erodium_moschatum	pltd	1	u38-,u39+	2	24776	false	119035	1	1919	0.9841
Eryngium_campestre	pltd	1	u32+,u34+	2	4128	false	113746	1	17428	0.8671
Eryngium_maritimum	pltd	1	u20-,u21+	2	6788	false	112823	1	17311	0.867
Erythranthe_lutea	pltd	1	u5-,u347+,u348+	3	22496	false	129935	0	0	1.0
Euonymus_europaeus	pltd	1	u0+,u2-	2	12752	false	45148	1	87039	0.3415
Eupatorium_cannabinum	pltd	1	u33+,u34+,u35-	3	8362	false	128928	0	0	1.0
Euphorbia_amygdaloides	pltd	1	u1+,u41-,u42+	3	19922	false	46312	3	94449	0.329
Euphorbia_amygdaloides	pltd	2	u45-,u46-	2	308	false	127574	1	4782	0.9639
Euphorbia_exigua	pltd	1	u13-,u14-	2	1197	false	116949	1	19640	0.8562
Euphorbia_helioscopia	pltd	1	u24-,u25+,u26-	3	9021	false	136370	0	0	1.0
Euphorbia_lathyris	pltd	1	u0-,u4+	2	20298	false	27079	3	113971	0.192
Euphorbia_maculata	pltd	1	u22+,u24+	2	4224	false	117945	1	20171	0.854
Euphorbia_paralias	pltd	1	u0+,u94+,u95+	3	28986	false	136430	0	0	1.0
Euphorbia_peplus	pltd	1	u0+,u4-,u5+	3	40418	false	92364	3	45685	0.6691
Euphorbia_portlandica	pltd	1	u4-,u222+,u223-	3	14994	false	135776	0	0	1.0
Euphrasia_anglica	pltd	1	u6-,u247+	2	10363	false	109053	1	12598	0.8964
Euphrasia_confusa	pltd	1	u0+,u45+,u46+	3	20739	false	121002	0	0	1.0
Euphrasia_foulaensis	pltd	1	u4-,u5+	2	80	false	109556	1	12013	0.9012
Euphrasia_nemorosa	pltd	1	u1-,u5+	2	7396	false	109547	1	12017	0.9011
Euphrasia_tetraquetra	pltd	1	u1-,u7+	2	10870	false	109425	1	12691	0.8961
Euphrasia_tetraquetra	pltd	2	u59+,u61-	2	204	false	107410	1	18775	0.8512
Eurhynchium_striatum	pltd	1	u0-,u1+,u2+	3	1100	false	115572	0	0	1.0
Exsertotheca_crispa	pltd	1	u119-,u120+	2	2964	false	28770	1	89550	0.2432
Fagus_sylvatica	pltd	1	u4-,u38-	2	8492	false	112527	1	21391	0.8403
Fallopia_baldschuanica	pltd	1	u18+,u20-	2	10837	false	118078	1	16326	0.8785
Fallopia_convolvulus	pltd	1	u1-,u27+,u30-	3	37663	false	30494	6	107739	0.2206
Fallopia_sachalinensis	pltd	1	u89-,u90+,u91-	3	12679	false	134349	0	0	1.0
Fallopia_sachalinensis	pltd	2	u94+,u95+,u96-	3	10732	false	124384	0	0	1.0
Festuca_arundinacea	pltd	1	u6+,u7+,u8-	3	4172	false	115703	0	0	1.0
Festuca_gigantea	pltd	1	u20-,u21+,u22-	3	8540	false	115740	0	0	1.0
Festuca_heterophylla	pltd	1	u17+,u18+,u19-	3	6150	false	113889	0	0	1.0
Festuca_rubra	pltd	1	u27+,u28+,u29-	3	5032	false	113743	0	0	1.0
Festuca_vivipara	pltd	1	u38+,u39+,u40-	3	4452	false	113841	0	0	1.0
Ficaria_verna	pltd	1	u0+,u23+,u24-	3	13477	false	133438	0	0	1.0
Ficus_carica	pltd	1	u0-,u1-	2	11352	false	113946	1	22481	0.8352
Filago_lutescens	pltd	1	u16+,u17-	2	31011	false	108721	1	20602	0.8407
Filago_pyramidata	pltd	1	u2+,u12+,u13+	3	26932	false	129182	0	0	1.0
Filipendula_ulmaria	pltd	1	u61-,u62+	2	3290	false	110021	1	18896	0.8534
Filipendula_vulgaris	pltd	1	u0-,u1-	2	7976	false	110690	1	18855	0.8545
Filipendula_vulgaris	pltd	2	u2-,u73-,u74+	3	16470	false	130529	0	0	1.0
Fissidens_adianthoides	pltd	1	u0+,u14+,u15+	3	5655	false	116405	0	0	1.0
Fissidens_bryoides	pltd	1	u0-,u7-,u8+	3	5684	false	114386	0	0	1.0
Fissidens_dubius	pltd	1	u0+,u5-	2	2249	false	96559	1	20060	0.828
Fissidens_pusillus	pltd	1	u0+,u18+,u19+	3	5844	false	115479	0	0	1.0
Fissidens_taxifolius	pltd	1	u0+,u2+,u3+	3	2695	false	117316	0	0	1.0
Flexitrichum_flexicaule	pltd	1	u0+,u6-,u7+	3	3208	false	117988	0	0	1.0
Flexitrichum_gracile	pltd	1	u1-,u2+	2	741	false	29914	1	90062	0.2493
Fontinalis_squamosa	pltd	1	u10+,u12-	2	558	false	27907	1	88802	0.2391
Fragaria_moschata	pltd	1	u2+,u121+	2	37785	false	110670	1	20675	0.8426
Fragaria_vesca	pltd	1	u0-,u26+,u27+	3	26542	false	131330	0	0	1.0
Frangula_alnus	pltd	1	u15-,u16+,u18+	3	18957	false	48513	2	90458	0.3491
Frankenia_laevis	pltd	1	u2-,u30-	2	23506	false	26553	3	106124	0.2001
Fraxinus_excelsior	pltd	1	u72-,u73+	2	6929	false	112689	1	20426	0.8466
Fritillaria_meleagris	pltd	1	u21-,u800+,u802-	3	43146	false	109693	1	19408	0.8497
Fritillaria_meleagris	pltd	2	u3944-,u3945-	2	1859	false	44861	1	82908	0.3511
Fuchsia_magellanica	pltd	1	u0-,u1-	2	18635	false	113204	1	19869	0.8507
Fuchsia_magellanica	pltd	2	u113-,u114+,u115+	3	479	false	136057	0	0	1.0
Fumaria_bastardii	pltd	1	u3-,u53+,u55+	3	23709	false	82351	1	61756	0.5715
Fumaria_bastardii	pltd	2	u50-,u51+	2	16999	false	136701	1	7629	0.9471
Fumaria_densiflora	pltd	1	u6+,u345+,u346+	3	27918	false	128892	0	0	1.0
Fumaria_densiflora	pltd	2	u8+,u387+	2	15651	false	136353	1	6633	0.9536
Fumaria_muralis	pltd	1	u1+,u35+,u45+,u46+	4	238452	false	36001	16	122450	0.2272
Fumaria_occidentalis	pltd	1	u2-,u3-	2	763	false	137347	1	8010	0.9449
Fumaria_purpurea	pltd	1	u177+,u179+	2	4585	false	135826	1	7175	0.9498
Funaria_hygrometrica	pltd	1	u0-,u5+,u6-	3	5466	false	114425	0	0	1.0
Galanthus_nivalis	pltd	1	u13-,u14+	2	2908	false	112891	1	20426	0.8468
Galatella_linosyris	pltd	1	u13-,u14-	2	2312	false	111065	1	19291	0.852
Galeopsis_tetrahit	pltd	1	u3-,u44+,u45+	3	11734	false	128590	0	0	1.0
Galium_aparine	pltd	1	u0+,u5+,u6-	3	10412	false	127923	0	0	1.0
Galium_boreale	pltd	1	u1+,u17-,u18+	3	3593	false	129511	0	0	1.0
Galium_odoratum	pltd	1	u1-,u17-,u18+	3	12495	false	129058	0	0	1.0
Galium_saxatile	pltd	1	u0-,u6-,u7+	3	7102	false	129116	0	0	1.0
Galium_uliginosum	pltd	1	u36-,u37+	2	2551	false	111197	1	18165	0.8596
Galium_verum	pltd	1	u0-,u4+,u5+	3	3553	false	129165	0	0	1.0
Galium_verum	pltd	2	u11-,u12+,u13+	3	1030	false	115676	0	0	1.0
Geheebia_maxima	pltd	1	u13+,u14+,u15+	3	2354	false	115164	0	0	1.0
Genista_anglica	pltd	1	u0+,u2-	2	36191	false	107562	1	20559	0.8395
Genista_pilosa	pltd	1	u0+,u1+	2	7100	false	109949	1	19639	0.8485
Genista_tinctoria	pltd	1	u12+,u14-	2	5999	false	108731	1	19526	0.8478
Gentiana_pneumonanthe	pltd	1	u0+,u45-,u46-	3	11763	false	125074	0	0	1.0
Gentiana_verna	pltd	1	u39-,u40-	2	8181	false	106944	1	17714	0.8579
Gentianella_amarella	pltd	1	u2-,u184-,u185+	3	8286	false	128939	0	0	1.0
Gentianella_campestris	pltd	1	u0-,u433-,u434+	3	23384	false	128766	0	0	1.0
Geranium_dissectum	pltd	1	u5+,u7+,u3248-,u3249-	4	82629	false	5458	3	182502	0.029
Geranium_lucidum	pltd	1	u1-,u36-,u37+,u38+,u40+	5	48526	false	82911	3	63326	0.567
Geranium_molle	pltd	1	u3+,u224+,u235+,u236+,u238+,u239+,u240+,u243+,u244+,u6658-	10	627134	true	74232	26	132970	0.3583
Geranium_phaeum	pltd	1	u2+,u4+,u190+,u193+,u195+,u196-,u224-	7	742322	true	7802	81	283790	0.0268
Geranium_pratense	pltd	1	u2+,u3+,u5-,u45+	4	35186	true	5568	3	173127	0.0312
Geranium_pyrenaicum	pltd	1	u119-,u239+,u241+	3	38258	false	13857	12	194779	0.0664
Geranium_robertianum	pltd	1	u1+,u152-	2	26647	false	61737	1	84919	0.421
Geranium_rotundifolium	pltd	1	u48+,u106-,u107-	3	36977	false	73801	3	82798	0.4713
Geranium_sanguineum	pltd	1	u1-,u11-,u148+	3	243300	false	64203	12	125507	0.3384
Geranium_sylvaticum	pltd	1	u4+,u6+,u8+,u9+,u11-	5	296	true	81357	9	115628	0.413
Geum_rivale	pltd	1	u34-,u35+,u36+	3	4991	false	131587	0	0	1.0
Geum_urbanum	pltd	1	u0+,u15+,u16+	3	6682	false	131581	0	0	1.0
Ginkgo_biloba	pltd	1	u23+,u25-	2	1963	false	117644	1	23562	0.8331
Glaucium_flavum	pltd	1	u41+,u42+,u43-	3	27527	false	137234	0	0	1.0
Glaux_maritima	pltd	1	u0+,u20+,u21+	3	19336	false	129950	0	0	1.0
Glebionis_segetum	pltd	1	u0-,u8+,u10+	3	12205	false	106928	2	22840	0.824
Glechoma_hederacea	pltd	1	u0-,u259+	2	60410	false	84274	6	50085	0.6272
Glyceria_declinata	pltd	1	u29+,u475+,u476+	3	16688	false	115420	0	0	1.0
Glyceria_fluitans	pltd	1	u0+,u106+,u107-	3	16962	false	115554	0	0	1.0
Glyceria_maxima	pltd	1	u3-,u4+,u5+	3	5678	false	115676	0	0	1.0
Gnaphalium_supinum	pltd	1	u26+,u27+,u28+	3	9250	false	129587	0	0	1.0
Gnaphalium_uliginosum	pltd	1	u3+,u4+,u5-	3	6942	false	130814	0	0	1.0
Grimmia_atrata	pltd	1	u30-,u642-,u643+	3	5019	false	116559	0	0	1.0
Grimmia_decipiens	pltd	1	u1-,u23-,u24-	3	7144	false	116430	0	0	1.0
Grimmia_decipiens	pltd	2	u33+	1		false	18830	0	0	1.0
Grimmia_donniana	pltd	1	u8-,u9+	2	1546	false	28620	1	87984	0.2454
Grimmia_elongata	pltd	1	u0-,u22+,u23+	3	1561	false	116400	0	0	1.0
Grimmia_funalis	pltd	1	u0-,u1-,u2-	3	2693	false	116500	0	0	1.0
Grimmia_montana	pltd	1	u0-,u5+,u6-	3	3481	false	116329	0	0	1.0
Grimmia_pulvinata	pltd	1	u7-,u8-	2	1236	false	28632	1	87736	0.246
Grimmia_ramondii	pltd	1	u0-,u8-,u9-	3	2544	false	116382	0	0	1.0
Grimmia_trichophylla	pltd	1	u2-,u24-,u25+	3	4029	false	116944	0	0	1.0
Groenlandia_densa	pltd	1	u0-,u14+,u15+	3	5036	false	130442	0	0	1.0
Gunnera_tinctoria	pltd	1	u1+,u2+,u3-	3	2974	false	133099	0	0	1.0
Gymnadenia_conopsea	pltd	1	u0-,u5-,u6-	3	33015	false	128416	0	0	1.0
Gymnocarpium_robertianum	pltd	1	u1+,u34+	2	6571	false	106608	1	24118	0.8155
Gymnomitrion_concinnatum	pltd	1	u0+,u5-	2	1232	false	92185	1	22017	0.8072
Gymnomitrion_obtusum	pltd	1	u0+,u1+,u2-	3	743	false	113190	0	0	1.0
Gymnostomum_aeruginosum	pltd	1	u6+,u7+,u8+	3	718	false	113483	0	0	1.0
Halimione_portulacoides	pltd	1	u38+,u40+	2	756	false	115704	1	22140	0.8394
Halimione_portulacoides	pltd	2	u41+,u43+	2	8143	false	108340	1	19855	0.8451
Harpanthus_flotovianus	pltd	1	u0+,u25+,u26-	3	21585	false	112177	0	0	1.0
Hedera_helix	pltd	1	u0-,u51+,u53+	3	14789	false	112514	2	21812	0.8376
Hedera_hibernica	pltd	1	u1+,u107+,u108-	3	6236	false	132105	0	0	1.0
Hedera_hibernica	pltd	2	u123+,u124+,u125+	3	815	false	127363	0	0	1.0
Hedwigia_stellata	pltd	1	u5+,u7+	2	606	false	98257	1	19096	0.8373
Helianthemum_apenninum	pltd	1	u0+,u11+,u13-,u14+,u66-,u67-	6	56619	true	32890	28	178696	0.1554
Helianthemum_oelandicum	pltd	1	u0+,u2-,u8+	3	18288	true	125217	4	43741	0.7411
Helictochloa_pratensis	pltd	1	u34+,u35+,u36+	3	2997	false	114755	0	0	1.0
Helleborus_foetidus	pltd	1	u1-,u8+	2	8673	false	111961	1	19561	0.8513
Helleborus_viridis	pltd	1	u0-,u31-	2	12671	false	111422	1	19556	0.8507
Helminthotheca_echioides	pltd	1	u11+,u13+	2	3874	false	109984	1	18842	0.8537
Helminthotheca_echioides	pltd	2	u20-,u21+,u22+	3	217	false	129495	0	0	1.0
Helosciadium_nodiflorum	pltd	1	u0-,u1+,u2-	3	39948	false	128896	2	4579	0.9657
Heracleum_sphondylium	pltd	1	u30-,u31-	2	11142	false	111757	1	20049	0.8479
Herbertus_borealis	pltd	1	u0+,u2-	2	452	false	88768	1	21827	0.8026
Herbertus_hutchinsiae	pltd	1	u0+,u4+,u5+	3	3946	false	108714	0	0	1.0
Herbertus_stramineus	pltd	1	u2-,u3+	2	3574	false	28881	1	82312	0.2597
Herniaria_ciliolata	pltd	1	u0+,u29+	2	2621	false	110967	1	19697	0.8493
Herniaria_ciliolata	pltd	2	u30-,u31-	2	7316	false	106844	1	19344	0.8467
Hesperis_matronalis	pltd	1	u1+,u2+	2	4928	false	45127	1	86408	0.3431
Heterocladium_heteropterum	pltd	1	u0-,u16+,u17+	3	11173	false	116676	0	0	1.0
Hibiscus_tridactylites	pltd	1	u35-,u36+	2	2298	false	115494	1	21366	0.8439
Hibiscus_trionum	pltd	1	u26+,u28+	2	614	false	46067	1	91277	0.3354
Hibiscus_verdcourtii	pltd	1	u17-,u18+	2	4478	false	115959	1	21423	0.8441
Hieracium_aggregatifolium	pltd	1	u18+,u21+,u25+,u26+	4	13765	false	55565	5	76542	0.4206
Hieracium_attenboroughianum	pltd	1	u39-,u40+,u41-	3	8408	false	129584	0	0	1.0
Hieracium_britannicum	pltd	1	u35-,u36+,u37+	3	12734	false	129594	0	0	1.0
Hieracium_drummondii	pltd	1	u6-,u7+,u8+	3	2727	false	130183	0	0	1.0
Hieracium_radyrense	pltd	1	u50-,u51+,u52-	3	4065	false	129583	0	0	1.0
Hieracium_richianum	pltd	1	u15-,u16+,u17-	3	4471	false	129888	0	0	1.0
Hieracium_sabaudum	pltd	1	u16+,u17+,u18-	3	3859	false	129979	0	0	1.0
Hieracium_scullyi	pltd	1	u36+,u37+,u38+	3	3764	false	130238	0	0	1.0
Hieracium_snowdoniense	pltd	1	u5+,u6+,u7-	3	5882	false	129579	0	0	1.0
Hieracium_sp_SM_2023a	pltd	1	u1+,u25+,u26-	3	12181	false	129580	0	0	1.0
Hierochloe_odorata	pltd	1	u11+,u13+	2	9205	false	101555	1	15279	0.8692
Hippocrepis_comosa	pltd	1	u0+,u98-,u99-,u100+	4	49870	false	23906	5	107812	0.1815
Hippophae_rhamnoides	pltd	1	u16+,u17+,u18-	3	17990	false	131356	0	0	1.0
Hippuris_vulgaris	pltd	1	u130-,u131-	2	9755	false	108791	1	21017	0.8381
Holcus_lanatus	pltd	1	u29-,u30+,u31-	3	8465	false	115873	0	0	1.0
Holcus_mollis	pltd	1	u18+,u19+,u20+	3	9272	false	115872	0	0	1.0
Homalia_trichomanoides	pltd	1	u1+,u3-	2	544	false	28828	1	88225	0.2463
Homalothecium_sericeum	pltd	1	u0+,u1+,u2-	3	424	false	116351	0	0	1.0
Homogyne_alpina	pltd	1	u7-,u8+,u9-	3	6514	false	128556	0	0	1.0
Honckenya_peploides	pltd	1	u18-,u19+,u20+	3	9388	false	35482	4	95699	0.2705
Hookeria_lucens	pltd	1	u0+,u2+,u3-	3	5488	false	115869	0	0	1.0
Hordeum_murinum	pltd	1	u26+,u28-	2	3937	false	102485	1	13724	0.8819
Hordeum_vulgare	pltd	1	u0-,u18+,u19-	3	41004	false	115861	0	0	1.0
Hornungia_petraea	pltd	1	u0-,u69-	2	9506	false	107873	1	20371	0.8412
Hottonia_palustris	pltd	1	u0+,u2-,u3+	3	16365	false	128100	0	0	1.0
Humulus_lupulus	pltd	1	u3-,u4+,u5-	3	838	false	129486	0	0	1.0
Huperzia_selago	pltd	1	u2-,u18+	2	5561	false	42510	1	106345	0.2856
Hyacinthoides_non_scripta	pltd	1	u0-,u63+,u64+	3	12039	false	129437	0	0	1.0
Hydrocotyle_ranunculoides	pltd	1	u17-,u18+	2	7808	false	110675	1	21003	0.8405
Hydrocotyle_vulgaris	pltd	1	u0-,u48+,u49+	3	46126	false	128958	0	0	1.0
Hygrohypnum_duriusculum	pltd	1	u0+,u13-	2	7010	false	95772	1	21471	0.8169
Hylocomiadelphus_triquetrus	pltd	1	u3+,u34+,u37+,u193+	4	10516	false	13831	14	192381	0.0671
Hyocomium_armoricum	pltd	1	u12+,u325+,u326+	3	13457	false	115597	0	0	1.0
Hypericum_androsaemum	pltd	1	u4+,u6-	2	4411	false	37638	1	103141	0.2674
Hypericum_hircinum	pltd	1	u12+,u14+,u15+	3	14495	false	29619	3	113359	0.2072
Hypericum_hirsutum	pltd	1	u98-,u99-,u100+,u101+,u102+	5	81903	true	2917	26	154447	0.0185
Hypericum_linariifolium	pltd	1	u2+,u25+,u26+,u29+	4	21374	true	2113	12	142049	0.0147
Hypericum_maculatum	pltd	1	u0-,u20+,u25-	3	31837	false	111936	5	19323	0.8528
Hypericum_perforatum	pltd	1	u0+,u10+,u14+,u16+,u17+,u67-,u68+,u69-,u70-,u78-,u85-	11	456355	false	43725	42	136206	0.243
Hypericum_pulchrum	pltd	1	u0-,u3-,u4+,u7-	4	30818	false	39800	13	114823	0.2574
Hypericum_tetrapterum	pltd	1	u17-,u18+,u21+,u23+	4	22007	false	7397	7	130016	0.0538
Hypnum_andoi	pltd	1	u0+,u1+,u2+	3	446	false	116695	0	0	1.0
Hypnum_cupressiforme	pltd	1	u0+,u3-	2	1407	false	96091	1	20491	0.8242
Hypochaeris_maculata	pltd	1	u0+,u18-	2	7068	false	110121	1	18694	0.8549
Hypochaeris_radicata	pltd	1	u21-,u22+,u23-	3	11991	false	129557	0	0	1.0
Ilex_aquifolium	pltd	1	u51-,u52+,u53-	3	5505	false	132188	0	0	1.0
Impatiens_glandulifera	pltd	1	u57+,u58-	2	13309	false	83669	3	47843	0.6362
Impatiens_noli_tangere	pltd	1	u0-,u1+,u2-	3	30849	false	126861	2	4381	0.9666
Impatiens_parviflora	pltd	1	u0+,u1+,u152+	3	36909	false	127847	0	0	1.0
Inula_conyza	pltd	1	u61-,u62+,u63+	3	9819	false	128261	0	0	1.0
Inula_salicina	pltd	1	u88-,u89+,u90-	3	11091	false	128471	0	0	1.0
Iris_foetidissima	pltd	1	u3+,u17+	2	5920	false	108434	1	20755	0.8393
Iris_pseudacorus	pltd	1	u0-,u31-,u32-	3	20228	false	128806	0	0	1.0
Isolepis_cernua	pltd	1	u0-,u1+,u2+	3	4076	false	158041	0	0	1.0
Isopterygiella_pulchella	pltd	1	u0+,u15-	2	5282	false	96292	1	20876	0.8218
Isopterygiella_pulchella	pltd	2	u21-,u22+,u23-	3	848	false	108681	0	0	1.0
Isothecium_holtii	pltd	1	u0+,u2-	2	2361	false	97115	1	20849	0.8233
Isothecium_myosuroides	pltd	1	u13-,u14-	2	1423	false	97120	1	20824	0.8234
Jacobaea_erucifolia	pltd	1	u12-,u13+,u14-	3	12916	false	127713	0	0	1.0
Jacobaea_maritima	pltd	1	u0+,u117+,u118-	3	11266	false	127960	0	0	1.0
Jacobaea_vulgaris	pltd	1	u1-,u76-	2	6840	false	108933	1	20211	0.8435
Jasione_montana	pltd	1	u149-,u150+	2	4512	false	149272	1	6269	0.9597
Juglans_regia	pltd	1	u3-,u36+	2	58243	false	24720	3	113024	0.1795
Juncus_bufonius	pltd	1	u0-,u101-,u102-	3	8297	false	128523	0	0	1.0
Juncus_conglomeratus	pltd	1	u9-,u11+,u1743+	3	8351	false	84290	3	60134	0.5836
Juncus_effusus	pltd	1	u0+,u62+,u63-	3	7685	false	136446	0	0	1.0
Juncus_gerardii	pltd	1	u1-,u78+	2	4356	false	127522	1	8918	0.9346
Juncus_inflexus	pltd	1	u1-,u2+,u3+,u2051-	4	13146	false	125379	2	13160	0.905
Juncus_squarrosus	pltd	1	u0+,u12+,u13-	3	23807	false	41899	5	92473	0.3118
Juncus_tenuis	pltd	1	u0-,u1+	2	6958	false	121817	1	9041	0.9309
Juncus_tenuis	pltd	2	u4934+	1		false	17685	0	0	1.0
Jungermannia_exsertifolia	pltd	1	u0+,u2-	2	402	false	89914	1	21760	0.8051
Kali_turgidum	pltd	1	u43-,u44-	2	16918	false	109678	1	21320	0.8372
Kali_turgidum	pltd	2	u63-,u64-	2	1139	false	111197	1	18165	0.8596
Kalmia_procumbens	pltd	1	u4-,u5-	2	10521	false	159547	0	0	1.0
Kiaeria_blyttii	pltd	1	u0-,u10+,u11+	3	1648	false	117249	0	0	1.0
Kickxia_elatine	pltd	1	u0-,u137-,u138+	3	28131	false	127282	0	0	1.0
Kickxia_elatine	pltd	2	u139-,u141+	2	24912	false	27458	3	106574	0.2049
Knautia_arvensis	pltd	1	u94-,u95+,u96+	3	10365	false	134557	0	0	1.0
Koeleria_macrantha	pltd	1	u38-,u39+,u40+	3	5938	false	115939	0	0	1.0
Kurzia_trichoclados	pltd	1	u0+,u16-	2	2812	false	90253	1	21301	0.8091
Kurzia_trichoclados	pltd	2	u27-,u28+	2	260	false	89347	1	21738	0.8043
Laburnum_anagyroides	pltd	1	u0+,u3+	2	13541	false	109517	1	19228	0.8507
Lactuca_saligna	pltd	1	u0-,u17+,u18+	3	20778	false	129881	0	0	1.0
Lactuca_serriola	pltd	1	u0-,u1+,u3-	3	67515	false	129716	0	0	1.0
Lamium_album	pltd	1	u0+,u304-	2	38449	false	23611	3	105618	0.1827
Lamium_amplexicaule	pltd	1	u1-,u21+	2	16063	false	108820	1	18321	0.8559
Lamium_galeobdolon	pltd	1	u2-,u36-,u37+	3	27908	false	127981	0	0	1.0
Lamium_purpureum	pltd	1	u1+,u11+	2	13967	false	107602	1	19578	0.8461
Lapsana_communis	pltd	1	u56-,u57+,u58-	3	9080	false	128453	0	0	1.0
Lathraea_clandestina	pltd	1	u3+,u300+,u301+	3	25990	false	107447	0	0	1.0
Lathraea_clandestina	pltd	2	u442+	1		false	18563	0	0	1.0
Lathraea_clandestina	pltd	3	u450+	1		false	18563	0	0	1.0
Lathraea_clandestina	pltd	4	u534+	1		false	23592	0	0	1.0
Lathraea_clandestina	pltd	5	u1293+	1		false	11234	0	0	1.0
Lathraea_clandestina	pltd	6	u1885+	1		false	14629	0	0	1.0
Lathraea_squamaria	pltd	1	u235-,u236+,u237+	3	14328	false	126452	0	0	1.0
Lathyrus_aphaca	pltd	1	u0+,u1-	2	49	true	149122	0	0	1.0
Lathyrus_pratensis	pltd	1	u0-,u3+,u54+,u55+,u56-,u57+	6	60445	false	126777	3	38424	0.7674
Leersia_oryzoides	pltd	1	u6+,u7+,u8-	3	7633	false	115859	0	0	1.0
Lemna_japonica	pltd	1	u1+,u5+,u7+	3	951	false	123088	2	14973	0.8915
Lemna_japonica	pltd	2	u2+,u8+	2	10713	false	45954	1	92253	0.3325
Lemna_minuta	pltd	1	u26-,u27+,u28+	3	3424	false	137280	0	0	1.0
Lemna_minuta	pltd	2	u29-,u30+	2	151	false	109006	1	19638	0.8473
Lemna_trisulca	pltd	1	u4+,u95-	2	15695	false	46067	1	91877	0.334
Leontodon_hispidus	pltd	1	u70-,u71+,u72+	3	15102	false	128579	0	0	1.0
Leontodon_saxatilis	pltd	1	u10+,u554-,u555-	3	78847	false	128868	0	0	1.0
Lepidium_campestre	pltd	1	u0-,u1-	2	20373	false	110494	1	19923	0.8472
Lepidium_didymum	pltd	1	u0-,u1+	2	16426	false	111051	1	19800	0.8487
Lepidium_draba	pltd	1	u0-,u1+,u70+	3	21004	false	129447	0	0	1.0
Lepidium_heterophyllum	pltd	1	u54-,u55+	2	29751	false	110336	1	19958	0.8468
Lepidium_latifolium	pltd	1	u0-,u1-	2	23936	false	111455	1	19586	0.8505
Lepidozia_cupressina	pltd	1	u1-,u36-	2	7426	false	90451	1	21651	0.8069
Lepidozia_reptans	pltd	1	u0+,u10-,u11+,u12-	4	34736	false	110542	3	5604	0.9518
Leucanthemum_vulgare	pltd	1	u1+,u19+,u20-	3	6101	false	127239	0	0	1.0
Leucobryum_glaucum	pltd	1	u0+,u7+,u8-	3	2957	false	116294	0	0	1.0
Leucobryum_juniperoideum	pltd	1	u1+,u11-,u12-	3	1142	false	116753	0	0	1.0
Leucojum_aestivum	pltd	1	u81+,u82+,u83+	3	6543	false	133082	0	0	1.0
Levisticum_officinale	pltd	1	u0+,u37+,u38+	3	10585	false	132796	0	0	1.0
Lewinskya_affinis	pltd	1	u17-,u18-	2	1122	false	29377	1	87020	0.2524
Lewinskya_rupestris	pltd	1	u19+,u21+	2	1331	false	28503	1	87889	0.2449
Lewinskya_speciosa	pltd	1	u27-,u28-	2	811	false	29285	1	86396	0.2532
Ligusticum_scoticum	pltd	1	u0-,u38-,u40+	3	14779	false	45134	2	86052	0.344
Ligustrum_vulgare	pltd	1	u0-,u9+	2	13151	false	31888	3	102782	0.2368
Limonium_binervosum	pltd	1	u0+,u134-	2	22769	false	113602	1	15775	0.8781
Limosella_aquatica	pltd	1	u1+,u31+	2	27908	false	108346	1	18474	0.8543
Linaria_purpurea	pltd	1	u3-,u57+,u58-	3	42893	false	126531	0	0	1.0
Linaria_repens	pltd	1	u35-,u36-	2	611	false	108095	1	18575	0.8534
Linaria_vulgaris	pltd	1	u0-,u1+,u13+	3	18513	false	126516	0	0	1.0
Linnaea_borealis	pltd	1	u6+,u142-,u143+	3	35185	false	134163	0	0	1.0
Linum_bienne	pltd	1	u0+,u103+,u104-,u105+	4	36409	false	122364	3	10319	0.9222
Linum_catharticum	pltd	1	u0-,u40+,u41-	3	14188	false	128364	0	0	1.0
Lithospermum_officinale	pltd	1	u17+,u736+,u737+	3	39396	false	126517	0	0	1.0
Littorella_uniflora	pltd	1	u6+,u8-	2	1157	false	109151	1	20259	0.8435
Lobelia_dortmanna	pltd	1	u6-,u7+,u8+	3	42109	false	128266	0	0	1.0
Lobelia_urens	pltd	1	u18+,u19+,u1289+	3	65122	false	129548	0	0	1.0
Loeskeobryum_brevirostre	pltd	1	u1+,u12+,u13+	3	6372	false	116962	0	0	1.0
Logfia_minima	pltd	1	u0-,u15-,u16-	3	6896	false	129103	0	0	1.0
Lolium_perenne	pltd	1	u100+,u101+,u103+,u105+,u113-	5	26467	false	30454	21	106114	0.223
Lonicera_periclymenum	pltd	1	u41+,u43+	2	3337	false	112221	1	20658	0.8445
Lonicera_periclymenum	pltd	2	u47+	1		false	26695	0	0	1.0
Lophocolea_bispinosa	pltd	1	u0+,u2+,u3-	3	12691	false	109237	0	0	1.0
Lophozia_ventricosa	pltd	1	u1-,u134+	2	6561	false	81435	5	33667	0.7075
Lophozia_ventricosa	pltd	2	u61+	1		true	142013	0	0	1.0
Lotus_corniculatus	pltd	1	u0+,u44-	2	2819	false	108251	1	18888	0.8514
Lotus_pedunculatus	pltd	1	u1+,u63+,u64+,u396+	4	49202	false	89011	4	42223	0.6783
Lotus_tenuis	pltd	1	u6-,u35+	2	34475	false	22474	5	107849	0.1724
Ludwigia_grandiflora	pltd	1	u159+,u161+	2	9188	false	115767	1	20962	0.8467
Lunaria_annua	pltd	1	u1+,u3-	2	19002	false	45794	1	85668	0.3483
Lunularia_cruciata	pltd	1	u0+,u4-	2	11098	false	30577	1	82137	0.2713
Luzula_campestris	pltd	1	u373+,u10170-	2	2158	false	116681	1	20290	0.8519
Luzula_campestris	pltd	2	u13146-,u13147-	2	115	false	109491	1	19638	0.8479
Luzula_pallescens	pltd	1	u0-,u17-	2	6623	false	135092	1	9061	0.9371
Luzula_spicata	pltd	1	u0-,u1+,u44+	3	18172	false	143313	0	0	1.0
Luzula_sylvatica	pltd	1	u0-,u39+,u40+,u41-	4	35548	false	66465	2	79669	0.4548
Lycopodium_clavatum	pltd	1	u0-,u1-	2	3128	false	131475	1	23536	0.8482
Lycopus_europaeus	pltd	1	u0-,u1-	2	13337	false	109253	1	20273	0.8435
Lycopus_europaeus	pltd	2	u42+	1		true	128683	0	0	1.0
Lysimachia_nemorum	pltd	1	u0+,u13+,u14-	3	28656	false	128499	0	0	1.0
Lysimachia_nummularia	pltd	1	u5+,u6+,u7+	3	5580	false	130320	0	0	1.0
Lysimachia_thyrsiflora	pltd	1	u1+,u53+,u54+	3	21980	false	131737	0	0	1.0
Lysimachia_vulgaris	pltd	1	u1+,u26+,u27-	3	7878	false	130125	0	0	1.0
Lythrum_hyssopifolia	pltd	1	u13+,u14+,u15-	3	35414	false	134146	0	0	1.0
Lythrum_salicaria	pltd	1	u0-,u20-,u21+	3	32900	false	135136	0	0	1.0
Malus_domestica	pltd	1	u7-,u140-	2	4879	false	113547	1	21627	0.84
Malus_domestica	pltd	2	u137+,u138+,u139+	3	2633	false	136101	0	0	1.0
Malus_sylvestris	pltd	1	u43+,u44+,u45-	3	13856	false	135799	0	0	1.0
Malus_x_robusta	pltd	1	u44-,u45+,u46-	3	8314	false	136044	0	0	1.0
Malva_arborea	pltd	1	u2+,u37+,u229+	3	35241	false	45764	3	89852	0.3375
Malva_neglecta	pltd	1	u0-,u173+	2	15771	false	86855	7	54849	0.6129
Malva_sylvestris	pltd	1	u4-,u186+,u187-,u188-	4	42800	false	133058	4	6531	0.9532
Marchantia_polymorpha	pltd	1	u3+,u75+	2	4216	false	90005	1	22326	0.8012
Marchantia_quadrata	pltd	1	u0+,u3-,u4+	3	12398	false	113193	0	0	1.0
Marsupella_aquatica	pltd	1	u4-,u5+	2	1801	false	30242	1	83669	0.2655
Marsupella_emarginata	pltd	1	u2-,u3+	2	4973	false	30265	1	83622	0.2657
Mastigophora_woodsii	pltd	1	u0-,u7+,u8+	3	6422	false	112994	0	0	1.0
Matricaria_chamomilla	pltd	1	u12+,u13-	2	11790	false	83724	3	44615	0.6524
Matricaria_chamomilla	pltd	2	u15+,u17+	2	261	false	109463	1	20359	0.8432
Matricaria_discoidea	pltd	1	u1+,u4+	2	30478	false	107813	1	18788	0.8516
Matthiola_sinuata	pltd	1	u0-,u1-	2	21060	false	110648	1	20467	0.8439
Meconopsis_cambrica	pltd	1	u42+,u44+	2	3651	false	44098	1	84527	0.3428
Medicago_lupulina	pltd	1	u0-,u6+,u563-	3	29394	false	114441	5	15739	0.8791
Meesia_triquetra	pltd	1	u14-,u481+,u482+	3	14257	false	115898	0	0	1.0
Melampyrum_pratense	pltd	1	u0-,u33+,u34-	3	14442	false	120344	0	0	1.0
Melampyrum_sylvaticum	pltd	1	u29+,u30+,u31-	3	5127	false	119849	0	0	1.0
Melica_uniflora	pltd	1	u9+,u10+,u11-	3	11230	false	114741	0	0	1.0
Melilotus_altissimus	pltd	1	u0+,u19+	2	26076	false	102994	8	36281	0.7395
Melissa_officinalis	pltd	1	u110+,u112+	2	5295	false	109373	1	18839	0.8531
Melittis_melissophyllum	pltd	1	u0+,u39+,u40-	3	45904	false	127580	0	0	1.0
Mentha_aquatica	pltd	1	u0-,u49+,u50-	3	21860	false	128700	0	0	1.0
Mentha_arvensis	pltd	1	u1-,u43+,u44+	3	26916	false	128703	0	0	1.0
Mercurialis_annua	pltd	1	u0+,u89-,u90-	3	56060	false	22743	10	126881	0.152
Mercurialis_perennis	pltd	1	u1+,u10+	2	10515	false	116996	1	20040	0.8538
Mesoptychia_bantriensis	pltd	1	u8+,u9+	2	3580	false	30065	1	84201	0.2631
Mesoptychia_rutheana	pltd	1	u0-,u8+,u9-	3	6982	false	112418	0	0	1.0
Metzgeria_conjugata	pltd	1	u0+,u1+,u2+	3	12117	false	109293	0	0	1.0
Metzgeria_furcata	pltd	1	u0-,u1-,u2-	3	9863	false	109797	0	0	1.0
Metzgeria_violacea	pltd	1	u0+,u2+	2	1143	false	27396	1	81801	0.2509
Meum_athamanticum	pltd	1	u4-,u437-	2	8418	false	111226	1	20401	0.845
Milium_effusum	pltd	1	u44-,u45+	2	3134	false	34671	1	81911	0.2974
Mimulus_peregrinus	pltd	1	u668-,u669+	2	11381	false	110256	1	19763	0.848
Misopates_orontium	pltd	1	u0-,u1+	2	15276	false	108312	1	20331	0.842
Mnium_stellare	pltd	1	u0-,u22-,u23-	3	4871	false	116834	0	0	1.0
Moehringia_trinervia	pltd	1	u0-,u1-	2	19631	false	108417	1	19342	0.8486
Molinia_caerulea	pltd	1	u35+,u36+,u37-	3	12108	false	116550	0	0	1.0
Mollugo_verticillata	pltd	1	u0-,u58+,u59+	3	38454	false	129936	0	0	1.0
Monotropa_hypopitys	pltd	1	u16+,u17-	2	1996	false	36275	1	2142	0.9442
Montia_fontana	pltd	1	u0+,u19-	2	16528	false	43636	1	85521	0.3379
Myosotis_alpestris	pltd	1	u0-,u34-,u35+	3	3725	false	123767	0	0	1.0
Myosotis_ramosissima	pltd	1	u26+,u1990-,u1991-	3	38335	false	125709	0	0	1.0
Myosotis_sylvatica	pltd	1	u0+,u1+,u2-	3	24418	false	123247	3	4748	0.9629
Myrica_gale	pltd	1	u19+,u20+,u21-	3	15077	false	135458	0	0	1.0
Myriophyllum_alterniflorum	pltd	1	u1+,u45-,u46-	3	7208	false	134508	0	0	1.0
Myriophyllum_aquaticum	pltd	1	u1-,u101+,u102+	3	15666	false	135689	0	0	1.0
Myriophyllum_aquaticum	pltd	2	u2+,u117+,u118+	3	14887	false	134556	0	0	1.0
Myriophyllum_spicatum	pltd	1	u26+,u28-	2	3255	false	44975	1	90312	0.3324
Myrrhis_odorata	pltd	1	u0+,u65+,u66+	3	16797	false	129248	0	0	1.0
Narcissus_pseudonarcissus	pltd	1	u16-,u17+	2	8137	false	114266	1	18430	0.8611
Nardia_scalaris	pltd	1	u0-,u22+,u23+	3	5319	false	113290	0	0	1.0
Narthecium_ossifragum	pltd	1	u3+,u20-	2	13500	false	111756	1	18527	0.8578
Nasturtium_officinale	pltd	1	u0+,u54+,u55+	3	20355	false	130002	0	0	1.0
Neckera_pumila	pltd	1	u6-,u7+	2	511	false	96959	1	20600	0.8248
Neoorthocaulis_attenuatus	pltd	1	u9-,u10+,u14+	3	11243	false	30103	8	92482	0.2456
Neoorthocaulis_floerkei	pltd	1	u0+,u1+,u2+	3	193	false	110907	0	0	1.0
Neottia_nidus_avis	pltd	1	u10-,u11-	2	1109	false	60810	1	8698	0.8749
Neottia_ovata	pltd	1	u0-,u1+,u2-	3	2895	false	132122	0	0	1.0
Nigella_damascena	pltd	1	u0+,u6-,u7+	3	10403	false	131865	0	0	1.0
Niphotrichum_ericoides	pltd	1	u22+,u24+	2	731	false	28512	1	87142	0.2465
Nowellia_curvifolia	pltd	1	u33-,u34+,u35+	3	2537	false	106599	0	0	1.0
Nuphar_pumila	pltd	1	u2+,u52+	2	9791	false	117203	1	20294	0.8524
Nymphaea_alba	pltd	1	u2+,u137+,u138-	3	23988	false	136536	0	0	1.0
Nymphoides_peltata	pltd	1	u282-,u283-	2	7357	false	109550	1	19541	0.8486
Odontites_vernus	pltd	1	u110-,u1398-,u1399-	3	37994	false	129356	0	0	1.0
Odontoschisma_sphagni	pltd	1	u3+,u43+,u44+	3	5394	false	109617	0	0	1.0
Oedipodium_griffithianum	pltd	1	u0-,u3-,u4+	3	10895	false	123419	2	3198	0.9747
Oenanthe_crocata	pltd	1	u1+,u3+	2	13886	false	112355	1	18621	0.8578
Oenanthe_lachenalii	pltd	1	u53-,u3351+	2	13393	false	112271	1	17348	0.8662
Oenanthe_pimpinelloides	pltd	1	u0-,u10+,u11+	3	32967	false	130633	0	0	1.0
Oenothera_biennis	pltd	1	u0-,u1-	2	13182	false	117323	1	22098	0.8415
Oligotrichum_hercynicum	pltd	1	u6-,u134+	2	5882	false	96933	1	21728	0.8169
Onoclea_sensibilis	pltd	1	u1-,u48+	2	4525	false	43179	1	84158	0.3391
Onopordum_acanthium	pltd	1	u4+,u107-,u108+	3	49084	false	130475	0	0	1.0
Ophioglossum_vulgatum	pltd	1	u1+,u6+	2	8872	false	110103	1	22023	0.8333
Ophrys_apifera	pltd	1	u0+,u1+,u2+	3	19220	false	123548	0	0	1.0
Orchis_mascula	pltd	1	u0-,u4-	2	3851	false	106529	1	17105	0.8616
Oreojuncus_trifidus	pltd	1	u0-,u19+	2	7443	false	46324	1	93428	0.3315
Oreojuncus_trifidus	pltd	2	u224-,u225-	2	47	false	109004	0	0	1.0
Origanum_vulgare	pltd	1	u0-,u65-,u66+	3	17656	false	128427	0	0	1.0
Origanum_vulgare	pltd	2	u62-,u63+,u64+	3	6235	false	128951	0	0	1.0
Ornithopus_perpusillus	pltd	1	u0-,u35+	2	9610	false	42575	1	84810	0.3342
Orobanche_alba	pltd	1	u1+,u78+,u79-	3	10956	false	68994	0	0	1.0
Orobanche_hederae	pltd	1	u2+,u86+,u87+	3	9944	false	73117	0	0	1.0
Orobanche_minor	pltd	1	u15-,u16+,u17-	3	4247	false	72480	0	0	1.0
Orontium_aquaticum	pltd	1	u0-,u1+	2	1213	false	119605	1	16101	0.8814
Orthothecium_rufescens	pltd	1	u2+,u87+,u88-	3	9507	false	116244	0	0	1.0
Orthotrichum_anomalum	pltd	1	u9-,u10+	2	620	false	29409	1	87689	0.2511
Orthotrichum_lyellii	pltd	1	u1+,u17+,u18-	3	3167	false	114980	0	0	1.0
Orthotrichum_pulchellum	pltd	1	u1-,u2+,u3+	3	1000	false	114948	0	0	1.0
Orthotrichum_striatum	pltd	1	u5+,u7-	2	1248	false	28502	1	88077	0.2445
Oxalis_acetosella	pltd	1	u0+,u1-,u2+,u16-	4	35308	false	109735	1	19002	0.8524
Oxybasis_chenopodioides	pltd	1	u0+,u1+,u7047-,u7048-	4	174803	false	72054	8	62177	0.5368
Oxyria_digyna	pltd	1	u2-,u2315-,u2316-,u2317-	4	372177	false	29436	4	106768	0.2161
Palustriella_falcata	pltd	1	u3+,u5+	2	204	false	108390	1	15312	0.8762
Papaver_rhoeas	pltd	1	u3+,u79-	2	7556	false	109463	1	19650	0.8478
Papaver_somniferum	pltd	1	u143+,u145+,u146-	3	32460	false	109332	2	19962	0.8456
Parietaria_judaica	pltd	1	u3+,u102-	2	4045	false	108359	1	21281	0.8358
Parnassia_palustris	pltd	1	u202-,u204+,u205+,u206-	4	23633	false	41513	2	86375	0.3246
Parthenocissus_inserta	pltd	1	u0+,u1+,u17-	3	50075	false	136341	0	0	1.0
Pastinaca_sativa	pltd	1	u54-,u55+,u56+	3	8471	false	131885	0	0	1.0
Paulownia_tomentosa	pltd	1	u1-,u110-,u111+	3	29468	false	129649	2	4348	0.9676
Pedicularis_palustris	pltd	1	u1-,u198-	2	24231	false	106843	1	17541	0.859
Pedicularis_sylvatica	pltd	1	u83+,u85+	2	2697	false	118841	1	6756	0.9462
Pentaglottis_sempervirens	pltd	1	u51-,u52+,u53+	3	7731	false	123896	0	0	1.0
Persicaria_amphibia	pltd	1	u11-,u12-	2	5852	false	116347	1	14594	0.8885
Persicaria_hydropiper	pltd	1	u10-,u11-	2	3964	false	115321	1	14781	0.8864
Persicaria_maculosa	pltd	1	u0+,u8+,u10-	3	8274	false	24127	3	106533	0.1847
Persicaria_nepalensis	pltd	1	u13-,u14+	2	7088	false	43917	1	85561	0.3392
Petalophyllum_ralfsii	pltd	1	u0-,u3-	2	1590	false	28605	1	88724	0.2438
Petasites_albus	pltd	1	u4+,u5+,u6+	3	17637	false	128442	0	0	1.0
Petasites_fragrans	pltd	1	u1-,u23+	2	12638	false	108707	1	20224	0.8431
Petasites_hybridus	pltd	1	u1-,u6+,u39-	3	27548	false	84282	7	52274	0.6172
Petasites_japonicus	pltd	1	u1-,u51+,u52+	3	10064	false	128137	0	0	1.0
Phacelia_tanacetifolia	pltd	1	u275+,u276+,u277-	3	39162	false	128863	0	0	1.0
Phaeoceros_laevis	pltd	1	u1-,u2+	2	1732	false	34670	1	116735	0.229
Phalaris_arundinacea	pltd	1	u12+,u14-	2	4271	false	100597	1	15339	0.8677
Phegopteris_connectilis	pltd	1	u0+,u50-	2	6400	false	107116	1	23581	0.8196
Phleum_pratense	pltd	1	u67+,u69+	2	4710	false	100937	1	15354	0.868
Phragmites_australis	pltd	1	u19-,u20+	2	7179	false	34955	1	82571	0.2974
Physcomitrium_patens	pltd	1	u2-,u3+	2	5060	false	27834	1	87489	0.2414
Phyteuma_orbiculare	pltd	1	u0+,u1-,u10+,u11+	4	50828	false	95811	9	74174	0.5636
Phyteuma_spicatum	pltd	1	u0+,u3+,u12-,u14+	4	88955	false	67585	10	97276	0.41
Phytolacca_acinosa	pltd	1	u0-,u3-	2	3747	false	45210	1	87492	0.3407
Pilosella_aurantiaca	pltd	1	u19+,u20+,u21-	3	7050	false	130169	0	0	1.0
Pilosella_officinarum	pltd	1	u39+,u40+,u41-	3	8712	false	130012	0	0	1.0
Pilularia_globulifera	pltd	1	u1+,u59+,u60-	3	10589	false	130164	0	0	1.0
Pimpinella_saxifraga	pltd	1	u0+,u60+,u61-	3	16962	false	129996	0	0	1.0
Pinguicula_vulgaris	pltd	1	u1+,u13-	2	19223	false	108598	1	16699	0.8667
Plagiochila_asplenioides	pltd	1	u1+,u2+	2	1117	false	27648	1	82005	0.2521
Plagiochila_carringtonii	pltd	1	u3-,u4+	2	1856	false	27706	1	81702	0.2532
Plagiothecium_denticulatum	pltd	1	u27-,u28+	2	20203	false	28685	1	87796	0.2463
Plantago_coronopus	pltd	1	u1+,u182+,u382-,u383+	4	115014	false	59683	14	81268	0.4234
Plantago_lanceolata	pltd	1	u0-,u3+	2	4595	false	42710	1	84364	0.3361
Plantago_lanceolata	pltd	2	u58+,u60-	2	5469	false	42803	1	84202	0.337
Plantago_major	pltd	1	u0+,u23+,u25+,u27+	4	171427	false	37718	7	97479	0.279
Plantago_maritima	pltd	1	u0-,u1-	2	28339	false	115607	1	11563	0.9091
Platanus_orientalis	pltd	1	u0+,u1+,u2+	3	6463	false	138127	0	0	1.0
Platanus_x_hispanica	pltd	1	u2+,u3+,u4+	3	8786	false	138127	0	0	1.0
Pleuridium_subulatum	pltd	1	u2-,u3+	2	313	false	28345	1	87384	0.2449
Poa_alpina	pltd	1	u23-,u24+,u25+	3	8571	false	115481	0	0	1.0
Poa_chaixii	pltd	1	u43-,u44+,u45+	3	7719	false	115909	0	0	1.0
Poa_infirma	pltd	1	u49+,u50+,u51-	3	3780	false	115259	0	0	1.0
Poa_nemoralis	pltd	1	u98-,u99-	2	2902	false	34196	1	81413	0.2958
Poa_trivialis	pltd	1	u20-,u21+,u22+	3	7177	false	115035	0	0	1.0
Poa_trivialis	pltd	2	u23-,u24+	2	1458	false	106941	1	20766	0.8374
Pogonatum_aloides	pltd	1	u1+,u29-	2	1868	false	28367	1	89775	0.2401
Pohlia_annotina	pltd	1	u0-,u21+,u22-	3	5423	false	116222	0	0	1.0
Pohlia_cruda	pltd	1	u1+,u19+,u20+	3	6748	false	116681	0	0	1.0
Pohlia_nutans	pltd	1	u2+,u54-,u55-	3	12096	false	116738	0	0	1.0
Pohlia_wahlenbergii	pltd	1	u0-,u3+,u4+	3	7548	false	117061	0	0	1.0
Polygala_serpyllifolia	pltd	1	u3+,u4+,u61+	3	9066	false	130333	0	0	1.0
Polygala_vulgaris	pltd	1	u0+,u2+,u3+	3	2506	false	130248	0	0	1.0
Polygonum_aviculare	pltd	1	u0-,u1+	2	6051	false	119459	1	15192	0.8872
Polygonum_maritimum	pltd	1	u3-,u503+,u8042+	3	64580	false	120275	4	16637	0.8785
Polypodium_vulgare	pltd	1	u4-,u66+	2	5506	false	48104	1	84560	0.3626
Polypogon_viridis	pltd	1	u14+,u16-	2	1588	false	101574	1	15202	0.8698
Polystichum_lonchitis	pltd	1	u0-,u58+,u59+	3	21760	false	128647	0	0	1.0
Polystichum_setiferum	pltd	1	u9-,u10+,u11+,u12-	4	4256	false	106524	2	35584	0.7496
Polytrichastrum_sexangulare	pltd	1	u41-,u42+,u43-	3	4523	false	119615	0	0	1.0
Polytrichum_commune	pltd	1	u0+,u4-	2	2687	false	28740	1	90598	0.2408
Polytrichum_formosum	pltd	1	u0+,u5+,u6-	3	14074	false	118851	0	0	1.0
Polytrichum_juniperinum	pltd	1	u2-,u3+	2	6169	false	28168	1	90466	0.2374
Polytrichum_piliferum	pltd	1	u4-,u33+,u34-	3	10445	false	117473	0	0	1.0
Polytrichum_strictum	pltd	1	u16+,u17+	2	2229	false	28331	1	90546	0.2383
Pontederia_cordata	pltd	1	u3+,u87+	2	15077	false	116168	1	21120	0.8462
Populus_alba	pltd	1	u7-,u551-	2	12471	false	43283	1	87378	0.3313
Populus_nigra	pltd	1	u3-,u4+,u5-	3	34104	false	130507	0	0	1.0
Populus_tremula	pltd	1	u1+,u48+,u49+	3	24038	false	130556	0	0	1.0
Porella_arboris_vitae	pltd	1	u0+,u3-	2	8841	false	92993	1	19979	0.8232
Porella_cordaeana	pltd	1	u0-,u3-	2	5033	false	93655	1	20601	0.8197
Potamogeton_alpinus	pltd	1	u1+,u17-	2	2535	false	112316	1	19580	0.8515
Potamogeton_berchtoldii	pltd	1	u8-,u448+,u450-	3	14980	false	112863	2	22072	0.8364
Potamogeton_coloratus	pltd	1	u1+,u95+	2	1826	false	112178	1	19429	0.8524
Potamogeton_compressus	pltd	1	u5-,u336+,u337+	3	18765	false	46380	2	88783	0.3431
Potamogeton_epihydrus	pltd	1	u6-,u487+,u489+,u5800-,u5801-,u5802-	6	54260	false	23409	10	124726	0.158
Potamogeton_friesii	pltd	1	u2-,u12+,u13-	3	1501	false	132915	0	0	1.0
Potamogeton_gramineus	pltd	1	u122-,u123+,u124-	3	2842	false	132196	0	0	1.0
Potamogeton_lucens	pltd	1	u4+,u319-,u320+	3	10232	false	112622	2	22011	0.8365
Potamogeton_natans	pltd	1	u2+,u91+	2	4669	false	112512	1	19548	0.852
Potamogeton_nodosus	pltd	1	u4-,u128+	2	22858	false	113266	1	19580	0.8526
Potamogeton_obtusifolius	pltd	1	u3-,u193+,u194-	3	8041	false	132647	0	0	1.0
Potamogeton_perfoliatus	pltd	1	u1+,u300+	2	6372	false	112550	1	19488	0.8524
Potamogeton_polygonifolius	pltd	1	u11+,u1108-,u1109+,u1110+,u6056+	5	70212	false	46402	5	96262	0.3253
Potamogeton_polygonifolius	pltd	2	u1830+,u1831+,u1832-	3	5793	false	116476	0	0	1.0
Potamogeton_praelongus	pltd	1	u2+,u317+,u320+	3	16369	false	114762	3	22677	0.835
Potamogeton_pusillus	pltd	1	u0+,u18-	2	9074	false	112925	1	20030	0.8493
Potamogeton_rutilus	pltd	1	u24+,u1436-	2	4686	false	43925	1	89143	0.3301
Potamogeton_trichoides	pltd	1	u8+,u622+,u623+	3	6316	false	132475	0	0	1.0
Potentilla_anglica	pltd	1	u0+,u5-	2	20196	false	112063	1	21315	0.8402
Potentilla_anserina	pltd	1	u55-,u56+	2	2388	false	110178	1	21168	0.8388
Potentilla_crantzii	pltd	1	u0+,u6+,u7+	3	33480	false	132941	0	0	1.0
Potentilla_crantzii	pltd	2	u104-,u105+,u106-	3	777	false	127236	0	0	1.0
Potentilla_erecta	pltd	1	u1-,u9-	2	13386	false	110898	1	21286	0.839
Potentilla_indica	pltd	1	u0+,u16-	2	10781	false	111513	1	21198	0.8403
Potentilla_reptans	pltd	1	u0-,u38-	2	11451	false	112046	1	21313	0.8402
Potentilla_sterilis	pltd	1	u27-,u28+	2	7337	false	110427	1	20977	0.8404
Potentilla_verna	pltd	1	u0+,u60-	2	8132	false	111913	1	21040	0.8417
Poterium_sanguisorba	pltd	1	u11+,u13+	2	4504	false	111226	1	19138	0.8532
Primula_farinosa	pltd	1	u11+,u13+	2	4504	false	111226	1	19138	0.8532
Primula_scotica	pltd	1	u1-,u2-	2	20392	false	111221	1	19141	0.8532
Primula_veris	pltd	1	u108+,u109+,u110+	3	18731	false	128851	0	0	1.0
Primula_vulgaris	pltd	1	u0-,u30-,u31-	3	9528	false	128751	0	0	1.0
Primula_vulgaris	pltd	2	u39+	1		false	40643	0	0	1.0
Prunella_vulgaris	pltd	1	u1-,u103+,u104+	3	32045	false	126773	0	0	1.0
Prunus_avium	pltd	1	u0-,u1+	2	22092	false	113297	1	21446	0.8408
Prunus_domestica	pltd	1	u0+,u14+,u15-	3	14028	false	133469	0	0	1.0
Prunus_laurocerasus	pltd	1	u2+,u3+,u4+	3	3370	false	134549	0	0	1.0
Prunus_lusitanica	pltd	1	u14-,u15+,u16+	3	4908	false	135507	0	0	1.0
Prunus_padus	pltd	1	u2+,u50+	2	23115	false	114071	1	21245	0.843
Prunus_spinosa	pltd	1	u0+,u38+,u39-	3	15630	false	133378	0	0	1.0
Pseudisothecium_interludens	pltd	1	u0-,u21+,u22+	3	13487	false	117967	0	0	1.0
Pseudobryum_cinclidioides	pltd	1	u0+,u123+,u124+	3	24146	false	116756	0	0	1.0
Pseudofumaria_lutea	pltd	1	u74-,u75+,u76+	3	9372	false	145064	0	0	1.0
Pseudognaphalium_luteoalbum	pltd	1	u1+,u13+	2	5758	false	43183	1	88008	0.3292
Pseudoscleropodium_purum	pltd	1	u0-,u9+,u10-	3	5363	false	116134	0	0	1.0
Pseudotaxiphyllum_elegans	pltd	1	u3-,u50-	2	9137	false	96578	1	20431	0.8254
Pteridium_aquilinum	pltd	1	u0+,u1+,u2+	3	960	false	130593	0	0	1.0
Pterigynandrum_filiforme	pltd	1	u0+,u9-	2	4151	false	96067	1	20504	0.8241
Ptilidium_ciliare	pltd	1	u2-,u5+	2	8105	false	89606	1	21711	0.805
Ptilium_crista_castrensis	pltd	1	u1+,u54+,u55-	3	15699	false	116377	0	0	1.0
Ptychomitrium_polyphyllum	pltd	1	u19+,u21-	2	638	false	95497	1	20532	0.823
Ptychostomum_cyclophyllum	pltd	1	u0-,u3-,u4+	3	11260	false	114587	0	0	1.0
Ptychostomum_pallens	pltd	1	u0+,u52+,u53+	3	7324	false	113022	2	3256	0.972
Puccinellia_maritima	pltd	1	u24-,u25+,u26-	3	5916	false	115248	0	0	1.0
Pulicaria_dysenterica	pltd	1	u18-,u19+,u20-	3	8519	false	128517	0	0	1.0
Pulicaria_vulgaris	pltd	1	u75+,u76+,u77+	3	9589	false	128638	0	0	1.0
Pyrola_rotundifolia	pltd	1	u2-,u48-,u49-	3	18733	false	145537	0	0	1.0
Pyrus_communis	pltd	1	u66+,u67+,u68+	3	6052	false	135961	0	0	1.0
Quercus_cerris	pltd	1	u20+,u21+,u22-	3	8740	false	136819	0	0	1.0
Quercus_ilex	pltd	1	u0+,u75+,u76+	3	18368	false	136803	0	0	1.0
Quercus_petraea	pltd	1	u1+,u15+,u16-	3	29245	false	136819	0	0	1.0
Quercus_robur	pltd	1	u1+,u26+,u27-	3	34437	false	136813	0	0	1.0
Racomitrium_heterostichum	pltd	1	u3+,u5+	2	572	false	28216	1	87405	0.244
Radula_complanata	pltd	1	u4+,u25+,u26-	3	9414	false	111813	0	0	1.0
Ranunculus_acris	pltd	1	u12-,u14+,u16-	3	16475	false	111573	1	20552	0.8445
Ranunculus_auricomus	pltd	1	u0+,u2-	2	11825	false	110327	1	22212	0.8324
Ranunculus_bulbosus	pltd	1	u1+,u20+	2	9381	false	110992	1	20914	0.8414
Ranunculus_flammula	pltd	1	u24-,u25-	2	3605	false	112787	1	19330	0.8537
Ranunculus_omiophyllus	pltd	1	u0-,u1+	2	1057	false	110805	1	22561	0.8308
Ranunculus_repens	pltd	1	u0-,u13-	2	5802	false	110992	1	20325	0.8452
Ranunculus_sardous	pltd	1	u17-,u18+	2	13447	false	111747	1	19069	0.8542
Ranunculus_sceleratus	pltd	1	u17-,u18-	2	5887	false	110320	1	22108	0.8331
Raphanus_raphanistrum	pltd	1	u24-,u624+	2	55838	false	24772	2	105853	0.1896
Reseda_lutea	pltd	1	u3-,u4+	2	48087	false	109144	1	19518	0.8483
Reseda_luteola	pltd	1	u0-,u3+,u4+	3	33464	false	129187	0	0	1.0
Reynoutria_japonica	pltd	1	u11+,u12+,u13-	3	5610	false	134512	0	0	1.0
Rhabdoweisia_crispata	pltd	1	u0+,u1+,u2-	3	3763	false	116135	0	0	1.0
Rhamnus_cathartica	pltd	1	u1+,u42-,u45+	3	30691	false	48192	3	93365	0.3404
Rhinanthus_minor	pltd	1	u93-,u94-	2	17498	false	109322	1	11690	0.9034
Rhodiola_rosea	pltd	1	u48-,u49+	2	7817	false	43214	1	85209	0.3365
Rhodiola_rosea	pltd	2	u71-,u72+	2	144	false	107132	1	19260	0.8476
Rhodobryum_roseum	pltd	1	u1-,u26+,u27-	3	9949	false	116943	0	0	1.0
Rhododendron_ponticum	pltd	1	u1-,u314+,u315-	3	23126	false	161118	0	0	1.0
Rhynchospora_alba	pltd	1	u22+,u347+,u349+,u352+,u353-	5	52015	false	121193	4	23507	0.8375
Rhynchostegiella_tenella	pltd	1	u0+,u1-,u2+	3	1371	false	115527	0	0	1.0
Rhynchostegium_confertum	pltd	1	u0+,u1+,u2-	3	2705	false	116229	0	0	1.0
Rhynchostegium_megapolitanum	pltd	1	u0+,u1+,u2+	3	2866	false	116064	0	0	1.0
Rhynchostegium_riparioides	pltd	1	u0-,u1+,u2+	3	161	false	115994	0	0	1.0
Rhytidiadelphus_loreus	pltd	1	u35+,u37+	2	1970	false	28740	1	87922	0.2464
Rhytidium_rugosum	pltd	1	u8-,u9-	2	1145	false	27536	1	87928	0.2385
Ribes_nigrum	pltd	1	u5-,u6-	2	16692	false	113212	1	19788	0.8512
Ribes_rubrum	pltd	1	u0+,u1+,u19-	3	113201	false	130816	3	7044	0.9489
Ribes_uva_crispa	pltd	1	u3-,u66-	2	22336	false	45274	1	89130	0.3369
Riccardia_palmata	pltd	1	u1+,u56-	2	10418	false	28821	1	81706	0.2608
Riccia_beyrichiana	pltd	1	u1-,u11+,u13+	3	13918	false	31696	2	83146	0.276
Riccia_sorocarpa	pltd	1	u2-,u41-	2	5290	false	92142	1	21879	0.8081
Robinia_pseudoacacia	pltd	1	u4-,u1739-,u1740+	3	59040	false	25120	6	113980	0.1806
Rorippa_islandica	pltd	1	u0-,u1+	2	15606	false	111397	1	20114	0.8471
Rorippa_sylvestris	pltd	1	u0-,u1-	2	20994	false	110300	1	20269	0.8448
Rosa_agrestis	pltd	1	u22+,u23+,u24+	3	7054	false	133090	0	0	1.0
Rosa_canina	pltd	1	u19-,u20+,u21+	3	5346	false	132739	0	0	1.0
Rosa_rubiginosa	pltd	1	u0+,u45+,u47-	3	5815	false	111285	1	21278	0.8395
Rosa_rugosa	pltd	1	u7+,u8+,u9-	3	4528	false	133170	0	0	1.0
Rosa_spinosissima	pltd	1	u0+,u73+,u75+,u76-	4	23876	false	133383	1	2667	0.9804
Rosulabryum_capillare	pltd	1	u11-,u662+,u663+	3	25198	false	114814	0	0	1.0
Rubus_caesius	pltd	1	u56+,u57+,u58+	3	9465	false	133218	0	0	1.0
Rubus_chamaemorus	pltd	1	u41-,u42-	2	7170	false	111715	1	21333	0.8397
Rubus_idaeus	pltd	1	u48+,u49+,u50+	3	10767	false	131339	0	0	1.0
Rubus_saxatilis	pltd	1	u0+,u72+,u73+	3	36096	false	133161	0	0	1.0
Rumex_acetosa	pltd	1	u0+,u33+,u34+,u38-	4	9650	false	130932	3	5339	0.9608
Rumex_acetosella	pltd	1	u2+,u73+,u76-	3	15942	false	49694	5	83488	0.3731
Rumex_hydrolapathum	pltd	1	u0-,u2+,u3+	3	11043	false	130858	0	0	1.0
Rumex_obtusifolius	pltd	1	u5-,u6+,u7-	3	8657	false	130564	0	0	1.0
Rumex_sanguineus	pltd	1	u44+,u46+,u47+,u49+,u50+,u52+,u53+,u55+,u56+,u58+,u59+,u361-	12	99788	false	34585	43	140842	0.1971
Ruppia_maritima	pltd	1	u27+,u246+	2	6241	false	114415	1	19825	0.8523
Ruscus_aculeatus	pltd	1	u0-,u1+	2	129	false	44549	1	84452	0.3453
Sabulina_verna	pltd	1	u6+,u51+	2	6352	false	110728	1	18163	0.8591
Saccogyna_viticulosa	pltd	1	u3-,u55-	2	13999	false	8205	5	107872	0.0707
Sagina_nodosa	pltd	1	u45-,u46-	2	3701	false	108246	1	20006	0.844
Sagina_procumbens	pltd	1	u10-,u11+,u12-	3	10152	false	127697	0	0	1.0
Salicornia_ramosissima	pltd	1	u0+,u1-	2	21282	false	109241	1	20689	0.8408
Salix_alba	pltd	1	u0-,u1+	2	34684	false	113042	1	17175	0.8681
Salix_arbuscula	pltd	1	u3+,u88+	2	11064	false	112602	1	17080	0.8683
Salix_aurita	pltd	1	u37+,u38+,u108-	3	73318	false	129453	0	0	1.0
Salix_caprea	pltd	1	u0-,u59-,u60+	3	14366	false	129439	0	0	1.0
Salix_cinerea	pltd	1	u1+,u120+	2	8712	false	112699	1	17085	0.8684
Salix_euxina	pltd	1	u6-,u7-	2	11403	false	113026	1	17177	0.8681
Salix_herbacea	pltd	1	u3-,u215+	2	15936	false	112889	1	17097	0.8685
Salix_lanata	pltd	1	u0-,u1+	2	32171	false	112623	1	17085	0.8683
Salix_lapponum	pltd	1	u3+,u57+	2	10852	false	112683	1	17086	0.8683
Salix_myrsinifolia	pltd	1	u1+,u173+	2	10713	false	112607	1	17090	0.8682
Salix_myrsinifolia	pltd	2	u192-,u193+,u194-	3	2690	false	129967	0	0	1.0
Salix_pentandra	pltd	1	u0-,u1+,u18+,u180+	4	112693	false	113057	3	22421	0.8345
Salix_phylicifolia	pltd	1	u0+,u7+,u8-	3	4743	false	130184	0	0	1.0
Salix_purpurea	pltd	1	u0-,u1+,u2-	3	19898	false	129362	0	0	1.0
Salix_repens	pltd	1	u2+,u28+	2	7841	false	112684	1	17084	0.8683
Salix_reticulata	pltd	1	u44+,u45+,u128+	3	105319	false	129567	0	0	1.0
Salix_triandra	pltd	1	u1+,u3+	2	23129	false	112804	1	17092	0.8684
Salix_viminalis	pltd	1	u0-,u15-,u16+	3	9075	false	129396	0	0	1.0
Salvia_pratensis	pltd	1	u14-,u556+,u557+	3	22868	false	128100	0	0	1.0
Salvia_verbenaca	pltd	1	u1+,u59-,u60+	3	53737	false	127739	0	0	1.0
Sambucus_ebulus	pltd	1	u9-,u10-	2	1869	false	113554	1	19587	0.8529
Sambucus_nigra	pltd	1	u14-,u15-	2	4092	false	113274	1	19751	0.8515
Samolus_valerandi	pltd	1	u0-,u31-	2	21753	false	111124	1	19221	0.8525
Samolus_valerandi	pltd	2	u34+,u35+,u36+	3	1989	false	135734	0	0	1.0
Sanguisorba_minor	pltd	1	u2+,u72+,u74+	3	14449	false	30678	10	127070	0.1945
Sanicula_europaea	pltd	1	u15+,u17-	2	2720	false	113711	1	17322	0.8678
Saponaria_officinalis	pltd	1	u3-,u61+,u62+	3	9778	false	127615	0	0	1.0
Sarmentypnum_exannulatum	pltd	1	u0-,u5+,u6+	3	2835	false	116021	0	0	1.0
Sarmentypnum_sarmentosum	pltd	1	u0-,u8+,u10-	3	2455	false	96294	2	23111	0.8064
Sarracenia_purpurea	pltd	1	u1-,u23+,u24+	3	12843	false	129242	0	0	1.0
Saxifraga_aizoides	pltd	1	u0-,u1+	2	43666	false	110107	1	19093	0.8522
Saxifraga_cernua	pltd	1	u0-,u13+,u14+	3	21653	false	126923	0	0	1.0
Saxifraga_cespitosa	pltd	1	u5+,u7-	2	4461	false	108443	1	18294	0.8557
Saxifraga_hirsuta	pltd	1	u1+,u3-	2	14857	false	110405	1	19267	0.8514
Saxifraga_hypnoides	pltd	1	u1+,u24+,u25-	3	13513	false	125719	0	0	1.0
Saxifraga_oppositifolia	pltd	1	u54-,u55-	2	2513	false	109912	1	18384	0.8567
Saxifraga_tridactylites	pltd	1	u0+,u1-	2	23285	false	108196	1	19365	0.8482
Scabiosa_columbaria	pltd	1	u7-,u307+,u309-	3	38187	false	21783	5	119369	0.1543
Scapania_compacta	pltd	1	u14-,u15+,u19+	3	3250	false	30712	8	91025	0.2523
Scapania_gracilis	pltd	1	u0-,u2+,u3-	3	3727	false	110936	0	0	1.0
Scapania_irrigua	pltd	1	u13+,u15-	2	1929	false	28212	1	81759	0.2565
Scapania_ornithopodioides	pltd	1	u4+,u5+	2	1274	false	29211	1	81417	0.264
Scapania_uliginosa	pltd	1	u65-,u66-	2	1851	false	28436	1	81615	0.2584
Scapania_undulata	pltd	1	u1-,u23+,u24+	3	7315	false	110408	0	0	1.0
Scheuchzeria_palustris	pltd	1	u1+,u296-,u297-	3	29067	false	135566	0	0	1.0
Schistidium_strictum	pltd	1	u2-,u23-	2	901	false	95756	1	20500	0.8237
Schoenoplectus_lacustris	pltd	1	u2-,u11-,u12+,u13+,u14+	5	12775	true	175713	0	0	1.0
Schoenoplectus_tabernaemontani	pltd	1	u0-,u1+,u2+,u7+,u8+	5	69941	true	175595	0	0	1.0
Schoenoplectus_triqueter	pltd	1	u0+,u58+,u304-,u305-	4	16122	false	134634	7	47760	0.7381
Schoenus_ferrugineus	pltd	1	u2+,u1227+	2	13055	false	38203	7	111442	0.2553
Schoenus_nigricans	pltd	1	u2-,u191+	2	7644	false	38163	5	108166	0.2608
Scilla_verna	pltd	1	u132+,u133+,u134-	3	20299	false	131020	0	0	1.0
Scirpus_sylvaticus	pltd	1	u2-,u9+	2	5893	false	140774	1	11751	0.923
Sciuro_hypnum_glaciale	pltd	1	u0+,u1+,u2-	3	8771	false	116936	0	0	1.0
Sciuro_hypnum_plumosum	pltd	1	u0+,u7+,u8+	3	3870	false	115899	0	0	1.0
Scleranthus_perennis	pltd	1	u0+,u11-	2	24219	false	35153	1	93043	0.2742
Scorpidium_scorpioides	pltd	1	u0-,u1+,u2+	3	1497	false	116042	0	0	1.0
Scorzonera_humilis	pltd	1	u0+,u28-,u29-	3	18352	false	130332	0	0	1.0
Scorzoneroides_autumnalis	pltd	1	u52+,u54+	2	5776	false	109225	1	20206	0.8439
Scorzoneroides_autumnalis	pltd	2	u61-,u62+,u63+	3	3463	false	128951	0	0	1.0
Scrophularia_auriculata	pltd	1	u0+,u42-	2	7376	false	110306	1	18051	0.8594
Scrophularia_umbrosa	pltd	1	u0-,u14-	2	6948	false	109652	1	18422	0.8562
Scrophularia_vernalis	pltd	1	u0-,u1+,u6671+,u6672+	4	305296	false	37912	16	107921	0.26
Scutellaria_galericulata	pltd	1	u0-,u77+	2	11724	false	43207	1	86569	0.3329
Scutellaria_minor	pltd	1	u0-,u1+	2	8374	false	110263	1	20160	0.8454
Sedum_acre	pltd	1	u1+,u85+,u86+	3	11825	false	126029	0	0	1.0
Sedum_album	pltd	1	u0+,u2+,u3+	3	8965	false	124859	0	0	1.0
Sedum_anglicum	pltd	1	u0+,u3+,u4+	3	44620	false	125877	0	0	1.0
Selaginella_selaginoides	pltd	1	u233+,u237+,u3996+,u3997+,u3998-,u4000+,u4017+,u4029+	8	372844	false	7073	102	209260	0.0327
Senecio_eboracensis	pltd	1	u1+,u15-,u16-	3	16716	false	128513	0	0	1.0
Senecio_squalidus	pltd	1	u2-,u37+	2	25277	false	42490	1	85744	0.3313
Senecio_sylvaticus	pltd	1	u1-,u13-,u14+	3	18443	false	128490	0	0	1.0
Senecio_viscosus	pltd	1	u0-,u14-,u15-	3	29380	false	128522	0	0	1.0
Senecio_vulgaris	pltd	1	u10+,u12-	2	3803	false	109104	1	20259	0.8434
Senecio_vulgaris	pltd	2	u18-,u19+,u20-	3	167	false	123896	0	0	1.0
Sesleria_caerulea	pltd	1	u6-,u7-	2	1232	false	34813	1	81416	0.2995
Sherardia_arvensis	pltd	1	u2-,u38-,u39-	3	32181	false	129323	0	0	1.0
Sibbaldia_procumbens	pltd	1	u3-,u4-	2	1060	false	109567	1	20685	0.8412
Sibthorpia_europaea	pltd	1	u31-,u32+,u33+	3	4705	false	125426	0	0	1.0
Silaum_silaus	pltd	1	u1-,u22+,u24+,u25-	4	14870	false	130827	0	0	1.0
Silene_acaulis	pltd	1	u37-,u38+,u39-	3	6474	false	43233	3	89752	0.3251
Silene_dioica	pltd	1	u3-,u4+	2	401	false	109038	1	18502	0.8549
Silene_flos_cuculi	pltd	1	u0-,u1-	2	3440	false	106950	1	19260	0.8474
Silene_latifolia	pltd	1	u1+,u46-	2	11551	false	42955	1	83863	0.3387
Silene_uniflora	pltd	1	u0+,u16-	2	13522	false	43463	1	82761	0.3443
Silene_vulgaris	pltd	1	u128-,u129+,u130-	3	12394	false	126118	0	0	1.0
Sinapis_arvensis	pltd	1	u1+,u3+	2	85302	false	110814	1	20319	0.8451
Sisymbrium_altissimum	pltd	1	u0-,u1+	2	23312	false	111475	1	20364	0.8455
Sisymbrium_officinale	pltd	1	u0-,u1-	2	22961	false	110379	1	20123	0.8458
Sisyrinchium_bermudianum	pltd	1	u2+,u40+,u41-	3	10324	false	126894	0	0	1.0
Sium_latifolium	pltd	1	u0-,u78+,u79+	3	26418	false	130648	0	0	1.0
Smyrnium_perfoliatum	pltd	1	u1-,u73+,u75+	3	72652	false	12918	10	132831	0.0886
Solanum_crispum	pltd	1	u10-,u11+,u12-	3	4844	false	131266	0	0	1.0
Solanum_dulcamara	pltd	1	u0-,u1-	2	8900	false	110854	1	19667	0.8493
Solanum_nigrum	pltd	1	u10-,u11+,u12-	3	43005	false	130711	0	0	1.0
Soleirolia_soleirolii	pltd	1	u21+,u1043+,u1044-	3	64697	false	129898	0	0	1.0
Solenostoma_gracillimum	pltd	1	u1+,u3+	2	2217	false	29300	1	82382	0.2624
Solidago_canadensis	pltd	1	u24-,u25-	2	2629	false	110012	1	20765	0.8412
Solidago_virgaurea	pltd	1	u0+,u6+,u7-	3	5613	false	130184	0	0	1.0
Sonchus_arvensis	pltd	1	u17-,u18+	2	2619	false	112607	1	17090	0.8682
Sonchus_arvensis	pltd	2	u20-,u21+,u22+	3	1131	false	129700	0	0	1.0
Sonchus_asper	pltd	1	u0+,u1+,u278-	3	73631	false	129620	0	0	1.0
Sonchus_asper	pltd	2	u417+,u418+,u419+	3	4204	false	129910	0	0	1.0
Sonchus_oleraceus	pltd	1	u0+,u70-,u71+	3	31190	false	129789	0	0	1.0
Sorbus_bristoliensis	pltd	1	u0+,u1+,u2+,u66-	4	59808	false	134501	3	4524	0.9675
Sorbus_cuneifolia	pltd	1	u0-,u1+	2	18328	false	114071	1	21789	0.8396
Sorbus_devoniensis	pltd	1	u30+,u31+,u32-	3	5820	false	135928	0	0	1.0
Sorbus_hibernica	pltd	1	u2+,u51+,u52+	3	17116	false	136336	0	0	1.0
Southbya_tophacea	pltd	1	u2+,u15+	2	2658	false	29335	1	83351	0.2603
Sparganium_angustifolium	pltd	1	u1+,u6+	2	12064	false	116104	1	21306	0.8449
Sparganium_emersum	pltd	1	u0-,u4+,u5-	3	11809	false	136153	0	0	1.0
Sparganium_erectum	pltd	1	u1-,u51+	2	5310	false	116060	1	19752	0.8546
Sparganium_natans	pltd	1	u0-,u14-	2	17080	false	115714	1	19410	0.8564
Spergula_arvensis	pltd	1	u33+,u35+	2	8009	false	110220	1	17563	0.8626
Spergularia_bocconei	pltd	1	u0-,u1+	2	11505	false	109635	1	19160	0.8512
Spergularia_marina	pltd	1	u0+,u1+	2	9642	false	109522	1	19158	0.8511
Spergularia_media	pltd	1	u2-,u3+,u101+,u102-	4	44671	false	128496	0	0	1.0
Spergularia_rubra	pltd	1	u0+,u55-	2	7630	false	110105	1	19105	0.8521
Sphagnum_angustifolium	pltd	1	u0-,u1+,u2-	3	331	false	131159	0	0	1.0
Sphagnum_capillifolium	pltd	1	u0+,u2+	2	342	false	32731	1	97410	0.2515
Sphagnum_compactum	pltd	1	u0-,u1+,u7-	3	1791	false	131786	0	0	1.0
Sphagnum_contortum	pltd	1	u0+,u10+	2	2525	false	32720	1	98469	0.2494
Sphagnum_fallax	pltd	1	u0+,u1+,u6+	3	2143	false	131231	0	0	1.0
Sphagnum_fimbriatum	pltd	1	u0-,u17+,u18-	3	1415	false	130206	0	0	1.0
Sphagnum_girgensohnii	pltd	1	u4-,u5+	2	1561	false	32662	1	98042	0.2499
Sphagnum_inundatum	pltd	1	u0+,u4-	2	1448	false	32583	1	98420	0.2487
Sphagnum_lindbergii	pltd	1	u0-,u2+,u3+	3	2125	false	130187	0	0	1.0
Sphagnum_medium	pltd	1	u0+,u2-	2	1849	false	32801	1	98675	0.2495
Sphagnum_palustre	pltd	1	u0+,u2-	2	1465	false	32719	1	98784	0.2488
Sphagnum_papillosum	pltd	1	u0+,u1+,u5-	3	1611	false	131408	0	0	1.0
Sphagnum_riparium	pltd	1	u0-,u2-	2	1712	false	107985	1	23691	0.8201
Sphagnum_rubellum	pltd	1	u0-,u1-	2	768	false	107250	1	23663	0.8192
Sphagnum_squarrosum	pltd	1	u0-,u26-	2	8004	false	32655	1	97519	0.2509
Sphagnum_tenellum	pltd	1	u1+,u7+	2	2690	false	32735	1	98491	0.2495
Sphagnum_teres	pltd	1	u0-,u23+,u24+	3	4274	false	130243	0	0	1.0
Spinacia_oleracea	pltd	1	u0-,u45+,u46-	3	18436	false	127581	0	0	1.0
Spiraea_salicifolia	pltd	1	u32-,u33+,u34+	3	4790	false	131731	0	0	1.0
Spirodela_polyrhiza	pltd	1	u0+,u1+,u2+	3	34964	false	137777	5	7117	0.9509
Spirodela_polyrhiza	pltd	2	u2363+,u2364+,u2365+	3	185	false	136907	0	0	1.0
Spirodela_polyrhiza	pltd	3	u4663+	1		false	10912	0	0	1.0
Splachnum_sphaericum	pltd	1	u70-,u71+,u72-	3	717	false	115568	0	0	1.0
Stachys_alpina	pltd	1	u6-,u97+,u98-	3	37878	false	126567	0	0	1.0
Stachys_palustris	pltd	1	u63+,u64+,u65+	3	7304	false	126412	0	0	1.0
Stachys_sylvatica	pltd	1	u0-,u46+,u47-	3	27822	false	126369	0	0	1.0
Stachys_sylvatica	pltd	2	u73+,u75+	2	1471	false	106860	1	20702	0.8377
Stellaria_alsine	pltd	1	u0+,u75+,u76+	3	21249	false	123905	0	0	1.0
Stellaria_graminea	pltd	1	u113+,u114+,u116+,u117-	4	355	false	128371	1	21331	0.8575
Stellaria_graminea	pltd	2	u118-,u119-	2	8951	false	106710	1	19264	0.8471
Stellaria_holostea	pltd	1	u1-,u50+	2	4699	false	105604	1	19005	0.8475
Stellaria_media	pltd	1	u2-,u7+	2	6274	false	101022	1	14898	0.8715
Stellaria_palustris	pltd	1	u110-,u111+	2	5438	false	107107	1	19302	0.8473
Stereodon_callichrous	pltd	1	u1-,u2+,u3-	3	1383	false	116114	0	0	1.0
Straminergon_stramineum	pltd	1	u16+,u17+,u18-	3	2098	false	115899	0	0	1.0
Struthiopteris_spicant	pltd	1	u1+,u35+	2	11088	false	46695	1	84344	0.3563
Stuckenia_filiformis	pltd	1	u6-,u142+,u143-	3	2453	false	132413	0	0	1.0
Stuckenia_pectinata	pltd	1	u2-,u71+,u72+	3	6498	false	131776	0	0	1.0
Suaeda_maritima	pltd	1	u0+,u3+	2	22731	false	43974	1	85130	0.3406
Suaeda_vera	pltd	1	u1-,u371-	2	30756	false	81885	4	47043	0.6351
Succisa_pratensis	pltd	1	u43+,u45-	2	5252	false	115704	1	22140	0.8394
Symphytum_tuberosum	pltd	1	u2+,u172+,u173+	3	42803	false	122635	0	0	1.0
Syntrichia_ruraliformis	pltd	1	u0-,u21+,u22-	3	5189	false	113566	0	0	1.0
Syringa_vulgaris	pltd	1	u0+,u29-,u30+	3	36484	false	132059	0	0	1.0
Tamarix_gallica	pltd	1	u22+,u24-	2	6327	false	110947	1	19998	0.8473
Tanacetum_parthenium	pltd	1	u0+,u28+,u29-	3	23646	false	136813	0	0	1.0
Tanacetum_vulgare	pltd	1	u3+,u18-	2	4740	false	106904	1	20890	0.8365
Tellima_grandiflora	pltd	1	u0+,u1+,u38+	3	28270	false	130716	0	0	1.0
Tephroseris_palustris	pltd	1	u41+,u42+,u43-	3	18996	false	128368	0	0	1.0
Tetraplodon_mnioides	pltd	1	u0+,u16+,u17+	3	2180	false	115689	0	0	1.0
Teucrium_botrys	pltd	1	u1-,u2+,u3+	3	21054	false	127024	0	0	1.0
Teucrium_chamaedrys	pltd	1	u0+,u34-	2	7441	false	108425	1	18237	0.856
Teucrium_scorodonia	pltd	1	u43-,u44+	2	5732	false	108435	1	18846	0.8519
Thalictrum_alpinum	pltd	1	u0-,u2+,u4+,u10+	4	86777	false	131145	0	0	1.0
Thalictrum_flavum	pltd	1	u0+,u37+,u38-	3	16705	false	131363	0	0	1.0
Thalictrum_minus	pltd	1	u2-,u28+,u29+	3	8095	false	131409	0	0	1.0
Thamnobryum_alopecurum	pltd	1	u0-,u14+,u15+	3	3129	false	117405	0	0	1.0
Thelypteris_palustris	pltd	1	u1-,u48-,u49+,u53+	4	11008	false	128282	3	5132	0.9615
Thuidium_delicatulum	pltd	1	u5+,u6+,u7+	3	1568	false	116743	0	0	1.0
Thuidium_tamariscinum	pltd	1	u1-,u2+,u3-	3	1534	false	116582	0	0	1.0
Thymus_drucei	pltd	1	u83-,u84+	2	5118	false	109015	1	20226	0.8435
Thymus_pulegioides	pltd	1	u147+,u149-	2	6398	false	109099	1	20237	0.8435
Thymus_serpyllum	pltd	1	u0-,u1+	2	7102	false	109034	1	20225	0.8435
Tilia_cordata	pltd	1	u0-,u1+,u7+,u758-	4	48412	false	139880	2	2964	0.9793
Tofieldia_pusilla	pltd	1	u1-,u4+	2	4746	false	43053	1	87218	0.3305
Torilis_japonica	pltd	1	u7+,u312+	2	6400	false	114038	1	17836	0.8647
Tortella_tortuosa	pltd	1	u2-,u3+	2	1514	false	29342	1	85342	0.2559
Tragopogon_porrifolius	pltd	1	u0+,u205-,u206-	3	17454	false	130557	0	0	1.0
Tragopogon_pratensis	pltd	1	u1+,u44-,u45+	3	15554	false	130631	0	0	1.0
Tricholepidozia_tetradactyla	pltd	1	u0+,u3+,u4+	3	26654	false	29658	4	85392	0.2578
Trichophorum_cespitosum	pltd	1	u0-,u1-	2	6891	false	139734	1	12149	0.92
Trichostomum_littorale	pltd	1	u0+,u3+,u4-	3	2864	false	116102	0	0	1.0
Trifolium_bocconei	pltd	1	u4-,u301-,u302-	3	24009	false	159439	1	2317	0.9857
Trifolium_medium	pltd	1	u0+,u1-,u84-,u86+	4	72128	false	99901	14	61692	0.6182
Trifolium_occidentale	pltd	1	u59+,u12846-	2	40141	false	82853	1	51560	0.6164
Trifolium_ochroleucon	pltd	1	u0-,u1+,u185+	3	23806	false	50946	12	111190	0.3142
Trifolium_subterraneum	pltd	1	u0-,u360-	2	18461	false	74699	1	69490	0.5181
Triglochin_maritima	pltd	1	u1+,u137+	2	8057	false	110459	1	22112	0.8332
Triglochin_palustris	pltd	1	u1+,u26+,u27+	3	11178	false	132072	0	0	1.0
Tripleurospermum_maritimum	pltd	1	u11+,u13+	2	6681	false	106860	1	20702	0.8377
Tripleurospermum_maritimum	pltd	2	u16+	1		false	22709	0	0	1.0
Tripolium_pannonicum	pltd	1	u1+,u13+,u14-	3	8981	false	128739	0	0	1.0
Trocdaris_verticillatum	pltd	1	u215+,u216+,u217+	3	8603	false	135992	0	0	1.0
Trollius_europaeus	pltd	1	u2+,u15+	2	10761	false	116100	1	19690	0.855
Tulipa_sylvestris	pltd	1	u0+,u1+,u2+	3	2679	false	127203	0	0	1.0
Turritis_glabra	pltd	1	u1-,u2+	2	12420	false	110048	1	20524	0.8428
Tussilago_farfara	pltd	1	u0+,u4-	2	24289	false	108528	1	20557	0.8407
Typha_latifolia	pltd	1	u4-,u5+,u6+	3	2206	false	135760	0	0	1.0
Ulex_europaeus	pltd	1	u51-,u97-,u98-	3	5793	false	24425	3	105667	0.1878
Ulex_minor	pltd	1	u15-,u41-,u42-	3	7487	false	24423	3	106864	0.186
Ulmus_glabra	pltd	1	u1+,u8+	2	8499	false	114809	1	21407	0.8428
Ulmus_minor	pltd	1	u0-,u6-	2	17437	false	114830	1	21377	0.8431
Ulmus_plotii	pltd	1	u1-,u66-	2	14832	false	108115	1	18725	0.8524
Ulmus_procera	pltd	1	u2+,u22+	2	8737	false	114890	1	21358	0.8432
Ulota_crispa	pltd	1	u7-,u8+	2	1553	false	29408	1	86343	0.2541
Ulota_phyllantha	pltd	1	u7+,u9+	2	1092	false	95175	1	20743	0.8211
Umbilicus_rupestris	pltd	1	u0+,u20+,u21+	3	28041	false	126640	0	0	1.0
Urtica_dioica	pltd	1	u0-,u1+	2	17411	false	104134	1	20512	0.8354
Urtica_urens	pltd	1	u0+,u1-	2	13636	false	105268	1	18149	0.8529
Utricularia_minor	pltd	1	u4+,u6+	2	1561	false	110738	1	19443	0.8506
Utricularia_vulgaris	pltd	1	u0-,u7-,u8-	3	5618	false	130553	0	0	1.0
Vaccinium_myrtillus	pltd	1	u631+,u632+,u635+,u637+,u638+	5	136887	false	36347	4	113667	0.2423
Vaccinium_oxycoccos	pltd	1	u53+,u56+,u57+	3	20321	false	33926	3	111895	0.2327
Vaccinium_vitis_idaea	pltd	1	u0+,u39+,u40+,u41+,u42+	5	35369	true	145649	0	0	1.0
Valeriana_officinalis	pltd	1	u3-,u44-	2	10625	false	112081	1	17799	0.863
Valeriana_officinalis	pltd	2	u48+,u50-	2	147	false	112221	1	20658	0.8445
Valeriana_pyrenaica	pltd	1	u0-,u43+,u44-	3	14612	false	128229	0	0	1.0
Valerianella_locusta	pltd	1	u1+,u45+	2	15172	false	108714	1	17482	0.8615
Vandenboschia_speciosa	pltd	1	u58+,u59+,u60-	3	5774	false	129745	0	0	1.0
Verbascum_nigrum	pltd	1	u0+,u10+,u11-	3	13531	false	129277	0	0	1.0
Verbascum_thapsus	pltd	1	u85-,u86-	2	3378	false	110674	1	19204	0.8521
Verbena_officinalis	pltd	1	u11-,u12+,u13-	3	3710	false	128946	0	0	1.0
Veronica_anagallis_aquatica	pltd	1	u17-,u18-	2	9787	false	108210	1	18225	0.8559
Veronica_arvensis	pltd	1	u9-,u10+	2	3772	false	106615	1	18976	0.8489
Veronica_beccabunga	pltd	1	u16-,u17+	2	29587	false	107511	1	18165	0.8555
Veronica_chamaedrys	pltd	1	u1-,u2+	2	7663	false	108442	1	19700	0.8463
Veronica_filiformis	pltd	1	u13-,u305-,u2217+	3	236727	false	83442	9	51063	0.6204
Veronica_hederifolia	pltd	1	u49+,u51+	2	3007	false	106830	1	19760	0.8439
Veronica_hederifolia	pltd	2	u52+,u54+	2	9524	false	106863	1	19762	0.8439
Veronica_montana	pltd	1	u25+,u27+	2	3361	false	45367	1	87698	0.3409
Veronica_montana	pltd	2	u34+,u35+,u36-	3	15401	false	126788	0	0	1.0
Veronica_officinalis	pltd	1	u3-,u170-,u171-	3	33677	false	126473	0	0	1.0
Veronica_persica	pltd	1	u0-,u1-	2	42003	false	108425	1	19551	0.8472
Veronica_praecox	pltd	1	u0-,u1-	2	41447	false	107214	1	17650	0.8586
Veronica_praecox	pltd	2	u2-,u27-,u28+	3	5145	false	135779	0	0	1.0
Veronica_praecox	pltd	3	u66+	1		true	144321	0	0	1.0
Veronica_scutellata	pltd	1	u0-,u8-,u9+	3	15773	false	126336	0	0	1.0
Veronica_serpyllifolia	pltd	1	u1-,u13-	2	14653	false	107848	1	19288	0.8483
Veronica_spicata	pltd	1	u0+,u34+,u35-	3	16096	false	127773	0	0	1.0
Veronica_triphyllos	pltd	1	u1+,u2+	2	28070	false	106273	1	19333	0.8461
Veronica_verna	pltd	1	u0-,u1-	2	28358	false	107965	1	17937	0.8575
Viburnum_lantana	pltd	1	u6-,u7+	2	9055	false	114050	1	20135	0.8499
Viburnum_opulus	pltd	1	u0-,u1-	2	14752	false	114014	1	19997	0.8508
Vicia_cracca	pltd	1	u48+,u137-	2	6012	false	127439	1	1527	0.9882
Vinca_minor	pltd	1	u6-,u101+	2	17145	false	110614	1	18844	0.8544
Viola_hirta	pltd	1	u0+,u116+,u117-	3	38170	false	132696	0	0	1.0
Viola_lutea	pltd	1	u0-,u126+,u128+,u129+,u130-	5	24565	false	130164	2	4359	0.9676
Viola_odorata	pltd	1	u1-,u9-	2	9248	false	114981	1	18100	0.864
Viola_palustris	pltd	1	u0-,u2+,u3-	3	20957	false	132178	0	0	1.0
Viola_riviniana	pltd	1	u25-,u26+	2	1009	false	43751	1	84949	0.3399
Viola_riviniana	pltd	2	u28+,u30-	2	1033	false	43651	1	83531	0.3432
Viola_riviniana	pltd	3	u35-,u36+,u37-	3	10687	false	135114	0	0	1.0
Viola_riviniana	pltd	4	u47+	1		true	128681	0	0	1.0
Viola_stagnina	pltd	1	u1-,u2+	2	9646	false	44075	1	89846	0.3291
Viola_tricolor	pltd	1	u0+,u1+,u2-	3	44304	false	127784	6	11987	0.9142
Viscaria_vulgaris	pltd	1	u0+,u6-	2	6490	false	42684	1	85952	0.3318
Viscum_album	pltd	1	u0-,u1+,u2+	3	499	false	107374	0	0	1.0
Vitis_vinifera	pltd	1	u1+,u16-,u17+	3	18544	false	136151	0	0	1.0
Woodsia_ilvensis	pltd	1	u62+,u63+	2	2468	false	45546	1	85011	0.3489
Xerophyllum_tenax	pltd	1	u1-,u17-,u18+	3	16109	false	130530	0	0	1.0
Zostera_marina	pltd	1	u5+,u6+,u7+	3	49635	false	121340	0	0	1.0
Zostera_noltei	pltd	1	u1+,u3-	2	5700	false	108390	1	15312	0.8762
Zygodon_viridissimus	pltd	1	u6-,u7-	2	1498	false	28610	1	86963	0.2475
Achillea_maritima	mito	1	u6+	1			202131	0	0	1.0
Achillea_millefolium	mito	1	u22+	1			195982	0	0	1.0
Achillea_ptarmica	mito	1	u11+	1			188653	0	0	1.0
Alchemilla_arvensis	mito	1	u10+	1			287215	0	0	1.0
Alchemilla_micans	mito	1	u101+	1			309262	0	0	1.0
Alleniella_complanata	mito	1	u4+	1			104861	0	0	1.0
Amphidium_lapponicum	mito	1	u125+	1			106595	0	0	1.0
Amphidium_mougeotii	mito	1	u34+	1			107210	0	0	1.0
Anastrophyllum_donnianum	mito	1	u31+	1			148217	0	0	1.0
Anchusa_arvensis	mito	1	u68+	1			340389	0	0	1.0
Andreaea_frigida	mito	1	u11+	1			119106	0	0	1.0
Andreaea_hookeri	mito	1	u14+	1			119987	0	0	1.0
Andreaea_nivalis	mito	1	u4+	1			120446	0	0	1.0
Andreaea_rothii	mito	1	u10+	1			119686	0	0	1.0
Anoectangium_aestivum	mito	1	u13+	1			106947	0	0	1.0
Anthelia_julacea	mito	1	u10+	1			165408	0	0	1.0
Antitrichia_curtipendula	mito	1	u347+	1			106559	0	0	1.0
Archidium_alternifolium	mito	1	u2+	1			111862	0	0	1.0
Artemisia_campestris	mito	1	u139+	1			225885	0	0	1.0
Artemisia_vulgaris	mito	1	u41+	1			223732	0	0	1.0
Atractylocarpus_subporodictyon	mito	1	u24+	1			102510	0	0	1.0
Aulacomnium_androgynum	mito	1	u15+	1			105111	0	0	1.0
Aulacomnium_palustre	mito	1	u240+	1			782533	0	0	1.0
Bazzania_pearsonii	mito	1	u8+	1			161868	0	0	1.0
Bazzania_tricrenata	mito	1	u4+	1			162501	0	0	1.0
Bazzania_trilobata	mito	1	u2+	1			162531	0	0	1.0
Blasia_pusilla	mito	1	u4+	1			186320	0	0	1.0
Blindia_acuta	mito	1	u1+	1			106870	0	0	1.0
Blindiadelphus_recurvatus	mito	1	u12+	1			108024	0	0	1.0
Brachydontium_trichodes	mito	1	u33+	1			104389	0	0	1.0
Brachythecium_rutabulum	mito	1	u8+	1			104566	0	0	1.0
Braunia_imberbis	mito	1	u24+	1			108463	0	0	1.0
Bryoerythrophyllum_caledonicum	mito	1	u117+	1			106954	0	0	1.0
Bryoerythrophyllum_ferruginascens	mito	1	u19+	1			107442	0	0	1.0
Bryum_calophyllum	mito	1	u3+	1			99392	0	0	1.0
Bryum_marratii	mito	1	u2+	1			101464	0	0	1.0
Bryum_riparium	mito	1	u3+	1			102049	0	0	1.0
Calliergon_cordifolium	mito	1	u10+	1			104705	0	0	1.0
Calliergon_giganteum	mito	1	u5+	1			105434	0	0	1.0
Calypogeia_arguta	mito	1	u120+	1			159675	0	0	1.0
Calypogeia_muelleriana	mito	1	u2+	1			160946	0	0	1.0
Camptothecium_lutescens	mito	1	u5+	1			104344	0	0	1.0
Campylium_stellatum	mito	1	u25+	1			104176	0	0	1.0
Campylopus_introflexus	mito	1	u16+	1			101720	0	0	1.0
Cephalozia_bicuspidata	mito	1	u17+	1			151863	0	0	1.0
Ceratodon_purpureus	mito	1	u20+	1			107223	0	0	1.0
Codriophorus_aciculare	mito	1	u75+	1			106879	0	0	1.0
Colura_calyptrifolia	mito	1	u3+	1			133575	0	0	1.0
Conocephalum_conicum	mito	1	u6+	1			187418	0	0	1.0
Crassula_aquatica	mito	1	u57+	1			73047	0	0	1.0
Cratoneuron_filicinum	mito	1	u11+	1			103934	0	0	1.0
Ctenidium_molluscum	mito	1	u9+	1			103899	0	0	1.0
Cynodontium_bruntonii	mito	1	u35+	1			107354	0	0	1.0
Dasiphora_fruticosa	mito	1	u32+	1			288501	0	0	1.0
Descurainia_sophia	mito	1	u40+	1			266404	0	0	1.0
Dicranodontium_denudatum	mito	1	u21+	1			102799	0	0	1.0
Dicranoweisia_cirrata	mito	1	u42+	1			105879	0	0	1.0
Dicranum_bonjeanii	mito	1	u25+	1			105810	0	0	1.0
Dicranum_flexicaule	mito	1	u9+	1			106573	0	0	1.0
Dicranum_scoparium	mito	1	u194+	1			107041	0	0	1.0
Dicranum_tauricum	mito	1	u11+	1			105690	0	0	1.0
Didymodon_insulanus	mito	1	u15+	1			105642	0	0	1.0
Didymodon_rigidulus	mito	1	u36+	1			107595	0	0	1.0
Ditrichum_cornubicum	mito	1	u3+	1			107328	0	0	1.0
Draba_incana	mito	1	u54+	1			284340	0	0	1.0
Elodea_nuttallii	mito	1	u4+	1			287656	0	0	1.0
Encalypta_ciliata	mito	1	u9+	1			109007	0	0	1.0
Entodon_concinnus	mito	1	u9+	1			106608	0	0	1.0
Eurhynchium_striatum	mito	1	u3+	1			104743	0	0	1.0
Exsertotheca_crispa	mito	1	u168+	1			105973	0	0	1.0
Filago_pyramidata	mito	1	u23+	1			224565	0	0	1.0
Fissidens_adianthoides	mito	1	u27+	1			104654	0	0	1.0
Fissidens_dubius	mito	1	u44+	1			105888	0	0	1.0
Fissidens_pusillus	mito	1	u5+	1			103399	0	0	1.0
Fissidens_taxifolius	mito	1	u13+	1			105236	0	0	1.0
Flexitrichum_flexicaule	mito	1	u39+	1			108837	0	0	1.0
Flexitrichum_gracile	mito	1	u8+	1			108851	0	0	1.0
Fontinalis_squamosa	mito	1	u72+	1			105437	0	0	1.0
Fumaria_purpurea	mito	1	u192+	1			487126	0	0	1.0
Funaria_hygrometrica	mito	1	u21+	1			109809	0	0	1.0
Galium_boreale	mito	1	u54+	1			195729	0	0	1.0
Galium_saxatile	mito	1	u22+	1			201007	0	0	1.0
Galium_uliginosum	mito	1	u38+	1			189097	0	0	1.0
Galium_verum	mito	1	u29+	1			188844	0	0	1.0
Geheebia_maxima	mito	1	u971+	1			108206	0	0	1.0
Glebionis_segetum	mito	1	u17+	1			214838	0	0	1.0
Gnaphalium_uliginosum	mito	1	u25+	1			196229	0	0	1.0
Grimmia_atrata	mito	1	u49+	1			107796	0	0	1.0
Grimmia_decipiens	mito	1	u4+	1			107140	0	0	1.0
Grimmia_elongata	mito	1	u42+	1			107390	0	0	1.0
Grimmia_funalis	mito	1	u8+	1			108348	0	0	1.0
Grimmia_montana	mito	1	u101+	1			108108	0	0	1.0
Grimmia_pulvinata	mito	1	u53+	1			107888	0	0	1.0
Grimmia_ramondii	mito	1	u42+	1			107570	0	0	1.0
Gymnostomum_aeruginosum	mito	1	u15+	1			105477	0	0	1.0
Harpanthus_flotovianus	mito	1	u1+	1			154504	0	0	1.0
Hedwigia_stellata	mito	1	u15+	1			108027	0	0	1.0
Herbertus_borealis	mito	1	u4+	1			162790	0	0	1.0
Herbertus_hutchinsiae	mito	1	u5+	1			162942	0	0	1.0
Herbertus_stramineus	mito	1	u1+	1			162322	0	0	1.0
Heterocladium_heteropterum	mito	1	u16+	1			106079	0	0	1.0
Homalia_trichomanoides	mito	1	u4+	1			104781	0	0	1.0
Hookeria_lucens	mito	1	u5+	1			105000	0	0	1.0
Humulus_lupulus	mito	1	u25+	1			401295	0	0	1.0
Hygrohypnum_duriusculum	mito	1	u10+	1			104128	0	0	1.0
Hylocomiadelphus_triquetrus	mito	1	u8+	1			104267	0	0	1.0
Hyocomium_armoricum	mito	1	u21+	1			104473	0	0	1.0
Hypericum_maculatum	mito	1	u97+	1			429587	0	0	1.0
Hypericum_perforatum	mito	1	u51+	1			410489	0	0	1.0
Hypericum_tetrapterum	mito	1	u64+	1			479715	0	0	1.0
Hypnum_cupressiforme	mito	1	u6+	1			104805	0	0	1.0
Ilex_aquifolium	mito	1	u214+	1			539365	0	0	1.0
Isopterygiella_pulchella	mito	1	u3+	1			105093	0	0	1.0
Isothecium_holtii	mito	1	u16+	1			105392	0	0	1.0
Isothecium_myosuroides	mito	1	u74+	1			105398	0	0	1.0
Kali_turgidum	mito	1	u76+	1			189097	0	0	1.0
Lemna_minuta	mito	1	u16+	1			186789	0	0	1.0
Lemna_trisulca	mito	1	u11+	1			210808	0	0	1.0
Lepidium_didymum	mito	1	u14+	1			263508	0	0	1.0
Lepidium_latifolium	mito	1	u92+	1			270458	0	0	1.0
Lepidozia_cupressina	mito	1	u4+	1			166386	0	0	1.0
Leucanthemum_vulgare	mito	1	u25+	1			220459	0	0	1.0
Leucobryum_glaucum	mito	1	u11+	1			103402	0	0	1.0
Lewinskya_affinis	mito	1	u36+	1			105895	0	0	1.0
Linaria_purpurea	mito	1	u11+	1			467360	0	0	1.0
Loeskeobryum_brevirostre	mito	1	u70+	1			103888	0	0	1.0
Logfia_minima	mito	1	u19+	1			221959	0	0	1.0
Lophozia_ventricosa	mito	1	u4+	1			145592	0	0	1.0
Lunularia_cruciata	mito	1	u3+	1			191461	0	0	1.0
Lysimachia_nummularia	mito	1	u9+	1			357854	0	0	1.0
Lythrum_salicaria	mito	1	u24+	1			318243	0	0	1.0
Marchantia_quadrata	mito	1	u1+	1			189903	0	0	1.0
Matricaria_chamomilla	mito	1	u24+	1			220295	0	0	1.0
Meesia_triquetra	mito	1	u37+	1			104359	0	0	1.0
Mesoptychia_bantriensis	mito	1	u11+	1			156280	0	0	1.0
Mesoptychia_rutheana	mito	1	u11+	1			156340	0	0	1.0
Metzgeria_violacea	mito	1	u24+	1			170225	0	0	1.0
Misopates_orontium	mito	1	u12+	1			569953	0	0	1.0
Myrica_gale	mito	1	u24+	1			486469	0	0	1.0
Neckera_pumila	mito	1	u12+	1			104381	0	0	1.0
Neoorthocaulis_attenuatus	mito	1	u1+	1			147305	0	0	1.0
Neottia_ovata	mito	1	u7+	1			11557	0	0	1.0
Nymphoides_peltata	mito	1	u319+	1			337075	0	0	1.0
Oedipodium_griffithianum	mito	1	u2+	1			121147	0	0	1.0
Oligotrichum_hercynicum	mito	1	u17+	1			115305	0	0	1.0
Orthotrichum_anomalum	mito	1	u182+	1			105765	0	0	1.0
Orthotrichum_lyellii	mito	1	u318+	1			105632	0	0	1.0
Orthotrichum_pulchellum	mito	1	u6+	1			104817	0	0	1.0
Orthotrichum_striatum	mito	1	u277+	1			106205	0	0	1.0
Palustriella_falcata	mito	1	u8+	1			104156	0	0	1.0
Parthenocissus_inserta	mito	1	u21+	1			760148	0	0	1.0
Petalophyllum_ralfsii	mito	1	u22+	1			161204	0	0	1.0
Phaeoceros_laevis	mito	1	u109+	1			210129	0	0	1.0
Physcomitrium_patens	mito	1	u87+	1			106583	0	0	1.0
Plagiochila_carringtonii	mito	1	u1+	1			159012	0	0	1.0
Plagiothecium_denticulatum	mito	1	u20+	1			104783	0	0	1.0
Pohlia_annotina	mito	1	u6+	1			100084	0	0	1.0
Pohlia_cruda	mito	1	u5+	1			100126	0	0	1.0
Pohlia_nutans	mito	1	u9+	1			99773	0	0	1.0
Polygonum_aviculare	mito	1	u41+	1			334661	0	0	1.0
Polytrichastrum_sexangulare	mito	1	u78+	1			116192	0	0	1.0
Polytrichum_commune	mito	1	u33+	1			115506	0	0	1.0
Polytrichum_formosum	mito	1	u417+	1			116057	0	0	1.0
Polytrichum_piliferum	mito	1	u12+	1			114914	0	0	1.0
Populus_alba	mito	1	u2968+	1			838691	0	0	1.0
Populus_tremula	mito	1	u91+	1			783737	0	0	1.0
Porella_arboris_vitae	mito	1	u2+	1			179089	0	0	1.0
Potamogeton_coloratus	mito	1	u100+	1			258488	0	0	1.0
Prunus_spinosa	mito	1	u53+	1			477457	0	0	1.0
Pseudisothecium_interludens	mito	1	u19+	1			105770	0	0	1.0
Pseudobryum_cinclidioides	mito	1	u7+	1			100192	0	0	1.0
Pseudoscleropodium_purum	mito	1	u40+	1			105336	0	0	1.0
Ptilidium_ciliare	mito	1	u3+	1			179604	0	0	1.0
Ptychomitrium_polyphyllum	mito	1	u28+	1			103205	0	0	1.0
Ptychostomum_pallens	mito	1	u249+	1			100584	0	0	1.0
Racomitrium_heterostichum	mito	1	u8+	1			107080	0	0	1.0
Radula_complanata	mito	1	u5+	1			145078	0	0	1.0
Rhabdoweisia_crispata	mito	1	u5+	1			106313	0	0	1.0
Rhodobryum_roseum	mito	1	u41+	1			103698	0	0	1.0
Rhynchostegiella_tenella	mito	1	u14+	1			105269	0	0	1.0
Rhynchostegium_confertum	mito	1	u8+	1			104716	0	0	1.0
Rhynchostegium_megapolitanum	mito	1	u5+	1			104582	0	0	1.0
Rhytidiadelphus_loreus	mito	1	u63+	1			106094	0	0	1.0
Rhytidium_rugosum	mito	1	u28+	1			104292	0	0	1.0
Riccia_beyrichiana	mito	1	u3+	1			187466	0	0	1.0
Riccia_sorocarpa	mito	1	u6+	1			187554	0	0	1.0
Rorippa_islandica	mito	1	u1469+	1			255784	0	0	1.0
Rosa_agrestis	mito	1	u112+	1			271910	0	0	1.0
Rosa_rugosa	mito	1	u23+	1			303366	0	0	1.0
Rosulabryum_capillare	mito	1	u78+	1			101271	0	0	1.0
Saccogyna_viticulosa	mito	1	u2+	1			164479	0	0	1.0
Salix_alba	mito	1	u190+	1			755160	0	0	1.0
Salix_euxina	mito	1	u175+	1			755149	0	0	1.0
Salix_myrsinifolia	mito	1	u238+	1			630066	0	0	1.0
Salix_triandra	mito	1	u114+	1			764007	0	0	1.0
Sarmentypnum_exannulatum	mito	1	u9+	1			105607	0	0	1.0
Sarmentypnum_sarmentosum	mito	1	u13+	1			106608	0	0	1.0
Scapania_gracilis	mito	1	u9+	1			144499	0	0	1.0
Scapania_irrigua	mito	1	u22+	1			139783	0	0	1.0
Scapania_ornithopodioides	mito	1	u7+	1			144322	0	0	1.0
Scapania_uliginosa	mito	1	u143+	1			142592	0	0	1.0
Scapania_undulata	mito	1	u3+	1			141817	0	0	1.0
Schistidium_strictum	mito	1	u35+	1			107246	0	0	1.0
Sciuro_hypnum_plumosum	mito	1	u14+	1			105607	0	0	1.0
Scorpidium_scorpioides	mito	1	u3+	1			105644	0	0	1.0
Scutellaria_galericulata	mito	1	u276+	1			327327	0	0	1.0
Sedum_album	mito	1	u7+	1			197001	0	0	1.0
Sibbaldia_procumbens	mito	1	u8+	1			243207	0	0	1.0
Sisymbrium_altissimum	mito	1	u1815+	1			314629	0	0	1.0
Sonchus_arvensis	mito	1	u23+	1			629007	0	0	1.0
Sorbus_bristoliensis	mito	1	u42+	1			386950	0	0	1.0
Sorbus_cuneifolia	mito	1	u30+	1			389477	0	0	1.0
Sorbus_devoniensis	mito	1	u43+	1			386950	0	0	1.0
Southbya_tophacea	mito	1	u19+	1			164460	0	0	1.0
Sphagnum_capillifolium	mito	1	u6+	1			141805	0	0	1.0
Sphagnum_compactum	mito	1	u8+	1			142506	0	0	1.0
Sphagnum_contortum	mito	1	u12+	1			141744	0	0	1.0
Sphagnum_fallax	mito	1	u7+	1			141575	0	0	1.0
Sphagnum_fimbriatum	mito	1	u5+	1			142650	0	0	1.0
Sphagnum_girgensohnii	mito	1	u7+	1			142534	0	0	1.0
Sphagnum_inundatum	mito	1	u5+	1			139961	0	0	1.0
Sphagnum_lindbergii	mito	1	u14+	1			143046	0	0	1.0
Sphagnum_medium	mito	1	u14+	1			142108	0	0	1.0
Sphagnum_palustre	mito	1	u10+	1			142181	0	0	1.0
Sphagnum_papillosum	mito	1	u16+	1			142651	0	0	1.0
Sphagnum_riparium	mito	1	u7+	1			142272	0	0	1.0
Sphagnum_rubellum	mito	1	u10+	1			142566	0	0	1.0
Sphagnum_squarrosum	mito	1	u8137+	1			143115	0	0	1.0
Sphagnum_tenellum	mito	1	u20+	1			141348	0	0	1.0
Sphagnum_teres	mito	1	u416+	1			142216	0	0	1.0
Splachnum_sphaericum	mito	1	u120+	1			104545	0	0	1.0
Stachys_sylvatica	mito	1	u119+	1			229000	0	0	1.0
Stereodon_callichrous	mito	1	u4+	1			104862	0	0	1.0
Straminergon_stramineum	mito	1	u20+	1			105488	0	0	1.0
Syntrichia_ruraliformis	mito	1	u1086+	1			106300	0	0	1.0
Tanacetum_vulgare	mito	1	u21+	1			228043	0	0	1.0
Tetraplodon_mnioides	mito	1	u75+	1			106309	0	0	1.0
Thamnobryum_alopecurum	mito	1	u17+	1			105465	0	0	1.0
Thuidium_delicatulum	mito	1	u11+	1			103257	0	0	1.0
Thuidium_tamariscinum	mito	1	u7+	1			103489	0	0	1.0
Tortella_tortuosa	mito	1	u9+	1			104589	0	0	1.0
Trichostomum_littorale	mito	1	u37+	1			105930	0	0	1.0
Trifolium_arvense	mito	1	u165+	1			317238	0	0	1.0
Trifolium_bocconei	mito	1	u163+	1			307929	0	0	1.0
Trifolium_repens	mito	1	u339+	1			351277	0	0	1.0
Tripleurospermum_maritimum	mito	1	u18+	1			228999	0	0	1.0
Ulex_minor	mito	1	u20+	1			481414	0	0	1.0
Ulmus_glabra	mito	1	u25+	1			521320	0	0	1.0
Ulmus_procera	mito	1	u27+	1			521320	0	0	1.0
Ulota_crispa	mito	1	u18+	1			105547	0	0	1.0
Ulota_phyllantha	mito	1	u255+	1			105477	0	0	1.0
Umbilicus_rupestris	mito	1	u27+	1			242384	0	0	1.0
Vaccinium_vitis_idaea	mito	1	u75+	1			551720	0	0	1.0
Vicia_hirsuta	mito	1	u30+	1			326260	0	0	1.0
Viola_odorata	mito	1	u45+	1			482146	0	0	1.0
Viola_stagnina	mito	1	u19+	1			485622	0	0	1.0
Vitis_vinifera	mito	1	u19+	1			817464	0	0	1.0
Zygodon_viridissimus	mito	1	u19+	1			104035	0	0	1.0
Astragalus_danicus	pltd	1	u3+	1			123446	0	0	1.0
Cuscuta_epithymum	pltd	1	u8+	1			96558	0	0	1.0
Erodium_cicutarium	pltd	1	u67+	1			117569	0	0	1.0
Galega_officinalis	pltd	1	u0+	1			125141	0	0	1.0
Lathyrus_linifolius	pltd	1	u1+	1			134854	0	0	1.0
Lathyrus_nissolia	pltd	1	u0+	1			119979	0	0	1.0
Lathyrus_sylvestris	pltd	1	u0+	1			122356	0	0	1.0
Medicago_arabica	pltd	1	u62+	1			125940	0	0	1.0
Medicago_sativa	pltd	1	u0+	1			126622	0	0	1.0
Onobrychis_viciifolia	pltd	1	u34+	1			122344	0	0	1.0
Ononis_reclinata	pltd	1	u1+	1			125281	0	0	1.0
Ononis_repens	pltd	1	u1+	1			124850	0	0	1.0
Oxytropis_halleri	pltd	1	u0+	1			122628	0	0	1.0
Pseudotsuga_menziesii	pltd	1	u2+	1			121989	0	0	1.0
Trifolium_arvense	pltd	1	u1+	1			145734	0	0	1.0
Trifolium_campestre	pltd	1	u48+	1			127175	0	0	1.0
Trifolium_dubium	pltd	1	u1+	1			126886	0	0	1.0
Trifolium_fragiferum	pltd	1	u3+	1			139197	0	0	1.0
Trifolium_incarnatum	pltd	1	u1+	1			150994	0	0	1.0
Trifolium_pratense	pltd	1	u1+	1			149496	0	0	1.0
Trifolium_repens	pltd	1	u2+	1			132712	0	0	1.0
Trifolium_scabrum	pltd	1	u48+	1			141082	0	0	1.0
Trifolium_squamosum	pltd	1	u1+	1			142974	0	0	1.0
Trifolium_striatum	pltd	1	u0+	1			134064	0	0	1.0
Trifolium_strictum	pltd	1	u0+	1			126721	0	0	1.0
Vicia_hirsuta	pltd	1	u0+	1			124748	0	0	1.0
Vicia_lutea	pltd	1	u36+	1			123406	0	0	1.0
Vicia_parviflora	pltd	1	u1+	1			122276	0	0	1.0
Vicia_sativa	pltd	1	u1+	1			125221	0	0	1.0
Vicia_sepium	pltd	1	u17+	1			125232	0	0	1.0
