species	gfa_path	dead_end_nodes	status
Acaena_ovalifolia	/lustre/scratch122/tol/teams/blaxter/users/mb39/plant_organellar_database/data/mito/Acaena_ovalifolia/Acaena_ovalifolia.mito.gfa	0	ok
Acer_campestre	/lustre/scratch122/tol/teams/blaxter/users/mb39/plant_organellar_database/data/mito/Acer_campestre/Acer_campestre.mito.gfa	0	ok
Acer_pseudoplatanus	/lustre/scratch122/tol/teams/blaxter/users/mb39/plant_organellar_database/data/mito/Acer_pseudoplatanus/Acer_pseudoplatanus.k1001.s31.c80.mito.gfa	0	ok
Achillea_maritima	/lustre/scratch122/tol/teams/blaxter/users/mb39/plant_organellar_database/data/mito/Achillea_maritima/Achillea_maritima.k1001.s31.c80.mito.gfa	0	ok
Achillea_millefolium	/lustre/scratch122/tol/teams/blaxter/users/mb39/plant_organellar_database/data/mito/Achillea_millefolium/Achillea_millefolium.k1001.s31.c80.mito.gfa	0	ok
Achillea_ptarmica	/lustre/scratch122/tol/teams/blaxter/users/mb39/plant_organellar_database/data/mito/Achillea_ptarmica/Achillea_ptarmica.k1001.s31.c80.mito.gfa	0	ok
Aconitum_napellus	/lustre/scratch122/tol/teams/blaxter/users/mb39/plant_organellar_database/data/mito/Aconitum_napellus/Aconitum_napellus.k1001.s31.c80.mito.gfa	0	ok
Adiantum_capillus_veneris	/lustre/scratch122/tol/teams/blaxter/users/mb39/plant_organellar_database/data/mito/Adiantum_capillus_veneris/Adiantum_capillus_veneris.k1001.s31.c30.mito.gfa	0	ok
Adonis_annua	/lustre/scratch122/tol/teams/blaxter/users/mb39/plant_organellar_database/data/mito/Adonis_annua/Adonis_annua.mito.gfa	4	ok
Adoxa_moschatellina	/lustre/scratch122/tol/teams/blaxter/users/mb39/plant_organellar_database/data/mito/Adoxa_moschatellina/Adoxa_moschatellina.k1001.s31.c80.mito.gfa	0	ok
Aegonychon_purpurocaeruleum	/lustre/scratch122/tol/teams/blaxter/users/mb39/plant_organellar_database/data/mito/Aegonychon_purpurocaeruleum/Aegonychon_purpurocaeruleum.k1001.s31.c80.mito.gfa	0	ok
Aesculus_hippocastanum	/lustre/scratch122/tol/teams/blaxter/users/mb39/plant_organellar_database/data/mito/Aesculus_hippocastanum/Aesculus_hippocastanum.mito.gfa	0	ok
Aethusa_cynapium	/lustre/scratch122/tol/teams/blaxter/users/mb39/plant_organellar_database/data/mito/Aethusa_cynapium/Aethusa_cynapium.k1001.s31.c80.mito.gfa	0	ok
Agrimonia_eupatoria	/lustre/scratch122/tol/teams/blaxter/users/mb39/plant_organellar_database/data/mito/Agrimonia_eupatoria/Agrimonia_eupatoria.k1001.s31.c80.mito.gfa	0	ok
Agrostemma_githago	/lustre/scratch122/tol/teams/blaxter/users/mb39/plant_organellar_database/data/mito/Agrostemma_githago/Agrostemma_githago.mito.gfa	0	ok
Agrostis_capillaris	/lustre/scratch122/tol/teams/blaxter/users/mb39/plant_organellar_database/data/mito/Agrostis_capillaris/Agrostis_capillaris.k1001.s31.c80.mito.gfa	0	ok
Agrostis_gigantea	/lustre/scratch122/tol/teams/blaxter/users/mb39/plant_organellar_database/data/mito/Agrostis_gigantea/Agrostis_gigantea.k1001.s31.c80.mito.gfa	6	ok
Agrostis_stolonifera	/lustre/scratch122/tol/teams/blaxter/users/mb39/plant_organellar_database/data/mito/Agrostis_stolonifera/Agrostis_stolonifera.k1001.s31.c80.mito.gfa	0	ok
Ailanthus_altissima	/lustre/scratch122/tol/teams/blaxter/users/mb39/plant_organellar_database/data/mito/Ailanthus_altissima/Ailanthus_altissima.mito.gfa	0	ok
Ajuga_chamaepitys	/lustre/scratch122/tol/teams/blaxter/users/mb39/plant_organellar_database/data/mito/Ajuga_chamaepitys/Ajuga_chamaepitys.mito.gfa	0	ok
Ajuga_reptans	/lustre/scratch122/tol/teams/blaxter/users/mb39/plant_organellar_database/data/mito/Ajuga_reptans/Ajuga_reptans.k1001.s31.c80.mito.gfa	0	ok
Alchemilla_alpina	/lustre/scratch122/tol/teams/blaxter/users/mb39/plant_organellar_database/data/mito/Alchemilla_alpina/Alchemilla_alpina.k1001.s31.c80.mito.gfa	0	ok
Alchemilla_arvensis	/lustre/scratch122/tol/teams/blaxter/users/mb39/plant_organellar_database/data/mito/Alchemilla_arvensis/Alchemilla_arvensis.k1001.s31.c80.mito.gfa	0	ok
Alchemilla_glaucescens	/lustre/scratch122/tol/teams/blaxter/users/mb39/plant_organellar_database/data/mito/Alchemilla_glaucescens/Alchemilla_glaucescens.k1001.s31.c80.mito.gfa	0	ok
Alchemilla_micans	/lustre/scratch122/tol/teams/blaxter/users/mb39/plant_organellar_database/data/mito/Alchemilla_micans/Alchemilla_micans.k1001.s31.c80.mito.gfa	0	ok
Alisma_plantago_aquatica	/lustre/scratch122/tol/teams/blaxter/users/mb39/plant_organellar_database/data/mito/Alisma_plantago_aquatica/Alisma_plantago_aquatica.mito.gfa	0	ok
Alleniella_complanata	/lustre/scratch122/tol/teams/blaxter/users/mb39/plant_organellar_database/data/mito/Alleniella_complanata/Alleniella_complanata.k1001.s31.c80.mito.gfa	NA	parse_error
Alliaria_petiolata	/lustre/scratch122/tol/teams/blaxter/users/mb39/plant_organellar_database/data/mito/Alliaria_petiolata/Alliaria_petiolata.k1001.s31.c80.mito.gfa	0	ok
Allium_paradoxum	/lustre/scratch122/tol/teams/blaxter/users/mb39/plant_organellar_database/data/mito/Allium_paradoxum/Allium_paradoxum.k1001.s31.c80.mito.gfa	0	ok
Allium_schoenoprasum	/lustre/scratch122/tol/teams/blaxter/users/mb39/plant_organellar_database/data/mito/Allium_schoenoprasum/Allium_schoenoprasum.k1001.s31.c80.mito.gfa	0	ok
Allium_triquetrum	/lustre/scratch122/tol/teams/blaxter/users/mb39/plant_organellar_database/data/mito/Allium_triquetrum/Allium_triquetrum.k1001.s31.c80.mito.gfa	0	ok
Alnus_cordata	/lustre/scratch122/tol/teams/blaxter/users/mb39/plant_organellar_database/data/mito/Alnus_cordata/Alnus_cordata.k1001.s31.c80.mito.gfa	0	ok
Alnus_glutinosa	/lustre/scratch122/tol/teams/blaxter/users/mb39/plant_organellar_database/data/mito/Alnus_glutinosa/Alnus_glutinosa.mito.gfa	0	ok
Alnus_incana	/lustre/scratch122/tol/teams/blaxter/users/mb39/plant_organellar_database/data/mito/Alnus_incana/Alnus_incana.mito.gfa	0	ok
Alopecurus_geniculatus	/lustre/scratch122/tol/teams/blaxter/users/mb39/plant_organellar_database/data/mito/Alopecurus_geniculatus/Alopecurus_geniculatus.k1001.s31.c80.mito.gfa	0	ok
Alopecurus_pratensis	/lustre/scratch122/tol/teams/blaxter/users/mb39/plant_organellar_database/data/mito/Alopecurus_pratensis/Alopecurus_pratensis.k1001.s31.c80.mito.gfa	0	ok
Ammi_majus	/lustre/scratch122/tol/teams/blaxter/users/mb39/plant_organellar_database/data/mito/Ammi_majus/Ammi_majus.mito.gfa	0	ok
Ammophila_arenaria	/lustre/scratch122/tol/teams/blaxter/users/mb39/plant_organellar_database/data/mito/Ammophila_arenaria/Ammophila_arenaria.k1001.s31.c80.mito.gfa	0	ok
Amphidium_lapponicum	/lustre/scratch122/tol/teams/blaxter/users/mb39/plant_organellar_database/data/mito/Amphidium_lapponicum/Amphidium_lapponicum.k1001.s31.c80.mito.gfa	0	ok
Amphidium_mougeotii	/lustre/scratch122/tol/teams/blaxter/users/mb39/plant_organellar_database/data/mito/Amphidium_mougeotii/Amphidium_mougeotii.k1001.s31.c80.mito.gfa	0	ok
Amsinckia_menziesii	/lustre/scratch122/tol/teams/blaxter/users/mb39/plant_organellar_database/data/mito/Amsinckia_menziesii/Amsinckia_menziesii.k1001.s31.c80.mito.gfa	7	ok
Anacamptis_pyramidalis	/lustre/scratch122/tol/teams/blaxter/users/mb39/plant_organellar_database/data/mito/Anacamptis_pyramidalis/Anacamptis_pyramidalis.k1001.s31.c80.mito.gfa	0	ok
Anagallis_arvensis	/lustre/scratch122/tol/teams/blaxter/users/mb39/plant_organellar_database/data/mito/Anagallis_arvensis/Anagallis_arvensis.k1001.s31.c80.mito.gfa	0	ok
Anagallis_tenella	/lustre/scratch122/tol/teams/blaxter/users/mb39/plant_organellar_database/data/mito/Anagallis_tenella/Anagallis_tenella.k1001.s31.c80.mito.gfa	0	ok
Anastrepta_orcadensis	/lustre/scratch122/tol/teams/blaxter/users/mb39/plant_organellar_database/data/mito/Anastrepta_orcadensis/Anastrepta_orcadensis.k1001.s31.c80.mito.gfa	0	ok
Anastrophyllum_donnianum	/lustre/scratch122/tol/teams/blaxter/users/mb39/plant_organellar_database/data/mito/Anastrophyllum_donnianum/Anastrophyllum_donnianum.k1001.s31.c80.mito.gfa	0	ok
Anchusa_arvensis	/lustre/scratch122/tol/teams/blaxter/users/mb39/plant_organellar_database/data/mito/Anchusa_arvensis/Anchusa_arvensis.k1001.s31.c80.mito.gfa	0	ok
Andreaea_frigida	/lustre/scratch122/tol/teams/blaxter/users/mb39/plant_organellar_database/data/mito/Andreaea_frigida/Andreaea_frigida.k1001.s31.c80.mito.gfa	0	ok
Andreaea_hookeri	/lustre/scratch122/tol/teams/blaxter/users/mb39/plant_organellar_database/data/mito/Andreaea_hookeri/Andreaea_hookeri.k1001.s31.c80.mito.gfa	0	ok
Andreaea_mutabilis	/lustre/scratch122/tol/teams/blaxter/users/mb39/plant_organellar_database/data/mito/Andreaea_mutabilis/Andreaea_mutabilis.k1001.s31.c80.mito.gfa	0	ok
Andreaea_nivalis	/lustre/scratch122/tol/teams/blaxter/users/mb39/plant_organellar_database/data/mito/Andreaea_nivalis/Andreaea_nivalis.k1001.s31.c80.mito.gfa	0	ok
Andreaea_rothii	/lustre/scratch122/tol/teams/blaxter/users/mb39/plant_organellar_database/data/mito/Andreaea_rothii/Andreaea_rothii.k1001.s31.c80.mito.gfa	0	ok
Andreaea_rupestris	/lustre/scratch122/tol/teams/blaxter/users/mb39/plant_organellar_database/data/mito/Andreaea_rupestris/Andreaea_rupestris.k1001.s31.c80.mito.gfa	0	ok
Andromeda_polifolia	/lustre/scratch122/tol/teams/blaxter/users/mb39/plant_organellar_database/data/mito/Andromeda_polifolia/Andromeda_polifolia.k1001.s31.c80.mito.gfa	0	ok
Anemone_nemorosa	/lustre/scratch122/tol/teams/blaxter/users/mb39/plant_organellar_database/data/mito/Anemone_nemorosa/Anemone_nemorosa.k1001.s31.c80.mito.gfa	3	ok
Anemone_pulsatilla	/lustre/scratch122/tol/teams/blaxter/users/mb39/plant_organellar_database/data/mito/Anemone_pulsatilla/Anemone_pulsatilla.k1001.s31.c80.mito.gfa	3	ok
Anethum_foeniculum	/lustre/scratch122/tol/teams/blaxter/users/mb39/plant_organellar_database/data/mito/Anethum_foeniculum/Anethum_foeniculum.k1001.s31.c80.mito.gfa	0	ok
Angelica_archangelica	/lustre/scratch122/tol/teams/blaxter/users/mb39/plant_organellar_database/data/mito/Angelica_archangelica/Angelica_archangelica.k1001.s31.c80.mito.gfa	0	ok
Angelica_sylvestris	/lustre/scratch122/tol/teams/blaxter/users/mb39/plant_organellar_database/data/mito/Angelica_sylvestris/Angelica_sylvestris.k1001.s31.c80.mito.gfa	2	ok
Anoectangium_aestivum	/lustre/scratch122/tol/teams/blaxter/users/mb39/plant_organellar_database/data/mito/Anoectangium_aestivum/Anoectangium_aestivum.k1001.s31.c80.mito.gfa	0	ok
Anomodon_viticulosus	/lustre/scratch122/tol/teams/blaxter/users/mb39/plant_organellar_database/data/mito/Anomodon_viticulosus/Anomodon_viticulosus.k1001.s31.c80.mito.gfa	0	ok
Antennaria_dioica	/lustre/scratch122/tol/teams/blaxter/users/mb39/plant_organellar_database/data/mito/Antennaria_dioica/Antennaria_dioica.k1001.s31.c80.mito.gfa	1	ok
Anthelia_julacea	/lustre/scratch122/tol/teams/blaxter/users/mb39/plant_organellar_database/data/mito/Anthelia_julacea/Anthelia_julacea.k1001.s31.c80.mito.gfa	0	ok
Anthoxanthum_odoratum	/lustre/scratch122/tol/teams/blaxter/users/mb39/plant_organellar_database/data/mito/Anthoxanthum_odoratum/Anthoxanthum_odoratum.k1001.s31.c80.mito.gfa	5	ok
Anthriscus_caucalis	/lustre/scratch122/tol/teams/blaxter/users/mb39/plant_organellar_database/data/mito/Anthriscus_caucalis/Anthriscus_caucalis.k1001.s31.c80.mito.gfa	NA	parse_error
Anthriscus_sylvestris	/lustre/scratch122/tol/teams/blaxter/users/mb39/plant_organellar_database/data/mito/Anthriscus_sylvestris/Anthriscus_sylvestris.k1001.s31.c80.mito.gfa	0	ok
Anthyllis_vulneraria	/lustre/scratch122/tol/teams/blaxter/users/mb39/plant_organellar_database/data/mito/Anthyllis_vulneraria/Anthyllis_vulneraria.k1001.s31.c80.mito.gfa	0	ok
Antitrichia_curtipendula	/lustre/scratch122/tol/teams/blaxter/users/mb39/plant_organellar_database/data/mito/Antitrichia_curtipendula/Antitrichia_curtipendula.mito.gfa	0	ok
Aponogeton_distachyos	/lustre/scratch122/tol/teams/blaxter/users/mb39/plant_organellar_database/data/mito/Aponogeton_distachyos/Aponogeton_distachyos.mito.gfa	0	ok
Aquilegia_vulgaris	/lustre/scratch122/tol/teams/blaxter/users/mb39/plant_organellar_database/data/mito/Aquilegia_vulgaris/Aquilegia_vulgaris.mito.gfa	0	ok
Arabidopsis_thaliana	/lustre/scratch122/tol/teams/blaxter/users/mb39/plant_organellar_database/data/mito/Arabidopsis_thaliana/Arabidopsis_thaliana.mito.gfa	0	ok
Arabis_alpina	/lustre/scratch122/tol/teams/blaxter/users/mb39/plant_organellar_database/data/mito/Arabis_alpina/Arabis_alpina.k1001.s31.c80.mito.gfa	0	ok
Arabis_hirsuta	/lustre/scratch122/tol/teams/blaxter/users/mb39/plant_organellar_database/data/mito/Arabis_hirsuta/Arabis_hirsuta.mito.gfa	0	ok
Arabis_scabra	/lustre/scratch122/tol/teams/blaxter/users/mb39/plant_organellar_database/data/mito/Arabis_scabra/Arabis_scabra.k1001.s31.c80.mito.gfa	0	ok
Arbutus_unedo	/lustre/scratch122/tol/teams/blaxter/users/mb39/plant_organellar_database/data/mito/Arbutus_unedo/Arbutus_unedo.k1001.s31.c80.mito.gfa	0	ok
Archidium_alternifolium	/lustre/scratch122/tol/teams/blaxter/users/mb39/plant_organellar_database/data/mito/Archidium_alternifolium/Archidium_alternifolium.k1001.s31.c80.mito.gfa	0	ok
Arctium_lappa	/lustre/scratch122/tol/teams/blaxter/users/mb39/plant_organellar_database/data/mito/Arctium_lappa/Arctium_lappa.k1001.s31.c80.mito.gfa	0	ok
Arctium_minus	/lustre/scratch122/tol/teams/blaxter/users/mb39/plant_organellar_database/data/mito/Arctium_minus/Arctium_minus.mito.gfa	0	ok
Arctostaphylos_uva_ursi	/lustre/scratch122/tol/teams/blaxter/users/mb39/plant_organellar_database/data/mito/Arctostaphylos_uva_ursi/Arctostaphylos_uva_ursi.k1001.s31.c80.mito.gfa	0	ok
Arctous_alpina	/lustre/scratch122/tol/teams/blaxter/users/mb39/plant_organellar_database/data/mito/Arctous_alpina/Arctous_alpina.k1001.s31.c80.mito.gfa	0	ok
Arenaria_serpyllifolia	/lustre/scratch122/tol/teams/blaxter/users/mb39/plant_organellar_database/data/mito/Arenaria_serpyllifolia/Arenaria_serpyllifolia.mito.gfa	0	ok
Aria_edulis	/lustre/scratch122/tol/teams/blaxter/users/mb39/plant_organellar_database/data/mito/Aria_edulis/Aria_edulis.k1001.s31.c80.mito.gfa	0	ok
Aristolochia_clematitis	/lustre/scratch122/tol/teams/blaxter/users/mb39/plant_organellar_database/data/mito/Aristolochia_clematitis/Aristolochia_clematitis.k1001.s31.c80.mito.gfa	0	ok
Armoracia_rusticana	/lustre/scratch122/tol/teams/blaxter/users/mb39/plant_organellar_database/data/mito/Armoracia_rusticana/Armoracia_rusticana.k1001.s31.c80.mito.gfa	0	ok
Arrhenatherum_elatius	/lustre/scratch122/tol/teams/blaxter/users/mb39/plant_organellar_database/data/mito/Arrhenatherum_elatius/Arrhenatherum_elatius.k1001.s31.c80.mito.gfa	0	ok
Artemisia_campestris	/lustre/scratch122/tol/teams/blaxter/users/mb39/plant_organellar_database/data/mito/Artemisia_campestris/Artemisia_campestris.k1001.s31.c80.mito.gfa	0	ok
Artemisia_maritima	/lustre/scratch122/tol/teams/blaxter/users/mb39/plant_organellar_database/data/mito/Artemisia_maritima/Artemisia_maritima.k1001.s31.c80.mito.gfa	0	ok
Artemisia_vulgaris	/lustre/scratch122/tol/teams/blaxter/users/mb39/plant_organellar_database/data/mito/Artemisia_vulgaris/Artemisia_vulgaris.k1001.s31.c80.mito.gfa	0	ok
Arum_italicum	/lustre/scratch122/tol/teams/blaxter/users/mb39/plant_organellar_database/data/mito/Arum_italicum/Arum_italicum.k1001.s31.c80.mito.gfa	0	ok
Arum_maculatum	/lustre/scratch122/tol/teams/blaxter/users/mb39/plant_organellar_database/data/mito/Arum_maculatum/Arum_maculatum.k1001.s31.c80.mito.gfa	0	ok
Asparagus_officinalis	/lustre/scratch122/tol/teams/blaxter/users/mb39/plant_organellar_database/data/mito/Asparagus_officinalis/Asparagus_officinalis.k1001.s31.c80.mito.gfa	0	ok
Asplenium_adiantum_nigrum	/lustre/scratch122/tol/teams/blaxter/users/mb39/plant_organellar_database/data/mito/Asplenium_adiantum_nigrum/Asplenium_adiantum_nigrum.k1001.s31.c100.mito.gfa	0	ok
Asplenium_ceterach	/lustre/scratch122/tol/teams/blaxter/users/mb39/plant_organellar_database/data/mito/Asplenium_ceterach/Asplenium_ceterach.k1001.s31.c100.mito.gfa	2	ok
Asplenium_marinum	/lustre/scratch122/tol/teams/blaxter/users/mb39/plant_organellar_database/data/mito/Asplenium_marinum/Asplenium_marinum.k1001.s31.c15.mito.gfa	2	ok
Asplenium_scolopendrium	/lustre/scratch122/tol/teams/blaxter/users/mb39/plant_organellar_database/data/mito/Asplenium_scolopendrium/Asplenium_scolopendrium.k1001.s31.c15.mito.gfa	2	ok
Asplenium_septentrionale	/lustre/scratch122/tol/teams/blaxter/users/mb39/plant_organellar_database/data/mito/Asplenium_septentrionale/Asplenium_septentrionale.k1001.s31.c80.mito.gfa	NA	parse_error
Asplenium_trichomanes	/lustre/scratch122/tol/teams/blaxter/users/mb39/plant_organellar_database/data/mito/Asplenium_trichomanes/Asplenium_trichomanes.k1001.s31.c100.mito.gfa	0	ok
Asplenium_viride	/lustre/scratch122/tol/teams/blaxter/users/mb39/plant_organellar_database/data/mito/Asplenium_viride/Asplenium_viride.k1001.s31.c100.mito.gfa	0	ok
Astragalus_alpinus	/lustre/scratch122/tol/teams/blaxter/users/mb39/plant_organellar_database/data/mito/Astragalus_alpinus/Astragalus_alpinus.mito.gfa	0	ok
Astragalus_danicus	/lustre/scratch122/tol/teams/blaxter/users/mb39/plant_organellar_database/data/mito/Astragalus_danicus/Astragalus_danicus.k1001.s31.c80.mito.gfa	0	ok
Astragalus_glycyphyllos	/lustre/scratch122/tol/teams/blaxter/users/mb39/plant_organellar_database/data/mito/Astragalus_glycyphyllos/Astragalus_glycyphyllos.mito.gfa	0	ok
Atractylocarpus_subporodictyon	/lustre/scratch122/tol/teams/blaxter/users/mb39/plant_organellar_database/data/mito/Atractylocarpus_subporodictyon/Atractylocarpus_subporodictyon.k1001.s31.c80.mito.gfa	0	ok
Atriplex_laciniata	/lustre/scratch122/tol/teams/blaxter/users/mb39/plant_organellar_database/data/mito/Atriplex_laciniata/Atriplex_laciniata.k1001.s31.c80.mito.gfa	0	ok
Atriplex_littoralis	/lustre/scratch122/tol/teams/blaxter/users/mb39/plant_organellar_database/data/mito/Atriplex_littoralis/Atriplex_littoralis.k1001.s31.c80.mito.gfa	0	ok
Atriplex_praecox	/lustre/scratch122/tol/teams/blaxter/users/mb39/plant_organellar_database/data/mito/Atriplex_praecox/Atriplex_praecox.k1001.s31.c80.mito.gfa	0	ok
Atropa_belladonna	/lustre/scratch122/tol/teams/blaxter/users/mb39/plant_organellar_database/data/mito/Atropa_belladonna/Atropa_belladonna.k1001.s31.c80.mito.gfa	0	ok
Aulacomnium_androgynum	/lustre/scratch122/tol/teams/blaxter/users/mb39/plant_organellar_database/data/mito/Aulacomnium_androgynum/Aulacomnium_androgynum.k1001.s31.c80.mito.gfa	0	ok
Aulacomnium_palustre	/lustre/scratch122/tol/teams/blaxter/users/mb39/plant_organellar_database/data/mito/Aulacomnium_palustre/Aulacomnium_palustre.k1001.s31.c80.mito.gfa	0	ok
Avenella_flexuosa	/lustre/scratch122/tol/teams/blaxter/users/mb39/plant_organellar_database/data/mito/Avenella_flexuosa/Avenella_flexuosa.k1001.s31.c80.mito.gfa	0	ok
Azolla_filiculoides	/lustre/scratch122/tol/teams/blaxter/users/mb39/plant_organellar_database/data/mito/Azolla_filiculoides/Azolla_filiculoides.k1001.s31.c20.mito.gfa	0	ok
Baldellia_ranunculoides	/lustre/scratch122/tol/teams/blaxter/users/mb39/plant_organellar_database/data/mito/Baldellia_ranunculoides/Baldellia_ranunculoides.k1001.s31.c80.mito.gfa	0	ok
Ballota_nigra	/lustre/scratch122/tol/teams/blaxter/users/mb39/plant_organellar_database/data/mito/Ballota_nigra/Ballota_nigra.mito.gfa	0	ok
Barbarea_vulgaris	/lustre/scratch122/tol/teams/blaxter/users/mb39/plant_organellar_database/data/mito/Barbarea_vulgaris/Barbarea_vulgaris.mito.gfa	0	ok
Bartramia_pomiformis	/lustre/scratch122/tol/teams/blaxter/users/mb39/plant_organellar_database/data/mito/Bartramia_pomiformis/Bartramia_pomiformis.k1001.s31.c80.mito.gfa	0	ok
Bazzania_pearsonii	/lustre/scratch122/tol/teams/blaxter/users/mb39/plant_organellar_database/data/mito/Bazzania_pearsonii/Bazzania_pearsonii.k1001.s31.c80.mito.gfa	0	ok
Bazzania_tricrenata	/lustre/scratch122/tol/teams/blaxter/users/mb39/plant_organellar_database/data/mito/Bazzania_tricrenata/Bazzania_tricrenata.k1001.s31.c80.mito.gfa	0	ok
Bazzania_trilobata	/lustre/scratch122/tol/teams/blaxter/users/mb39/plant_organellar_database/data/mito/Bazzania_trilobata/Bazzania_trilobata.k1001.s31.c80.mito.gfa	0	ok
Bellardia_viscosa	/lustre/scratch122/tol/teams/blaxter/users/mb39/plant_organellar_database/data/mito/Bellardia_viscosa/Bellardia_viscosa.k1001.s31.c80.mito.gfa	0	ok
Bellis_perennis	/lustre/scratch122/tol/teams/blaxter/users/mb39/plant_organellar_database/data/mito/Bellis_perennis/Bellis_perennis.k1001.s31.c80.mito.gfa	0	ok
Berberis_aquifolium	/lustre/scratch122/tol/teams/blaxter/users/mb39/plant_organellar_database/data/mito/Berberis_aquifolium/Berberis_aquifolium.k1001.s31.c80.mito.gfa	0	ok
Berberis_vulgaris	/lustre/scratch122/tol/teams/blaxter/users/mb39/plant_organellar_database/data/mito/Berberis_vulgaris/Berberis_vulgaris.mito.gfa	0	ok
Berula_erecta	/lustre/scratch122/tol/teams/blaxter/users/mb39/plant_organellar_database/data/mito/Berula_erecta/Berula_erecta.k1001.s31.c80.mito.gfa	0	ok
Beta_vulgaris	/lustre/scratch122/tol/teams/blaxter/users/mb39/plant_organellar_database/data/mito/Beta_vulgaris/Beta_vulgaris.k1001.s31.c80.mito.gfa	0	ok
Betonica_officinalis	/lustre/scratch122/tol/teams/blaxter/users/mb39/plant_organellar_database/data/mito/Betonica_officinalis/Betonica_officinalis.k1001.s31.c80.mito.gfa	0	ok
Betula_pendula	/lustre/scratch122/tol/teams/blaxter/users/mb39/plant_organellar_database/data/mito/Betula_pendula/Betula_pendula.k1001.s31.c80.mito.gfa	0	ok
Betula_pubescens	/lustre/scratch122/tol/teams/blaxter/users/mb39/plant_organellar_database/data/mito/Betula_pubescens/Betula_pubescens.k1001.s31.c80.mito.gfa	0	ok
Bidens_cernua	/lustre/scratch122/tol/teams/blaxter/users/mb39/plant_organellar_database/data/mito/Bidens_cernua/Bidens_cernua.k1001.s31.c80.mito.gfa	0	ok
Bistorta_vivipara	/lustre/scratch122/tol/teams/blaxter/users/mb39/plant_organellar_database/data/mito/Bistorta_vivipara/Bistorta_vivipara.k1001.s31.c80.mito.gfa	0	ok
Blackstonia_perfoliata	/lustre/scratch122/tol/teams/blaxter/users/mb39/plant_organellar_database/data/mito/Blackstonia_perfoliata/Blackstonia_perfoliata.k1001.s31.c80.mito.gfa	0	ok
Blasia_pusilla	/lustre/scratch122/tol/teams/blaxter/users/mb39/plant_organellar_database/data/mito/Blasia_pusilla/Blasia_pusilla.k1001.s31.c80.mito.gfa	0	ok
Blindia_acuta	/lustre/scratch122/tol/teams/blaxter/users/mb39/plant_organellar_database/data/mito/Blindia_acuta/Blindia_acuta.k1001.s31.c80.mito.gfa	0	ok
Blindiadelphus_recurvatus	/lustre/scratch122/tol/teams/blaxter/users/mb39/plant_organellar_database/data/mito/Blindiadelphus_recurvatus/Blindiadelphus_recurvatus.k1001.s31.c80.mito.gfa	0	ok
Blitum_bonus_henricus	/lustre/scratch122/tol/teams/blaxter/users/mb39/plant_organellar_database/data/mito/Blitum_bonus_henricus/Blitum_bonus_henricus.mito.gfa	0	ok
Blysmopsis_rufa	/lustre/scratch122/tol/teams/blaxter/users/mb39/plant_organellar_database/data/mito/Blysmopsis_rufa/Blysmopsis_rufa.k1001.s31.c80.mito.gfa	1	ok
Borago_officinalis	/lustre/scratch122/tol/teams/blaxter/users/mb39/plant_organellar_database/data/mito/Borago_officinalis/Borago_officinalis.k1001.s31.c80.mito.gfa	0	ok
Brachydontium_trichodes	/lustre/scratch122/tol/teams/blaxter/users/mb39/plant_organellar_database/data/mito/Brachydontium_trichodes/Brachydontium_trichodes.k1001.s31.c80.mito.gfa	0	ok
Brachypodium_pinnatum	/lustre/scratch122/tol/teams/blaxter/users/mb39/plant_organellar_database/data/mito/Brachypodium_pinnatum/Brachypodium_pinnatum.k1001.s31.c80.mito.gfa	0	ok
Brachypodium_sylvaticum	/lustre/scratch122/tol/teams/blaxter/users/mb39/plant_organellar_database/data/mito/Brachypodium_sylvaticum/Brachypodium_sylvaticum.k1001.s31.c80.mito.gfa	0	ok
Brachythecium_rutabulum	/lustre/scratch122/tol/teams/blaxter/users/mb39/plant_organellar_database/data/mito/Brachythecium_rutabulum/Brachythecium_rutabulum.k1001.s31.c80.mito.gfa	0	ok
Brassica_nigra	/lustre/scratch122/tol/teams/blaxter/users/mb39/plant_organellar_database/data/mito/Brassica_nigra/Brassica_nigra.mito.gfa	0	ok
Brassica_oleracea	/lustre/scratch122/tol/teams/blaxter/users/mb39/plant_organellar_database/data/mito/Brassica_oleracea/Brassica_oleracea.k1001.s31.c80.mito.gfa	NA	parse_error
Braunia_imberbis	/lustre/scratch122/tol/teams/blaxter/users/mb39/plant_organellar_database/data/mito/Braunia_imberbis/Braunia_imberbis.k1001.s31.c80.mito.gfa	0	ok
Briza_media	/lustre/scratch122/tol/teams/blaxter/users/mb39/plant_organellar_database/data/mito/Briza_media/Briza_media.k1001.s31.c80.mito.gfa	0	ok
Bromus_benekenii	/lustre/scratch122/tol/teams/blaxter/users/mb39/plant_organellar_database/data/mito/Bromus_benekenii/Bromus_benekenii.k1001.s31.c80.mito.gfa	0	ok
Bromus_hordeaceus	/lustre/scratch122/tol/teams/blaxter/users/mb39/plant_organellar_database/data/mito/Bromus_hordeaceus/Bromus_hordeaceus.k1001.s31.c80.mito.gfa	0	ok
Bromus_interruptus	/lustre/scratch122/tol/teams/blaxter/users/mb39/plant_organellar_database/data/mito/Bromus_interruptus/Bromus_interruptus.k1001.s31.c80.mito.gfa	0	ok
Bromus_secalinus	/lustre/scratch122/tol/teams/blaxter/users/mb39/plant_organellar_database/data/mito/Bromus_secalinus/Bromus_secalinus.k1001.s31.c80.mito.gfa	0	ok
Bromus_sterilis	/lustre/scratch122/tol/teams/blaxter/users/mb39/plant_organellar_database/data/mito/Bromus_sterilis/Bromus_sterilis.mito.gfa	0	ok
Bryoerythrophyllum_caledonicum	/lustre/scratch122/tol/teams/blaxter/users/mb39/plant_organellar_database/data/mito/Bryoerythrophyllum_caledonicum/Bryoerythrophyllum_caledonicum.mito.gfa	0	ok
Bryoerythrophyllum_ferruginascens	/lustre/scratch122/tol/teams/blaxter/users/mb39/plant_organellar_database/data/mito/Bryoerythrophyllum_ferruginascens/Bryoerythrophyllum_ferruginascens.k1001.s31.c80.mito.gfa	0	ok
Bryonia_dioica	/lustre/scratch122/tol/teams/blaxter/users/mb39/plant_organellar_database/data/mito/Bryonia_dioica/Bryonia_dioica.k1001.s31.c80.mito.gfa	0	ok
Bryum_calophyllum	/lustre/scratch122/tol/teams/blaxter/users/mb39/plant_organellar_database/data/mito/Bryum_calophyllum/Bryum_calophyllum.k1001.s31.c80.mito.gfa	0	ok
Bryum_knowltonii	/lustre/scratch122/tol/teams/blaxter/users/mb39/plant_organellar_database/data/mito/Bryum_knowltonii/Bryum_knowltonii.k1001.s31.c80.mito.gfa	0	ok
Bryum_marratii	/lustre/scratch122/tol/teams/blaxter/users/mb39/plant_organellar_database/data/mito/Bryum_marratii/Bryum_marratii.k1001.s31.c80.mito.gfa	0	ok
Bryum_riparium	/lustre/scratch122/tol/teams/blaxter/users/mb39/plant_organellar_database/data/mito/Bryum_riparium/Bryum_riparium.k1001.s31.c80.mito.gfa	0	ok
Buddleja_davidii	/lustre/scratch122/tol/teams/blaxter/users/mb39/plant_organellar_database/data/mito/Buddleja_davidii/Buddleja_davidii.k1001.s31.c80.mito.gfa	0	ok
Butomus_umbellatus	/lustre/scratch122/tol/teams/blaxter/users/mb39/plant_organellar_database/data/mito/Butomus_umbellatus/Butomus_umbellatus.k1001.s31.c80.mito.gfa	0	ok
Buxus_sempervirens	/lustre/scratch122/tol/teams/blaxter/users/mb39/plant_organellar_database/data/mito/Buxus_sempervirens/Buxus_sempervirens.mito.gfa	0	ok
Cakile_maritima	/lustre/scratch122/tol/teams/blaxter/users/mb39/plant_organellar_database/data/mito/Cakile_maritima/Cakile_maritima.k1001.s31.c80.mito.gfa	0	ok
Calendula_officinalis	/lustre/scratch122/tol/teams/blaxter/users/mb39/plant_organellar_database/data/mito/Calendula_officinalis/Calendula_officinalis.mito.gfa	0	ok
Calliergon_cordifolium	/lustre/scratch122/tol/teams/blaxter/users/mb39/plant_organellar_database/data/mito/Calliergon_cordifolium/Calliergon_cordifolium.mito.gfa	0	ok
Calliergonella_cuspidata	/lustre/scratch122/tol/teams/blaxter/users/mb39/plant_organellar_database/data/mito/Calliergonella_cuspidata/Calliergonella_cuspidata.k1001.s31.c80.mito.gfa	0	ok
Calliergon_giganteum	/lustre/scratch122/tol/teams/blaxter/users/mb39/plant_organellar_database/data/mito/Calliergon_giganteum/Calliergon_giganteum.k1001.s31.c80.mito.gfa	0	ok
Callitriche_obtusangula	/lustre/scratch122/tol/teams/blaxter/users/mb39/plant_organellar_database/data/mito/Callitriche_obtusangula/Callitriche_obtusangula.mito.gfa	0	ok
Callitriche_stagnalis	/lustre/scratch122/tol/teams/blaxter/users/mb39/plant_organellar_database/data/mito/Callitriche_stagnalis/Callitriche_stagnalis.k1001.s31.c80.mito.gfa	0	ok
Calluna_vulgaris	/lustre/scratch122/tol/teams/blaxter/users/mb39/plant_organellar_database/data/mito/Calluna_vulgaris/Calluna_vulgaris.mito.gfa	0	ok
Calypogeia_arguta	/lustre/scratch122/tol/teams/blaxter/users/mb39/plant_organellar_database/data/mito/Calypogeia_arguta/Calypogeia_arguta.k1001.s31.c80.mito.gfa	0	ok
Calypogeia_muelleriana	/lustre/scratch122/tol/teams/blaxter/users/mb39/plant_organellar_database/data/mito/Calypogeia_muelleriana/Calypogeia_muelleriana.k1001.s31.c80.mito.gfa	0	ok
Calystegia_pulchra	/lustre/scratch122/tol/teams/blaxter/users/mb39/plant_organellar_database/data/mito/Calystegia_pulchra/Calystegia_pulchra.k1001.s31.c80.mito.gfa	0	ok
Calystegia_sepium	/lustre/scratch122/tol/teams/blaxter/users/mb39/plant_organellar_database/data/mito/Calystegia_sepium/Calystegia_sepium.k1001.s31.c80.mito.gfa	0	ok
Calystegia_soldanella	/lustre/scratch122/tol/teams/blaxter/users/mb39/plant_organellar_database/data/mito/Calystegia_soldanella/Calystegia_soldanella.mito.gfa	0	ok
Campanula_glomerata	/lustre/scratch122/tol/teams/blaxter/users/mb39/plant_organellar_database/data/mito/Campanula_glomerata/Campanula_glomerata.k1001.s31.c80.mito.gfa	0	ok
Campanula_medium	/lustre/scratch122/tol/teams/blaxter/users/mb39/plant_organellar_database/data/mito/Campanula_medium/Campanula_medium.k1001.s31.c80.mito.gfa	0	ok
Campanula_patula	/lustre/scratch122/tol/teams/blaxter/users/mb39/plant_organellar_database/data/mito/Campanula_patula/Campanula_patula.k1001.s31.c80.mito.gfa	0	ok
Campanula_rotundifolia	/lustre/scratch122/tol/teams/blaxter/users/mb39/plant_organellar_database/data/mito/Campanula_rotundifolia/Campanula_rotundifolia.k1001.s31.c80.mito.gfa	2	ok
Camptothecium_lutescens	/lustre/scratch122/tol/teams/blaxter/users/mb39/plant_organellar_database/data/mito/Camptothecium_lutescens/Camptothecium_lutescens.k1001.s31.c80.mito.gfa	0	ok
Campylium_stellatum	/lustre/scratch122/tol/teams/blaxter/users/mb39/plant_organellar_database/data/mito/Campylium_stellatum/Campylium_stellatum.k1001.s31.c80.mito.gfa	0	ok
Campylopus_flexuosus	/lustre/scratch122/tol/teams/blaxter/users/mb39/plant_organellar_database/data/mito/Campylopus_flexuosus/Campylopus_flexuosus.k1001.s31.c80.mito.gfa	0	ok
Campylopus_introflexus	/lustre/scratch122/tol/teams/blaxter/users/mb39/plant_organellar_database/data/mito/Campylopus_introflexus/Campylopus_introflexus.k1001.s31.c80.mito.gfa	0	ok
Capsella_bursa_pastoris	/lustre/scratch122/tol/teams/blaxter/users/mb39/plant_organellar_database/data/mito/Capsella_bursa_pastoris/Capsella_bursa_pastoris.k1001.s31.c80.mito.gfa	0	ok
Cardamine_amara	/lustre/scratch122/tol/teams/blaxter/users/mb39/plant_organellar_database/data/mito/Cardamine_amara/Cardamine_amara.k1001.s31.c80.mito.gfa	0	ok
Cardamine_bulbifera	/lustre/scratch122/tol/teams/blaxter/users/mb39/plant_organellar_database/data/mito/Cardamine_bulbifera/Cardamine_bulbifera.k1001.s31.c80.mito.gfa	0	ok
Cardamine_flexuosa	/lustre/scratch122/tol/teams/blaxter/users/mb39/plant_organellar_database/data/mito/Cardamine_flexuosa/Cardamine_flexuosa.mito.gfa	0	ok
Cardamine_hirsuta	/lustre/scratch122/tol/teams/blaxter/users/mb39/plant_organellar_database/data/mito/Cardamine_hirsuta/Cardamine_hirsuta.mito.gfa	0	ok
Cardamine_pratensis	/lustre/scratch122/tol/teams/blaxter/users/mb39/plant_organellar_database/data/mito/Cardamine_pratensis/Cardamine_pratensis.k1001.s31.c80.mito.gfa	0	ok
Cardamine_raphanifolia	/lustre/scratch122/tol/teams/blaxter/users/mb39/plant_organellar_database/data/mito/Cardamine_raphanifolia/Cardamine_raphanifolia.k1001.s31.c80.mito.gfa	0	ok
Carduus_crispus	/lustre/scratch122/tol/teams/blaxter/users/mb39/plant_organellar_database/data/mito/Carduus_crispus/Carduus_crispus.k1001.s31.c80.mito.gfa	0	ok
Carduus_nutans	/lustre/scratch122/tol/teams/blaxter/users/mb39/plant_organellar_database/data/mito/Carduus_nutans/Carduus_nutans.mito.gfa	0	ok
Carduus_tenuiflorus	/lustre/scratch122/tol/teams/blaxter/users/mb39/plant_organellar_database/data/mito/Carduus_tenuiflorus/Carduus_tenuiflorus.k1001.s31.c80.mito.gfa	0	ok
Carex_acutiformis	/lustre/scratch122/tol/teams/blaxter/users/mb39/plant_organellar_database/data/mito/Carex_acutiformis/Carex_acutiformis.mito.gfa	0	ok
Carex_aquatilis	/lustre/scratch122/tol/teams/blaxter/users/mb39/plant_organellar_database/data/mito/Carex_aquatilis/Carex_aquatilis.k1001.s31.c80.mito.gfa	8	ok
Carex_arenaria	/lustre/scratch122/tol/teams/blaxter/users/mb39/plant_organellar_database/data/mito/Carex_arenaria/Carex_arenaria.mito.gfa	0	ok
Carex_atrata	/lustre/scratch122/tol/teams/blaxter/users/mb39/plant_organellar_database/data/mito/Carex_atrata/Carex_atrata.k1001.s31.c80.mito.gfa	0	ok
Carex_bigelowii	/lustre/scratch122/tol/teams/blaxter/users/mb39/plant_organellar_database/data/mito/Carex_bigelowii/Carex_bigelowii.k1001.s31.c80.mito.gfa	0	ok
Carex_buxbaumii	/lustre/scratch122/tol/teams/blaxter/users/mb39/plant_organellar_database/data/mito/Carex_buxbaumii/Carex_buxbaumii.k1001.s31.c80.mito.gfa	0	ok
Carex_canescens	/lustre/scratch122/tol/teams/blaxter/users/mb39/plant_organellar_database/data/mito/Carex_canescens/Carex_canescens.k1001.s31.c80.mito.gfa	0	ok
Carex_capillaris	/lustre/scratch122/tol/teams/blaxter/users/mb39/plant_organellar_database/data/mito/Carex_capillaris/Carex_capillaris.k1001.s31.c80.mito.gfa	0	ok
Carex_caryophyllea	/lustre/scratch122/tol/teams/blaxter/users/mb39/plant_organellar_database/data/mito/Carex_caryophyllea/Carex_caryophyllea.mito.gfa	0	ok
Carex_depauperata	/lustre/scratch122/tol/teams/blaxter/users/mb39/plant_organellar_database/data/mito/Carex_depauperata/Carex_depauperata.mito.gfa	1	ok
Carex_distans	/lustre/scratch122/tol/teams/blaxter/users/mb39/plant_organellar_database/data/mito/Carex_distans/Carex_distans.mito.gfa	0	ok
Carex_disticha	/lustre/scratch122/tol/teams/blaxter/users/mb39/plant_organellar_database/data/mito/Carex_disticha/Carex_disticha.k1001.s31.c80.mito.gfa	0	ok
Carex_divulsa	/lustre/scratch122/tol/teams/blaxter/users/mb39/plant_organellar_database/data/mito/Carex_divulsa/Carex_divulsa.mito.gfa	0	ok
Carex_echinata	/lustre/scratch122/tol/teams/blaxter/users/mb39/plant_organellar_database/data/mito/Carex_echinata/Carex_echinata.k1001.s31.c80.mito.gfa	0	ok
Carex_elata	/lustre/scratch122/tol/teams/blaxter/users/mb39/plant_organellar_database/data/mito/Carex_elata/Carex_elata.k1001.s31.c80.mito.gfa	0	ok
Carex_extensa	/lustre/scratch122/tol/teams/blaxter/users/mb39/plant_organellar_database/data/mito/Carex_extensa/Carex_extensa.mito.gfa	0	ok
Carex_hirta	/lustre/scratch122/tol/teams/blaxter/users/mb39/plant_organellar_database/data/mito/Carex_hirta/Carex_hirta.mito.gfa	0	ok
Carex_lachenalii	/lustre/scratch122/tol/teams/blaxter/users/mb39/plant_organellar_database/data/mito/Carex_lachenalii/Carex_lachenalii.k1001.s31.c80.mito.gfa	0	ok
Carex_laevigata	/lustre/scratch122/tol/teams/blaxter/users/mb39/plant_organellar_database/data/mito/Carex_laevigata/Carex_laevigata.mito.gfa	0	ok
Carex_lepidocarpa	/lustre/scratch122/tol/teams/blaxter/users/mb39/plant_organellar_database/data/mito/Carex_lepidocarpa/Carex_lepidocarpa.k1001.s31.c80.mito.gfa	0	ok
Carex_leporina	/lustre/scratch122/tol/teams/blaxter/users/mb39/plant_organellar_database/data/mito/Carex_leporina/Carex_leporina.k1001.s31.c80.mito.gfa	0	ok
Carex_montana	/lustre/scratch122/tol/teams/blaxter/users/mb39/plant_organellar_database/data/mito/Carex_montana/Carex_montana.k1001.s31.c80.mito.gfa	0	ok
Carex_nigra	/lustre/scratch122/tol/teams/blaxter/users/mb39/plant_organellar_database/data/mito/Carex_nigra/Carex_nigra.mito.gfa	0	ok
Carex_otrubae	/lustre/scratch122/tol/teams/blaxter/users/mb39/plant_organellar_database/data/mito/Carex_otrubae/Carex_otrubae.k1001.s31.c80.mito.gfa	3	ok
Carex_pallescens	/lustre/scratch122/tol/teams/blaxter/users/mb39/plant_organellar_database/data/mito/Carex_pallescens/Carex_pallescens.k1001.s31.c80.mito.gfa	0	ok
Carex_panicea	/lustre/scratch122/tol/teams/blaxter/users/mb39/plant_organellar_database/data/mito/Carex_panicea/Carex_panicea.k1001.s31.c80.mito.gfa	0	ok
Carex_paniculata	/lustre/scratch122/tol/teams/blaxter/users/mb39/plant_organellar_database/data/mito/Carex_paniculata/Carex_paniculata.k1001.s31.c80.mito.gfa	0	ok
Carex_pendula	/lustre/scratch122/tol/teams/blaxter/users/mb39/plant_organellar_database/data/mito/Carex_pendula/Carex_pendula.mito.gfa	0	ok
Carex_pseudocyperus	/lustre/scratch122/tol/teams/blaxter/users/mb39/plant_organellar_database/data/mito/Carex_pseudocyperus/Carex_pseudocyperus.k1001.s31.c80.mito.gfa	0	ok
Carex_pulicaris	/lustre/scratch122/tol/teams/blaxter/users/mb39/plant_organellar_database/data/mito/Carex_pulicaris/Carex_pulicaris.k1001.s31.c80.mito.gfa	0	ok
Carex_remota	/lustre/scratch122/tol/teams/blaxter/users/mb39/plant_organellar_database/data/mito/Carex_remota/Carex_remota.k1001.s31.c80.mito.gfa	0	ok
Carex_riparia	/lustre/scratch122/tol/teams/blaxter/users/mb39/plant_organellar_database/data/mito/Carex_riparia/Carex_riparia.k1001.s31.c10.mito.gfa	1	ok
Carex_rostrata	/lustre/scratch122/tol/teams/blaxter/users/mb39/plant_organellar_database/data/mito/Carex_rostrata/Carex_rostrata.mito.gfa	0	ok
Carex_rupestris	/lustre/scratch122/tol/teams/blaxter/users/mb39/plant_organellar_database/data/mito/Carex_rupestris/Carex_rupestris.k1001.s31.c80.mito.gfa	0	ok
Carex_saxatilis	/lustre/scratch122/tol/teams/blaxter/users/mb39/plant_organellar_database/data/mito/Carex_saxatilis/Carex_saxatilis.k1001.s31.c80.mito.gfa	0	ok
Carex_spicata	/lustre/scratch122/tol/teams/blaxter/users/mb39/plant_organellar_database/data/mito/Carex_spicata/Carex_spicata.k1001.s31.c80.mito.gfa	0	ok
Carex_strigosa	/lustre/scratch122/tol/teams/blaxter/users/mb39/plant_organellar_database/data/mito/Carex_strigosa/Carex_strigosa.k1001.s31.c80.mito.gfa	0	ok
Carex_sylvatica	/lustre/scratch122/tol/teams/blaxter/users/mb39/plant_organellar_database/data/mito/Carex_sylvatica/Carex_sylvatica.mito.gfa	0	ok
Carex_vaginata	/lustre/scratch122/tol/teams/blaxter/users/mb39/plant_organellar_database/data/mito/Carex_vaginata/Carex_vaginata.k1001.s31.c80.mito.gfa	0	ok
Carex_viridula	/lustre/scratch122/tol/teams/blaxter/users/mb39/plant_organellar_database/data/mito/Carex_viridula/Carex_viridula.k1001.s31.c80.mito.gfa	0	ok
Carlina_vulgaris	/lustre/scratch122/tol/teams/blaxter/users/mb39/plant_organellar_database/data/mito/Carlina_vulgaris/Carlina_vulgaris.mito.gfa	0	ok
Carpinus_betulus	/lustre/scratch122/tol/teams/blaxter/users/mb39/plant_organellar_database/data/mito/Carpinus_betulus/Carpinus_betulus.k1001.s31.c80.mito.gfa	0	ok
Carpobrotus_edulis	/lustre/scratch122/tol/teams/blaxter/users/mb39/plant_organellar_database/data/mito/Carpobrotus_edulis/Carpobrotus_edulis.k1001.s31.c80.mito.gfa	0	ok
Castanea_sativa	/lustre/scratch122/tol/teams/blaxter/users/mb39/plant_organellar_database/data/mito/Castanea_sativa/Castanea_sativa.k1001.s31.c80.mito.gfa	0	ok
Centaurea_cyanus	/lustre/scratch122/tol/teams/blaxter/users/mb39/plant_organellar_database/data/mito/Centaurea_cyanus/Centaurea_cyanus.k1001.s31.c80.mito.gfa	0	ok
Centaurea_nigra	/lustre/scratch122/tol/teams/blaxter/users/mb39/plant_organellar_database/data/mito/Centaurea_nigra/Centaurea_nigra.k1001.s31.c80.mito.gfa	0	ok
Centaurium_erythraea	/lustre/scratch122/tol/teams/blaxter/users/mb39/plant_organellar_database/data/mito/Centaurium_erythraea/Centaurium_erythraea.k1001.s31.c80.mito.gfa	0	ok
Centaurium_intermedium	/lustre/scratch122/tol/teams/blaxter/users/mb39/plant_organellar_database/data/mito/Centaurium_intermedium/Centaurium_intermedium.k1001.s31.c80.mito.gfa	0	ok
Centranthus_ruber	/lustre/scratch122/tol/teams/blaxter/users/mb39/plant_organellar_database/data/mito/Centranthus_ruber/Centranthus_ruber.k1001.s31.c80.mito.gfa	0	ok
Cephalanthera_damasonium	/lustre/scratch122/tol/teams/blaxter/users/mb39/plant_organellar_database/data/mito/Cephalanthera_damasonium/Cephalanthera_damasonium.k1001.s31.c80.mito.gfa	0	ok
Cephalanthera_longifolia	/lustre/scratch122/tol/teams/blaxter/users/mb39/plant_organellar_database/data/mito/Cephalanthera_longifolia/Cephalanthera_longifolia.k1001.s31.c80.mito.gfa	0	ok
Cephalozia_bicuspidata	/lustre/scratch122/tol/teams/blaxter/users/mb39/plant_organellar_database/data/mito/Cephalozia_bicuspidata/Cephalozia_bicuspidata.k1001.s31.c80.mito.gfa	0	ok
Cerastium_arvense	/lustre/scratch122/tol/teams/blaxter/users/mb39/plant_organellar_database/data/mito/Cerastium_arvense/Cerastium_arvense.k1001.s31.c80.mito.gfa	NA	parse_error
Cerastium_diffusum	/lustre/scratch122/tol/teams/blaxter/users/mb39/plant_organellar_database/data/mito/Cerastium_diffusum/Cerastium_diffusum.k1001.s31.c80.mito.gfa	11	ok
Cerastium_fontanum	/lustre/scratch122/tol/teams/blaxter/users/mb39/plant_organellar_database/data/mito/Cerastium_fontanum/Cerastium_fontanum.k1001.s31.c80.mito.gfa	0	ok
Cerastium_glomeratum	/lustre/scratch122/tol/teams/blaxter/users/mb39/plant_organellar_database/data/mito/Cerastium_glomeratum/Cerastium_glomeratum.k1001.s31.c80.mito.gfa	0	ok
Cerastium_semidecandrum	/lustre/scratch122/tol/teams/blaxter/users/mb39/plant_organellar_database/data/mito/Cerastium_semidecandrum/Cerastium_semidecandrum.k1001.s31.c80.mito.gfa	27	ok
Ceratocapnos_claviculata	/lustre/scratch122/tol/teams/blaxter/users/mb39/plant_organellar_database/data/mito/Ceratocapnos_claviculata/Ceratocapnos_claviculata.k1001.s31.c80.mito.gfa	0	ok
Ceratodon_purpureus	/lustre/scratch122/tol/teams/blaxter/users/mb39/plant_organellar_database/data/mito/Ceratodon_purpureus/Ceratodon_purpureus.k1001.s31.c80.mito.gfa	0	ok
Ceratophyllum_demersum	/lustre/scratch122/tol/teams/blaxter/users/mb39/plant_organellar_database/data/mito/Ceratophyllum_demersum/Ceratophyllum_demersum.k1001.s31.c80.mito.gfa	0	ok
Chaenorhinum_minus	/lustre/scratch122/tol/teams/blaxter/users/mb39/plant_organellar_database/data/mito/Chaenorhinum_minus/Chaenorhinum_minus.k1001.s31.c80.mito.gfa	0	ok
Chamaemelum_nobile	/lustre/scratch122/tol/teams/blaxter/users/mb39/plant_organellar_database/data/mito/Chamaemelum_nobile/Chamaemelum_nobile.k1001.s31.c80.mito.gfa	0	ok
Chamaenerion_angustifolium	/lustre/scratch122/tol/teams/blaxter/users/mb39/plant_organellar_database/data/mito/Chamaenerion_angustifolium/Chamaenerion_angustifolium.mito.gfa	0	ok
Chelidonium_majus	/lustre/scratch122/tol/teams/blaxter/users/mb39/plant_organellar_database/data/mito/Chelidonium_majus/Chelidonium_majus.k1001.s31.c80.mito.gfa	0	ok
Chenopodium_album	/lustre/scratch122/tol/teams/blaxter/users/mb39/plant_organellar_database/data/mito/Chenopodium_album/Chenopodium_album.mito.gfa	0	ok
Chionoloma_tenuirostre	/lustre/scratch122/tol/teams/blaxter/users/mb39/plant_organellar_database/data/mito/Chionoloma_tenuirostre/Chionoloma_tenuirostre.k1001.s31.c80.mito.gfa	0	ok
Chrysosplenium_alternifolium	/lustre/scratch122/tol/teams/blaxter/users/mb39/plant_organellar_database/data/mito/Chrysosplenium_alternifolium/Chrysosplenium_alternifolium.k1001.s31.c80.mito.gfa	0	ok
Chrysosplenium_oppositifolium	/lustre/scratch122/tol/teams/blaxter/users/mb39/plant_organellar_database/data/mito/Chrysosplenium_oppositifolium/Chrysosplenium_oppositifolium.k1001.s31.c80.mito.gfa	0	ok
Cicerbita_alpina	/lustre/scratch122/tol/teams/blaxter/users/mb39/plant_organellar_database/data/mito/Cicerbita_alpina/Cicerbita_alpina.k1001.s31.c80.mito.gfa	2	ok
Cicerbita_macrophylla	/lustre/scratch122/tol/teams/blaxter/users/mb39/plant_organellar_database/data/mito/Cicerbita_macrophylla/Cicerbita_macrophylla.k1001.s31.c80.mito.gfa	0	ok
Cicerbita_muralis	/lustre/scratch122/tol/teams/blaxter/users/mb39/plant_organellar_database/data/mito/Cicerbita_muralis/Cicerbita_muralis.k1001.s31.c80.mito.gfa	0	ok
Cichorium_intybus	/lustre/scratch122/tol/teams/blaxter/users/mb39/plant_organellar_database/data/mito/Cichorium_intybus/Cichorium_intybus.k1001.s31.c80.mito.gfa	NA	parse_error
Cicuta_virosa	/lustre/scratch122/tol/teams/blaxter/users/mb39/plant_organellar_database/data/mito/Cicuta_virosa/Cicuta_virosa.k1001.s31.c80.mito.gfa	5	ok
Circaea_lutetiana	/lustre/scratch122/tol/teams/blaxter/users/mb39/plant_organellar_database/data/mito/Circaea_lutetiana/Circaea_lutetiana.k1001.s31.c80.mito.gfa	0	ok
Cirsium_acaule	/lustre/scratch122/tol/teams/blaxter/users/mb39/plant_organellar_database/data/mito/Cirsium_acaule/Cirsium_acaule.k1001.s31.c80.mito.gfa	0	ok
Cirsium_arvense	/lustre/scratch122/tol/teams/blaxter/users/mb39/plant_organellar_database/data/mito/Cirsium_arvense/Cirsium_arvense.k1001.s31.c80.mito.gfa	3	ok
Cirsium_dissectum	/lustre/scratch122/tol/teams/blaxter/users/mb39/plant_organellar_database/data/mito/Cirsium_dissectum/Cirsium_dissectum.k1001.s31.c80.mito.gfa	0	ok
Cirsium_eriophorum	/lustre/scratch122/tol/teams/blaxter/users/mb39/plant_organellar_database/data/mito/Cirsium_eriophorum/Cirsium_eriophorum.mito.gfa	1	ok
Cirsium_heterophyllum	/lustre/scratch122/tol/teams/blaxter/users/mb39/plant_organellar_database/data/mito/Cirsium_heterophyllum/Cirsium_heterophyllum.k1001.s31.c80.mito.gfa	0	ok
Cirsium_vulgare	/lustre/scratch122/tol/teams/blaxter/users/mb39/plant_organellar_database/data/mito/Cirsium_vulgare/Cirsium_vulgare.k1001.s31.c80.mito.gfa	0	ok
Claytonia_perfoliata	/lustre/scratch122/tol/teams/blaxter/users/mb39/plant_organellar_database/data/mito/Claytonia_perfoliata/Claytonia_perfoliata.k1001.s31.c80.mito.gfa	0	ok
Claytonia_sibirica	/lustre/scratch122/tol/teams/blaxter/users/mb39/plant_organellar_database/data/mito/Claytonia_sibirica/Claytonia_sibirica.k1001.s31.c80.mito.gfa	0	ok
Clematis_vitalba	/lustre/scratch122/tol/teams/blaxter/users/mb39/plant_organellar_database/data/mito/Clematis_vitalba/Clematis_vitalba.k1001.s31.c80.mito.gfa	0	ok
Clematis_viticella	/lustre/scratch122/tol/teams/blaxter/users/mb39/plant_organellar_database/data/mito/Clematis_viticella/Clematis_viticella.k1001.s31.c80.mito.gfa	0	ok
Climacium_dendroides	/lustre/scratch122/tol/teams/blaxter/users/mb39/plant_organellar_database/data/mito/Climacium_dendroides/Climacium_dendroides.mito.gfa	0	ok
Clinopodium_vulgare	/lustre/scratch122/tol/teams/blaxter/users/mb39/plant_organellar_database/data/mito/Clinopodium_vulgare/Clinopodium_vulgare.k1001.s31.c80.mito.gfa	0	ok
Cochlearia_officinalis	/lustre/scratch122/tol/teams/blaxter/users/mb39/plant_organellar_database/data/mito/Cochlearia_officinalis/Cochlearia_officinalis.k1001.s31.c80.mito.gfa	0	ok
Codriophorus_aciculare	/lustre/scratch122/tol/teams/blaxter/users/mb39/plant_organellar_database/data/mito/Codriophorus_aciculare/Codriophorus_aciculare.k1001.s31.c80.mito.gfa	0	ok
Coincya_wrightii	/lustre/scratch122/tol/teams/blaxter/users/mb39/plant_organellar_database/data/mito/Coincya_wrightii/Coincya_wrightii.k1001.s31.c80.mito.gfa	0	ok
Colchicum_autumnale	/lustre/scratch122/tol/teams/blaxter/users/mb39/plant_organellar_database/data/mito/Colchicum_autumnale/Colchicum_autumnale.k1001.s31.c80.mito.gfa	1	ok
Colura_calyptrifolia	/lustre/scratch122/tol/teams/blaxter/users/mb39/plant_organellar_database/data/mito/Colura_calyptrifolia/Colura_calyptrifolia.k1001.s31.c80.mito.gfa	0	ok
Comarum_palustre	/lustre/scratch122/tol/teams/blaxter/users/mb39/plant_organellar_database/data/mito/Comarum_palustre/Comarum_palustre.mito.gfa	0	ok
Conium_maculatum	/lustre/scratch122/tol/teams/blaxter/users/mb39/plant_organellar_database/data/mito/Conium_maculatum/Conium_maculatum.k1001.s31.c80.mito.gfa	0	ok
Conocephalum_conicum	/lustre/scratch122/tol/teams/blaxter/users/mb39/plant_organellar_database/data/mito/Conocephalum_conicum/Conocephalum_conicum.k1001.s31.c80.mito.gfa	0	ok
Conopodium_majus	/lustre/scratch122/tol/teams/blaxter/users/mb39/plant_organellar_database/data/mito/Conopodium_majus/Conopodium_majus.k1001.s31.c80.mito.gfa	0	ok
Convallaria_majalis	/lustre/scratch122/tol/teams/blaxter/users/mb39/plant_organellar_database/data/mito/Convallaria_majalis/Convallaria_majalis.k1001.s31.c80.mito.gfa	NA	parse_error
Convolvulus_arvensis	/lustre/scratch122/tol/teams/blaxter/users/mb39/plant_organellar_database/data/mito/Convolvulus_arvensis/Convolvulus_arvensis.mito.gfa	0	ok
Cornus_suecica	/lustre/scratch122/tol/teams/blaxter/users/mb39/plant_organellar_database/data/mito/Cornus_suecica/Cornus_suecica.mito.gfa	0	ok
Corylus_avellana	/lustre/scratch122/tol/teams/blaxter/users/mb39/plant_organellar_database/data/mito/Corylus_avellana/Corylus_avellana.mito.gfa	0	ok
Corylus_colurna	/lustre/scratch122/tol/teams/blaxter/users/mb39/plant_organellar_database/data/mito/Corylus_colurna/Corylus_colurna.k1001.s31.c80.mito.gfa	0	ok
Corynephorus_canescens	/lustre/scratch122/tol/teams/blaxter/users/mb39/plant_organellar_database/data/mito/Corynephorus_canescens/Corynephorus_canescens.k1001.s31.c80.mito.gfa	0	ok
Cotoneaster_cambricus	/lustre/scratch122/tol/teams/blaxter/users/mb39/plant_organellar_database/data/mito/Cotoneaster_cambricus/Cotoneaster_cambricus.k1001.s31.c80.mito.gfa	0	ok
Cotoneaster_horizontalis	/lustre/scratch122/tol/teams/blaxter/users/mb39/plant_organellar_database/data/mito/Cotoneaster_horizontalis/Cotoneaster_horizontalis.k1001.s31.c80.mito.gfa	0	ok
Crassula_aquatica	/lustre/scratch122/tol/teams/blaxter/users/mb39/plant_organellar_database/data/mito/Crassula_aquatica/Crassula_aquatica.k1001.s31.c80.mito.gfa	0	ok
Crassula_helmsii	/lustre/scratch122/tol/teams/blaxter/users/mb39/plant_organellar_database/data/mito/Crassula_helmsii/Crassula_helmsii.k1001.s31.c80.mito.gfa	0	ok
Crataegus_laevigata	/lustre/scratch122/tol/teams/blaxter/users/mb39/plant_organellar_database/data/mito/Crataegus_laevigata/Crataegus_laevigata.mito.gfa	0	ok
Crataegus_monogyna	/lustre/scratch122/tol/teams/blaxter/users/mb39/plant_organellar_database/data/mito/Crataegus_monogyna/Crataegus_monogyna.k1001.s31.c80.mito.gfa	0	ok
Cratoneuron_filicinum	/lustre/scratch122/tol/teams/blaxter/users/mb39/plant_organellar_database/data/mito/Cratoneuron_filicinum/Cratoneuron_filicinum.mito.gfa	0	ok
Crepis_paludosa	/lustre/scratch122/tol/teams/blaxter/users/mb39/plant_organellar_database/data/mito/Crepis_paludosa/Crepis_paludosa.k1001.s31.c80.mito.gfa	0	ok
Crithmum_maritimum	/lustre/scratch122/tol/teams/blaxter/users/mb39/plant_organellar_database/data/mito/Crithmum_maritimum/Crithmum_maritimum.k1001.s31.c80.mito.gfa	0	ok
Crocosmia_x_crocosmiiflora	/lustre/scratch122/tol/teams/blaxter/users/mb39/plant_organellar_database/data/mito/Crocosmia_x_crocosmiiflora/Crocosmia_x_crocosmiiflora.k1001.s31.c80.mito.gfa	0	ok
Crocus_tommasinianus	/lustre/scratch122/tol/teams/blaxter/users/mb39/plant_organellar_database/data/mito/Crocus_tommasinianus/Crocus_tommasinianus.k1001.s31.c80.mito.gfa	0	ok
Cruciata_laevipes	/lustre/scratch122/tol/teams/blaxter/users/mb39/plant_organellar_database/data/mito/Cruciata_laevipes/Cruciata_laevipes.mito.gfa	0	ok
Cryphaea_heteromalla	/lustre/scratch122/tol/teams/blaxter/users/mb39/plant_organellar_database/data/mito/Cryphaea_heteromalla/Cryphaea_heteromalla.k1001.s31.c80.mito.gfa	0	ok
Cryptogramma_crispa	/lustre/scratch122/tol/teams/blaxter/users/mb39/plant_organellar_database/data/mito/Cryptogramma_crispa/Cryptogramma_crispa.k1001.s31.c100.mito.gfa	NA	parse_error
Ctenidium_molluscum	/lustre/scratch122/tol/teams/blaxter/users/mb39/plant_organellar_database/data/mito/Ctenidium_molluscum/Ctenidium_molluscum.k1001.s31.c80.mito.gfa	0	ok
Cuscuta_epithymum	/lustre/scratch122/tol/teams/blaxter/users/mb39/plant_organellar_database/data/mito/Cuscuta_epithymum/Cuscuta_epithymum.k1001.s31.c80.mito.gfa	0	ok
Cymbalaria_muralis	/lustre/scratch122/tol/teams/blaxter/users/mb39/plant_organellar_database/data/mito/Cymbalaria_muralis/Cymbalaria_muralis.mito.gfa	0	ok
Cynodontium_bruntonii	/lustre/scratch122/tol/teams/blaxter/users/mb39/plant_organellar_database/data/mito/Cynodontium_bruntonii/Cynodontium_bruntonii.k1001.s31.c80.mito.gfa	0	ok
Cynoglossum_officinale	/lustre/scratch122/tol/teams/blaxter/users/mb39/plant_organellar_database/data/mito/Cynoglossum_officinale/Cynoglossum_officinale.k1001.s31.c80.mito.gfa	2	ok
Cynosurus_cristatus	/lustre/scratch122/tol/teams/blaxter/users/mb39/plant_organellar_database/data/mito/Cynosurus_cristatus/Cynosurus_cristatus.k1001.s31.c80.mito.gfa	0	ok
Cyperus_fuscus	/lustre/scratch122/tol/teams/blaxter/users/mb39/plant_organellar_database/data/mito/Cyperus_fuscus/Cyperus_fuscus.mito.gfa	0	ok
Cystopteris_fragilis	/lustre/scratch122/tol/teams/blaxter/users/mb39/plant_organellar_database/data/mito/Cystopteris_fragilis/Cystopteris_fragilis.k1001.s31.c100.mito.gfa	0	ok
Cystopteris_montana	/lustre/scratch122/tol/teams/blaxter/users/mb39/plant_organellar_database/data/mito/Cystopteris_montana/Cystopteris_montana.k1001.s31.c100.mito.gfa	0	ok
Cytisus_scoparius	/lustre/scratch122/tol/teams/blaxter/users/mb39/plant_organellar_database/data/mito/Cytisus_scoparius/Cytisus_scoparius.k1001.s31.c80.mito.gfa	0	ok
Daboecia_cantabrica	/lustre/scratch122/tol/teams/blaxter/users/mb39/plant_organellar_database/data/mito/Daboecia_cantabrica/Daboecia_cantabrica.k1001.s31.c80.mito.gfa	0	ok
Dactylis_glomerata	/lustre/scratch122/tol/teams/blaxter/users/mb39/plant_organellar_database/data/mito/Dactylis_glomerata/Dactylis_glomerata.k1001.s31.c80.mito.gfa	0	ok
Dactylorhiza_fuchsii	/lustre/scratch122/tol/teams/blaxter/users/mb39/plant_organellar_database/data/mito/Dactylorhiza_fuchsii/Dactylorhiza_fuchsii.k1001.s31.c80.mito.gfa	0	ok
Dactylorhiza_incarnata	/lustre/scratch122/tol/teams/blaxter/users/mb39/plant_organellar_database/data/mito/Dactylorhiza_incarnata/Dactylorhiza_incarnata.k1001.s31.c80.mito.gfa	0	ok
Dactylorhiza_purpurella	/lustre/scratch122/tol/teams/blaxter/users/mb39/plant_organellar_database/data/mito/Dactylorhiza_purpurella/Dactylorhiza_purpurella.k1001.s31.c80.mito.gfa	0	ok
Dactylorhiza_viridis	/lustre/scratch122/tol/teams/blaxter/users/mb39/plant_organellar_database/data/mito/Dactylorhiza_viridis/Dactylorhiza_viridis.k1001.s31.c80.mito.gfa	0	ok
Damasonium_alisma	/lustre/scratch122/tol/teams/blaxter/users/mb39/plant_organellar_database/data/mito/Damasonium_alisma/Damasonium_alisma.k1001.s31.c80.mito.gfa	0	ok
Danthonia_decumbens	/lustre/scratch122/tol/teams/blaxter/users/mb39/plant_organellar_database/data/mito/Danthonia_decumbens/Danthonia_decumbens.k1001.s31.c80.mito.gfa	0	ok
Daphne_laureola	/lustre/scratch122/tol/teams/blaxter/users/mb39/plant_organellar_database/data/mito/Daphne_laureola/Daphne_laureola.k1001.s31.c80.mito.gfa	2	ok
Daphne_mezereum	/lustre/scratch122/tol/teams/blaxter/users/mb39/plant_organellar_database/data/mito/Daphne_mezereum/Daphne_mezereum.k1001.s31.c80.mito.gfa	0	ok
Dasiphora_fruticosa	/lustre/scratch122/tol/teams/blaxter/users/mb39/plant_organellar_database/data/mito/Dasiphora_fruticosa/Dasiphora_fruticosa.k1001.s31.c80.mito.gfa	0	ok
Datura_stramonium	/lustre/scratch122/tol/teams/blaxter/users/mb39/plant_organellar_database/data/mito/Datura_stramonium/Datura_stramonium.k1001.s31.c80.mito.gfa	0	ok
Daucus_carota	/lustre/scratch122/tol/teams/blaxter/users/mb39/plant_organellar_database/data/mito/Daucus_carota/Daucus_carota.k1001.s31.c80.mito.gfa	1	ok
Deschampsia_cespitosa	/lustre/scratch122/tol/teams/blaxter/users/mb39/plant_organellar_database/data/mito/Deschampsia_cespitosa/Deschampsia_cespitosa.k1001.s31.c80.mito.gfa	0	ok
Descurainia_sophia	/lustre/scratch122/tol/teams/blaxter/users/mb39/plant_organellar_database/data/mito/Descurainia_sophia/Descurainia_sophia.k1001.s31.c80.mito.gfa	0	ok
Dianthus_deltoides	/lustre/scratch122/tol/teams/blaxter/users/mb39/plant_organellar_database/data/mito/Dianthus_deltoides/Dianthus_deltoides.k1001.s31.c80.mito.gfa	0	ok
Diapensia_lapponica	/lustre/scratch122/tol/teams/blaxter/users/mb39/plant_organellar_database/data/mito/Diapensia_lapponica/Diapensia_lapponica.k1001.s31.c80.mito.gfa	0	ok
Dichodontium_palustre	/lustre/scratch122/tol/teams/blaxter/users/mb39/plant_organellar_database/data/mito/Dichodontium_palustre/Dichodontium_palustre.k1001.s31.c80.mito.gfa	0	ok
Dicranodontium_denudatum	/lustre/scratch122/tol/teams/blaxter/users/mb39/plant_organellar_database/data/mito/Dicranodontium_denudatum/Dicranodontium_denudatum.k1001.s31.c80.mito.gfa	0	ok
Dicranoweisia_cirrata	/lustre/scratch122/tol/teams/blaxter/users/mb39/plant_organellar_database/data/mito/Dicranoweisia_cirrata/Dicranoweisia_cirrata.k1001.s31.c80.mito.gfa	0	ok
Dicranum_bonjeanii	/lustre/scratch122/tol/teams/blaxter/users/mb39/plant_organellar_database/data/mito/Dicranum_bonjeanii/Dicranum_bonjeanii.k1001.s31.c80.mito.gfa	0	ok
Dicranum_flexicaule	/lustre/scratch122/tol/teams/blaxter/users/mb39/plant_organellar_database/data/mito/Dicranum_flexicaule/Dicranum_flexicaule.k1001.s31.c80.mito.gfa	0	ok
Dicranum_fuscescens	/lustre/scratch122/tol/teams/blaxter/users/mb39/plant_organellar_database/data/mito/Dicranum_fuscescens/Dicranum_fuscescens.k1001.s31.c80.mito.gfa	20	ok
Dicranum_majus	/lustre/scratch122/tol/teams/blaxter/users/mb39/plant_organellar_database/data/mito/Dicranum_majus/Dicranum_majus.k1001.s31.c80.mito.gfa	0	ok
Dicranum_scoparium	/lustre/scratch122/tol/teams/blaxter/users/mb39/plant_organellar_database/data/mito/Dicranum_scoparium/Dicranum_scoparium.k1001.s31.c80.mito.gfa	0	ok
Dicranum_scottianum	/lustre/scratch122/tol/teams/blaxter/users/mb39/plant_organellar_database/data/mito/Dicranum_scottianum/Dicranum_scottianum.k1001.s31.c80.mito.gfa	0	ok
Dicranum_tauricum	/lustre/scratch122/tol/teams/blaxter/users/mb39/plant_organellar_database/data/mito/Dicranum_tauricum/Dicranum_tauricum.k1001.s31.c80.mito.gfa	0	ok
Didymodon_insulanus	/lustre/scratch122/tol/teams/blaxter/users/mb39/plant_organellar_database/data/mito/Didymodon_insulanus/Didymodon_insulanus.k1001.s31.c80.mito.gfa	0	ok
Didymodon_rigidulus	/lustre/scratch122/tol/teams/blaxter/users/mb39/plant_organellar_database/data/mito/Didymodon_rigidulus/Didymodon_rigidulus.k1001.s31.c80.mito.gfa	0	ok
Digitalis_purpurea	/lustre/scratch122/tol/teams/blaxter/users/mb39/plant_organellar_database/data/mito/Digitalis_purpurea/Digitalis_purpurea.k1001.s31.c80.mito.gfa	0	ok
Digitaria_sanguinalis	/lustre/scratch122/tol/teams/blaxter/users/mb39/plant_organellar_database/data/mito/Digitaria_sanguinalis/Digitaria_sanguinalis.mito.gfa	0	ok
Dilutineuron_fasciculare	/lustre/scratch122/tol/teams/blaxter/users/mb39/plant_organellar_database/data/mito/Dilutineuron_fasciculare/Dilutineuron_fasciculare.k1001.s31.c80.mito.gfa	0	ok
Dioscorea_communis	/lustre/scratch122/tol/teams/blaxter/users/mb39/plant_organellar_database/data/mito/Dioscorea_communis/Dioscorea_communis.k1001.s31.c80.mito.gfa	0	ok
Diphasiastrum_alpinum	/lustre/scratch122/tol/teams/blaxter/users/mb39/plant_organellar_database/data/mito/Diphasiastrum_alpinum/Diphasiastrum_alpinum.k1001.s31.c100.mito.gfa	NA	parse_error
Dipsacus_fullonum	/lustre/scratch122/tol/teams/blaxter/users/mb39/plant_organellar_database/data/mito/Dipsacus_fullonum/Dipsacus_fullonum.k1001.s31.c80.mito.gfa	0	ok
Disphyma_crassifolium	/lustre/scratch122/tol/teams/blaxter/users/mb39/plant_organellar_database/data/mito/Disphyma_crassifolium/Disphyma_crassifolium.k1001.s31.c80.mito.gfa	0	ok
Distichium_capillaceum	/lustre/scratch122/tol/teams/blaxter/users/mb39/plant_organellar_database/data/mito/Distichium_capillaceum/Distichium_capillaceum.k1001.s31.c80.mito.gfa	0	ok
Ditrichum_cornubicum	/lustre/scratch122/tol/teams/blaxter/users/mb39/plant_organellar_database/data/mito/Ditrichum_cornubicum/Ditrichum_cornubicum.k1001.s31.c80.mito.gfa	0	ok
Doronicum_pardalianches	/lustre/scratch122/tol/teams/blaxter/users/mb39/plant_organellar_database/data/mito/Doronicum_pardalianches/Doronicum_pardalianches.k1001.s31.c80.mito.gfa	0	ok
Douinia_ovata	/lustre/scratch122/tol/teams/blaxter/users/mb39/plant_organellar_database/data/mito/Douinia_ovata/Douinia_ovata.k1001.s31.c80.mito.gfa	0	ok
Draba_incana	/lustre/scratch122/tol/teams/blaxter/users/mb39/plant_organellar_database/data/mito/Draba_incana/Draba_incana.mito.gfa	0	ok
Draba_verna	/lustre/scratch122/tol/teams/blaxter/users/mb39/plant_organellar_database/data/mito/Draba_verna/Draba_verna.mito.gfa	0	ok
Dracunculus_vulgaris	/lustre/scratch122/tol/teams/blaxter/users/mb39/plant_organellar_database/data/mito/Dracunculus_vulgaris/Dracunculus_vulgaris.k1001.s31.c80.mito.gfa	0	ok
Drosera_anglica	/lustre/scratch122/tol/teams/blaxter/users/mb39/plant_organellar_database/data/mito/Drosera_anglica/Drosera_anglica.k1001.s31.c80.mito.gfa	0	ok
Drosera_rotundifolia	/lustre/scratch122/tol/teams/blaxter/users/mb39/plant_organellar_database/data/mito/Drosera_rotundifolia/Drosera_rotundifolia.k1001.s31.c80.mito.gfa	0	ok
Dryas_octopetala	/lustre/scratch122/tol/teams/blaxter/users/mb39/plant_organellar_database/data/mito/Dryas_octopetala/Dryas_octopetala.mito.gfa	0	ok
Dryopteris_borreri	/lustre/scratch122/tol/teams/blaxter/users/mb39/plant_organellar_database/data/mito/Dryopteris_borreri/Dryopteris_borreri.k1001.s31.c100.mito.gfa	0	ok
Dryopteris_dilatata	/lustre/scratch122/tol/teams/blaxter/users/mb39/plant_organellar_database/data/mito/Dryopteris_dilatata/Dryopteris_dilatata.k1001.s31.c100.mito.gfa	0	ok
Dryopteris_filix_mas	/lustre/scratch122/tol/teams/blaxter/users/mb39/plant_organellar_database/data/mito/Dryopteris_filix_mas/Dryopteris_filix_mas.k1001.s31.c100.mito.gfa	0	ok
Echium_vulgare	/lustre/scratch122/tol/teams/blaxter/users/mb39/plant_organellar_database/data/mito/Echium_vulgare/Echium_vulgare.k1001.s31.c80.mito.gfa	0	ok
Eleocharis_parvula	/lustre/scratch122/tol/teams/blaxter/users/mb39/plant_organellar_database/data/mito/Eleocharis_parvula/Eleocharis_parvula.k1001.s31.c80.mito.gfa	0	ok
Eleocharis_quinqueflora	/lustre/scratch122/tol/teams/blaxter/users/mb39/plant_organellar_database/data/mito/Eleocharis_quinqueflora/Eleocharis_quinqueflora.mito.gfa	0	ok
Elodea_nuttallii	/lustre/scratch122/tol/teams/blaxter/users/mb39/plant_organellar_database/data/mito/Elodea_nuttallii/Elodea_nuttallii.k1001.s31.c80.mito.gfa	0	ok
Empetrum_nigrum	/lustre/scratch122/tol/teams/blaxter/users/mb39/plant_organellar_database/data/mito/Empetrum_nigrum/Empetrum_nigrum.k1001.s31.c80.mito.gfa	0	ok
Encalypta_ciliata	/lustre/scratch122/tol/teams/blaxter/users/mb39/plant_organellar_database/data/mito/Encalypta_ciliata/Encalypta_ciliata.k1001.s31.c80.mito.gfa	0	ok
Entodon_concinnus	/lustre/scratch122/tol/teams/blaxter/users/mb39/plant_organellar_database/data/mito/Entodon_concinnus/Entodon_concinnus.k1001.s31.c80.mito.gfa	0	ok
Epilobium_alsinifolium	/lustre/scratch122/tol/teams/blaxter/users/mb39/plant_organellar_database/data/mito/Epilobium_alsinifolium/Epilobium_alsinifolium.k1001.s31.c80.mito.gfa	0	ok
Epilobium_anagallidifolium	/lustre/scratch122/tol/teams/blaxter/users/mb39/plant_organellar_database/data/mito/Epilobium_anagallidifolium/Epilobium_anagallidifolium.k1001.s31.c80.mito.gfa	0	ok
Epilobium_brunnescens	/lustre/scratch122/tol/teams/blaxter/users/mb39/plant_organellar_database/data/mito/Epilobium_brunnescens/Epilobium_brunnescens.k1001.s31.c80.mito.gfa	0	ok
Epilobium_ciliatum	/lustre/scratch122/tol/teams/blaxter/users/mb39/plant_organellar_database/data/mito/Epilobium_ciliatum/Epilobium_ciliatum.k1001.s31.c80.mito.gfa	0	ok
Epilobium_hirsutum	/lustre/scratch122/tol/teams/blaxter/users/mb39/plant_organellar_database/data/mito/Epilobium_hirsutum/Epilobium_hirsutum.mito.gfa	0	ok
Epilobium_palustre	/lustre/scratch122/tol/teams/blaxter/users/mb39/plant_organellar_database/data/mito/Epilobium_palustre/Epilobium_palustre.k1001.s31.c80.mito.gfa	0	ok
Epilobium_parviflorum	/lustre/scratch122/tol/teams/blaxter/users/mb39/plant_organellar_database/data/mito/Epilobium_parviflorum/Epilobium_parviflorum.k1001.s31.c80.mito.gfa	0	ok
Epipactis_purpurata	/lustre/scratch122/tol/teams/blaxter/users/mb39/plant_organellar_database/data/mito/Epipactis_purpurata/Epipactis_purpurata.k1001.s31.c80.mito.gfa	0	ok
Equisetum_arvense	/lustre/scratch122/tol/teams/blaxter/users/mb39/plant_organellar_database/data/mito/Equisetum_arvense/Equisetum_arvense.k1001.s31.c100.mito.gfa	0	ok
Equisetum_fluviatile	/lustre/scratch122/tol/teams/blaxter/users/mb39/plant_organellar_database/data/mito/Equisetum_fluviatile/Equisetum_fluviatile.k1001.s31.c100.mito.gfa	0	ok
Equisetum_hyemale		NA	missing_gfa
Equisetum_palustre	/lustre/scratch122/tol/teams/blaxter/users/mb39/plant_organellar_database/data/mito/Equisetum_palustre/Equisetum_palustre.k1001.s31.c100.mito.gfa	NA	parse_error
Equisetum_pratense	/lustre/scratch122/tol/teams/blaxter/users/mb39/plant_organellar_database/data/mito/Equisetum_pratense/Equisetum_pratense.k1001.s31.c100.mito.gfa	0	ok
Equisetum_sylvaticum	/lustre/scratch122/tol/teams/blaxter/users/mb39/plant_organellar_database/data/mito/Equisetum_sylvaticum/Equisetum_sylvaticum.k1001.s31.c100.mito.gfa	0	ok
Equisetum_telmateia	/lustre/scratch122/tol/teams/blaxter/users/mb39/plant_organellar_database/data/mito/Equisetum_telmateia/Equisetum_telmateia.k1001.s31.c100.mito.gfa	0	ok
Equisetum_variegatum		NA	missing_gfa
Eranthis_hyemalis	/lustre/scratch122/tol/teams/blaxter/users/mb39/plant_organellar_database/data/mito/Eranthis_hyemalis/Eranthis_hyemalis.k1001.s31.c80.mito.gfa	0	ok
Erica_ciliaris	/lustre/scratch122/tol/teams/blaxter/users/mb39/plant_organellar_database/data/mito/Erica_ciliaris/Erica_ciliaris.k1001.s31.c80.mito.gfa	0	ok
Erica_cinerea	/lustre/scratch122/tol/teams/blaxter/users/mb39/plant_organellar_database/data/mito/Erica_cinerea/Erica_cinerea.k1001.s31.c80.mito.gfa	0	ok
Erica_mackaiana	/lustre/scratch122/tol/teams/blaxter/users/mb39/plant_organellar_database/data/mito/Erica_mackaiana/Erica_mackaiana.k1001.s31.c80.mito.gfa	0	ok
Erica_tetralix	/lustre/scratch122/tol/teams/blaxter/users/mb39/plant_organellar_database/data/mito/Erica_tetralix/Erica_tetralix.k1001.s31.c80.mito.gfa	0	ok
Erigeron_borealis	/lustre/scratch122/tol/teams/blaxter/users/mb39/plant_organellar_database/data/mito/Erigeron_borealis/Erigeron_borealis.k1001.s31.c80.mito.gfa	0	ok
Erinus_alpinus	/lustre/scratch122/tol/teams/blaxter/users/mb39/plant_organellar_database/data/mito/Erinus_alpinus/Erinus_alpinus.k1001.s31.c80.mito.gfa	0	ok
Eriocaulon_aquaticum	/lustre/scratch122/tol/teams/blaxter/users/mb39/plant_organellar_database/data/mito/Eriocaulon_aquaticum/Eriocaulon_aquaticum.k1001.s31.c80.mito.gfa	0	ok
Eriophorum_angustifolium	/lustre/scratch122/tol/teams/blaxter/users/mb39/plant_organellar_database/data/mito/Eriophorum_angustifolium/Eriophorum_angustifolium.k1001.s31.c80.mito.gfa	0	ok
Eriophorum_latifolium	/lustre/scratch122/tol/teams/blaxter/users/mb39/plant_organellar_database/data/mito/Eriophorum_latifolium/Eriophorum_latifolium.k1001.s31.c80.mito.gfa	0	ok
Eriophorum_vaginatum	/lustre/scratch122/tol/teams/blaxter/users/mb39/plant_organellar_database/data/mito/Eriophorum_vaginatum/Eriophorum_vaginatum.k1001.s31.c40.mito.gfa	0	ok
Erodium_cicutarium	/lustre/scratch122/tol/teams/blaxter/users/mb39/plant_organellar_database/data/mito/Erodium_cicutarium/Erodium_cicutarium.k1001.s31.c80.mito.gfa	0	ok
Erodium_maritimum	/lustre/scratch122/tol/teams/blaxter/users/mb39/plant_organellar_database/data/mito/Erodium_maritimum/Erodium_maritimum.mito.gfa	0	ok
Erodium_moschatum	/lustre/scratch122/tol/teams/blaxter/users/mb39/plant_organellar_database/data/mito/Erodium_moschatum/Erodium_moschatum.mito.gfa	0	ok
Eryngium_campestre	/lustre/scratch122/tol/teams/blaxter/users/mb39/plant_organellar_database/data/mito/Eryngium_campestre/Eryngium_campestre.k1001.s31.c80.mito.gfa	0	ok
Eryngium_maritimum	/lustre/scratch122/tol/teams/blaxter/users/mb39/plant_organellar_database/data/mito/Eryngium_maritimum/Eryngium_maritimum.k1001.s31.c80.mito.gfa	0	ok
Erythranthe_lutea	/lustre/scratch122/tol/teams/blaxter/users/mb39/plant_organellar_database/data/mito/Erythranthe_lutea/Erythranthe_lutea.k1001.s31.c80.mito.gfa	0	ok
Euonymus_europaeus	/lustre/scratch122/tol/teams/blaxter/users/mb39/plant_organellar_database/data/mito/Euonymus_europaeus/Euonymus_europaeus.mito.gfa	0	ok
Eupatorium_cannabinum	/lustre/scratch122/tol/teams/blaxter/users/mb39/plant_organellar_database/data/mito/Eupatorium_cannabinum/Eupatorium_cannabinum.k1001.s31.c80.mito.gfa	1	ok
Euphorbia_amygdaloides	/lustre/scratch122/tol/teams/blaxter/users/mb39/plant_organellar_database/data/mito/Euphorbia_amygdaloides/Euphorbia_amygdaloides.k1001.s31.c80.mito.gfa	0	ok
Euphorbia_exigua	/lustre/scratch122/tol/teams/blaxter/users/mb39/plant_organellar_database/data/mito/Euphorbia_exigua/Euphorbia_exigua.k1001.s31.c80.mito.gfa	2	ok
Euphorbia_helioscopia	/lustre/scratch122/tol/teams/blaxter/users/mb39/plant_organellar_database/data/mito/Euphorbia_helioscopia/Euphorbia_helioscopia.k1001.s31.c80.mito.gfa	0	ok
Euphorbia_lathyris	/lustre/scratch122/tol/teams/blaxter/users/mb39/plant_organellar_database/data/mito/Euphorbia_lathyris/Euphorbia_lathyris.mito.gfa	0	ok
Euphorbia_maculata	/lustre/scratch122/tol/teams/blaxter/users/mb39/plant_organellar_database/data/mito/Euphorbia_maculata/Euphorbia_maculata.mito.gfa	0	ok
Euphorbia_paralias	/lustre/scratch122/tol/teams/blaxter/users/mb39/plant_organellar_database/data/mito/Euphorbia_paralias/Euphorbia_paralias.k1001.s31.c80.mito.gfa	0	ok
Euphorbia_peplus	/lustre/scratch122/tol/teams/blaxter/users/mb39/plant_organellar_database/data/mito/Euphorbia_peplus/Euphorbia_peplus.mito.gfa	3	ok
Euphorbia_portlandica	/lustre/scratch122/tol/teams/blaxter/users/mb39/plant_organellar_database/data/mito/Euphorbia_portlandica/Euphorbia_portlandica.k1001.s31.c80.mito.gfa	0	ok
Euphrasia_anglica	/lustre/scratch122/tol/teams/blaxter/users/mb39/plant_organellar_database/data/mito/Euphrasia_anglica/Euphrasia_anglica.k1001.s31.c80.mito.gfa	0	ok
Euphrasia_confusa	/lustre/scratch122/tol/teams/blaxter/users/mb39/plant_organellar_database/data/mito/Euphrasia_confusa/Euphrasia_confusa.mito.gfa	0	ok
Euphrasia_foulaensis	/lustre/scratch122/tol/teams/blaxter/users/mb39/plant_organellar_database/data/mito/Euphrasia_foulaensis/Euphrasia_foulaensis.k1001.s31.c80.mito.gfa	NA	parse_error
Euphrasia_nemorosa	/lustre/scratch122/tol/teams/blaxter/users/mb39/plant_organellar_database/data/mito/Euphrasia_nemorosa/Euphrasia_nemorosa.k1001.s31.c80.mito.gfa	0	ok
Euphrasia_tetraquetra	/lustre/scratch122/tol/teams/blaxter/users/mb39/plant_organellar_database/data/mito/Euphrasia_tetraquetra/Euphrasia_tetraquetra.k1001.s31.c80.mito.gfa	0	ok
Eurhynchium_striatum	/lustre/scratch122/tol/teams/blaxter/users/mb39/plant_organellar_database/data/mito/Eurhynchium_striatum/Eurhynchium_striatum.k1001.s31.c80.mito.gfa	0	ok
Exsertotheca_crispa	/lustre/scratch122/tol/teams/blaxter/users/mb39/plant_organellar_database/data/mito/Exsertotheca_crispa/Exsertotheca_crispa.k1001.s31.c80.mito.gfa	0	ok
Fagus_sylvatica	/lustre/scratch122/tol/teams/blaxter/users/mb39/plant_organellar_database/data/mito/Fagus_sylvatica/Fagus_sylvatica.mito.gfa	0	ok
Fallopia_baldschuanica	/lustre/scratch122/tol/teams/blaxter/users/mb39/plant_organellar_database/data/mito/Fallopia_baldschuanica/Fallopia_baldschuanica.k1001.s31.c80.mito.gfa	0	ok
Fallopia_convolvulus	/lustre/scratch122/tol/teams/blaxter/users/mb39/plant_organellar_database/data/mito/Fallopia_convolvulus/Fallopia_convolvulus.mito.gfa	0	ok
Fallopia_sachalinensis	/lustre/scratch122/tol/teams/blaxter/users/mb39/plant_organellar_database/data/mito/Fallopia_sachalinensis/Fallopia_sachalinensis.k1001.s31.c80.mito.gfa	0	ok
Festuca_arundinacea	/lustre/scratch122/tol/teams/blaxter/users/mb39/plant_organellar_database/data/mito/Festuca_arundinacea/Festuca_arundinacea.k1001.s31.c80.mito.gfa	0	ok
Festuca_gigantea	/lustre/scratch122/tol/teams/blaxter/users/mb39/plant_organellar_database/data/mito/Festuca_gigantea/Festuca_gigantea.k1001.s31.c80.mito.gfa	0	ok
Festuca_heterophylla	/lustre/scratch122/tol/teams/blaxter/users/mb39/plant_organellar_database/data/mito/Festuca_heterophylla/Festuca_heterophylla.k1001.s31.c80.mito.gfa	0	ok
Festuca_rubra	/lustre/scratch122/tol/teams/blaxter/users/mb39/plant_organellar_database/data/mito/Festuca_rubra/Festuca_rubra.k1001.s31.c80.mito.gfa	0	ok
Festuca_vivipara	/lustre/scratch122/tol/teams/blaxter/users/mb39/plant_organellar_database/data/mito/Festuca_vivipara/Festuca_vivipara.k1001.s31.c80.mito.gfa	1	ok
Ficaria_verna	/lustre/scratch122/tol/teams/blaxter/users/mb39/plant_organellar_database/data/mito/Ficaria_verna/Ficaria_verna.k1001.s31.c80.mito.gfa	0	ok
Ficus_carica	/lustre/scratch122/tol/teams/blaxter/users/mb39/plant_organellar_database/data/mito/Ficus_carica/Ficus_carica.k1001.s31.c80.mito.gfa	0	ok
Filago_lutescens	/lustre/scratch122/tol/teams/blaxter/users/mb39/plant_organellar_database/data/mito/Filago_lutescens/Filago_lutescens.mito.gfa	0	ok
Filago_pyramidata	/lustre/scratch122/tol/teams/blaxter/users/mb39/plant_organellar_database/data/mito/Filago_pyramidata/Filago_pyramidata.k1001.s31.c80.mito.gfa	0	ok
Filipendula_ulmaria	/lustre/scratch122/tol/teams/blaxter/users/mb39/plant_organellar_database/data/mito/Filipendula_ulmaria/Filipendula_ulmaria.mito.gfa	0	ok
Filipendula_vulgaris	/lustre/scratch122/tol/teams/blaxter/users/mb39/plant_organellar_database/data/mito/Filipendula_vulgaris/Filipendula_vulgaris.k1001.s31.c80.mito.gfa	0	ok
Fissidens_adianthoides	/lustre/scratch122/tol/teams/blaxter/users/mb39/plant_organellar_database/data/mito/Fissidens_adianthoides/Fissidens_adianthoides.k1001.s31.c80.mito.gfa	0	ok
Fissidens_bryoides	/lustre/scratch122/tol/teams/blaxter/users/mb39/plant_organellar_database/data/mito/Fissidens_bryoides/Fissidens_bryoides.k1001.s31.c80.mito.gfa	0	ok
Fissidens_dubius	/lustre/scratch122/tol/teams/blaxter/users/mb39/plant_organellar_database/data/mito/Fissidens_dubius/Fissidens_dubius.k1001.s31.c80.mito.gfa	0	ok
Fissidens_pusillus	/lustre/scratch122/tol/teams/blaxter/users/mb39/plant_organellar_database/data/mito/Fissidens_pusillus/Fissidens_pusillus.k1001.s31.c80.mito.gfa	0	ok
Fissidens_taxifolius	/lustre/scratch122/tol/teams/blaxter/users/mb39/plant_organellar_database/data/mito/Fissidens_taxifolius/Fissidens_taxifolius.k1001.s31.c80.mito.gfa	0	ok
Flexitrichum_flexicaule	/lustre/scratch122/tol/teams/blaxter/users/mb39/plant_organellar_database/data/mito/Flexitrichum_flexicaule/Flexitrichum_flexicaule.k1001.s31.c80.mito.gfa	0	ok
Flexitrichum_gracile	/lustre/scratch122/tol/teams/blaxter/users/mb39/plant_organellar_database/data/mito/Flexitrichum_gracile/Flexitrichum_gracile.k1001.s31.c80.mito.gfa	0	ok
Fontinalis_squamosa	/lustre/scratch122/tol/teams/blaxter/users/mb39/plant_organellar_database/data/mito/Fontinalis_squamosa/Fontinalis_squamosa.k1001.s31.c80.mito.gfa	0	ok
Fragaria_moschata	/lustre/scratch122/tol/teams/blaxter/users/mb39/plant_organellar_database/data/mito/Fragaria_moschata/Fragaria_moschata.mito.gfa	0	ok
Fragaria_vesca	/lustre/scratch122/tol/teams/blaxter/users/mb39/plant_organellar_database/data/mito/Fragaria_vesca/Fragaria_vesca.mito.gfa	0	ok
Frangula_alnus	/lustre/scratch122/tol/teams/blaxter/users/mb39/plant_organellar_database/data/mito/Frangula_alnus/Frangula_alnus.mito.gfa	0	ok
Frankenia_laevis	/lustre/scratch122/tol/teams/blaxter/users/mb39/plant_organellar_database/data/mito/Frankenia_laevis/Frankenia_laevis.k1001.s31.c80.mito.gfa	0	ok
Fraxinus_excelsior	/lustre/scratch122/tol/teams/blaxter/users/mb39/plant_organellar_database/data/mito/Fraxinus_excelsior/Fraxinus_excelsior.k1001.s31.c80.mito.gfa	0	ok
Fritillaria_meleagris	/lustre/scratch122/tol/teams/blaxter/users/mb39/plant_organellar_database/data/mito/Fritillaria_meleagris/Fritillaria_meleagris.k1001.s31.c80.mito.gfa	0	ok
Fuchsia_magellanica	/lustre/scratch122/tol/teams/blaxter/users/mb39/plant_organellar_database/data/mito/Fuchsia_magellanica/Fuchsia_magellanica.k1001.s31.c80.mito.gfa	0	ok
Fumaria_bastardii	/lustre/scratch122/tol/teams/blaxter/users/mb39/plant_organellar_database/data/mito/Fumaria_bastardii/Fumaria_bastardii.k1001.s31.c80.mito.gfa	1	ok
Fumaria_densiflora	/lustre/scratch122/tol/teams/blaxter/users/mb39/plant_organellar_database/data/mito/Fumaria_densiflora/Fumaria_densiflora.k1001.s31.c80.mito.gfa	0	ok
Fumaria_muralis	/lustre/scratch122/tol/teams/blaxter/users/mb39/plant_organellar_database/data/mito/Fumaria_muralis/Fumaria_muralis.k1001.s31.c80.mito.gfa	2	ok
Fumaria_occidentalis	/lustre/scratch122/tol/teams/blaxter/users/mb39/plant_organellar_database/data/mito/Fumaria_occidentalis/Fumaria_occidentalis.k1001.s31.c80.mito.gfa	NA	parse_error
Fumaria_purpurea	/lustre/scratch122/tol/teams/blaxter/users/mb39/plant_organellar_database/data/mito/Fumaria_purpurea/Fumaria_purpurea.k1001.s31.c80.mito.gfa	0	ok
Funaria_hygrometrica	/lustre/scratch122/tol/teams/blaxter/users/mb39/plant_organellar_database/data/mito/Funaria_hygrometrica/Funaria_hygrometrica.k1001.s31.c80.mito.gfa	0	ok
Galanthus_nivalis	/lustre/scratch122/tol/teams/blaxter/users/mb39/plant_organellar_database/data/mito/Galanthus_nivalis/Galanthus_nivalis.k1001.s31.c80.mito.gfa	0	ok
Galatella_linosyris	/lustre/scratch122/tol/teams/blaxter/users/mb39/plant_organellar_database/data/mito/Galatella_linosyris/Galatella_linosyris.mito.gfa	0	ok
Galega_officinalis	/lustre/scratch122/tol/teams/blaxter/users/mb39/plant_organellar_database/data/mito/Galega_officinalis/Galega_officinalis.k1001.s31.c80.mito.gfa	0	ok
Galeopsis_tetrahit	/lustre/scratch122/tol/teams/blaxter/users/mb39/plant_organellar_database/data/mito/Galeopsis_tetrahit/Galeopsis_tetrahit.mito.gfa	0	ok
Galium_aparine	/lustre/scratch122/tol/teams/blaxter/users/mb39/plant_organellar_database/data/mito/Galium_aparine/Galium_aparine.mito.gfa	0	ok
Galium_boreale	/lustre/scratch122/tol/teams/blaxter/users/mb39/plant_organellar_database/data/mito/Galium_boreale/Galium_boreale.k1001.s31.c80.mito.gfa	0	ok
Galium_odoratum	/lustre/scratch122/tol/teams/blaxter/users/mb39/plant_organellar_database/data/mito/Galium_odoratum/Galium_odoratum.k1001.s31.c80.mito.gfa	0	ok
Galium_saxatile	/lustre/scratch122/tol/teams/blaxter/users/mb39/plant_organellar_database/data/mito/Galium_saxatile/Galium_saxatile.k1001.s31.c80.mito.gfa	0	ok
Galium_uliginosum	/lustre/scratch122/tol/teams/blaxter/users/mb39/plant_organellar_database/data/mito/Galium_uliginosum/Galium_uliginosum.mito.gfa	0	ok
Galium_verum	/lustre/scratch122/tol/teams/blaxter/users/mb39/plant_organellar_database/data/mito/Galium_verum/Galium_verum.k1001.s31.c80.mito.gfa	0	ok
Geheebia_maxima	/lustre/scratch122/tol/teams/blaxter/users/mb39/plant_organellar_database/data/mito/Geheebia_maxima/Geheebia_maxima.k1001.s31.c80.mito.gfa	0	ok
Genista_anglica	/lustre/scratch122/tol/teams/blaxter/users/mb39/plant_organellar_database/data/mito/Genista_anglica/Genista_anglica.k1001.s31.c80.mito.gfa	0	ok
Genista_pilosa	/lustre/scratch122/tol/teams/blaxter/users/mb39/plant_organellar_database/data/mito/Genista_pilosa/Genista_pilosa.k1001.s31.c80.mito.gfa	0	ok
Genista_tinctoria	/lustre/scratch122/tol/teams/blaxter/users/mb39/plant_organellar_database/data/mito/Genista_tinctoria/Genista_tinctoria.k1001.s31.c80.mito.gfa	0	ok
Gentiana_pneumonanthe	/lustre/scratch122/tol/teams/blaxter/users/mb39/plant_organellar_database/data/mito/Gentiana_pneumonanthe/Gentiana_pneumonanthe.k1001.s31.c80.mito.gfa	0	ok
Gentiana_verna	/lustre/scratch122/tol/teams/blaxter/users/mb39/plant_organellar_database/data/mito/Gentiana_verna/Gentiana_verna.k1001.s31.c80.mito.gfa	0	ok
Gentianella_amarella	/lustre/scratch122/tol/teams/blaxter/users/mb39/plant_organellar_database/data/mito/Gentianella_amarella/Gentianella_amarella.k1001.s31.c80.mito.gfa	132	ok
Gentianella_campestris	/lustre/scratch122/tol/teams/blaxter/users/mb39/plant_organellar_database/data/mito/Gentianella_campestris/Gentianella_campestris.k1001.s31.c80.mito.gfa	149	ok
Geranium_dissectum	/lustre/scratch122/tol/teams/blaxter/users/mb39/plant_organellar_database/data/mito/Geranium_dissectum/Geranium_dissectum.k1001.s31.c80.mito.gfa	0	ok
Geranium_lucidum	/lustre/scratch122/tol/teams/blaxter/users/mb39/plant_organellar_database/data/mito/Geranium_lucidum/Geranium_lucidum.k1001.s31.c80.mito.gfa	0	ok
Geranium_molle	/lustre/scratch122/tol/teams/blaxter/users/mb39/plant_organellar_database/data/mito/Geranium_molle/Geranium_molle.mito.gfa	0	ok
Geranium_phaeum	/lustre/scratch122/tol/teams/blaxter/users/mb39/plant_organellar_database/data/mito/Geranium_phaeum/Geranium_phaeum.k1001.s31.c80.mito.gfa	0	ok
Geranium_pratense	/lustre/scratch122/tol/teams/blaxter/users/mb39/plant_organellar_database/data/mito/Geranium_pratense/Geranium_pratense.k1001.s31.c80.mito.gfa	0	ok
Geranium_pyrenaicum	/lustre/scratch122/tol/teams/blaxter/users/mb39/plant_organellar_database/data/mito/Geranium_pyrenaicum/Geranium_pyrenaicum.k1001.s31.c80.mito.gfa	0	ok
Geranium_robertianum	/lustre/scratch122/tol/teams/blaxter/users/mb39/plant_organellar_database/data/mito/Geranium_robertianum/Geranium_robertianum.k1001.s31.c80.mito.gfa	0	ok
Geranium_rotundifolium	/lustre/scratch122/tol/teams/blaxter/users/mb39/plant_organellar_database/data/mito/Geranium_rotundifolium/Geranium_rotundifolium.mito.gfa	0	ok
Geranium_sanguineum	/lustre/scratch122/tol/teams/blaxter/users/mb39/plant_organellar_database/data/mito/Geranium_sanguineum/Geranium_sanguineum.k1001.s31.c80.mito.gfa	2	ok
Geranium_sylvaticum	/lustre/scratch122/tol/teams/blaxter/users/mb39/plant_organellar_database/data/mito/Geranium_sylvaticum/Geranium_sylvaticum.k1001.s31.c80.mito.gfa	NA	parse_error
Geum_rivale	/lustre/scratch122/tol/teams/blaxter/users/mb39/plant_organellar_database/data/mito/Geum_rivale/Geum_rivale.mito.gfa	0	ok
Geum_urbanum	/lustre/scratch122/tol/teams/blaxter/users/mb39/plant_organellar_database/data/mito/Geum_urbanum/Geum_urbanum.mito.gfa	0	ok
Ginkgo_biloba	/lustre/scratch122/tol/teams/blaxter/users/mb39/plant_organellar_database/data/mito/Ginkgo_biloba/Ginkgo_biloba.k1001.s31.c60.mito.gfa	0	ok
Glaucium_flavum	/lustre/scratch122/tol/teams/blaxter/users/mb39/plant_organellar_database/data/mito/Glaucium_flavum/Glaucium_flavum.k1001.s31.c80.mito.gfa	0	ok
Glaux_maritima	/lustre/scratch122/tol/teams/blaxter/users/mb39/plant_organellar_database/data/mito/Glaux_maritima/Glaux_maritima.k1001.s31.c80.mito.gfa	0	ok
Glebionis_segetum	/lustre/scratch122/tol/teams/blaxter/users/mb39/plant_organellar_database/data/mito/Glebionis_segetum/Glebionis_segetum.k1001.s31.c80.mito.gfa	0	ok
Glechoma_hederacea	/lustre/scratch122/tol/teams/blaxter/users/mb39/plant_organellar_database/data/mito/Glechoma_hederacea/Glechoma_hederacea.k1001.s31.c80.mito.gfa	0	ok
Glyceria_declinata	/lustre/scratch122/tol/teams/blaxter/users/mb39/plant_organellar_database/data/mito/Glyceria_declinata/Glyceria_declinata.k1001.s31.c80.mito.gfa	0	ok
Glyceria_fluitans	/lustre/scratch122/tol/teams/blaxter/users/mb39/plant_organellar_database/data/mito/Glyceria_fluitans/Glyceria_fluitans.k1001.s31.c80.mito.gfa	0	ok
Glyceria_maxima	/lustre/scratch122/tol/teams/blaxter/users/mb39/plant_organellar_database/data/mito/Glyceria_maxima/Glyceria_maxima.k1001.s31.c80.mito.gfa	0	ok
Gnaphalium_supinum	/lustre/scratch122/tol/teams/blaxter/users/mb39/plant_organellar_database/data/mito/Gnaphalium_supinum/Gnaphalium_supinum.mito.gfa	0	ok
Gnaphalium_uliginosum	/lustre/scratch122/tol/teams/blaxter/users/mb39/plant_organellar_database/data/mito/Gnaphalium_uliginosum/Gnaphalium_uliginosum.mito.gfa	0	ok
Grimmia_atrata	/lustre/scratch122/tol/teams/blaxter/users/mb39/plant_organellar_database/data/mito/Grimmia_atrata/Grimmia_atrata.k1001.s31.c80.mito.gfa	0	ok
Grimmia_decipiens	/lustre/scratch122/tol/teams/blaxter/users/mb39/plant_organellar_database/data/mito/Grimmia_decipiens/Grimmia_decipiens.k1001.s31.c80.mito.gfa	0	ok
Grimmia_donniana	/lustre/scratch122/tol/teams/blaxter/users/mb39/plant_organellar_database/data/mito/Grimmia_donniana/Grimmia_donniana.k1001.s31.c80.mito.gfa	0	ok
Grimmia_elongata	/lustre/scratch122/tol/teams/blaxter/users/mb39/plant_organellar_database/data/mito/Grimmia_elongata/Grimmia_elongata.k1001.s31.c80.mito.gfa	0	ok
Grimmia_funalis	/lustre/scratch122/tol/teams/blaxter/users/mb39/plant_organellar_database/data/mito/Grimmia_funalis/Grimmia_funalis.k1001.s31.c80.mito.gfa	0	ok
Grimmia_montana	/lustre/scratch122/tol/teams/blaxter/users/mb39/plant_organellar_database/data/mito/Grimmia_montana/Grimmia_montana.k1001.s31.c80.mito.gfa	0	ok
Grimmia_pulvinata	/lustre/scratch122/tol/teams/blaxter/users/mb39/plant_organellar_database/data/mito/Grimmia_pulvinata/Grimmia_pulvinata.k1001.s31.c80.mito.gfa	0	ok
Grimmia_ramondii	/lustre/scratch122/tol/teams/blaxter/users/mb39/plant_organellar_database/data/mito/Grimmia_ramondii/Grimmia_ramondii.k1001.s31.c80.mito.gfa	0	ok
Grimmia_trichophylla	/lustre/scratch122/tol/teams/blaxter/users/mb39/plant_organellar_database/data/mito/Grimmia_trichophylla/Grimmia_trichophylla.k1001.s31.c80.mito.gfa	0	ok
Groenlandia_densa	/lustre/scratch122/tol/teams/blaxter/users/mb39/plant_organellar_database/data/mito/Groenlandia_densa/Groenlandia_densa.k1001.s31.c80.mito.gfa	0	ok
Gunnera_tinctoria	/lustre/scratch122/tol/teams/blaxter/users/mb39/plant_organellar_database/data/mito/Gunnera_tinctoria/Gunnera_tinctoria.k1001.s31.c80.mito.gfa	NA	parse_error
Gymnadenia_conopsea	/lustre/scratch122/tol/teams/blaxter/users/mb39/plant_organellar_database/data/mito/Gymnadenia_conopsea/Gymnadenia_conopsea.k1001.s31.c80.mito.gfa	0	ok
Gymnocarpium_robertianum	/lustre/scratch122/tol/teams/blaxter/users/mb39/plant_organellar_database/data/mito/Gymnocarpium_robertianum/Gymnocarpium_robertianum.k1001.s31.c100.mito.gfa	0	ok
Gymnomitrion_concinnatum	/lustre/scratch122/tol/teams/blaxter/users/mb39/plant_organellar_database/data/mito/Gymnomitrion_concinnatum/Gymnomitrion_concinnatum.k1001.s31.c80.mito.gfa	0	ok
Gymnomitrion_obtusum	/lustre/scratch122/tol/teams/blaxter/users/mb39/plant_organellar_database/data/mito/Gymnomitrion_obtusum/Gymnomitrion_obtusum.k1001.s31.c80.mito.gfa	0	ok
Gymnostomum_aeruginosum	/lustre/scratch122/tol/teams/blaxter/users/mb39/plant_organellar_database/data/mito/Gymnostomum_aeruginosum/Gymnostomum_aeruginosum.k1001.s31.c80.mito.gfa	0	ok
Halimione_portulacoides	/lustre/scratch122/tol/teams/blaxter/users/mb39/plant_organellar_database/data/mito/Halimione_portulacoides/Halimione_portulacoides.k1001.s31.c80.mito.gfa	0	ok
Harpanthus_flotovianus	/lustre/scratch122/tol/teams/blaxter/users/mb39/plant_organellar_database/data/mito/Harpanthus_flotovianus/Harpanthus_flotovianus.k1001.s31.c80.mito.gfa	0	ok
Hedera_helix	/lustre/scratch122/tol/teams/blaxter/users/mb39/plant_organellar_database/data/mito/Hedera_helix/Hedera_helix.mito.gfa	0	ok
Hedera_hibernica	/lustre/scratch122/tol/teams/blaxter/users/mb39/plant_organellar_database/data/mito/Hedera_hibernica/Hedera_hibernica.k1001.s31.c80.mito.gfa	0	ok
Hedwigia_stellata	/lustre/scratch122/tol/teams/blaxter/users/mb39/plant_organellar_database/data/mito/Hedwigia_stellata/Hedwigia_stellata.k1001.s31.c80.mito.gfa	0	ok
Helianthemum_apenninum	/lustre/scratch122/tol/teams/blaxter/users/mb39/plant_organellar_database/data/mito/Helianthemum_apenninum/Helianthemum_apenninum.k1001.s31.c80.mito.gfa	0	ok
Helianthemum_oelandicum	/lustre/scratch122/tol/teams/blaxter/users/mb39/plant_organellar_database/data/mito/Helianthemum_oelandicum/Helianthemum_oelandicum.k1001.s31.c80.mito.gfa	0	ok
Helictochloa_pratensis	/lustre/scratch122/tol/teams/blaxter/users/mb39/plant_organellar_database/data/mito/Helictochloa_pratensis/Helictochloa_pratensis.k1001.s31.c80.mito.gfa	0	ok
Helleborus_foetidus	/lustre/scratch122/tol/teams/blaxter/users/mb39/plant_organellar_database/data/mito/Helleborus_foetidus/Helleborus_foetidus.k1001.s31.c80.mito.gfa	0	ok
Helleborus_viridis	/lustre/scratch122/tol/teams/blaxter/users/mb39/plant_organellar_database/data/mito/Helleborus_viridis/Helleborus_viridis.k1001.s31.c80.mito.gfa	0	ok
Helminthotheca_echioides	/lustre/scratch122/tol/teams/blaxter/users/mb39/plant_organellar_database/data/mito/Helminthotheca_echioides/Helminthotheca_echioides.k1001.s31.c80.mito.gfa	0	ok
Helosciadium_nodiflorum	/lustre/scratch122/tol/teams/blaxter/users/mb39/plant_organellar_database/data/mito/Helosciadium_nodiflorum/Helosciadium_nodiflorum.k1001.s31.c80.mito.gfa	0	ok
Heracleum_sphondylium	/lustre/scratch122/tol/teams/blaxter/users/mb39/plant_organellar_database/data/mito/Heracleum_sphondylium/Heracleum_sphondylium.k1001.s31.c80.mito.gfa	0	ok
Herbertus_borealis	/lustre/scratch122/tol/teams/blaxter/users/mb39/plant_organellar_database/data/mito/Herbertus_borealis/Herbertus_borealis.k1001.s31.c80.mito.gfa	NA	parse_error
Herbertus_hutchinsiae	/lustre/scratch122/tol/teams/blaxter/users/mb39/plant_organellar_database/data/mito/Herbertus_hutchinsiae/Herbertus_hutchinsiae.mito.gfa	0	ok
Herbertus_stramineus	/lustre/scratch122/tol/teams/blaxter/users/mb39/plant_organellar_database/data/mito/Herbertus_stramineus/Herbertus_stramineus.k1001.s31.c80.mito.gfa	0	ok
Herniaria_ciliolata	/lustre/scratch122/tol/teams/blaxter/users/mb39/plant_organellar_database/data/mito/Herniaria_ciliolata/Herniaria_ciliolata.k1001.s31.c80.mito.gfa	0	ok
Hesperis_matronalis	/lustre/scratch122/tol/teams/blaxter/users/mb39/plant_organellar_database/data/mito/Hesperis_matronalis/Hesperis_matronalis.k1001.s31.c80.mito.gfa	0	ok
Heterocladium_heteropterum	/lustre/scratch122/tol/teams/blaxter/users/mb39/plant_organellar_database/data/mito/Heterocladium_heteropterum/Heterocladium_heteropterum.mito.gfa	0	ok
Hibiscus_tridactylites	/lustre/scratch122/tol/teams/blaxter/users/mb39/plant_organellar_database/data/mito/Hibiscus_tridactylites/Hibiscus_tridactylites.mito.gfa	0	ok
Hibiscus_trionum	/lustre/scratch122/tol/teams/blaxter/users/mb39/plant_organellar_database/data/mito/Hibiscus_trionum/Hibiscus_trionum.k1001.s31.c80.mito.gfa	0	ok
Hibiscus_verdcourtii	/lustre/scratch122/tol/teams/blaxter/users/mb39/plant_organellar_database/data/mito/Hibiscus_verdcourtii/Hibiscus_verdcourtii.mito.gfa	0	ok
Hieracium_aggregatifolium	/lustre/scratch122/tol/teams/blaxter/users/mb39/plant_organellar_database/data/mito/Hieracium_aggregatifolium/Hieracium_aggregatifolium.k1001.s31.c80.mito.gfa	0	ok
Hieracium_attenboroughianum	/lustre/scratch122/tol/teams/blaxter/users/mb39/plant_organellar_database/data/mito/Hieracium_attenboroughianum/Hieracium_attenboroughianum.k1001.s31.c80.mito.gfa	0	ok
Hieracium_britannicum	/lustre/scratch122/tol/teams/blaxter/users/mb39/plant_organellar_database/data/mito/Hieracium_britannicum/Hieracium_britannicum.k1001.s31.c80.mito.gfa	0	ok
Hieracium_drummondii	/lustre/scratch122/tol/teams/blaxter/users/mb39/plant_organellar_database/data/mito/Hieracium_drummondii/Hieracium_drummondii.k1001.s31.c80.mito.gfa	0	ok
Hieracium_radyrense	/lustre/scratch122/tol/teams/blaxter/users/mb39/plant_organellar_database/data/mito/Hieracium_radyrense/Hieracium_radyrense.k1001.s31.c80.mito.gfa	0	ok
Hieracium_richianum	/lustre/scratch122/tol/teams/blaxter/users/mb39/plant_organellar_database/data/mito/Hieracium_richianum/Hieracium_richianum.k1001.s31.c80.mito.gfa	3	ok
Hieracium_sabaudum	/lustre/scratch122/tol/teams/blaxter/users/mb39/plant_organellar_database/data/mito/Hieracium_sabaudum/Hieracium_sabaudum.k1001.s31.c80.mito.gfa	0	ok
Hieracium_scullyi	/lustre/scratch122/tol/teams/blaxter/users/mb39/plant_organellar_database/data/mito/Hieracium_scullyi/Hieracium_scullyi.k1001.s31.c80.mito.gfa	0	ok
Hieracium_snowdoniense	/lustre/scratch122/tol/teams/blaxter/users/mb39/plant_organellar_database/data/mito/Hieracium_snowdoniense/Hieracium_snowdoniense.k1001.s31.c80.mito.gfa	0	ok
Hieracium_sp_SM_2023a	/lustre/scratch122/tol/teams/blaxter/users/mb39/plant_organellar_database/data/mito/Hieracium_sp_SM_2023a/Hieracium_sp_SM_2023a.k1001.s31.c80.mito.gfa	0	ok
Hierochloe_odorata	/lustre/scratch122/tol/teams/blaxter/users/mb39/plant_organellar_database/data/mito/Hierochloe_odorata/Hierochloe_odorata.k1001.s31.c80.mito.gfa	0	ok
Hippocrepis_comosa	/lustre/scratch122/tol/teams/blaxter/users/mb39/plant_organellar_database/data/mito/Hippocrepis_comosa/Hippocrepis_comosa.k1001.s31.c80.mito.gfa	0	ok
Hippophae_rhamnoides	/lustre/scratch122/tol/teams/blaxter/users/mb39/plant_organellar_database/data/mito/Hippophae_rhamnoides/Hippophae_rhamnoides.k1001.s31.c80.mito.gfa	0	ok
Hippuris_vulgaris	/lustre/scratch122/tol/teams/blaxter/users/mb39/plant_organellar_database/data/mito/Hippuris_vulgaris/Hippuris_vulgaris.k1001.s31.c80.mito.gfa	0	ok
Holcus_lanatus	/lustre/scratch122/tol/teams/blaxter/users/mb39/plant_organellar_database/data/mito/Holcus_lanatus/Holcus_lanatus.k1001.s31.c80.mito.gfa	0	ok
Holcus_mollis	/lustre/scratch122/tol/teams/blaxter/users/mb39/plant_organellar_database/data/mito/Holcus_mollis/Holcus_mollis.k1001.s31.c80.mito.gfa	0	ok
Homalia_trichomanoides	/lustre/scratch122/tol/teams/blaxter/users/mb39/plant_organellar_database/data/mito/Homalia_trichomanoides/Homalia_trichomanoides.k1001.s31.c80.mito.gfa	0	ok
Homalothecium_sericeum	/lustre/scratch122/tol/teams/blaxter/users/mb39/plant_organellar_database/data/mito/Homalothecium_sericeum/Homalothecium_sericeum.k1001.s31.c80.mito.gfa	NA	parse_error
Homogyne_alpina	/lustre/scratch122/tol/teams/blaxter/users/mb39/plant_organellar_database/data/mito/Homogyne_alpina/Homogyne_alpina.k1001.s31.c80.mito.gfa	3	ok
Honckenya_peploides	/lustre/scratch122/tol/teams/blaxter/users/mb39/plant_organellar_database/data/mito/Honckenya_peploides/Honckenya_peploides.k1001.s31.c80.mito.gfa	0	ok
Hookeria_lucens	/lustre/scratch122/tol/teams/blaxter/users/mb39/plant_organellar_database/data/mito/Hookeria_lucens/Hookeria_lucens.k1001.s31.c80.mito.gfa	0	ok
Hordeum_murinum	/lustre/scratch122/tol/teams/blaxter/users/mb39/plant_organellar_database/data/mito/Hordeum_murinum/Hordeum_murinum.k1001.s31.c80.mito.gfa	0	ok
Hordeum_vulgare	/lustre/scratch122/tol/teams/blaxter/users/mb39/plant_organellar_database/data/mito/Hordeum_vulgare/Hordeum_vulgare.k1001.s31.c80.mito.gfa	0	ok
Hornungia_petraea	/lustre/scratch122/tol/teams/blaxter/users/mb39/plant_organellar_database/data/mito/Hornungia_petraea/Hornungia_petraea.k1001.s31.c80.mito.gfa	0	ok
Hottonia_palustris	/lustre/scratch122/tol/teams/blaxter/users/mb39/plant_organellar_database/data/mito/Hottonia_palustris/Hottonia_palustris.k1001.s31.c80.mito.gfa	0	ok
Humulus_lupulus	/lustre/scratch122/tol/teams/blaxter/users/mb39/plant_organellar_database/data/mito/Humulus_lupulus/Humulus_lupulus.k1001.s31.c10.mito.gfa	0	ok
Huperzia_selago	/lustre/scratch122/tol/teams/blaxter/users/mb39/plant_organellar_database/data/mito/Huperzia_selago/Huperzia_selago.k1001.s31.c100.mito.gfa	0	ok
Hyacinthoides_non_scripta	/lustre/scratch122/tol/teams/blaxter/users/mb39/plant_organellar_database/data/mito/Hyacinthoides_non_scripta/Hyacinthoides_non_scripta.k1001.s31.c80.mito.gfa	1	ok
Hydrocotyle_ranunculoides	/lustre/scratch122/tol/teams/blaxter/users/mb39/plant_organellar_database/data/mito/Hydrocotyle_ranunculoides/Hydrocotyle_ranunculoides.k1001.s31.c80.mito.gfa	0	ok
Hydrocotyle_vulgaris	/lustre/scratch122/tol/teams/blaxter/users/mb39/plant_organellar_database/data/mito/Hydrocotyle_vulgaris/Hydrocotyle_vulgaris.mito.gfa	0	ok
Hygrohypnum_duriusculum	/lustre/scratch122/tol/teams/blaxter/users/mb39/plant_organellar_database/data/mito/Hygrohypnum_duriusculum/Hygrohypnum_duriusculum.k1001.s31.c80.mito.gfa	0	ok
Hylocomiadelphus_triquetrus	/lustre/scratch122/tol/teams/blaxter/users/mb39/plant_organellar_database/data/mito/Hylocomiadelphus_triquetrus/Hylocomiadelphus_triquetrus.k1001.s31.c80.mito.gfa	0	ok
Hylocomiastrum_umbratum		NA	missing_gfa
Hyocomium_armoricum	/lustre/scratch122/tol/teams/blaxter/users/mb39/plant_organellar_database/data/mito/Hyocomium_armoricum/Hyocomium_armoricum.mito.gfa	0	ok
Hypericum_androsaemum	/lustre/scratch122/tol/teams/blaxter/users/mb39/plant_organellar_database/data/mito/Hypericum_androsaemum/Hypericum_androsaemum.mito.gfa	0	ok
Hypericum_hircinum	/lustre/scratch122/tol/teams/blaxter/users/mb39/plant_organellar_database/data/mito/Hypericum_hircinum/Hypericum_hircinum.k1001.s31.c80.mito.gfa	0	ok
Hypericum_hirsutum	/lustre/scratch122/tol/teams/blaxter/users/mb39/plant_organellar_database/data/mito/Hypericum_hirsutum/Hypericum_hirsutum.mito.gfa	0	ok
Hypericum_linariifolium	/lustre/scratch122/tol/teams/blaxter/users/mb39/plant_organellar_database/data/mito/Hypericum_linariifolium/Hypericum_linariifolium.k1001.s31.c80.mito.gfa	0	ok
Hypericum_maculatum	/lustre/scratch122/tol/teams/blaxter/users/mb39/plant_organellar_database/data/mito/Hypericum_maculatum/Hypericum_maculatum.k1001.s31.c80.mito.gfa	0	ok
Hypericum_perforatum	/lustre/scratch122/tol/teams/blaxter/users/mb39/plant_organellar_database/data/mito/Hypericum_perforatum/Hypericum_perforatum.k1001.s31.c80.mito.gfa	0	ok
Hypericum_pulchrum	/lustre/scratch122/tol/teams/blaxter/users/mb39/plant_organellar_database/data/mito/Hypericum_pulchrum/Hypericum_pulchrum.mito.gfa	0	ok
Hypericum_tetrapterum	/lustre/scratch122/tol/teams/blaxter/users/mb39/plant_organellar_database/data/mito/Hypericum_tetrapterum/Hypericum_tetrapterum.k1001.s31.c80.mito.gfa	0	ok
Hypnum_andoi	/lustre/scratch122/tol/teams/blaxter/users/mb39/plant_organellar_database/data/mito/Hypnum_andoi/Hypnum_andoi.k1001.s31.c80.mito.gfa	0	ok
Hypnum_cupressiforme	/lustre/scratch122/tol/teams/blaxter/users/mb39/plant_organellar_database/data/mito/Hypnum_cupressiforme/Hypnum_cupressiforme.mito.gfa	0	ok
Hypnum_jutlandicum	/lustre/scratch122/tol/teams/blaxter/users/mb39/plant_organellar_database/data/mito/Hypnum_jutlandicum/Hypnum_jutlandicum.k1001.s31.c80.mito.gfa	NA	parse_error
Hypochaeris_maculata	/lustre/scratch122/tol/teams/blaxter/users/mb39/plant_organellar_database/data/mito/Hypochaeris_maculata/Hypochaeris_maculata.k1001.s31.c80.mito.gfa	0	ok
Hypochaeris_radicata	/lustre/scratch122/tol/teams/blaxter/users/mb39/plant_organellar_database/data/mito/Hypochaeris_radicata/Hypochaeris_radicata.k1001.s31.c80.mito.gfa	0	ok
Ilex_aquifolium	/lustre/scratch122/tol/teams/blaxter/users/mb39/plant_organellar_database/data/mito/Ilex_aquifolium/Ilex_aquifolium.mito.gfa	0	ok
Impatiens_glandulifera	/lustre/scratch122/tol/teams/blaxter/users/mb39/plant_organellar_database/data/mito/Impatiens_glandulifera/Impatiens_glandulifera.mito.gfa	0	ok
Impatiens_noli_tangere	/lustre/scratch122/tol/teams/blaxter/users/mb39/plant_organellar_database/data/mito/Impatiens_noli_tangere/Impatiens_noli_tangere.k1001.s31.c80.mito.gfa	0	ok
Impatiens_parviflora	/lustre/scratch122/tol/teams/blaxter/users/mb39/plant_organellar_database/data/mito/Impatiens_parviflora/Impatiens_parviflora.mito.gfa	0	ok
Inula_conyza	/lustre/scratch122/tol/teams/blaxter/users/mb39/plant_organellar_database/data/mito/Inula_conyza/Inula_conyza.k1001.s31.c80.mito.gfa	0	ok
Inula_salicina	/lustre/scratch122/tol/teams/blaxter/users/mb39/plant_organellar_database/data/mito/Inula_salicina/Inula_salicina.k1001.s31.c80.mito.gfa	0	ok
Iris_foetidissima	/lustre/scratch122/tol/teams/blaxter/users/mb39/plant_organellar_database/data/mito/Iris_foetidissima/Iris_foetidissima.mito.gfa	0	ok
Iris_pseudacorus	/lustre/scratch122/tol/teams/blaxter/users/mb39/plant_organellar_database/data/mito/Iris_pseudacorus/Iris_pseudacorus.k1001.s31.c80.mito.gfa	0	ok
Isolepis_cernua	/lustre/scratch122/tol/teams/blaxter/users/mb39/plant_organellar_database/data/mito/Isolepis_cernua/Isolepis_cernua.k1001.s31.c80.mito.gfa	0	ok
Isopterygiella_pulchella	/lustre/scratch122/tol/teams/blaxter/users/mb39/plant_organellar_database/data/mito/Isopterygiella_pulchella/Isopterygiella_pulchella.mito.gfa	0	ok
Isothecium_holtii	/lustre/scratch122/tol/teams/blaxter/users/mb39/plant_organellar_database/data/mito/Isothecium_holtii/Isothecium_holtii.k1001.s31.c80.mito.gfa	0	ok
Isothecium_myosuroides	/lustre/scratch122/tol/teams/blaxter/users/mb39/plant_organellar_database/data/mito/Isothecium_myosuroides/Isothecium_myosuroides.mito.gfa	0	ok
Jacobaea_erucifolia	/lustre/scratch122/tol/teams/blaxter/users/mb39/plant_organellar_database/data/mito/Jacobaea_erucifolia/Jacobaea_erucifolia.k1001.s31.c80.mito.gfa	0	ok
Jacobaea_maritima	/lustre/scratch122/tol/teams/blaxter/users/mb39/plant_organellar_database/data/mito/Jacobaea_maritima/Jacobaea_maritima.mito.gfa	0	ok
Jacobaea_vulgaris	/lustre/scratch122/tol/teams/blaxter/users/mb39/plant_organellar_database/data/mito/Jacobaea_vulgaris/Jacobaea_vulgaris.mito.gfa	0	ok
Jasione_montana	/lustre/scratch122/tol/teams/blaxter/users/mb39/plant_organellar_database/data/mito/Jasione_montana/Jasione_montana.mito.gfa	0	ok
Juglans_regia	/lustre/scratch122/tol/teams/blaxter/users/mb39/plant_organellar_database/data/mito/Juglans_regia/Juglans_regia.k1001.s31.c80.mito.gfa	0	ok
Juncus_bufonius	/lustre/scratch122/tol/teams/blaxter/users/mb39/plant_organellar_database/data/mito/Juncus_bufonius/Juncus_bufonius.k1001.s31.c80.mito.gfa	0	ok
Juncus_conglomeratus	/lustre/scratch122/tol/teams/blaxter/users/mb39/plant_organellar_database/data/mito/Juncus_conglomeratus/Juncus_conglomeratus.k1001.s31.c80.mito.gfa	0	ok
Juncus_effusus	/lustre/scratch122/tol/teams/blaxter/users/mb39/plant_organellar_database/data/mito/Juncus_effusus/Juncus_effusus.mito.gfa	0	ok
Juncus_gerardii	/lustre/scratch122/tol/teams/blaxter/users/mb39/plant_organellar_database/data/mito/Juncus_gerardii/Juncus_gerardii.k1001.s31.c80.mito.gfa	0	ok
Juncus_inflexus	/lustre/scratch122/tol/teams/blaxter/users/mb39/plant_organellar_database/data/mito/Juncus_inflexus/Juncus_inflexus.k1001.s31.c80.mito.gfa	0	ok
Juncus_squarrosus	/lustre/scratch122/tol/teams/blaxter/users/mb39/plant_organellar_database/data/mito/Juncus_squarrosus/Juncus_squarrosus.mito.gfa	0	ok
Juncus_tenuis	/lustre/scratch122/tol/teams/blaxter/users/mb39/plant_organellar_database/data/mito/Juncus_tenuis/Juncus_tenuis.k1001.s31.c80.mito.gfa	0	ok
Jungermannia_exsertifolia	/lustre/scratch122/tol/teams/blaxter/users/mb39/plant_organellar_database/data/mito/Jungermannia_exsertifolia/Jungermannia_exsertifolia.k1001.s31.c80.mito.gfa	NA	parse_error
Kali_turgidum	/lustre/scratch122/tol/teams/blaxter/users/mb39/plant_organellar_database/data/mito/Kali_turgidum/Kali_turgidum.k1001.s31.c80.mito.gfa	0	ok
Kalmia_procumbens	/lustre/scratch122/tol/teams/blaxter/users/mb39/plant_organellar_database/data/mito/Kalmia_procumbens/Kalmia_procumbens.k1001.s31.c80.mito.gfa	0	ok
Kiaeria_blyttii	/lustre/scratch122/tol/teams/blaxter/users/mb39/plant_organellar_database/data/mito/Kiaeria_blyttii/Kiaeria_blyttii.k1001.s31.c80.mito.gfa	0	ok
Kickxia_elatine	/lustre/scratch122/tol/teams/blaxter/users/mb39/plant_organellar_database/data/mito/Kickxia_elatine/Kickxia_elatine.k1001.s31.c80.mito.gfa	0	ok
Knautia_arvensis	/lustre/scratch122/tol/teams/blaxter/users/mb39/plant_organellar_database/data/mito/Knautia_arvensis/Knautia_arvensis.k1001.s31.c80.mito.gfa	0	ok
Koeleria_macrantha	/lustre/scratch122/tol/teams/blaxter/users/mb39/plant_organellar_database/data/mito/Koeleria_macrantha/Koeleria_macrantha.k1001.s31.c80.mito.gfa	0	ok
Kurzia_trichoclados	/lustre/scratch122/tol/teams/blaxter/users/mb39/plant_organellar_database/data/mito/Kurzia_trichoclados/Kurzia_trichoclados.k1001.s31.c80.mito.gfa	0	ok
Laburnum_anagyroides	/lustre/scratch122/tol/teams/blaxter/users/mb39/plant_organellar_database/data/mito/Laburnum_anagyroides/Laburnum_anagyroides.mito.gfa	0	ok
Lactuca_saligna	/lustre/scratch122/tol/teams/blaxter/users/mb39/plant_organellar_database/data/mito/Lactuca_saligna/Lactuca_saligna.k1001.s31.c80.mito.gfa	0	ok
Lactuca_serriola	/lustre/scratch122/tol/teams/blaxter/users/mb39/plant_organellar_database/data/mito/Lactuca_serriola/Lactuca_serriola.k1001.s31.c80.mito.gfa	0	ok
Lamium_album	/lustre/scratch122/tol/teams/blaxter/users/mb39/plant_organellar_database/data/mito/Lamium_album/Lamium_album.k1001.s31.c80.mito.gfa	0	ok
Lamium_amplexicaule	/lustre/scratch122/tol/teams/blaxter/users/mb39/plant_organellar_database/data/mito/Lamium_amplexicaule/Lamium_amplexicaule.mito.gfa	0	ok
Lamium_galeobdolon	/lustre/scratch122/tol/teams/blaxter/users/mb39/plant_organellar_database/data/mito/Lamium_galeobdolon/Lamium_galeobdolon.k1001.s31.c80.mito.gfa	0	ok
Lamium_purpureum	/lustre/scratch122/tol/teams/blaxter/users/mb39/plant_organellar_database/data/mito/Lamium_purpureum/Lamium_purpureum.mito.gfa	0	ok
Lapsana_communis	/lustre/scratch122/tol/teams/blaxter/users/mb39/plant_organellar_database/data/mito/Lapsana_communis/Lapsana_communis.mito.gfa	0	ok
Lathraea_clandestina	/lustre/scratch122/tol/teams/blaxter/users/mb39/plant_organellar_database/data/mito/Lathraea_clandestina/Lathraea_clandestina.k1001.s31.c80.mito.gfa	0	ok
Lathraea_squamaria	/lustre/scratch122/tol/teams/blaxter/users/mb39/plant_organellar_database/data/mito/Lathraea_squamaria/Lathraea_squamaria.k1001.s31.c80.mito.gfa	0	ok
Lathyrus_aphaca	/lustre/scratch122/tol/teams/blaxter/users/mb39/plant_organellar_database/data/mito/Lathyrus_aphaca/Lathyrus_aphaca.k1001.s31.c80.mito.gfa	NA	parse_error
Lathyrus_linifolius	/lustre/scratch122/tol/teams/blaxter/users/mb39/plant_organellar_database/data/mito/Lathyrus_linifolius/Lathyrus_linifolius.mito.gfa	0	ok
Lathyrus_nissolia	/lustre/scratch122/tol/teams/blaxter/users/mb39/plant_organellar_database/data/mito/Lathyrus_nissolia/Lathyrus_nissolia.k1001.s31.c80.mito.gfa	0	ok
Lathyrus_pratensis	/lustre/scratch122/tol/teams/blaxter/users/mb39/plant_organellar_database/data/mito/Lathyrus_pratensis/Lathyrus_pratensis.k1001.s31.c80.mito.gfa	0	ok
Lathyrus_sylvestris	/lustre/scratch122/tol/teams/blaxter/users/mb39/plant_organellar_database/data/mito/Lathyrus_sylvestris/Lathyrus_sylvestris.k1001.s31.c80.mito.gfa	0	ok
Leersia_oryzoides	/lustre/scratch122/tol/teams/blaxter/users/mb39/plant_organellar_database/data/mito/Leersia_oryzoides/Leersia_oryzoides.mito.gfa	0	ok
Lemna_japonica	/lustre/scratch122/tol/teams/blaxter/users/mb39/plant_organellar_database/data/mito/Lemna_japonica/Lemna_japonica.k1001.s31.c80.mito.gfa	0	ok
Lemna_minuta	/lustre/scratch122/tol/teams/blaxter/users/mb39/plant_organellar_database/data/mito/Lemna_minuta/Lemna_minuta.mito.gfa	0	ok
Lemna_trisulca	/lustre/scratch122/tol/teams/blaxter/users/mb39/plant_organellar_database/data/mito/Lemna_trisulca/Lemna_trisulca.k1001.s31.c80.mito.gfa	0	ok
Leontodon_hispidus	/lustre/scratch122/tol/teams/blaxter/users/mb39/plant_organellar_database/data/mito/Leontodon_hispidus/Leontodon_hispidus.k1001.s31.c80.mito.gfa	0	ok
Leontodon_saxatilis	/lustre/scratch122/tol/teams/blaxter/users/mb39/plant_organellar_database/data/mito/Leontodon_saxatilis/Leontodon_saxatilis.k1001.s31.c80.mito.gfa	0	ok
Lepidium_campestre	/lustre/scratch122/tol/teams/blaxter/users/mb39/plant_organellar_database/data/mito/Lepidium_campestre/Lepidium_campestre.k1001.s31.c80.mito.gfa	0	ok
Lepidium_didymum	/lustre/scratch122/tol/teams/blaxter/users/mb39/plant_organellar_database/data/mito/Lepidium_didymum/Lepidium_didymum.mito.gfa	0	ok
Lepidium_draba	/lustre/scratch122/tol/teams/blaxter/users/mb39/plant_organellar_database/data/mito/Lepidium_draba/Lepidium_draba.k1001.s31.c80.mito.gfa	0	ok
Lepidium_heterophyllum	/lustre/scratch122/tol/teams/blaxter/users/mb39/plant_organellar_database/data/mito/Lepidium_heterophyllum/Lepidium_heterophyllum.k1001.s31.c80.mito.gfa	0	ok
Lepidium_latifolium	/lustre/scratch122/tol/teams/blaxter/users/mb39/plant_organellar_database/data/mito/Lepidium_latifolium/Lepidium_latifolium.k1001.s31.c80.mito.gfa	0	ok
Lepidozia_cupressina	/lustre/scratch122/tol/teams/blaxter/users/mb39/plant_organellar_database/data/mito/Lepidozia_cupressina/Lepidozia_cupressina.k1001.s31.c80.mito.gfa	0	ok
Lepidozia_reptans	/lustre/scratch122/tol/teams/blaxter/users/mb39/plant_organellar_database/data/mito/Lepidozia_reptans/Lepidozia_reptans.k1001.s31.c80.mito.gfa	0	ok
Leucanthemum_vulgare	/lustre/scratch122/tol/teams/blaxter/users/mb39/plant_organellar_database/data/mito/Leucanthemum_vulgare/Leucanthemum_vulgare.k1001.s31.c80.mito.gfa	0	ok
Leucobryum_glaucum	/lustre/scratch122/tol/teams/blaxter/users/mb39/plant_organellar_database/data/mito/Leucobryum_glaucum/Leucobryum_glaucum.k1001.s31.c80.mito.gfa	0	ok
Leucobryum_juniperoideum	/lustre/scratch122/tol/teams/blaxter/users/mb39/plant_organellar_database/data/mito/Leucobryum_juniperoideum/Leucobryum_juniperoideum.k1001.s31.c80.mito.gfa	0	ok
Leucojum_aestivum	/lustre/scratch122/tol/teams/blaxter/users/mb39/plant_organellar_database/data/mito/Leucojum_aestivum/Leucojum_aestivum.k1001.s31.c80.mito.gfa	0	ok
Levisticum_officinale	/lustre/scratch122/tol/teams/blaxter/users/mb39/plant_organellar_database/data/mito/Levisticum_officinale/Levisticum_officinale.k1001.s31.c80.mito.gfa	0	ok
Lewinskya_affinis	/lustre/scratch122/tol/teams/blaxter/users/mb39/plant_organellar_database/data/mito/Lewinskya_affinis/Lewinskya_affinis.k1001.s31.c80.mito.gfa	0	ok
Lewinskya_rupestris	/lustre/scratch122/tol/teams/blaxter/users/mb39/plant_organellar_database/data/mito/Lewinskya_rupestris/Lewinskya_rupestris.k1001.s31.c80.mito.gfa	0	ok
Lewinskya_speciosa	/lustre/scratch122/tol/teams/blaxter/users/mb39/plant_organellar_database/data/mito/Lewinskya_speciosa/Lewinskya_speciosa.k1001.s31.c80.mito.gfa	0	ok
Ligusticum_scoticum	/lustre/scratch122/tol/teams/blaxter/users/mb39/plant_organellar_database/data/mito/Ligusticum_scoticum/Ligusticum_scoticum.k1001.s31.c80.mito.gfa	0	ok
Ligustrum_vulgare	/lustre/scratch122/tol/teams/blaxter/users/mb39/plant_organellar_database/data/mito/Ligustrum_vulgare/Ligustrum_vulgare.mito.gfa	0	ok
Limonium_binervosum	/lustre/scratch122/tol/teams/blaxter/users/mb39/plant_organellar_database/data/mito/Limonium_binervosum/Limonium_binervosum.k1001.s31.c80.mito.gfa	0	ok
Limosella_aquatica	/lustre/scratch122/tol/teams/blaxter/users/mb39/plant_organellar_database/data/mito/Limosella_aquatica/Limosella_aquatica.k1001.s31.c80.mito.gfa	0	ok
Linaria_purpurea	/lustre/scratch122/tol/teams/blaxter/users/mb39/plant_organellar_database/data/mito/Linaria_purpurea/Linaria_purpurea.k1001.s31.c80.mito.gfa	0	ok
Linaria_repens	/lustre/scratch122/tol/teams/blaxter/users/mb39/plant_organellar_database/data/mito/Linaria_repens/Linaria_repens.k1001.s31.c80.mito.gfa	0	ok
Linaria_vulgaris	/lustre/scratch122/tol/teams/blaxter/users/mb39/plant_organellar_database/data/mito/Linaria_vulgaris/Linaria_vulgaris.mito.gfa	0	ok
Linnaea_borealis	/lustre/scratch122/tol/teams/blaxter/users/mb39/plant_organellar_database/data/mito/Linnaea_borealis/Linnaea_borealis.k1001.s31.c80.mito.gfa	0	ok
Linum_bienne	/lustre/scratch122/tol/teams/blaxter/users/mb39/plant_organellar_database/data/mito/Linum_bienne/Linum_bienne.k1001.s31.c80.mito.gfa	0	ok
Linum_catharticum	/lustre/scratch122/tol/teams/blaxter/users/mb39/plant_organellar_database/data/mito/Linum_catharticum/Linum_catharticum.k1001.s31.c80.mito.gfa	0	ok
Lithospermum_officinale	/lustre/scratch122/tol/teams/blaxter/users/mb39/plant_organellar_database/data/mito/Lithospermum_officinale/Lithospermum_officinale.k1001.s31.c80.mito.gfa	0	ok
Littorella_uniflora	/lustre/scratch122/tol/teams/blaxter/users/mb39/plant_organellar_database/data/mito/Littorella_uniflora/Littorella_uniflora.k1001.s31.c80.mito.gfa	4	ok
Lobelia_dortmanna	/lustre/scratch122/tol/teams/blaxter/users/mb39/plant_organellar_database/data/mito/Lobelia_dortmanna/Lobelia_dortmanna.mito.gfa	0	ok
Lobelia_urens	/lustre/scratch122/tol/teams/blaxter/users/mb39/plant_organellar_database/data/mito/Lobelia_urens/Lobelia_urens.mito.gfa	0	ok
Loeskeobryum_brevirostre	/lustre/scratch122/tol/teams/blaxter/users/mb39/plant_organellar_database/data/mito/Loeskeobryum_brevirostre/Loeskeobryum_brevirostre.k1001.s31.c80.mito.gfa	0	ok
Logfia_minima	/lustre/scratch122/tol/teams/blaxter/users/mb39/plant_organellar_database/data/mito/Logfia_minima/Logfia_minima.mito.gfa	0	ok
Lolium_perenne	/lustre/scratch122/tol/teams/blaxter/users/mb39/plant_organellar_database/data/mito/Lolium_perenne/Lolium_perenne.k1001.s31.c80.mito.gfa	0	ok
Lonicera_periclymenum	/lustre/scratch122/tol/teams/blaxter/users/mb39/plant_organellar_database/data/mito/Lonicera_periclymenum/Lonicera_periclymenum.k1001.s31.c80.mito.gfa	0	ok
Lophocolea_bispinosa	/lustre/scratch122/tol/teams/blaxter/users/mb39/plant_organellar_database/data/mito/Lophocolea_bispinosa/Lophocolea_bispinosa.k1001.s31.c80.mito.gfa	0	ok
Lophozia_ventricosa	/lustre/scratch122/tol/teams/blaxter/users/mb39/plant_organellar_database/data/mito/Lophozia_ventricosa/Lophozia_ventricosa.k1001.s31.c80.mito.gfa	0	ok
Lotus_corniculatus	/lustre/scratch122/tol/teams/blaxter/users/mb39/plant_organellar_database/data/mito/Lotus_corniculatus/Lotus_corniculatus.k1001.s31.c80.mito.gfa	0	ok
Lotus_pedunculatus	/lustre/scratch122/tol/teams/blaxter/users/mb39/plant_organellar_database/data/mito/Lotus_pedunculatus/Lotus_pedunculatus.k1001.s31.c80.mito.gfa	0	ok
Lotus_tenuis	/lustre/scratch122/tol/teams/blaxter/users/mb39/plant_organellar_database/data/mito/Lotus_tenuis/Lotus_tenuis.k1001.s31.c80.mito.gfa	0	ok
Ludwigia_grandiflora	/lustre/scratch122/tol/teams/blaxter/users/mb39/plant_organellar_database/data/mito/Ludwigia_grandiflora/Ludwigia_grandiflora.k1001.s31.c80.mito.gfa	0	ok
Lunaria_annua	/lustre/scratch122/tol/teams/blaxter/users/mb39/plant_organellar_database/data/mito/Lunaria_annua/Lunaria_annua.k1001.s31.c80.mito.gfa	0	ok
Lunularia_cruciata	/lustre/scratch122/tol/teams/blaxter/users/mb39/plant_organellar_database/data/mito/Lunularia_cruciata/Lunularia_cruciata.mito.gfa	0	ok
Luzula_campestris	/lustre/scratch122/tol/teams/blaxter/users/mb39/plant_organellar_database/data/mito/Luzula_campestris/Luzula_campestris.k1001.s31.c80.mito.gfa	0	ok
Luzula_pallescens	/lustre/scratch122/tol/teams/blaxter/users/mb39/plant_organellar_database/data/mito/Luzula_pallescens/Luzula_pallescens.mito.gfa	0	ok
Luzula_spicata	/lustre/scratch122/tol/teams/blaxter/users/mb39/plant_organellar_database/data/mito/Luzula_spicata/Luzula_spicata.k1001.s31.c80.mito.gfa	0	ok
Luzula_sylvatica	/lustre/scratch122/tol/teams/blaxter/users/mb39/plant_organellar_database/data/mito/Luzula_sylvatica/Luzula_sylvatica.mito.gfa	0	ok
Lycopodium_clavatum	/lustre/scratch122/tol/teams/blaxter/users/mb39/plant_organellar_database/data/mito/Lycopodium_clavatum/Lycopodium_clavatum.k1001.s31.c100.mito.gfa	0	ok
Lycopus_europaeus	/lustre/scratch122/tol/teams/blaxter/users/mb39/plant_organellar_database/data/mito/Lycopus_europaeus/Lycopus_europaeus.mito.gfa	0	ok
Lysimachia_nemorum	/lustre/scratch122/tol/teams/blaxter/users/mb39/plant_organellar_database/data/mito/Lysimachia_nemorum/Lysimachia_nemorum.k1001.s31.c80.mito.gfa	0	ok
Lysimachia_nummularia	/lustre/scratch122/tol/teams/blaxter/users/mb39/plant_organellar_database/data/mito/Lysimachia_nummularia/Lysimachia_nummularia.k1001.s31.c80.mito.gfa	0	ok
Lysimachia_thyrsiflora	/lustre/scratch122/tol/teams/blaxter/users/mb39/plant_organellar_database/data/mito/Lysimachia_thyrsiflora/Lysimachia_thyrsiflora.k1001.s31.c80.mito.gfa	0	ok
Lysimachia_vulgaris	/lustre/scratch122/tol/teams/blaxter/users/mb39/plant_organellar_database/data/mito/Lysimachia_vulgaris/Lysimachia_vulgaris.k1001.s31.c80.mito.gfa	0	ok
Lythrum_hyssopifolia	/lustre/scratch122/tol/teams/blaxter/users/mb39/plant_organellar_database/data/mito/Lythrum_hyssopifolia/Lythrum_hyssopifolia.k1001.s31.c80.mito.gfa	0	ok
Lythrum_salicaria	/lustre/scratch122/tol/teams/blaxter/users/mb39/plant_organellar_database/data/mito/Lythrum_salicaria/Lythrum_salicaria.k1001.s31.c80.mito.gfa	0	ok
Malus_domestica	/lustre/scratch122/tol/teams/blaxter/users/mb39/plant_organellar_database/data/mito/Malus_domestica/Malus_domestica.mito.gfa	0	ok
Malus_sylvestris	/lustre/scratch122/tol/teams/blaxter/users/mb39/plant_organellar_database/data/mito/Malus_sylvestris/Malus_sylvestris.mito.gfa	0	ok
Malus_x_robusta	/lustre/scratch122/tol/teams/blaxter/users/mb39/plant_organellar_database/data/mito/Malus_x_robusta/Malus_x_robusta.mito.gfa	0	ok
Malva_arborea	/lustre/scratch122/tol/teams/blaxter/users/mb39/plant_organellar_database/data/mito/Malva_arborea/Malva_arborea.k1001.s31.c80.mito.gfa	0	ok
Malva_neglecta	/lustre/scratch122/tol/teams/blaxter/users/mb39/plant_organellar_database/data/mito/Malva_neglecta/Malva_neglecta.mito.gfa	0	ok
Malva_sylvestris	/lustre/scratch122/tol/teams/blaxter/users/mb39/plant_organellar_database/data/mito/Malva_sylvestris/Malva_sylvestris.k1001.s31.c80.mito.gfa	0	ok
Marchantia_polymorpha	/lustre/scratch122/tol/teams/blaxter/users/mb39/plant_organellar_database/data/mito/Marchantia_polymorpha/Marchantia_polymorpha.k1001.s31.c80.mito.gfa	0	ok
Marchantia_quadrata	/lustre/scratch122/tol/teams/blaxter/users/mb39/plant_organellar_database/data/mito/Marchantia_quadrata/Marchantia_quadrata.k1001.s31.c80.mito.gfa	0	ok
Marsupella_aquatica	/lustre/scratch122/tol/teams/blaxter/users/mb39/plant_organellar_database/data/mito/Marsupella_aquatica/Marsupella_aquatica.k1001.s31.c80.mito.gfa	0	ok
Marsupella_emarginata	/lustre/scratch122/tol/teams/blaxter/users/mb39/plant_organellar_database/data/mito/Marsupella_emarginata/Marsupella_emarginata.k1001.s31.c80.mito.gfa	0	ok
Mastigophora_woodsii	/lustre/scratch122/tol/teams/blaxter/users/mb39/plant_organellar_database/data/mito/Mastigophora_woodsii/Mastigophora_woodsii.k1001.s31.c80.mito.gfa	0	ok
Matricaria_chamomilla	/lustre/scratch122/tol/teams/blaxter/users/mb39/plant_organellar_database/data/mito/Matricaria_chamomilla/Matricaria_chamomilla.mito.gfa	0	ok
Matricaria_discoidea	/lustre/scratch122/tol/teams/blaxter/users/mb39/plant_organellar_database/data/mito/Matricaria_discoidea/Matricaria_discoidea.mito.gfa	0	ok
Matthiola_sinuata	/lustre/scratch122/tol/teams/blaxter/users/mb39/plant_organellar_database/data/mito/Matthiola_sinuata/Matthiola_sinuata.mito.gfa	0	ok
Meconopsis_cambrica	/lustre/scratch122/tol/teams/blaxter/users/mb39/plant_organellar_database/data/mito/Meconopsis_cambrica/Meconopsis_cambrica.k1001.s31.c80.mito.gfa	2	ok
Medicago_arabica	/lustre/scratch122/tol/teams/blaxter/users/mb39/plant_organellar_database/data/mito/Medicago_arabica/Medicago_arabica.mito.gfa	0	ok
Medicago_lupulina	/lustre/scratch122/tol/teams/blaxter/users/mb39/plant_organellar_database/data/mito/Medicago_lupulina/Medicago_lupulina.mito.gfa	0	ok
Medicago_sativa	/lustre/scratch122/tol/teams/blaxter/users/mb39/plant_organellar_database/data/mito/Medicago_sativa/Medicago_sativa.k1001.s31.c80.mito.gfa	0	ok
Meesia_triquetra	/lustre/scratch122/tol/teams/blaxter/users/mb39/plant_organellar_database/data/mito/Meesia_triquetra/Meesia_triquetra.k1001.s31.c80.mito.gfa	0	ok
Melampyrum_pratense	/lustre/scratch122/tol/teams/blaxter/users/mb39/plant_organellar_database/data/mito/Melampyrum_pratense/Melampyrum_pratense.k1001.s31.c80.mito.gfa	0	ok
Melampyrum_sylvaticum	/lustre/scratch122/tol/teams/blaxter/users/mb39/plant_organellar_database/data/mito/Melampyrum_sylvaticum/Melampyrum_sylvaticum.mito.gfa	0	ok
Melica_uniflora	/lustre/scratch122/tol/teams/blaxter/users/mb39/plant_organellar_database/data/mito/Melica_uniflora/Melica_uniflora.k1001.s31.c80.mito.gfa	0	ok
Melilotus_altissimus	/lustre/scratch122/tol/teams/blaxter/users/mb39/plant_organellar_database/data/mito/Melilotus_altissimus/Melilotus_altissimus.k1001.s31.c80.mito.gfa	0	ok
Melissa_officinalis	/lustre/scratch122/tol/teams/blaxter/users/mb39/plant_organellar_database/data/mito/Melissa_officinalis/Melissa_officinalis.k1001.s31.c80.mito.gfa	0	ok
Melittis_melissophyllum	/lustre/scratch122/tol/teams/blaxter/users/mb39/plant_organellar_database/data/mito/Melittis_melissophyllum/Melittis_melissophyllum.mito.gfa	0	ok
Mentha_aquatica	/lustre/scratch122/tol/teams/blaxter/users/mb39/plant_organellar_database/data/mito/Mentha_aquatica/Mentha_aquatica.k1001.s31.c80.mito.gfa	0	ok
Mentha_arvensis	/lustre/scratch122/tol/teams/blaxter/users/mb39/plant_organellar_database/data/mito/Mentha_arvensis/Mentha_arvensis.k1001.s31.c80.mito.gfa	0	ok
Mercurialis_annua	/lustre/scratch122/tol/teams/blaxter/users/mb39/plant_organellar_database/data/mito/Mercurialis_annua/Mercurialis_annua.mito.gfa	0	ok
Mercurialis_perennis	/lustre/scratch122/tol/teams/blaxter/users/mb39/plant_organellar_database/data/mito/Mercurialis_perennis/Mercurialis_perennis.k1001.s31.c80.mito.gfa	0	ok
Mesoptychia_bantriensis	/lustre/scratch122/tol/teams/blaxter/users/mb39/plant_organellar_database/data/mito/Mesoptychia_bantriensis/Mesoptychia_bantriensis.k1001.s31.c80.mito.gfa	0	ok
Mesoptychia_rutheana	/lustre/scratch122/tol/teams/blaxter/users/mb39/plant_organellar_database/data/mito/Mesoptychia_rutheana/Mesoptychia_rutheana.k1001.s31.c80.mito.gfa	0	ok
Metzgeria_conjugata	/lustre/scratch122/tol/teams/blaxter/users/mb39/plant_organellar_database/data/mito/Metzgeria_conjugata/Metzgeria_conjugata.k1001.s31.c80.mito.gfa	0	ok
Metzgeria_furcata	/lustre/scratch122/tol/teams/blaxter/users/mb39/plant_organellar_database/data/mito/Metzgeria_furcata/Metzgeria_furcata.k1001.s31.c80.mito.gfa	0	ok
Metzgeria_violacea	/lustre/scratch122/tol/teams/blaxter/users/mb39/plant_organellar_database/data/mito/Metzgeria_violacea/Metzgeria_violacea.k1001.s31.c80.mito.gfa	0	ok
Meum_athamanticum	/lustre/scratch122/tol/teams/blaxter/users/mb39/plant_organellar_database/data/mito/Meum_athamanticum/Meum_athamanticum.k1001.s31.c80.mito.gfa	0	ok
Milium_effusum	/lustre/scratch122/tol/teams/blaxter/users/mb39/plant_organellar_database/data/mito/Milium_effusum/Milium_effusum.k1001.s31.c80.mito.gfa	0	ok
Mimulus_peregrinus	/lustre/scratch122/tol/teams/blaxter/users/mb39/plant_organellar_database/data/mito/Mimulus_peregrinus/Mimulus_peregrinus.k1001.s31.c80.mito.gfa	0	ok
Misopates_orontium	/lustre/scratch122/tol/teams/blaxter/users/mb39/plant_organellar_database/data/mito/Misopates_orontium/Misopates_orontium.mito.gfa	0	ok
Mnium_stellare	/lustre/scratch122/tol/teams/blaxter/users/mb39/plant_organellar_database/data/mito/Mnium_stellare/Mnium_stellare.k1001.s31.c80.mito.gfa	0	ok
Moehringia_trinervia	/lustre/scratch122/tol/teams/blaxter/users/mb39/plant_organellar_database/data/mito/Moehringia_trinervia/Moehringia_trinervia.mito.gfa	0	ok
Molinia_caerulea	/lustre/scratch122/tol/teams/blaxter/users/mb39/plant_organellar_database/data/mito/Molinia_caerulea/Molinia_caerulea.k1001.s31.c80.mito.gfa	0	ok
Mollugo_verticillata	/lustre/scratch122/tol/teams/blaxter/users/mb39/plant_organellar_database/data/mito/Mollugo_verticillata/Mollugo_verticillata.k1001.s31.c80.mito.gfa	0	ok
Monotropa_hypopitys	/lustre/scratch122/tol/teams/blaxter/users/mb39/plant_organellar_database/data/mito/Monotropa_hypopitys/Monotropa_hypopitys.k1001.s31.c80.mito.gfa	0	ok
Montia_fontana	/lustre/scratch122/tol/teams/blaxter/users/mb39/plant_organellar_database/data/mito/Montia_fontana/Montia_fontana.k1001.s31.c80.mito.gfa	0	ok
Myosotis_alpestris	/lustre/scratch122/tol/teams/blaxter/users/mb39/plant_organellar_database/data/mito/Myosotis_alpestris/Myosotis_alpestris.k1001.s31.c80.mito.gfa	NA	parse_error
Myosotis_ramosissima	/lustre/scratch122/tol/teams/blaxter/users/mb39/plant_organellar_database/data/mito/Myosotis_ramosissima/Myosotis_ramosissima.k1001.s31.c80.mito.gfa	0	ok
Myosotis_sylvatica	/lustre/scratch122/tol/teams/blaxter/users/mb39/plant_organellar_database/data/mito/Myosotis_sylvatica/Myosotis_sylvatica.k1001.s31.c80.mito.gfa	NA	parse_error
Myrica_gale	/lustre/scratch122/tol/teams/blaxter/users/mb39/plant_organellar_database/data/mito/Myrica_gale/Myrica_gale.mito.gfa	0	ok
Myriophyllum_alterniflorum	/lustre/scratch122/tol/teams/blaxter/users/mb39/plant_organellar_database/data/mito/Myriophyllum_alterniflorum/Myriophyllum_alterniflorum.mito.gfa	0	ok
Myriophyllum_aquaticum	/lustre/scratch122/tol/teams/blaxter/users/mb39/plant_organellar_database/data/mito/Myriophyllum_aquaticum/Myriophyllum_aquaticum.k1001.s31.c80.mito.gfa	0	ok
Myriophyllum_spicatum	/lustre/scratch122/tol/teams/blaxter/users/mb39/plant_organellar_database/data/mito/Myriophyllum_spicatum/Myriophyllum_spicatum.k1001.s31.c80.mito.gfa	0	ok
Myrrhis_odorata	/lustre/scratch122/tol/teams/blaxter/users/mb39/plant_organellar_database/data/mito/Myrrhis_odorata/Myrrhis_odorata.k1001.s31.c80.mito.gfa	0	ok
Narcissus_pseudonarcissus	/lustre/scratch122/tol/teams/blaxter/users/mb39/plant_organellar_database/data/mito/Narcissus_pseudonarcissus/Narcissus_pseudonarcissus.k1001.s31.c80.mito.gfa	0	ok
Nardia_scalaris	/lustre/scratch122/tol/teams/blaxter/users/mb39/plant_organellar_database/data/mito/Nardia_scalaris/Nardia_scalaris.k1001.s31.c80.mito.gfa	0	ok
Narthecium_ossifragum	/lustre/scratch122/tol/teams/blaxter/users/mb39/plant_organellar_database/data/mito/Narthecium_ossifragum/Narthecium_ossifragum.mito.gfa	0	ok
Nasturtium_officinale	/lustre/scratch122/tol/teams/blaxter/users/mb39/plant_organellar_database/data/mito/Nasturtium_officinale/Nasturtium_officinale.mito.gfa	0	ok
Neckera_pumila	/lustre/scratch122/tol/teams/blaxter/users/mb39/plant_organellar_database/data/mito/Neckera_pumila/Neckera_pumila.mito.gfa	0	ok
Neoorthocaulis_attenuatus	/lustre/scratch122/tol/teams/blaxter/users/mb39/plant_organellar_database/data/mito/Neoorthocaulis_attenuatus/Neoorthocaulis_attenuatus.k1001.s31.c80.mito.gfa	0	ok
Neoorthocaulis_floerkei	/lustre/scratch122/tol/teams/blaxter/users/mb39/plant_organellar_database/data/mito/Neoorthocaulis_floerkei/Neoorthocaulis_floerkei.k1001.s31.c80.mito.gfa	NA	parse_error
Neottia_nidus_avis	/lustre/scratch122/tol/teams/blaxter/users/mb39/plant_organellar_database/data/mito/Neottia_nidus_avis/Neottia_nidus_avis.k1001.s31.c80.mito.gfa	NA	parse_error
Neottia_ovata	/lustre/scratch122/tol/teams/blaxter/users/mb39/plant_organellar_database/data/mito/Neottia_ovata/Neottia_ovata.k1001.s31.c80.mito.gfa	0	ok
Nigella_damascena	/lustre/scratch122/tol/teams/blaxter/users/mb39/plant_organellar_database/data/mito/Nigella_damascena/Nigella_damascena.k1001.s31.c80.mito.gfa	0	ok
Niphotrichum_ericoides	/lustre/scratch122/tol/teams/blaxter/users/mb39/plant_organellar_database/data/mito/Niphotrichum_ericoides/Niphotrichum_ericoides.k1001.s31.c80.mito.gfa	0	ok
Nowellia_curvifolia	/lustre/scratch122/tol/teams/blaxter/users/mb39/plant_organellar_database/data/mito/Nowellia_curvifolia/Nowellia_curvifolia.k1001.s31.c80.mito.gfa	1	ok
Nuphar_pumila	/lustre/scratch122/tol/teams/blaxter/users/mb39/plant_organellar_database/data/mito/Nuphar_pumila/Nuphar_pumila.k1001.s31.c80.mito.gfa	0	ok
Nymphaea_alba	/lustre/scratch122/tol/teams/blaxter/users/mb39/plant_organellar_database/data/mito/Nymphaea_alba/Nymphaea_alba.k1001.s31.c80.mito.gfa	0	ok
Nymphoides_peltata	/lustre/scratch122/tol/teams/blaxter/users/mb39/plant_organellar_database/data/mito/Nymphoides_peltata/Nymphoides_peltata.k1001.s31.c80.mito.gfa	0	ok
Odontites_vernus	/lustre/scratch122/tol/teams/blaxter/users/mb39/plant_organellar_database/data/mito/Odontites_vernus/Odontites_vernus.k1001.s31.c80.mito.gfa	0	ok
Odontoschisma_sphagni	/lustre/scratch122/tol/teams/blaxter/users/mb39/plant_organellar_database/data/mito/Odontoschisma_sphagni/Odontoschisma_sphagni.k1001.s31.c80.mito.gfa	0	ok
Oedipodium_griffithianum	/lustre/scratch122/tol/teams/blaxter/users/mb39/plant_organellar_database/data/mito/Oedipodium_griffithianum/Oedipodium_griffithianum.k1001.s31.c80.mito.gfa	0	ok
Oenanthe_crocata	/lustre/scratch122/tol/teams/blaxter/users/mb39/plant_organellar_database/data/mito/Oenanthe_crocata/Oenanthe_crocata.k1001.s31.c80.mito.gfa	0	ok
Oenanthe_lachenalii	/lustre/scratch122/tol/teams/blaxter/users/mb39/plant_organellar_database/data/mito/Oenanthe_lachenalii/Oenanthe_lachenalii.k1001.s31.c80.mito.gfa	0	ok
Oenanthe_pimpinelloides	/lustre/scratch122/tol/teams/blaxter/users/mb39/plant_organellar_database/data/mito/Oenanthe_pimpinelloides/Oenanthe_pimpinelloides.k1001.s31.c80.mito.gfa	0	ok
Oenothera_biennis	/lustre/scratch122/tol/teams/blaxter/users/mb39/plant_organellar_database/data/mito/Oenothera_biennis/Oenothera_biennis.k1001.s31.c80.mito.gfa	0	ok
Oligotrichum_hercynicum	/lustre/scratch122/tol/teams/blaxter/users/mb39/plant_organellar_database/data/mito/Oligotrichum_hercynicum/Oligotrichum_hercynicum.k1001.s31.c80.mito.gfa	0	ok
Onobrychis_viciifolia	/lustre/scratch122/tol/teams/blaxter/users/mb39/plant_organellar_database/data/mito/Onobrychis_viciifolia/Onobrychis_viciifolia.k1001.s31.c80.mito.gfa	0	ok
Onoclea_sensibilis	/lustre/scratch122/tol/teams/blaxter/users/mb39/plant_organellar_database/data/mito/Onoclea_sensibilis/Onoclea_sensibilis.k1001.s31.c100.mito.gfa	0	ok
Ononis_reclinata	/lustre/scratch122/tol/teams/blaxter/users/mb39/plant_organellar_database/data/mito/Ononis_reclinata/Ononis_reclinata.mito.gfa	0	ok
Ononis_repens	/lustre/scratch122/tol/teams/blaxter/users/mb39/plant_organellar_database/data/mito/Ononis_repens/Ononis_repens.k1001.s31.c80.mito.gfa	0	ok
Onopordum_acanthium	/lustre/scratch122/tol/teams/blaxter/users/mb39/plant_organellar_database/data/mito/Onopordum_acanthium/Onopordum_acanthium.k1001.s31.c80.mito.gfa	0	ok
Ophioglossum_vulgatum		NA	missing_gfa
Ophrys_apifera	/lustre/scratch122/tol/teams/blaxter/users/mb39/plant_organellar_database/data/mito/Ophrys_apifera/Ophrys_apifera.k1001.s31.c80.mito.gfa	0	ok
Orchis_mascula	/lustre/scratch122/tol/teams/blaxter/users/mb39/plant_organellar_database/data/mito/Orchis_mascula/Orchis_mascula.k1001.s31.c80.mito.gfa	0	ok
Oreojuncus_trifidus	/lustre/scratch122/tol/teams/blaxter/users/mb39/plant_organellar_database/data/mito/Oreojuncus_trifidus/Oreojuncus_trifidus.k1001.s31.c80.mito.gfa	0	ok
Origanum_vulgare	/lustre/scratch122/tol/teams/blaxter/users/mb39/plant_organellar_database/data/mito/Origanum_vulgare/Origanum_vulgare.k1001.s31.c80.mito.gfa	0	ok
Ornithopus_perpusillus	/lustre/scratch122/tol/teams/blaxter/users/mb39/plant_organellar_database/data/mito/Ornithopus_perpusillus/Ornithopus_perpusillus.k1001.s31.c80.mito.gfa	0	ok
Orobanche_alba	/lustre/scratch122/tol/teams/blaxter/users/mb39/plant_organellar_database/data/mito/Orobanche_alba/Orobanche_alba.k1001.s31.c80.mito.gfa	0	ok
Orobanche_hederae	/lustre/scratch122/tol/teams/blaxter/users/mb39/plant_organellar_database/data/mito/Orobanche_hederae/Orobanche_hederae.k1001.s31.c80.mito.gfa	0	ok
Orobanche_minor	/lustre/scratch122/tol/teams/blaxter/users/mb39/plant_organellar_database/data/mito/Orobanche_minor/Orobanche_minor.k1001.s31.c80.mito.gfa	0	ok
Orontium_aquaticum	/lustre/scratch122/tol/teams/blaxter/users/mb39/plant_organellar_database/data/mito/Orontium_aquaticum/Orontium_aquaticum.k1001.s31.c80.mito.gfa	0	ok
Orthothecium_rufescens	/lustre/scratch122/tol/teams/blaxter/users/mb39/plant_organellar_database/data/mito/Orthothecium_rufescens/Orthothecium_rufescens.mito.gfa	0	ok
Orthotrichum_anomalum	/lustre/scratch122/tol/teams/blaxter/users/mb39/plant_organellar_database/data/mito/Orthotrichum_anomalum/Orthotrichum_anomalum.k1001.s31.c80.mito.gfa	0	ok
Orthotrichum_lyellii	/lustre/scratch122/tol/teams/blaxter/users/mb39/plant_organellar_database/data/mito/Orthotrichum_lyellii/Orthotrichum_lyellii.k1001.s31.c80.mito.gfa	0	ok
Orthotrichum_pulchellum	/lustre/scratch122/tol/teams/blaxter/users/mb39/plant_organellar_database/data/mito/Orthotrichum_pulchellum/Orthotrichum_pulchellum.k1001.s31.c80.mito.gfa	0	ok
Orthotrichum_striatum	/lustre/scratch122/tol/teams/blaxter/users/mb39/plant_organellar_database/data/mito/Orthotrichum_striatum/Orthotrichum_striatum.k1001.s31.c80.mito.gfa	0	ok
Oxalis_acetosella	/lustre/scratch122/tol/teams/blaxter/users/mb39/plant_organellar_database/data/mito/Oxalis_acetosella/Oxalis_acetosella.k1001.s31.c80.mito.gfa	2	ok
Oxybasis_chenopodioides	/lustre/scratch122/tol/teams/blaxter/users/mb39/plant_organellar_database/data/mito/Oxybasis_chenopodioides/Oxybasis_chenopodioides.k1001.s31.c80.mito.gfa	0	ok
Oxyria_digyna	/lustre/scratch122/tol/teams/blaxter/users/mb39/plant_organellar_database/data/mito/Oxyria_digyna/Oxyria_digyna.mito.gfa	0	ok
Oxytropis_halleri	/lustre/scratch122/tol/teams/blaxter/users/mb39/plant_organellar_database/data/mito/Oxytropis_halleri/Oxytropis_halleri.k1001.s31.c80.mito.gfa	0	ok
Palustriella_falcata	/lustre/scratch122/tol/teams/blaxter/users/mb39/plant_organellar_database/data/mito/Palustriella_falcata/Palustriella_falcata.k1001.s31.c80.mito.gfa	0	ok
Papaver_rhoeas	/lustre/scratch122/tol/teams/blaxter/users/mb39/plant_organellar_database/data/mito/Papaver_rhoeas/Papaver_rhoeas.k1001.s31.c80.mito.gfa	0	ok
Papaver_somniferum	/lustre/scratch122/tol/teams/blaxter/users/mb39/plant_organellar_database/data/mito/Papaver_somniferum/Papaver_somniferum.k1001.s31.c80.mito.gfa	0	ok
Parietaria_judaica	/lustre/scratch122/tol/teams/blaxter/users/mb39/plant_organellar_database/data/mito/Parietaria_judaica/Parietaria_judaica.mito.gfa	0	ok
Parnassia_palustris	/lustre/scratch122/tol/teams/blaxter/users/mb39/plant_organellar_database/data/mito/Parnassia_palustris/Parnassia_palustris.k1001.s31.c80.mito.gfa	0	ok
Parthenocissus_inserta	/lustre/scratch122/tol/teams/blaxter/users/mb39/plant_organellar_database/data/mito/Parthenocissus_inserta/Parthenocissus_inserta.k1001.s31.c80.mito.gfa	0	ok
Pastinaca_sativa	/lustre/scratch122/tol/teams/blaxter/users/mb39/plant_organellar_database/data/mito/Pastinaca_sativa/Pastinaca_sativa.k1001.s31.c80.mito.gfa	3	ok
Paulownia_tomentosa	/lustre/scratch122/tol/teams/blaxter/users/mb39/plant_organellar_database/data/mito/Paulownia_tomentosa/Paulownia_tomentosa.k1001.s31.c80.mito.gfa	0	ok
Pedicularis_palustris	/lustre/scratch122/tol/teams/blaxter/users/mb39/plant_organellar_database/data/mito/Pedicularis_palustris/Pedicularis_palustris.k1001.s31.c80.mito.gfa	0	ok
Pedicularis_sylvatica	/lustre/scratch122/tol/teams/blaxter/users/mb39/plant_organellar_database/data/mito/Pedicularis_sylvatica/Pedicularis_sylvatica.k1001.s31.c80.mito.gfa	0	ok
Pentaglottis_sempervirens	/lustre/scratch122/tol/teams/blaxter/users/mb39/plant_organellar_database/data/mito/Pentaglottis_sempervirens/Pentaglottis_sempervirens.mito.gfa	0	ok
Persicaria_amphibia	/lustre/scratch122/tol/teams/blaxter/users/mb39/plant_organellar_database/data/mito/Persicaria_amphibia/Persicaria_amphibia.k1001.s31.c80.mito.gfa	0	ok
Persicaria_hydropiper	/lustre/scratch122/tol/teams/blaxter/users/mb39/plant_organellar_database/data/mito/Persicaria_hydropiper/Persicaria_hydropiper.k1001.s31.c80.mito.gfa	0	ok
Persicaria_maculosa	/lustre/scratch122/tol/teams/blaxter/users/mb39/plant_organellar_database/data/mito/Persicaria_maculosa/Persicaria_maculosa.mito.gfa	0	ok
Persicaria_nepalensis	/lustre/scratch122/tol/teams/blaxter/users/mb39/plant_organellar_database/data/mito/Persicaria_nepalensis/Persicaria_nepalensis.k1001.s31.c80.mito.gfa	0	ok
Petalophyllum_ralfsii	/lustre/scratch122/tol/teams/blaxter/users/mb39/plant_organellar_database/data/mito/Petalophyllum_ralfsii/Petalophyllum_ralfsii.k1001.s31.c80.mito.gfa	0	ok
Petasites_albus	/lustre/scratch122/tol/teams/blaxter/users/mb39/plant_organellar_database/data/mito/Petasites_albus/Petasites_albus.mito.gfa	0	ok
Petasites_fragrans	/lustre/scratch122/tol/teams/blaxter/users/mb39/plant_organellar_database/data/mito/Petasites_fragrans/Petasites_fragrans.k1001.s31.c80.mito.gfa	0	ok
Petasites_hybridus	/lustre/scratch122/tol/teams/blaxter/users/mb39/plant_organellar_database/data/mito/Petasites_hybridus/Petasites_hybridus.mito.gfa	0	ok
Petasites_japonicus	/lustre/scratch122/tol/teams/blaxter/users/mb39/plant_organellar_database/data/mito/Petasites_japonicus/Petasites_japonicus.k1001.s31.c80.mito.gfa	0	ok
Phacelia_tanacetifolia	/lustre/scratch122/tol/teams/blaxter/users/mb39/plant_organellar_database/data/mito/Phacelia_tanacetifolia/Phacelia_tanacetifolia.k1001.s31.c80.mito.gfa	53	ok
Phaeoceros_laevis	/lustre/scratch122/tol/teams/blaxter/users/mb39/plant_organellar_database/data/mito/Phaeoceros_laevis/Phaeoceros_laevis.k1001.s31.c80.mito.gfa	0	ok
Phalaris_arundinacea	/lustre/scratch122/tol/teams/blaxter/users/mb39/plant_organellar_database/data/mito/Phalaris_arundinacea/Phalaris_arundinacea.k1001.s31.c80.mito.gfa	0	ok
Phegopteris_connectilis	/lustre/scratch122/tol/teams/blaxter/users/mb39/plant_organellar_database/data/mito/Phegopteris_connectilis/Phegopteris_connectilis.k1001.s31.c100.mito.gfa	0	ok
Phleum_pratense	/lustre/scratch122/tol/teams/blaxter/users/mb39/plant_organellar_database/data/mito/Phleum_pratense/Phleum_pratense.k1001.s31.c80.mito.gfa	0	ok
Phragmites_australis	/lustre/scratch122/tol/teams/blaxter/users/mb39/plant_organellar_database/data/mito/Phragmites_australis/Phragmites_australis.mito.gfa	0	ok
Physcomitrium_patens	/lustre/scratch122/tol/teams/blaxter/users/mb39/plant_organellar_database/data/mito/Physcomitrium_patens/Physcomitrium_patens.k1001.s31.c80.mito.gfa	0	ok
Phyteuma_orbiculare	/lustre/scratch122/tol/teams/blaxter/users/mb39/plant_organellar_database/data/mito/Phyteuma_orbiculare/Phyteuma_orbiculare.k1001.s31.c80.mito.gfa	0	ok
Phyteuma_spicatum	/lustre/scratch122/tol/teams/blaxter/users/mb39/plant_organellar_database/data/mito/Phyteuma_spicatum/Phyteuma_spicatum.k1001.s31.c80.mito.gfa	0	ok
Phytolacca_acinosa	/lustre/scratch122/tol/teams/blaxter/users/mb39/plant_organellar_database/data/mito/Phytolacca_acinosa/Phytolacca_acinosa.k1001.s31.c80.mito.gfa	0	ok
Pilosella_aurantiaca	/lustre/scratch122/tol/teams/blaxter/users/mb39/plant_organellar_database/data/mito/Pilosella_aurantiaca/Pilosella_aurantiaca.k1001.s31.c80.mito.gfa	0	ok
Pilosella_officinarum	/lustre/scratch122/tol/teams/blaxter/users/mb39/plant_organellar_database/data/mito/Pilosella_officinarum/Pilosella_officinarum.k1001.s31.c80.mito.gfa	0	ok
Pilularia_globulifera	/lustre/scratch122/tol/teams/blaxter/users/mb39/plant_organellar_database/data/mito/Pilularia_globulifera/Pilularia_globulifera.k1001.s31.c100.mito.gfa	0	ok
Pimpinella_saxifraga	/lustre/scratch122/tol/teams/blaxter/users/mb39/plant_organellar_database/data/mito/Pimpinella_saxifraga/Pimpinella_saxifraga.k1001.s31.c80.mito.gfa	0	ok
Pinguicula_vulgaris	/lustre/scratch122/tol/teams/blaxter/users/mb39/plant_organellar_database/data/mito/Pinguicula_vulgaris/Pinguicula_vulgaris.k1001.s31.c80.mito.gfa	0	ok
Plagiochila_asplenioides	/lustre/scratch122/tol/teams/blaxter/users/mb39/plant_organellar_database/data/mito/Plagiochila_asplenioides/Plagiochila_asplenioides.k1001.s31.c80.mito.gfa	0	ok
Plagiochila_carringtonii	/lustre/scratch122/tol/teams/blaxter/users/mb39/plant_organellar_database/data/mito/Plagiochila_carringtonii/Plagiochila_carringtonii.k1001.s31.c80.mito.gfa	0	ok
Plagiothecium_denticulatum	/lustre/scratch122/tol/teams/blaxter/users/mb39/plant_organellar_database/data/mito/Plagiothecium_denticulatum/Plagiothecium_denticulatum.mito.gfa	0	ok
Plantago_coronopus	/lustre/scratch122/tol/teams/blaxter/users/mb39/plant_organellar_database/data/mito/Plantago_coronopus/Plantago_coronopus.k1001.s31.c80.mito.gfa	2	ok
Plantago_lanceolata	/lustre/scratch122/tol/teams/blaxter/users/mb39/plant_organellar_database/data/mito/Plantago_lanceolata/Plantago_lanceolata.k1001.s31.c80.mito.gfa	0	ok
Plantago_major	/lustre/scratch122/tol/teams/blaxter/users/mb39/plant_organellar_database/data/mito/Plantago_major/Plantago_major.k1001.s31.c80.mito.gfa	0	ok
Plantago_maritima	/lustre/scratch122/tol/teams/blaxter/users/mb39/plant_organellar_database/data/mito/Plantago_maritima/Plantago_maritima.k1001.s31.c80.mito.gfa	0	ok
Platanus_orientalis	/lustre/scratch122/tol/teams/blaxter/users/mb39/plant_organellar_database/data/mito/Platanus_orientalis/Platanus_orientalis.k1001.s31.c80.mito.gfa	0	ok
Platanus_x_hispanica	/lustre/scratch122/tol/teams/blaxter/users/mb39/plant_organellar_database/data/mito/Platanus_x_hispanica/Platanus_x_hispanica.k1001.s31.c80.mito.gfa	0	ok
Pleuridium_subulatum	/lustre/scratch122/tol/teams/blaxter/users/mb39/plant_organellar_database/data/mito/Pleuridium_subulatum/Pleuridium_subulatum.k1001.s31.c80.mito.gfa	0	ok
Poa_alpina	/lustre/scratch122/tol/teams/blaxter/users/mb39/plant_organellar_database/data/mito/Poa_alpina/Poa_alpina.k1001.s31.c80.mito.gfa	0	ok
Poa_chaixii	/lustre/scratch122/tol/teams/blaxter/users/mb39/plant_organellar_database/data/mito/Poa_chaixii/Poa_chaixii.mito.gfa	0	ok
Poa_infirma	/lustre/scratch122/tol/teams/blaxter/users/mb39/plant_organellar_database/data/mito/Poa_infirma/Poa_infirma.k1001.s31.c80.mito.gfa	1	ok
Poa_nemoralis	/lustre/scratch122/tol/teams/blaxter/users/mb39/plant_organellar_database/data/mito/Poa_nemoralis/Poa_nemoralis.k1001.s31.c80.mito.gfa	0	ok
Poa_trivialis	/lustre/scratch122/tol/teams/blaxter/users/mb39/plant_organellar_database/data/mito/Poa_trivialis/Poa_trivialis.k1001.s31.c80.mito.gfa	0	ok
Pogonatum_aloides	/lustre/scratch122/tol/teams/blaxter/users/mb39/plant_organellar_database/data/mito/Pogonatum_aloides/Pogonatum_aloides.k1001.s31.c80.mito.gfa	0	ok
Pohlia_annotina	/lustre/scratch122/tol/teams/blaxter/users/mb39/plant_organellar_database/data/mito/Pohlia_annotina/Pohlia_annotina.k1001.s31.c80.mito.gfa	0	ok
Pohlia_cruda	/lustre/scratch122/tol/teams/blaxter/users/mb39/plant_organellar_database/data/mito/Pohlia_cruda/Pohlia_cruda.k1001.s31.c80.mito.gfa	0	ok
Pohlia_nutans	/lustre/scratch122/tol/teams/blaxter/users/mb39/plant_organellar_database/data/mito/Pohlia_nutans/Pohlia_nutans.k1001.s31.c80.mito.gfa	0	ok
Pohlia_wahlenbergii	/lustre/scratch122/tol/teams/blaxter/users/mb39/plant_organellar_database/data/mito/Pohlia_wahlenbergii/Pohlia_wahlenbergii.k1001.s31.c80.mito.gfa	0	ok
Polygala_serpyllifolia	/lustre/scratch122/tol/teams/blaxter/users/mb39/plant_organellar_database/data/mito/Polygala_serpyllifolia/Polygala_serpyllifolia.k1001.s31.c80.mito.gfa	0	ok
Polygala_vulgaris	/lustre/scratch122/tol/teams/blaxter/users/mb39/plant_organellar_database/data/mito/Polygala_vulgaris/Polygala_vulgaris.k1001.s31.c80.mito.gfa	0	ok
Polygonum_aviculare	/lustre/scratch122/tol/teams/blaxter/users/mb39/plant_organellar_database/data/mito/Polygonum_aviculare/Polygonum_aviculare.mito.gfa	0	ok
Polygonum_maritimum	/lustre/scratch122/tol/teams/blaxter/users/mb39/plant_organellar_database/data/mito/Polygonum_maritimum/Polygonum_maritimum.mito.gfa	0	ok
Polypodium_vulgare	/lustre/scratch122/tol/teams/blaxter/users/mb39/plant_organellar_database/data/mito/Polypodium_vulgare/Polypodium_vulgare.k1001.s31.c100.mito.gfa	0	ok
Polypogon_viridis	/lustre/scratch122/tol/teams/blaxter/users/mb39/plant_organellar_database/data/mito/Polypogon_viridis/Polypogon_viridis.mito.gfa	0	ok
Polystichum_lonchitis	/lustre/scratch122/tol/teams/blaxter/users/mb39/plant_organellar_database/data/mito/Polystichum_lonchitis/Polystichum_lonchitis.k1001.s31.c100.mito.gfa	0	ok
Polystichum_setiferum	/lustre/scratch122/tol/teams/blaxter/users/mb39/plant_organellar_database/data/mito/Polystichum_setiferum/Polystichum_setiferum.k1001.s31.c60.mito.gfa	0	ok
Polytrichastrum_sexangulare	/lustre/scratch122/tol/teams/blaxter/users/mb39/plant_organellar_database/data/mito/Polytrichastrum_sexangulare/Polytrichastrum_sexangulare.mito.gfa	0	ok
Polytrichum_commune	/lustre/scratch122/tol/teams/blaxter/users/mb39/plant_organellar_database/data/mito/Polytrichum_commune/Polytrichum_commune.mito.gfa	0	ok
Polytrichum_formosum	/lustre/scratch122/tol/teams/blaxter/users/mb39/plant_organellar_database/data/mito/Polytrichum_formosum/Polytrichum_formosum.mito.gfa	0	ok
Polytrichum_juniperinum	/lustre/scratch122/tol/teams/blaxter/users/mb39/plant_organellar_database/data/mito/Polytrichum_juniperinum/Polytrichum_juniperinum.k1001.s31.c80.mito.gfa	0	ok
Polytrichum_piliferum	/lustre/scratch122/tol/teams/blaxter/users/mb39/plant_organellar_database/data/mito/Polytrichum_piliferum/Polytrichum_piliferum.k1001.s31.c80.mito.gfa	0	ok
Polytrichum_strictum	/lustre/scratch122/tol/teams/blaxter/users/mb39/plant_organellar_database/data/mito/Polytrichum_strictum/Polytrichum_strictum.k1001.s31.c80.mito.gfa	0	ok
Pontederia_cordata	/lustre/scratch122/tol/teams/blaxter/users/mb39/plant_organellar_database/data/mito/Pontederia_cordata/Pontederia_cordata.k1001.s31.c80.mito.gfa	0	ok
Populus_alba	/lustre/scratch122/tol/teams/blaxter/users/mb39/plant_organellar_database/data/mito/Populus_alba/Populus_alba.k1001.s31.c80.mito.gfa	0	ok
Populus_nigra	/lustre/scratch122/tol/teams/blaxter/users/mb39/plant_organellar_database/data/mito/Populus_nigra/Populus_nigra.mito.gfa	0	ok
Populus_tremula	/lustre/scratch122/tol/teams/blaxter/users/mb39/plant_organellar_database/data/mito/Populus_tremula/Populus_tremula.mito.gfa	0	ok
Porella_arboris_vitae	/lustre/scratch122/tol/teams/blaxter/users/mb39/plant_organellar_database/data/mito/Porella_arboris_vitae/Porella_arboris_vitae.k1001.s31.c80.mito.gfa	0	ok
Porella_cordaeana	/lustre/scratch122/tol/teams/blaxter/users/mb39/plant_organellar_database/data/mito/Porella_cordaeana/Porella_cordaeana.k1001.s31.c80.mito.gfa	0	ok
Potamogeton_alpinus	/lustre/scratch122/tol/teams/blaxter/users/mb39/plant_organellar_database/data/mito/Potamogeton_alpinus/Potamogeton_alpinus.k1001.s31.c80.mito.gfa	0	ok
Potamogeton_berchtoldii	/lustre/scratch122/tol/teams/blaxter/users/mb39/plant_organellar_database/data/mito/Potamogeton_berchtoldii/Potamogeton_berchtoldii.k1001.s31.c80.mito.gfa	0	ok
Potamogeton_coloratus	/lustre/scratch122/tol/teams/blaxter/users/mb39/plant_organellar_database/data/mito/Potamogeton_coloratus/Potamogeton_coloratus.k1001.s31.c80.mito.gfa	0	ok
Potamogeton_compressus	/lustre/scratch122/tol/teams/blaxter/users/mb39/plant_organellar_database/data/mito/Potamogeton_compressus/Potamogeton_compressus.k1001.s31.c80.mito.gfa	0	ok
Potamogeton_epihydrus	/lustre/scratch122/tol/teams/blaxter/users/mb39/plant_organellar_database/data/mito/Potamogeton_epihydrus/Potamogeton_epihydrus.k1001.s31.c80.mito.gfa	0	ok
Potamogeton_friesii	/lustre/scratch122/tol/teams/blaxter/users/mb39/plant_organellar_database/data/mito/Potamogeton_friesii/Potamogeton_friesii.k1001.s31.c80.mito.gfa	NA	parse_error
Potamogeton_gramineus	/lustre/scratch122/tol/teams/blaxter/users/mb39/plant_organellar_database/data/mito/Potamogeton_gramineus/Potamogeton_gramineus.k1001.s31.c80.mito.gfa	NA	parse_error
Potamogeton_lucens	/lustre/scratch122/tol/teams/blaxter/users/mb39/plant_organellar_database/data/mito/Potamogeton_lucens/Potamogeton_lucens.k1001.s31.c80.mito.gfa	0	ok
Potamogeton_natans	/lustre/scratch122/tol/teams/blaxter/users/mb39/plant_organellar_database/data/mito/Potamogeton_natans/Potamogeton_natans.mito.gfa	0	ok
Potamogeton_nodosus	/lustre/scratch122/tol/teams/blaxter/users/mb39/plant_organellar_database/data/mito/Potamogeton_nodosus/Potamogeton_nodosus.k1001.s31.c80.mito.gfa	0	ok
Potamogeton_obtusifolius	/lustre/scratch122/tol/teams/blaxter/users/mb39/plant_organellar_database/data/mito/Potamogeton_obtusifolius/Potamogeton_obtusifolius.k1001.s31.c80.mito.gfa	0	ok
Potamogeton_perfoliatus	/lustre/scratch122/tol/teams/blaxter/users/mb39/plant_organellar_database/data/mito/Potamogeton_perfoliatus/Potamogeton_perfoliatus.k1001.s31.c80.mito.gfa	0	ok
Potamogeton_polygonifolius	/lustre/scratch122/tol/teams/blaxter/users/mb39/plant_organellar_database/data/mito/Potamogeton_polygonifolius/Potamogeton_polygonifolius.k1001.s31.c80.mito.gfa	0	ok
Potamogeton_praelongus	/lustre/scratch122/tol/teams/blaxter/users/mb39/plant_organellar_database/data/mito/Potamogeton_praelongus/Potamogeton_praelongus.k1001.s31.c80.mito.gfa	0	ok
Potamogeton_pusillus	/lustre/scratch122/tol/teams/blaxter/users/mb39/plant_organellar_database/data/mito/Potamogeton_pusillus/Potamogeton_pusillus.k1001.s31.c80.mito.gfa	0	ok
Potamogeton_rutilus	/lustre/scratch122/tol/teams/blaxter/users/mb39/plant_organellar_database/data/mito/Potamogeton_rutilus/Potamogeton_rutilus.k1001.s31.c80.mito.gfa	0	ok
Potamogeton_trichoides	/lustre/scratch122/tol/teams/blaxter/users/mb39/plant_organellar_database/data/mito/Potamogeton_trichoides/Potamogeton_trichoides.k1001.s31.c80.mito.gfa	0	ok
Potentilla_anglica	/lustre/scratch122/tol/teams/blaxter/users/mb39/plant_organellar_database/data/mito/Potentilla_anglica/Potentilla_anglica.k1001.s31.c80.mito.gfa	0	ok
Potentilla_anserina	/lustre/scratch122/tol/teams/blaxter/users/mb39/plant_organellar_database/data/mito/Potentilla_anserina/Potentilla_anserina.mito.gfa	0	ok
Potentilla_crantzii	/lustre/scratch122/tol/teams/blaxter/users/mb39/plant_organellar_database/data/mito/Potentilla_crantzii/Potentilla_crantzii.k1001.s31.c80.mito.gfa	0	ok
Potentilla_erecta	/lustre/scratch122/tol/teams/blaxter/users/mb39/plant_organellar_database/data/mito/Potentilla_erecta/Potentilla_erecta.k1001.s31.c80.mito.gfa	0	ok
Potentilla_indica	/lustre/scratch122/tol/teams/blaxter/users/mb39/plant_organellar_database/data/mito/Potentilla_indica/Potentilla_indica.mito.gfa	0	ok
Potentilla_reptans	/lustre/scratch122/tol/teams/blaxter/users/mb39/plant_organellar_database/data/mito/Potentilla_reptans/Potentilla_reptans.k1001.s31.c80.mito.gfa	0	ok
Potentilla_sterilis	/lustre/scratch122/tol/teams/blaxter/users/mb39/plant_organellar_database/data/mito/Potentilla_sterilis/Potentilla_sterilis.mito.gfa	0	ok
Potentilla_verna	/lustre/scratch122/tol/teams/blaxter/users/mb39/plant_organellar_database/data/mito/Potentilla_verna/Potentilla_verna.k1001.s31.c80.mito.gfa	0	ok
Poterium_sanguisorba	/lustre/scratch122/tol/teams/blaxter/users/mb39/plant_organellar_database/data/mito/Poterium_sanguisorba/Poterium_sanguisorba.k1001.s31.c80.mito.gfa	0	ok
Primula_farinosa	/lustre/scratch122/tol/teams/blaxter/users/mb39/plant_organellar_database/data/mito/Primula_farinosa/Primula_farinosa.k1001.s31.c80.mito.gfa	0	ok
Primula_scotica	/lustre/scratch122/tol/teams/blaxter/users/mb39/plant_organellar_database/data/mito/Primula_scotica/Primula_scotica.k1001.s31.c80.mito.gfa	0	ok
Primula_veris	/lustre/scratch122/tol/teams/blaxter/users/mb39/plant_organellar_database/data/mito/Primula_veris/Primula_veris.mito.gfa	0	ok
Primula_vulgaris	/lustre/scratch122/tol/teams/blaxter/users/mb39/plant_organellar_database/data/mito/Primula_vulgaris/Primula_vulgaris.mito.gfa	0	ok
Prunella_vulgaris	/lustre/scratch122/tol/teams/blaxter/users/mb39/plant_organellar_database/data/mito/Prunella_vulgaris/Prunella_vulgaris.mito.gfa	0	ok
Prunus_avium	/lustre/scratch122/tol/teams/blaxter/users/mb39/plant_organellar_database/data/mito/Prunus_avium/Prunus_avium.k1001.s31.c80.mito.gfa	0	ok
Prunus_domestica	/lustre/scratch122/tol/teams/blaxter/users/mb39/plant_organellar_database/data/mito/Prunus_domestica/Prunus_domestica.k1001.s31.c80.mito.gfa	0	ok
Prunus_laurocerasus	/lustre/scratch122/tol/teams/blaxter/users/mb39/plant_organellar_database/data/mito/Prunus_laurocerasus/Prunus_laurocerasus.k1001.s31.c80.mito.gfa	0	ok
Prunus_lusitanica	/lustre/scratch122/tol/teams/blaxter/users/mb39/plant_organellar_database/data/mito/Prunus_lusitanica/Prunus_lusitanica.k1001.s31.c80.mito.gfa	0	ok
Prunus_padus	/lustre/scratch122/tol/teams/blaxter/users/mb39/plant_organellar_database/data/mito/Prunus_padus/Prunus_padus.mito.gfa	0	ok
Prunus_spinosa	/lustre/scratch122/tol/teams/blaxter/users/mb39/plant_organellar_database/data/mito/Prunus_spinosa/Prunus_spinosa.k1001.s31.c80.mito.gfa	0	ok
Pseudisothecium_interludens	/lustre/scratch122/tol/teams/blaxter/users/mb39/plant_organellar_database/data/mito/Pseudisothecium_interludens/Pseudisothecium_interludens.k1001.s31.c80.mito.gfa	0	ok
Pseudobryum_cinclidioides	/lustre/scratch122/tol/teams/blaxter/users/mb39/plant_organellar_database/data/mito/Pseudobryum_cinclidioides/Pseudobryum_cinclidioides.k1001.s31.c80.mito.gfa	0	ok
Pseudofumaria_lutea	/lustre/scratch122/tol/teams/blaxter/users/mb39/plant_organellar_database/data/mito/Pseudofumaria_lutea/Pseudofumaria_lutea.k1001.s31.c80.mito.gfa	0	ok
Pseudognaphalium_luteoalbum	/lustre/scratch122/tol/teams/blaxter/users/mb39/plant_organellar_database/data/mito/Pseudognaphalium_luteoalbum/Pseudognaphalium_luteoalbum.mito.gfa	0	ok
Pseudoscleropodium_purum	/lustre/scratch122/tol/teams/blaxter/users/mb39/plant_organellar_database/data/mito/Pseudoscleropodium_purum/Pseudoscleropodium_purum.mito.gfa	0	ok
Pseudotaxiphyllum_elegans	/lustre/scratch122/tol/teams/blaxter/users/mb39/plant_organellar_database/data/mito/Pseudotaxiphyllum_elegans/Pseudotaxiphyllum_elegans.mito.gfa	0	ok
Pseudotsuga_menziesii	/lustre/scratch122/tol/teams/blaxter/users/mb39/plant_organellar_database/data/mito/Pseudotsuga_menziesii/Pseudotsuga_menziesii.k1001.s31.c100.mito.gfa	NA	parse_error
Pteridium_aquilinum	/lustre/scratch122/tol/teams/blaxter/users/mb39/plant_organellar_database/data/mito/Pteridium_aquilinum/Pteridium_aquilinum.k1001.s31.c10.mito.gfa	0	ok
Pterigynandrum_filiforme	/lustre/scratch122/tol/teams/blaxter/users/mb39/plant_organellar_database/data/mito/Pterigynandrum_filiforme/Pterigynandrum_filiforme.k1001.s31.c80.mito.gfa	0	ok
Ptilidium_ciliare	/lustre/scratch122/tol/teams/blaxter/users/mb39/plant_organellar_database/data/mito/Ptilidium_ciliare/Ptilidium_ciliare.k1001.s31.c80.mito.gfa	0	ok
Ptilium_crista_castrensis	/lustre/scratch122/tol/teams/blaxter/users/mb39/plant_organellar_database/data/mito/Ptilium_crista_castrensis/Ptilium_crista_castrensis.k1001.s31.c80.mito.gfa	0	ok
Ptychomitrium_polyphyllum	/lustre/scratch122/tol/teams/blaxter/users/mb39/plant_organellar_database/data/mito/Ptychomitrium_polyphyllum/Ptychomitrium_polyphyllum.k1001.s31.c80.mito.gfa	0	ok
Ptychostomum_cyclophyllum	/lustre/scratch122/tol/teams/blaxter/users/mb39/plant_organellar_database/data/mito/Ptychostomum_cyclophyllum/Ptychostomum_cyclophyllum.k1001.s31.c80.mito.gfa	0	ok
Ptychostomum_pallens	/lustre/scratch122/tol/teams/blaxter/users/mb39/plant_organellar_database/data/mito/Ptychostomum_pallens/Ptychostomum_pallens.k1001.s31.c80.mito.gfa	0	ok
Puccinellia_maritima	/lustre/scratch122/tol/teams/blaxter/users/mb39/plant_organellar_database/data/mito/Puccinellia_maritima/Puccinellia_maritima.k1001.s31.c80.mito.gfa	0	ok
Pulicaria_dysenterica	/lustre/scratch122/tol/teams/blaxter/users/mb39/plant_organellar_database/data/mito/Pulicaria_dysenterica/Pulicaria_dysenterica.mito.gfa	0	ok
Pulicaria_vulgaris	/lustre/scratch122/tol/teams/blaxter/users/mb39/plant_organellar_database/data/mito/Pulicaria_vulgaris/Pulicaria_vulgaris.k1001.s31.c80.mito.gfa	0	ok
Pyrola_rotundifolia	/lustre/scratch122/tol/teams/blaxter/users/mb39/plant_organellar_database/data/mito/Pyrola_rotundifolia/Pyrola_rotundifolia.k1001.s31.c80.mito.gfa	0	ok
Pyrus_communis	/lustre/scratch122/tol/teams/blaxter/users/mb39/plant_organellar_database/data/mito/Pyrus_communis/Pyrus_communis.mito.gfa	0	ok
Quercus_cerris	/lustre/scratch122/tol/teams/blaxter/users/mb39/plant_organellar_database/data/mito/Quercus_cerris/Quercus_cerris.mito.gfa	2	ok
Quercus_ilex	/lustre/scratch122/tol/teams/blaxter/users/mb39/plant_organellar_database/data/mito/Quercus_ilex/Quercus_ilex.mito.gfa	0	ok
Quercus_petraea	/lustre/scratch122/tol/teams/blaxter/users/mb39/plant_organellar_database/data/mito/Quercus_petraea/Quercus_petraea.mito.gfa	0	ok
Quercus_robur	/lustre/scratch122/tol/teams/blaxter/users/mb39/plant_organellar_database/data/mito/Quercus_robur/Quercus_robur.mito.gfa	0	ok
Racomitrium_heterostichum	/lustre/scratch122/tol/teams/blaxter/users/mb39/plant_organellar_database/data/mito/Racomitrium_heterostichum/Racomitrium_heterostichum.k1001.s31.c80.mito.gfa	0	ok
Radula_complanata	/lustre/scratch122/tol/teams/blaxter/users/mb39/plant_organellar_database/data/mito/Radula_complanata/Radula_complanata.k1001.s31.c80.mito.gfa	0	ok
Ranunculus_acris	/lustre/scratch122/tol/teams/blaxter/users/mb39/plant_organellar_database/data/mito/Ranunculus_acris/Ranunculus_acris.k1001.s31.c80.mito.gfa	3	ok
Ranunculus_auricomus	/lustre/scratch122/tol/teams/blaxter/users/mb39/plant_organellar_database/data/mito/Ranunculus_auricomus/Ranunculus_auricomus.k1001.s31.c80.mito.gfa	0	ok
Ranunculus_bulbosus	/lustre/scratch122/tol/teams/blaxter/users/mb39/plant_organellar_database/data/mito/Ranunculus_bulbosus/Ranunculus_bulbosus.k1001.s31.c80.mito.gfa	0	ok
Ranunculus_flammula	/lustre/scratch122/tol/teams/blaxter/users/mb39/plant_organellar_database/data/mito/Ranunculus_flammula/Ranunculus_flammula.k1001.s31.c80.mito.gfa	0	ok
Ranunculus_omiophyllus	/lustre/scratch122/tol/teams/blaxter/users/mb39/plant_organellar_database/data/mito/Ranunculus_omiophyllus/Ranunculus_omiophyllus.k1001.s31.c80.mito.gfa	NA	parse_error
Ranunculus_repens	/lustre/scratch122/tol/teams/blaxter/users/mb39/plant_organellar_database/data/mito/Ranunculus_repens/Ranunculus_repens.k1001.s31.c80.mito.gfa	0	ok
Ranunculus_sardous	/lustre/scratch122/tol/teams/blaxter/users/mb39/plant_organellar_database/data/mito/Ranunculus_sardous/Ranunculus_sardous.mito.gfa	0	ok
Ranunculus_sceleratus	/lustre/scratch122/tol/teams/blaxter/users/mb39/plant_organellar_database/data/mito/Ranunculus_sceleratus/Ranunculus_sceleratus.mito.gfa	0	ok
Raphanus_raphanistrum	/lustre/scratch122/tol/teams/blaxter/users/mb39/plant_organellar_database/data/mito/Raphanus_raphanistrum/Raphanus_raphanistrum.k1001.s31.c80.mito.gfa	0	ok
Reseda_lutea	/lustre/scratch122/tol/teams/blaxter/users/mb39/plant_organellar_database/data/mito/Reseda_lutea/Reseda_lutea.k1001.s31.c80.mito.gfa	0	ok
Reseda_luteola	/lustre/scratch122/tol/teams/blaxter/users/mb39/plant_organellar_database/data/mito/Reseda_luteola/Reseda_luteola.k1001.s31.c80.mito.gfa	0	ok
Reynoutria_japonica	/lustre/scratch122/tol/teams/blaxter/users/mb39/plant_organellar_database/data/mito/Reynoutria_japonica/Reynoutria_japonica.k1001.s31.c80.mito.gfa	0	ok
Rhabdoweisia_crispata	/lustre/scratch122/tol/teams/blaxter/users/mb39/plant_organellar_database/data/mito/Rhabdoweisia_crispata/Rhabdoweisia_crispata.k1001.s31.c80.mito.gfa	0	ok
Rhamnus_cathartica	/lustre/scratch122/tol/teams/blaxter/users/mb39/plant_organellar_database/data/mito/Rhamnus_cathartica/Rhamnus_cathartica.k1001.s31.c80.mito.gfa	0	ok
Rhinanthus_minor	/lustre/scratch122/tol/teams/blaxter/users/mb39/plant_organellar_database/data/mito/Rhinanthus_minor/Rhinanthus_minor.mito.gfa	0	ok
Rhodiola_rosea	/lustre/scratch122/tol/teams/blaxter/users/mb39/plant_organellar_database/data/mito/Rhodiola_rosea/Rhodiola_rosea.k1001.s31.c80.mito.gfa	0	ok
Rhodobryum_roseum	/lustre/scratch122/tol/teams/blaxter/users/mb39/plant_organellar_database/data/mito/Rhodobryum_roseum/Rhodobryum_roseum.k1001.s31.c80.mito.gfa	0	ok
Rhododendron_ponticum	/lustre/scratch122/tol/teams/blaxter/users/mb39/plant_organellar_database/data/mito/Rhododendron_ponticum/Rhododendron_ponticum.k1001.s31.c80.mito.gfa	0	ok
Rhynchospora_alba	/lustre/scratch122/tol/teams/blaxter/users/mb39/plant_organellar_database/data/mito/Rhynchospora_alba/Rhynchospora_alba.k1001.s31.c80.mito.gfa	0	ok
Rhynchostegiella_tenella	/lustre/scratch122/tol/teams/blaxter/users/mb39/plant_organellar_database/data/mito/Rhynchostegiella_tenella/Rhynchostegiella_tenella.mito.gfa	0	ok
Rhynchostegium_confertum	/lustre/scratch122/tol/teams/blaxter/users/mb39/plant_organellar_database/data/mito/Rhynchostegium_confertum/Rhynchostegium_confertum.k1001.s31.c80.mito.gfa	0	ok
Rhynchostegium_megapolitanum	/lustre/scratch122/tol/teams/blaxter/users/mb39/plant_organellar_database/data/mito/Rhynchostegium_megapolitanum/Rhynchostegium_megapolitanum.mito.gfa	0	ok
Rhynchostegium_riparioides	/lustre/scratch122/tol/teams/blaxter/users/mb39/plant_organellar_database/data/mito/Rhynchostegium_riparioides/Rhynchostegium_riparioides.k1001.s31.c80.mito.gfa	NA	parse_error
Rhytidiadelphus_loreus	/lustre/scratch122/tol/teams/blaxter/users/mb39/plant_organellar_database/data/mito/Rhytidiadelphus_loreus/Rhytidiadelphus_loreus.mito.gfa	0	ok
Rhytidium_rugosum	/lustre/scratch122/tol/teams/blaxter/users/mb39/plant_organellar_database/data/mito/Rhytidium_rugosum/Rhytidium_rugosum.k1001.s31.c80.mito.gfa	0	ok
Ribes_nigrum	/lustre/scratch122/tol/teams/blaxter/users/mb39/plant_organellar_database/data/mito/Ribes_nigrum/Ribes_nigrum.k1001.s31.c80.mito.gfa	0	ok
Ribes_rubrum	/lustre/scratch122/tol/teams/blaxter/users/mb39/plant_organellar_database/data/mito/Ribes_rubrum/Ribes_rubrum.mito.gfa	0	ok
Ribes_uva_crispa	/lustre/scratch122/tol/teams/blaxter/users/mb39/plant_organellar_database/data/mito/Ribes_uva_crispa/Ribes_uva_crispa.mito.gfa	0	ok
Riccardia_palmata	/lustre/scratch122/tol/teams/blaxter/users/mb39/plant_organellar_database/data/mito/Riccardia_palmata/Riccardia_palmata.k1001.s31.c80.mito.gfa	0	ok
Riccia_beyrichiana	/lustre/scratch122/tol/teams/blaxter/users/mb39/plant_organellar_database/data/mito/Riccia_beyrichiana/Riccia_beyrichiana.k1001.s31.c80.mito.gfa	0	ok
Riccia_sorocarpa	/lustre/scratch122/tol/teams/blaxter/users/mb39/plant_organellar_database/data/mito/Riccia_sorocarpa/Riccia_sorocarpa.k1001.s31.c80.mito.gfa	0	ok
Robinia_pseudoacacia	/lustre/scratch122/tol/teams/blaxter/users/mb39/plant_organellar_database/data/mito/Robinia_pseudoacacia/Robinia_pseudoacacia.k1001.s31.c80.mito.gfa	0	ok
Rorippa_islandica	/lustre/scratch122/tol/teams/blaxter/users/mb39/plant_organellar_database/data/mito/Rorippa_islandica/Rorippa_islandica.k1001.s31.c80.mito.gfa	0	ok
Rorippa_sylvestris	/lustre/scratch122/tol/teams/blaxter/users/mb39/plant_organellar_database/data/mito/Rorippa_sylvestris/Rorippa_sylvestris.k1001.s31.c80.mito.gfa	0	ok
Rosa_agrestis	/lustre/scratch122/tol/teams/blaxter/users/mb39/plant_organellar_database/data/mito/Rosa_agrestis/Rosa_agrestis.mito.gfa	0	ok
Rosa_canina	/lustre/scratch122/tol/teams/blaxter/users/mb39/plant_organellar_database/data/mito/Rosa_canina/Rosa_canina.mito.gfa	0	ok
Rosa_rubiginosa	/lustre/scratch122/tol/teams/blaxter/users/mb39/plant_organellar_database/data/mito/Rosa_rubiginosa/Rosa_rubiginosa.k1001.s31.c80.mito.gfa	0	ok
Rosa_rugosa	/lustre/scratch122/tol/teams/blaxter/users/mb39/plant_organellar_database/data/mito/Rosa_rugosa/Rosa_rugosa.mito.gfa	0	ok
Rosa_spinosissima	/lustre/scratch122/tol/teams/blaxter/users/mb39/plant_organellar_database/data/mito/Rosa_spinosissima/Rosa_spinosissima.mito.gfa	0	ok
Rosulabryum_capillare	/lustre/scratch122/tol/teams/blaxter/users/mb39/plant_organellar_database/data/mito/Rosulabryum_capillare/Rosulabryum_capillare.k1001.s31.c80.mito.gfa	0	ok
Rubus_caesius	/lustre/scratch122/tol/teams/blaxter/users/mb39/plant_organellar_database/data/mito/Rubus_caesius/Rubus_caesius.mito.gfa	0	ok
Rubus_chamaemorus	/lustre/scratch122/tol/teams/blaxter/users/mb39/plant_organellar_database/data/mito/Rubus_chamaemorus/Rubus_chamaemorus.k1001.s31.c80.mito.gfa	0	ok
Rubus_idaeus	/lustre/scratch122/tol/teams/blaxter/users/mb39/plant_organellar_database/data/mito/Rubus_idaeus/Rubus_idaeus.mito.gfa	0	ok
Rubus_saxatilis	/lustre/scratch122/tol/teams/blaxter/users/mb39/plant_organellar_database/data/mito/Rubus_saxatilis/Rubus_saxatilis.k1001.s31.c80.mito.gfa	0	ok
Rumex_acetosa	/lustre/scratch122/tol/teams/blaxter/users/mb39/plant_organellar_database/data/mito/Rumex_acetosa/Rumex_acetosa.k1001.s31.c80.mito.gfa	0	ok
Rumex_acetosella	/lustre/scratch122/tol/teams/blaxter/users/mb39/plant_organellar_database/data/mito/Rumex_acetosella/Rumex_acetosella.k1001.s31.c80.mito.gfa	0	ok
Rumex_hydrolapathum	/lustre/scratch122/tol/teams/blaxter/users/mb39/plant_organellar_database/data/mito/Rumex_hydrolapathum/Rumex_hydrolapathum.k1001.s31.c80.mito.gfa	0	ok
Rumex_obtusifolius	/lustre/scratch122/tol/teams/blaxter/users/mb39/plant_organellar_database/data/mito/Rumex_obtusifolius/Rumex_obtusifolius.k1001.s31.c80.mito.gfa	0	ok
Rumex_sanguineus	/lustre/scratch122/tol/teams/blaxter/users/mb39/plant_organellar_database/data/mito/Rumex_sanguineus/Rumex_sanguineus.k1001.s31.c80.mito.gfa	0	ok
Ruppia_maritima	/lustre/scratch122/tol/teams/blaxter/users/mb39/plant_organellar_database/data/mito/Ruppia_maritima/Ruppia_maritima.k1001.s31.c80.mito.gfa	0	ok
Ruscus_aculeatus	/lustre/scratch122/tol/teams/blaxter/users/mb39/plant_organellar_database/data/mito/Ruscus_aculeatus/Ruscus_aculeatus.k1001.s31.c80.mito.gfa	NA	parse_error
Sabulina_verna	/lustre/scratch122/tol/teams/blaxter/users/mb39/plant_organellar_database/data/mito/Sabulina_verna/Sabulina_verna.k1001.s31.c80.mito.gfa	0	ok
Saccogyna_viticulosa	/lustre/scratch122/tol/teams/blaxter/users/mb39/plant_organellar_database/data/mito/Saccogyna_viticulosa/Saccogyna_viticulosa.k1001.s31.c80.mito.gfa	0	ok
Sagina_nodosa	/lustre/scratch122/tol/teams/blaxter/users/mb39/plant_organellar_database/data/mito/Sagina_nodosa/Sagina_nodosa.k1001.s31.c80.mito.gfa	NA	parse_error
Sagina_procumbens	/lustre/scratch122/tol/teams/blaxter/users/mb39/plant_organellar_database/data/mito/Sagina_procumbens/Sagina_procumbens.k1001.s31.c80.mito.gfa	0	ok
Salicornia_ramosissima	/lustre/scratch122/tol/teams/blaxter/users/mb39/plant_organellar_database/data/mito/Salicornia_ramosissima/Salicornia_ramosissima.mito.gfa	0	ok
Salix_alba	/lustre/scratch122/tol/teams/blaxter/users/mb39/plant_organellar_database/data/mito/Salix_alba/Salix_alba.k1001.s31.c80.mito.gfa	0	ok
Salix_arbuscula	/lustre/scratch122/tol/teams/blaxter/users/mb39/plant_organellar_database/data/mito/Salix_arbuscula/Salix_arbuscula.k1001.s31.c80.mito.gfa	0	ok
Salix_aurita	/lustre/scratch122/tol/teams/blaxter/users/mb39/plant_organellar_database/data/mito/Salix_aurita/Salix_aurita.k1001.s31.c80.mito.gfa	0	ok
Salix_caprea	/lustre/scratch122/tol/teams/blaxter/users/mb39/plant_organellar_database/data/mito/Salix_caprea/Salix_caprea.mito.gfa	0	ok
Salix_cinerea	/lustre/scratch122/tol/teams/blaxter/users/mb39/plant_organellar_database/data/mito/Salix_cinerea/Salix_cinerea.mito.gfa	0	ok
Salix_euxina	/lustre/scratch122/tol/teams/blaxter/users/mb39/plant_organellar_database/data/mito/Salix_euxina/Salix_euxina.k1001.s31.c80.mito.gfa	0	ok
Salix_herbacea	/lustre/scratch122/tol/teams/blaxter/users/mb39/plant_organellar_database/data/mito/Salix_herbacea/Salix_herbacea.k1001.s31.c80.mito.gfa	0	ok
Salix_lanata	/lustre/scratch122/tol/teams/blaxter/users/mb39/plant_organellar_database/data/mito/Salix_lanata/Salix_lanata.k1001.s31.c80.mito.gfa	0	ok
Salix_lapponum	/lustre/scratch122/tol/teams/blaxter/users/mb39/plant_organellar_database/data/mito/Salix_lapponum/Salix_lapponum.k1001.s31.c80.mito.gfa	0	ok
Salix_myrsinifolia	/lustre/scratch122/tol/teams/blaxter/users/mb39/plant_organellar_database/data/mito/Salix_myrsinifolia/Salix_myrsinifolia.k1001.s31.c80.mito.gfa	0	ok
Salix_pentandra	/lustre/scratch122/tol/teams/blaxter/users/mb39/plant_organellar_database/data/mito/Salix_pentandra/Salix_pentandra.k1001.s31.c80.mito.gfa	0	ok
Salix_phylicifolia	/lustre/scratch122/tol/teams/blaxter/users/mb39/plant_organellar_database/data/mito/Salix_phylicifolia/Salix_phylicifolia.k1001.s31.c80.mito.gfa	0	ok
Salix_purpurea	/lustre/scratch122/tol/teams/blaxter/users/mb39/plant_organellar_database/data/mito/Salix_purpurea/Salix_purpurea.k1001.s31.c80.mito.gfa	0	ok
Salix_repens	/lustre/scratch122/tol/teams/blaxter/users/mb39/plant_organellar_database/data/mito/Salix_repens/Salix_repens.mito.gfa	0	ok
Salix_reticulata	/lustre/scratch122/tol/teams/blaxter/users/mb39/plant_organellar_database/data/mito/Salix_reticulata/Salix_reticulata.k1001.s31.c80.mito.gfa	0	ok
Salix_triandra	/lustre/scratch122/tol/teams/blaxter/users/mb39/plant_organellar_database/data/mito/Salix_triandra/Salix_triandra.k1001.s31.c80.mito.gfa	0	ok
Salix_viminalis	/lustre/scratch122/tol/teams/blaxter/users/mb39/plant_organellar_database/data/mito/Salix_viminalis/Salix_viminalis.mito.gfa	0	ok
Salvia_pratensis	/lustre/scratch122/tol/teams/blaxter/users/mb39/plant_organellar_database/data/mito/Salvia_pratensis/Salvia_pratensis.k1001.s31.c80.mito.gfa	0	ok
Salvia_verbenaca	/lustre/scratch122/tol/teams/blaxter/users/mb39/plant_organellar_database/data/mito/Salvia_verbenaca/Salvia_verbenaca.k1001.s31.c80.mito.gfa	0	ok
Sambucus_ebulus	/lustre/scratch122/tol/teams/blaxter/users/mb39/plant_organellar_database/data/mito/Sambucus_ebulus/Sambucus_ebulus.k1001.s31.c80.mito.gfa	0	ok
Sambucus_nigra	/lustre/scratch122/tol/teams/blaxter/users/mb39/plant_organellar_database/data/mito/Sambucus_nigra/Sambucus_nigra.k1001.s31.c40.mito.gfa	0	ok
Samolus_valerandi	/lustre/scratch122/tol/teams/blaxter/users/mb39/plant_organellar_database/data/mito/Samolus_valerandi/Samolus_valerandi.mito.gfa	0	ok
Sanguisorba_minor	/lustre/scratch122/tol/teams/blaxter/users/mb39/plant_organellar_database/data/mito/Sanguisorba_minor/Sanguisorba_minor.k1001.s31.c80.mito.gfa	0	ok
Sanicula_europaea	/lustre/scratch122/tol/teams/blaxter/users/mb39/plant_organellar_database/data/mito/Sanicula_europaea/Sanicula_europaea.k1001.s31.c80.mito.gfa	0	ok
Saponaria_officinalis	/lustre/scratch122/tol/teams/blaxter/users/mb39/plant_organellar_database/data/mito/Saponaria_officinalis/Saponaria_officinalis.k1001.s31.c80.mito.gfa	1	ok
Sarmentypnum_exannulatum	/lustre/scratch122/tol/teams/blaxter/users/mb39/plant_organellar_database/data/mito/Sarmentypnum_exannulatum/Sarmentypnum_exannulatum.k1001.s31.c80.mito.gfa	0	ok
Sarmentypnum_sarmentosum	/lustre/scratch122/tol/teams/blaxter/users/mb39/plant_organellar_database/data/mito/Sarmentypnum_sarmentosum/Sarmentypnum_sarmentosum.k1001.s31.c80.mito.gfa	0	ok
Sarracenia_purpurea	/lustre/scratch122/tol/teams/blaxter/users/mb39/plant_organellar_database/data/mito/Sarracenia_purpurea/Sarracenia_purpurea.k1001.s31.c80.mito.gfa	0	ok
Saxifraga_aizoides	/lustre/scratch122/tol/teams/blaxter/users/mb39/plant_organellar_database/data/mito/Saxifraga_aizoides/Saxifraga_aizoides.mito.gfa	0	ok
Saxifraga_cernua	/lustre/scratch122/tol/teams/blaxter/users/mb39/plant_organellar_database/data/mito/Saxifraga_cernua/Saxifraga_cernua.k1001.s31.c80.mito.gfa	0	ok
Saxifraga_cespitosa	/lustre/scratch122/tol/teams/blaxter/users/mb39/plant_organellar_database/data/mito/Saxifraga_cespitosa/Saxifraga_cespitosa.k1001.s31.c80.mito.gfa	0	ok
Saxifraga_hirsuta	/lustre/scratch122/tol/teams/blaxter/users/mb39/plant_organellar_database/data/mito/Saxifraga_hirsuta/Saxifraga_hirsuta.k1001.s31.c80.mito.gfa	0	ok
Saxifraga_hypnoides	/lustre/scratch122/tol/teams/blaxter/users/mb39/plant_organellar_database/data/mito/Saxifraga_hypnoides/Saxifraga_hypnoides.k1001.s31.c80.mito.gfa	0	ok
Saxifraga_oppositifolia	/lustre/scratch122/tol/teams/blaxter/users/mb39/plant_organellar_database/data/mito/Saxifraga_oppositifolia/Saxifraga_oppositifolia.k1001.s31.c80.mito.gfa	0	ok
Saxifraga_tridactylites	/lustre/scratch122/tol/teams/blaxter/users/mb39/plant_organellar_database/data/mito/Saxifraga_tridactylites/Saxifraga_tridactylites.k1001.s31.c80.mito.gfa	0	ok
Scabiosa_columbaria	/lustre/scratch122/tol/teams/blaxter/users/mb39/plant_organellar_database/data/mito/Scabiosa_columbaria/Scabiosa_columbaria.k1001.s31.c80.mito.gfa	0	ok
Scapania_compacta	/lustre/scratch122/tol/teams/blaxter/users/mb39/plant_organellar_database/data/mito/Scapania_compacta/Scapania_compacta.k1001.s31.c80.mito.gfa	0	ok
Scapania_gracilis	/lustre/scratch122/tol/teams/blaxter/users/mb39/plant_organellar_database/data/mito/Scapania_gracilis/Scapania_gracilis.k1001.s31.c80.mito.gfa	0	ok
Scapania_irrigua	/lustre/scratch122/tol/teams/blaxter/users/mb39/plant_organellar_database/data/mito/Scapania_irrigua/Scapania_irrigua.k1001.s31.c80.mito.gfa	0	ok
Scapania_ornithopodioides	/lustre/scratch122/tol/teams/blaxter/users/mb39/plant_organellar_database/data/mito/Scapania_ornithopodioides/Scapania_ornithopodioides.k1001.s31.c80.mito.gfa	0	ok
Scapania_uliginosa	/lustre/scratch122/tol/teams/blaxter/users/mb39/plant_organellar_database/data/mito/Scapania_uliginosa/Scapania_uliginosa.k1001.s31.c80.mito.gfa	0	ok
Scapania_undulata	/lustre/scratch122/tol/teams/blaxter/users/mb39/plant_organellar_database/data/mito/Scapania_undulata/Scapania_undulata.k1001.s31.c80.mito.gfa	0	ok
Scheuchzeria_palustris	/lustre/scratch122/tol/teams/blaxter/users/mb39/plant_organellar_database/data/mito/Scheuchzeria_palustris/Scheuchzeria_palustris.k1001.s31.c80.mito.gfa	0	ok
Schistidium_strictum	/lustre/scratch122/tol/teams/blaxter/users/mb39/plant_organellar_database/data/mito/Schistidium_strictum/Schistidium_strictum.k1001.s31.c80.mito.gfa	0	ok
Schoenoplectus_lacustris	/lustre/scratch122/tol/teams/blaxter/users/mb39/plant_organellar_database/data/mito/Schoenoplectus_lacustris/Schoenoplectus_lacustris.k1001.s31.c40.mito.gfa	0	ok
Schoenoplectus_tabernaemontani	/lustre/scratch122/tol/teams/blaxter/users/mb39/plant_organellar_database/data/mito/Schoenoplectus_tabernaemontani/Schoenoplectus_tabernaemontani.k1001.s31.c80.mito.gfa	0	ok
Schoenoplectus_triqueter	/lustre/scratch122/tol/teams/blaxter/users/mb39/plant_organellar_database/data/mito/Schoenoplectus_triqueter/Schoenoplectus_triqueter.mito.gfa	0	ok
Schoenus_ferrugineus	/lustre/scratch122/tol/teams/blaxter/users/mb39/plant_organellar_database/data/mito/Schoenus_ferrugineus/Schoenus_ferrugineus.k1001.s31.c80.mito.gfa	0	ok
Schoenus_nigricans	/lustre/scratch122/tol/teams/blaxter/users/mb39/plant_organellar_database/data/mito/Schoenus_nigricans/Schoenus_nigricans.k1001.s31.c80.mito.gfa	0	ok
Scilla_verna	/lustre/scratch122/tol/teams/blaxter/users/mb39/plant_organellar_database/data/mito/Scilla_verna/Scilla_verna.k1001.s31.c80.mito.gfa	0	ok
Scirpus_sylvaticus	/lustre/scratch122/tol/teams/blaxter/users/mb39/plant_organellar_database/data/mito/Scirpus_sylvaticus/Scirpus_sylvaticus.mito.gfa	0	ok
Sciuro_hypnum_glaciale	/lustre/scratch122/tol/teams/blaxter/users/mb39/plant_organellar_database/data/mito/Sciuro_hypnum_glaciale/Sciuro_hypnum_glaciale.k1001.s31.c80.mito.gfa	0	ok
Sciuro_hypnum_plumosum	/lustre/scratch122/tol/teams/blaxter/users/mb39/plant_organellar_database/data/mito/Sciuro_hypnum_plumosum/Sciuro_hypnum_plumosum.k1001.s31.c80.mito.gfa	0	ok
Scleranthus_perennis	/lustre/scratch122/tol/teams/blaxter/users/mb39/plant_organellar_database/data/mito/Scleranthus_perennis/Scleranthus_perennis.k1001.s31.c80.mito.gfa	0	ok
Scorpidium_scorpioides	/lustre/scratch122/tol/teams/blaxter/users/mb39/plant_organellar_database/data/mito/Scorpidium_scorpioides/Scorpidium_scorpioides.k1001.s31.c80.mito.gfa	0	ok
Scorzonera_humilis	/lustre/scratch122/tol/teams/blaxter/users/mb39/plant_organellar_database/data/mito/Scorzonera_humilis/Scorzonera_humilis.k1001.s31.c80.mito.gfa	0	ok
Scorzoneroides_autumnalis	/lustre/scratch122/tol/teams/blaxter/users/mb39/plant_organellar_database/data/mito/Scorzoneroides_autumnalis/Scorzoneroides_autumnalis.k1001.s31.c80.mito.gfa	2	ok
Scrophularia_auriculata	/lustre/scratch122/tol/teams/blaxter/users/mb39/plant_organellar_database/data/mito/Scrophularia_auriculata/Scrophularia_auriculata.k1001.s31.c80.mito.gfa	0	ok
Scrophularia_umbrosa	/lustre/scratch122/tol/teams/blaxter/users/mb39/plant_organellar_database/data/mito/Scrophularia_umbrosa/Scrophularia_umbrosa.k1001.s31.c80.mito.gfa	0	ok
Scrophularia_vernalis	/lustre/scratch122/tol/teams/blaxter/users/mb39/plant_organellar_database/data/mito/Scrophularia_vernalis/Scrophularia_vernalis.k1001.s31.c80.mito.gfa	0	ok
Scutellaria_galericulata	/lustre/scratch122/tol/teams/blaxter/users/mb39/plant_organellar_database/data/mito/Scutellaria_galericulata/Scutellaria_galericulata.mito.gfa	0	ok
Scutellaria_minor	/lustre/scratch122/tol/teams/blaxter/users/mb39/plant_organellar_database/data/mito/Scutellaria_minor/Scutellaria_minor.mito.gfa	0	ok
Sedum_acre	/lustre/scratch122/tol/teams/blaxter/users/mb39/plant_organellar_database/data/mito/Sedum_acre/Sedum_acre.k1001.s31.c80.mito.gfa	0	ok
Sedum_album	/lustre/scratch122/tol/teams/blaxter/users/mb39/plant_organellar_database/data/mito/Sedum_album/Sedum_album.k1001.s31.c80.mito.gfa	0	ok
Sedum_anglicum	/lustre/scratch122/tol/teams/blaxter/users/mb39/plant_organellar_database/data/mito/Sedum_anglicum/Sedum_anglicum.k1001.s31.c80.mito.gfa	0	ok
Selaginella_selaginoides	/lustre/scratch122/tol/teams/blaxter/users/mb39/plant_organellar_database/data/mito/Selaginella_selaginoides/Selaginella_selaginoides.k1001.s31.c15.mito.gfa	2	ok
Senecio_eboracensis	/lustre/scratch122/tol/teams/blaxter/users/mb39/plant_organellar_database/data/mito/Senecio_eboracensis/Senecio_eboracensis.k1001.s31.c80.mito.gfa	0	ok
Senecio_squalidus	/lustre/scratch122/tol/teams/blaxter/users/mb39/plant_organellar_database/data/mito/Senecio_squalidus/Senecio_squalidus.k1001.s31.c80.mito.gfa	0	ok
Senecio_sylvaticus	/lustre/scratch122/tol/teams/blaxter/users/mb39/plant_organellar_database/data/mito/Senecio_sylvaticus/Senecio_sylvaticus.mito.gfa	0	ok
Senecio_viscosus	/lustre/scratch122/tol/teams/blaxter/users/mb39/plant_organellar_database/data/mito/Senecio_viscosus/Senecio_viscosus.k1001.s31.c80.mito.gfa	0	ok
Senecio_vulgaris	/lustre/scratch122/tol/teams/blaxter/users/mb39/plant_organellar_database/data/mito/Senecio_vulgaris/Senecio_vulgaris.k1001.s31.c80.mito.gfa	0	ok
Sesleria_caerulea	/lustre/scratch122/tol/teams/blaxter/users/mb39/plant_organellar_database/data/mito/Sesleria_caerulea/Sesleria_caerulea.k1001.s31.c80.mito.gfa	0	ok
Sherardia_arvensis	/lustre/scratch122/tol/teams/blaxter/users/mb39/plant_organellar_database/data/mito/Sherardia_arvensis/Sherardia_arvensis.mito.gfa	0	ok
Sibbaldia_procumbens	/lustre/scratch122/tol/teams/blaxter/users/mb39/plant_organellar_database/data/mito/Sibbaldia_procumbens/Sibbaldia_procumbens.k1001.s31.c80.mito.gfa	0	ok
Sibthorpia_europaea	/lustre/scratch122/tol/teams/blaxter/users/mb39/plant_organellar_database/data/mito/Sibthorpia_europaea/Sibthorpia_europaea.k1001.s31.c80.mito.gfa	0	ok
Silaum_silaus	/lustre/scratch122/tol/teams/blaxter/users/mb39/plant_organellar_database/data/mito/Silaum_silaus/Silaum_silaus.k1001.s31.c80.mito.gfa	3	ok
Silene_acaulis	/lustre/scratch122/tol/teams/blaxter/users/mb39/plant_organellar_database/data/mito/Silene_acaulis/Silene_acaulis.k1001.s31.c80.mito.gfa	0	ok
Silene_dioica	/lustre/scratch122/tol/teams/blaxter/users/mb39/plant_organellar_database/data/mito/Silene_dioica/Silene_dioica.k1001.s31.c80.mito.gfa	NA	parse_error
Silene_flos_cuculi	/lustre/scratch122/tol/teams/blaxter/users/mb39/plant_organellar_database/data/mito/Silene_flos_cuculi/Silene_flos_cuculi.k1001.s31.c80.mito.gfa	NA	parse_error
Silene_latifolia	/lustre/scratch122/tol/teams/blaxter/users/mb39/plant_organellar_database/data/mito/Silene_latifolia/Silene_latifolia.k1001.s31.c80.mito.gfa	1	ok
Silene_uniflora	/lustre/scratch122/tol/teams/blaxter/users/mb39/plant_organellar_database/data/mito/Silene_uniflora/Silene_uniflora.k1001.s31.c80.mito.gfa	4	ok
Silene_vulgaris	/lustre/scratch122/tol/teams/blaxter/users/mb39/plant_organellar_database/data/mito/Silene_vulgaris/Silene_vulgaris.k1001.s31.c80.mito.gfa	7	ok
Sinapis_arvensis	/lustre/scratch122/tol/teams/blaxter/users/mb39/plant_organellar_database/data/mito/Sinapis_arvensis/Sinapis_arvensis.k1001.s31.c80.mito.gfa	0	ok
Sisymbrium_altissimum	/lustre/scratch122/tol/teams/blaxter/users/mb39/plant_organellar_database/data/mito/Sisymbrium_altissimum/Sisymbrium_altissimum.k1001.s31.c80.mito.gfa	0	ok
Sisymbrium_officinale	/lustre/scratch122/tol/teams/blaxter/users/mb39/plant_organellar_database/data/mito/Sisymbrium_officinale/Sisymbrium_officinale.k1001.s31.c80.mito.gfa	0	ok
Sisyrinchium_bermudianum	/lustre/scratch122/tol/teams/blaxter/users/mb39/plant_organellar_database/data/mito/Sisyrinchium_bermudianum/Sisyrinchium_bermudianum.k1001.s31.c80.mito.gfa	0	ok
Sium_latifolium	/lustre/scratch122/tol/teams/blaxter/users/mb39/plant_organellar_database/data/mito/Sium_latifolium/Sium_latifolium.k1001.s31.c80.mito.gfa	0	ok
Smyrnium_perfoliatum	/lustre/scratch122/tol/teams/blaxter/users/mb39/plant_organellar_database/data/mito/Smyrnium_perfoliatum/Smyrnium_perfoliatum.k1001.s31.c80.mito.gfa	10	ok
Solanum_crispum	/lustre/scratch122/tol/teams/blaxter/users/mb39/plant_organellar_database/data/mito/Solanum_crispum/Solanum_crispum.k1001.s31.c80.mito.gfa	0	ok
Solanum_dulcamara	/lustre/scratch122/tol/teams/blaxter/users/mb39/plant_organellar_database/data/mito/Solanum_dulcamara/Solanum_dulcamara.mito.gfa	0	ok
Solanum_nigrum	/lustre/scratch122/tol/teams/blaxter/users/mb39/plant_organellar_database/data/mito/Solanum_nigrum/Solanum_nigrum_k1001_c90.mito.gfa	0	ok
Soleirolia_soleirolii	/lustre/scratch122/tol/teams/blaxter/users/mb39/plant_organellar_database/data/mito/Soleirolia_soleirolii/Soleirolia_soleirolii.k1001.s31.c80.mito.gfa	0	ok
Solenostoma_gracillimum	/lustre/scratch122/tol/teams/blaxter/users/mb39/plant_organellar_database/data/mito/Solenostoma_gracillimum/Solenostoma_gracillimum.k1001.s31.c80.mito.gfa	0	ok
Solidago_canadensis	/lustre/scratch122/tol/teams/blaxter/users/mb39/plant_organellar_database/data/mito/Solidago_canadensis/Solidago_canadensis.k1001.s31.c80.mito.gfa	0	ok
Solidago_virgaurea	/lustre/scratch122/tol/teams/blaxter/users/mb39/plant_organellar_database/data/mito/Solidago_virgaurea/Solidago_virgaurea.k1001.s31.c80.mito.gfa	0	ok
Sonchus_arvensis	/lustre/scratch122/tol/teams/blaxter/users/mb39/plant_organellar_database/data/mito/Sonchus_arvensis/Sonchus_arvensis.k1001.s31.c80.mito.gfa	0	ok
Sonchus_asper	/lustre/scratch122/tol/teams/blaxter/users/mb39/plant_organellar_database/data/mito/Sonchus_asper/Sonchus_asper.k1001.s31.c80.mito.gfa	0	ok
Sonchus_oleraceus	/lustre/scratch122/tol/teams/blaxter/users/mb39/plant_organellar_database/data/mito/Sonchus_oleraceus/Sonchus_oleraceus.k1001.s31.c80.mito.gfa	0	ok
Sorbus_bristoliensis	/lustre/scratch122/tol/teams/blaxter/users/mb39/plant_organellar_database/data/mito/Sorbus_bristoliensis/Sorbus_bristoliensis.k1001.s31.c80.mito.gfa	0	ok
Sorbus_cuneifolia	/lustre/scratch122/tol/teams/blaxter/users/mb39/plant_organellar_database/data/mito/Sorbus_cuneifolia/Sorbus_cuneifolia.k1001.s31.c80.mito.gfa	0	ok
Sorbus_devoniensis	/lustre/scratch122/tol/teams/blaxter/users/mb39/plant_organellar_database/data/mito/Sorbus_devoniensis/Sorbus_devoniensis.k1001.s31.c80.mito.gfa	0	ok
Sorbus_hibernica	/lustre/scratch122/tol/teams/blaxter/users/mb39/plant_organellar_database/data/mito/Sorbus_hibernica/Sorbus_hibernica.k1001.s31.c80.mito.gfa	0	ok
Southbya_tophacea	/lustre/scratch122/tol/teams/blaxter/users/mb39/plant_organellar_database/data/mito/Southbya_tophacea/Southbya_tophacea.k1001.s31.c80.mito.gfa	0	ok
Sparganium_angustifolium	/lustre/scratch122/tol/teams/blaxter/users/mb39/plant_organellar_database/data/mito/Sparganium_angustifolium/Sparganium_angustifolium.k1001.s31.c80.mito.gfa	0	ok
Sparganium_emersum	/lustre/scratch122/tol/teams/blaxter/users/mb39/plant_organellar_database/data/mito/Sparganium_emersum/Sparganium_emersum.mito.gfa	0	ok
Sparganium_erectum	/lustre/scratch122/tol/teams/blaxter/users/mb39/plant_organellar_database/data/mito/Sparganium_erectum/Sparganium_erectum.k1001.s31.c80.mito.gfa	0	ok
Sparganium_natans	/lustre/scratch122/tol/teams/blaxter/users/mb39/plant_organellar_database/data/mito/Sparganium_natans/Sparganium_natans.k1001.s31.c80.mito.gfa	0	ok
Spergula_arvensis	/lustre/scratch122/tol/teams/blaxter/users/mb39/plant_organellar_database/data/mito/Spergula_arvensis/Spergula_arvensis.mito.gfa	0	ok
Spergularia_bocconei	/lustre/scratch122/tol/teams/blaxter/users/mb39/plant_organellar_database/data/mito/Spergularia_bocconei/Spergularia_bocconei.mito.gfa	0	ok
Spergularia_marina	/lustre/scratch122/tol/teams/blaxter/users/mb39/plant_organellar_database/data/mito/Spergularia_marina/Spergularia_marina.mito.gfa	0	ok
Spergularia_media	/lustre/scratch122/tol/teams/blaxter/users/mb39/plant_organellar_database/data/mito/Spergularia_media/Spergularia_media.k1001.s31.c80.mito.gfa	0	ok
Spergularia_rubra	/lustre/scratch122/tol/teams/blaxter/users/mb39/plant_organellar_database/data/mito/Spergularia_rubra/Spergularia_rubra.k1001.s31.c80.mito.gfa	0	ok
Sphagnum_angustifolium	/lustre/scratch122/tol/teams/blaxter/users/mb39/plant_organellar_database/data/mito/Sphagnum_angustifolium/Sphagnum_angustifolium.k1001.s31.c80.mito.gfa	NA	parse_error
Sphagnum_capillifolium	/lustre/scratch122/tol/teams/blaxter/users/mb39/plant_organellar_database/data/mito/Sphagnum_capillifolium/Sphagnum_capillifolium.k1001.s31.c80.mito.gfa	0	ok
Sphagnum_compactum	/lustre/scratch122/tol/teams/blaxter/users/mb39/plant_organellar_database/data/mito/Sphagnum_compactum/Sphagnum_compactum.k1001.s31.c80.mito.gfa	0	ok
Sphagnum_contortum	/lustre/scratch122/tol/teams/blaxter/users/mb39/plant_organellar_database/data/mito/Sphagnum_contortum/Sphagnum_contortum.mito.gfa	0	ok
Sphagnum_fallax	/lustre/scratch122/tol/teams/blaxter/users/mb39/plant_organellar_database/data/mito/Sphagnum_fallax/Sphagnum_fallax.k1001.s31.c80.mito.gfa	0	ok
Sphagnum_fimbriatum	/lustre/scratch122/tol/teams/blaxter/users/mb39/plant_organellar_database/data/mito/Sphagnum_fimbriatum/Sphagnum_fimbriatum.k1001.s31.c80.mito.gfa	0	ok
Sphagnum_girgensohnii	/lustre/scratch122/tol/teams/blaxter/users/mb39/plant_organellar_database/data/mito/Sphagnum_girgensohnii/Sphagnum_girgensohnii.mito.gfa	0	ok
Sphagnum_inundatum	/lustre/scratch122/tol/teams/blaxter/users/mb39/plant_organellar_database/data/mito/Sphagnum_inundatum/Sphagnum_inundatum.k1001.s31.c80.mito.gfa	0	ok
Sphagnum_lindbergii	/lustre/scratch122/tol/teams/blaxter/users/mb39/plant_organellar_database/data/mito/Sphagnum_lindbergii/Sphagnum_lindbergii.k1001.s31.c80.mito.gfa	0	ok
Sphagnum_medium	/lustre/scratch122/tol/teams/blaxter/users/mb39/plant_organellar_database/data/mito/Sphagnum_medium/Sphagnum_medium.k1001.s31.c80.mito.gfa	0	ok
Sphagnum_palustre	/lustre/scratch122/tol/teams/blaxter/users/mb39/plant_organellar_database/data/mito/Sphagnum_palustre/Sphagnum_palustre.k1001.s31.c80.mito.gfa	0	ok
Sphagnum_papillosum	/lustre/scratch122/tol/teams/blaxter/users/mb39/plant_organellar_database/data/mito/Sphagnum_papillosum/Sphagnum_papillosum.k1001.s31.c80.mito.gfa	0	ok
Sphagnum_riparium	/lustre/scratch122/tol/teams/blaxter/users/mb39/plant_organellar_database/data/mito/Sphagnum_riparium/Sphagnum_riparium.k1001.s31.c80.mito.gfa	0	ok
Sphagnum_rubellum	/lustre/scratch122/tol/teams/blaxter/users/mb39/plant_organellar_database/data/mito/Sphagnum_rubellum/Sphagnum_rubellum.k1001.s31.c80.mito.gfa	0	ok
Sphagnum_squarrosum	/lustre/scratch122/tol/teams/blaxter/users/mb39/plant_organellar_database/data/mito/Sphagnum_squarrosum/Sphagnum_squarrosum.k1001.s31.c80.mito.gfa	0	ok
Sphagnum_tenellum	/lustre/scratch122/tol/teams/blaxter/users/mb39/plant_organellar_database/data/mito/Sphagnum_tenellum/Sphagnum_tenellum.mito.gfa	0	ok
Sphagnum_teres	/lustre/scratch122/tol/teams/blaxter/users/mb39/plant_organellar_database/data/mito/Sphagnum_teres/Sphagnum_teres.k1001.s31.c80.mito.gfa	0	ok
Spinacia_oleracea	/lustre/scratch122/tol/teams/blaxter/users/mb39/plant_organellar_database/data/mito/Spinacia_oleracea/Spinacia_oleracea.k1001.s31.c80.mito.gfa	0	ok
Spiraea_salicifolia	/lustre/scratch122/tol/teams/blaxter/users/mb39/plant_organellar_database/data/mito/Spiraea_salicifolia/Spiraea_salicifolia.k1001.s31.c80.mito.gfa	0	ok
Spirodela_polyrhiza	/lustre/scratch122/tol/teams/blaxter/users/mb39/plant_organellar_database/data/mito/Spirodela_polyrhiza/Spirodela_polyrhiza.k1001.s31.c80.mito.gfa	0	ok
Splachnum_sphaericum	/lustre/scratch122/tol/teams/blaxter/users/mb39/plant_organellar_database/data/mito/Splachnum_sphaericum/Splachnum_sphaericum.k1001.s31.c80.mito.gfa	0	ok
Stachys_alpina	/lustre/scratch122/tol/teams/blaxter/users/mb39/plant_organellar_database/data/mito/Stachys_alpina/Stachys_alpina.k1001.s31.c80.mito.gfa	0	ok
Stachys_palustris	/lustre/scratch122/tol/teams/blaxter/users/mb39/plant_organellar_database/data/mito/Stachys_palustris/Stachys_palustris.k1001.s31.c80.mito.gfa	0	ok
Stachys_sylvatica	/lustre/scratch122/tol/teams/blaxter/users/mb39/plant_organellar_database/data/mito/Stachys_sylvatica/Stachys_sylvatica.k1001.s31.c80.mito.gfa	0	ok
Stellaria_alsine	/lustre/scratch122/tol/teams/blaxter/users/mb39/plant_organellar_database/data/mito/Stellaria_alsine/Stellaria_alsine.k1001.s31.c80.mito.gfa	3	ok
Stellaria_graminea	/lustre/scratch122/tol/teams/blaxter/users/mb39/plant_organellar_database/data/mito/Stellaria_graminea/Stellaria_graminea.k1001.s31.c80.mito.gfa	5	ok
Stellaria_holostea	/lustre/scratch122/tol/teams/blaxter/users/mb39/plant_organellar_database/data/mito/Stellaria_holostea/Stellaria_holostea.k1001.s31.c80.mito.gfa	NA	parse_error
Stellaria_media	/lustre/scratch122/tol/teams/blaxter/users/mb39/plant_organellar_database/data/mito/Stellaria_media/Stellaria_media.k1001.s31.c80.mito.gfa	0	ok
Stellaria_palustris	/lustre/scratch122/tol/teams/blaxter/users/mb39/plant_organellar_database/data/mito/Stellaria_palustris/Stellaria_palustris.k1001.s31.c80.mito.gfa	14	ok
Stereodon_callichrous	/lustre/scratch122/tol/teams/blaxter/users/mb39/plant_organellar_database/data/mito/Stereodon_callichrous/Stereodon_callichrous.k1001.s31.c80.mito.gfa	0	ok
Straminergon_stramineum	/lustre/scratch122/tol/teams/blaxter/users/mb39/plant_organellar_database/data/mito/Straminergon_stramineum/Straminergon_stramineum.mito.gfa	0	ok
Struthiopteris_spicant	/lustre/scratch122/tol/teams/blaxter/users/mb39/plant_organellar_database/data/mito/Struthiopteris_spicant/Struthiopteris_spicant.k1001.s31.c100.mito.gfa	0	ok
Stuckenia_filiformis	/lustre/scratch122/tol/teams/blaxter/users/mb39/plant_organellar_database/data/mito/Stuckenia_filiformis/Stuckenia_filiformis.k1001.s31.c80.mito.gfa	4	ok
Stuckenia_pectinata	/lustre/scratch122/tol/teams/blaxter/users/mb39/plant_organellar_database/data/mito/Stuckenia_pectinata/Stuckenia_pectinata.k1001.s31.c80.mito.gfa	0	ok
Suaeda_maritima	/lustre/scratch122/tol/teams/blaxter/users/mb39/plant_organellar_database/data/mito/Suaeda_maritima/Suaeda_maritima.k1001.s31.c80.mito.gfa	0	ok
Suaeda_vera	/lustre/scratch122/tol/teams/blaxter/users/mb39/plant_organellar_database/data/mito/Suaeda_vera/Suaeda_vera.k1001.s31.c80.mito.gfa	0	ok
Succisa_pratensis	/lustre/scratch122/tol/teams/blaxter/users/mb39/plant_organellar_database/data/mito/Succisa_pratensis/Succisa_pratensis.mito.gfa	0	ok
Symphytum_tuberosum	/lustre/scratch122/tol/teams/blaxter/users/mb39/plant_organellar_database/data/mito/Symphytum_tuberosum/Symphytum_tuberosum.k1001.s31.c80.mito.gfa	0	ok
Syntrichia_ruraliformis	/lustre/scratch122/tol/teams/blaxter/users/mb39/plant_organellar_database/data/mito/Syntrichia_ruraliformis/Syntrichia_ruraliformis.k1001.s31.c80.mito.gfa	0	ok
Syringa_vulgaris	/lustre/scratch122/tol/teams/blaxter/users/mb39/plant_organellar_database/data/mito/Syringa_vulgaris/Syringa_vulgaris.mito.gfa	0	ok
Tamarix_gallica	/lustre/scratch122/tol/teams/blaxter/users/mb39/plant_organellar_database/data/mito/Tamarix_gallica/Tamarix_gallica.mito.gfa	0	ok
Tanacetum_parthenium	/lustre/scratch122/tol/teams/blaxter/users/mb39/plant_organellar_database/data/mito/Tanacetum_parthenium/Tanacetum_parthenium.mito.gfa	0	ok
Tanacetum_vulgare	/lustre/scratch122/tol/teams/blaxter/users/mb39/plant_organellar_database/data/mito/Tanacetum_vulgare/Tanacetum_vulgare.mito.gfa	0	ok
Tellima_grandiflora	/lustre/scratch122/tol/teams/blaxter/users/mb39/plant_organellar_database/data/mito/Tellima_grandiflora/Tellima_grandiflora.k1001.s31.c80.mito.gfa	0	ok
Tephroseris_palustris	/lustre/scratch122/tol/teams/blaxter/users/mb39/plant_organellar_database/data/mito/Tephroseris_palustris/Tephroseris_palustris.k1001.s31.c80.mito.gfa	0	ok
Tetraplodon_mnioides	/lustre/scratch122/tol/teams/blaxter/users/mb39/plant_organellar_database/data/mito/Tetraplodon_mnioides/Tetraplodon_mnioides.k1001.s31.c80.mito.gfa	0	ok
Teucrium_botrys	/lustre/scratch122/tol/teams/blaxter/users/mb39/plant_organellar_database/data/mito/Teucrium_botrys/Teucrium_botrys.k1001.s31.c80.mito.gfa	0	ok
Teucrium_chamaedrys	/lustre/scratch122/tol/teams/blaxter/users/mb39/plant_organellar_database/data/mito/Teucrium_chamaedrys/Teucrium_chamaedrys.k1001.s31.c80.mito.gfa	0	ok
Teucrium_scorodonia	/lustre/scratch122/tol/teams/blaxter/users/mb39/plant_organellar_database/data/mito/Teucrium_scorodonia/Teucrium_scorodonia.k1001.s31.c80.mito.gfa	0	ok
Thalictrum_alpinum	/lustre/scratch122/tol/teams/blaxter/users/mb39/plant_organellar_database/data/mito/Thalictrum_alpinum/Thalictrum_alpinum.k1001.s31.c80.mito.gfa	0	ok
Thalictrum_flavum	/lustre/scratch122/tol/teams/blaxter/users/mb39/plant_organellar_database/data/mito/Thalictrum_flavum/Thalictrum_flavum.k1001.s31.c80.mito.gfa	0	ok
Thalictrum_minus	/lustre/scratch122/tol/teams/blaxter/users/mb39/plant_organellar_database/data/mito/Thalictrum_minus/Thalictrum_minus.mito.gfa	0	ok
Thamnobryum_alopecurum	/lustre/scratch122/tol/teams/blaxter/users/mb39/plant_organellar_database/data/mito/Thamnobryum_alopecurum/Thamnobryum_alopecurum.k1001.s31.c80.mito.gfa	0	ok
Thelypteris_palustris	/lustre/scratch122/tol/teams/blaxter/users/mb39/plant_organellar_database/data/mito/Thelypteris_palustris/Thelypteris_palustris.k1001.s31.c100.mito.gfa	0	ok
Thuidium_delicatulum	/lustre/scratch122/tol/teams/blaxter/users/mb39/plant_organellar_database/data/mito/Thuidium_delicatulum/Thuidium_delicatulum.k1001.s31.c80.mito.gfa	0	ok
Thuidium_tamariscinum	/lustre/scratch122/tol/teams/blaxter/users/mb39/plant_organellar_database/data/mito/Thuidium_tamariscinum/Thuidium_tamariscinum.mito.gfa	0	ok
Thymus_drucei	/lustre/scratch122/tol/teams/blaxter/users/mb39/plant_organellar_database/data/mito/Thymus_drucei/Thymus_drucei.k1001.s31.c80.mito.gfa	1	ok
Thymus_pulegioides	/lustre/scratch122/tol/teams/blaxter/users/mb39/plant_organellar_database/data/mito/Thymus_pulegioides/Thymus_pulegioides.k1001.s31.c80.mito.gfa	0	ok
Thymus_serpyllum	/lustre/scratch122/tol/teams/blaxter/users/mb39/plant_organellar_database/data/mito/Thymus_serpyllum/Thymus_serpyllum.k1001.s31.c80.mito.gfa	0	ok
Tilia_cordata	/lustre/scratch122/tol/teams/blaxter/users/mb39/plant_organellar_database/data/mito/Tilia_cordata/Tilia_cordata.k1001.s31.c80.mito.gfa	0	ok
Tofieldia_pusilla	/lustre/scratch122/tol/teams/blaxter/users/mb39/plant_organellar_database/data/mito/Tofieldia_pusilla/Tofieldia_pusilla.k1001.s31.c80.mito.gfa	0	ok
Torilis_japonica	/lustre/scratch122/tol/teams/blaxter/users/mb39/plant_organellar_database/data/mito/Torilis_japonica/Torilis_japonica.mito.gfa	0	ok
Tortella_tortuosa	/lustre/scratch122/tol/teams/blaxter/users/mb39/plant_organellar_database/data/mito/Tortella_tortuosa/Tortella_tortuosa.k1001.s31.c80.mito.gfa	0	ok
Tragopogon_porrifolius	/lustre/scratch122/tol/teams/blaxter/users/mb39/plant_organellar_database/data/mito/Tragopogon_porrifolius/Tragopogon_porrifolius.k1001.s31.c80.mito.gfa	0	ok
Tragopogon_pratensis	/lustre/scratch122/tol/teams/blaxter/users/mb39/plant_organellar_database/data/mito/Tragopogon_pratensis/Tragopogon_pratensis.mito.gfa	0	ok
Tricholepidozia_tetradactyla	/lustre/scratch122/tol/teams/blaxter/users/mb39/plant_organellar_database/data/mito/Tricholepidozia_tetradactyla/Tricholepidozia_tetradactyla.k1001.s31.c80.mito.gfa	0	ok
Trichophorum_cespitosum	/lustre/scratch122/tol/teams/blaxter/users/mb39/plant_organellar_database/data/mito/Trichophorum_cespitosum/Trichophorum_cespitosum.mito.gfa	0	ok
Trichostomum_littorale	/lustre/scratch122/tol/teams/blaxter/users/mb39/plant_organellar_database/data/mito/Trichostomum_littorale/Trichostomum_littorale.k1001.s31.c80.mito.gfa	0	ok
Trifolium_arvense	/lustre/scratch122/tol/teams/blaxter/users/mb39/plant_organellar_database/data/mito/Trifolium_arvense/Trifolium_arvense.k1001.s31.c80.mito.gfa	0	ok
Trifolium_bocconei	/lustre/scratch122/tol/teams/blaxter/users/mb39/plant_organellar_database/data/mito/Trifolium_bocconei/Trifolium_bocconei.k1001.s31.c80.mito.gfa	0	ok
Trifolium_campestre	/lustre/scratch122/tol/teams/blaxter/users/mb39/plant_organellar_database/data/mito/Trifolium_campestre/Trifolium_campestre.k1001.s31.c80.mito.gfa	0	ok
Trifolium_dubium	/lustre/scratch122/tol/teams/blaxter/users/mb39/plant_organellar_database/data/mito/Trifolium_dubium/Trifolium_dubium.mito.gfa	0	ok
Trifolium_fragiferum	/lustre/scratch122/tol/teams/blaxter/users/mb39/plant_organellar_database/data/mito/Trifolium_fragiferum/Trifolium_fragiferum.mito.gfa	0	ok
Trifolium_incarnatum	/lustre/scratch122/tol/teams/blaxter/users/mb39/plant_organellar_database/data/mito/Trifolium_incarnatum/Trifolium_incarnatum.k1001.s31.c80.mito.gfa	0	ok
Trifolium_medium	/lustre/scratch122/tol/teams/blaxter/users/mb39/plant_organellar_database/data/mito/Trifolium_medium/Trifolium_medium.k1001.s31.c80.mito.gfa	0	ok
Trifolium_occidentale	/lustre/scratch122/tol/teams/blaxter/users/mb39/plant_organellar_database/data/mito/Trifolium_occidentale/Trifolium_occidentale.mito.gfa	0	ok
Trifolium_ochroleucon	/lustre/scratch122/tol/teams/blaxter/users/mb39/plant_organellar_database/data/mito/Trifolium_ochroleucon/Trifolium_ochroleucon.k1001.s31.c80.mito.gfa	0	ok
Trifolium_pratense	/lustre/scratch122/tol/teams/blaxter/users/mb39/plant_organellar_database/data/mito/Trifolium_pratense/Trifolium_pratense.k1001.s31.c80.mito.gfa	0	ok
Trifolium_repens	/lustre/scratch122/tol/teams/blaxter/users/mb39/plant_organellar_database/data/mito/Trifolium_repens/Trifolium_repens.k1001.s31.c80.mito.gfa	0	ok
Trifolium_scabrum	/lustre/scratch122/tol/teams/blaxter/users/mb39/plant_organellar_database/data/mito/Trifolium_scabrum/Trifolium_scabrum.k1001.s31.c80.mito.gfa	0	ok
Trifolium_squamosum	/lustre/scratch122/tol/teams/blaxter/users/mb39/plant_organellar_database/data/mito/Trifolium_squamosum/Trifolium_squamosum.k1001.s31.c80.mito.gfa	0	ok
Trifolium_striatum	/lustre/scratch122/tol/teams/blaxter/users/mb39/plant_organellar_database/data/mito/Trifolium_striatum/Trifolium_striatum.mito.gfa	0	ok
Trifolium_strictum	/lustre/scratch122/tol/teams/blaxter/users/mb39/plant_organellar_database/data/mito/Trifolium_strictum/Trifolium_strictum.k1001.s31.c80.mito.gfa	0	ok
Trifolium_subterraneum	/lustre/scratch122/tol/teams/blaxter/users/mb39/plant_organellar_database/data/mito/Trifolium_subterraneum/Trifolium_subterraneum.mito.gfa	0	ok
Triglochin_maritima	/lustre/scratch122/tol/teams/blaxter/users/mb39/plant_organellar_database/data/mito/Triglochin_maritima/Triglochin_maritima.mito.gfa	1	ok
Triglochin_palustris	/lustre/scratch122/tol/teams/blaxter/users/mb39/plant_organellar_database/data/mito/Triglochin_palustris/Triglochin_palustris.mito.gfa	0	ok
Trinia_glauca		NA	missing_gfa
Tripleurospermum_maritimum	/lustre/scratch122/tol/teams/blaxter/users/mb39/plant_organellar_database/data/mito/Tripleurospermum_maritimum/Tripleurospermum_maritimum.k1001.s31.c80.mito.gfa	0	ok
Tripolium_pannonicum	/lustre/scratch122/tol/teams/blaxter/users/mb39/plant_organellar_database/data/mito/Tripolium_pannonicum/Tripolium_pannonicum.mito.gfa	0	ok
Trocdaris_verticillatum	/lustre/scratch122/tol/teams/blaxter/users/mb39/plant_organellar_database/data/mito/Trocdaris_verticillatum/Trocdaris_verticillatum.k1001.s31.c80.mito.gfa	0	ok
Trollius_europaeus	/lustre/scratch122/tol/teams/blaxter/users/mb39/plant_organellar_database/data/mito/Trollius_europaeus/Trollius_europaeus.k1001.s31.c80.mito.gfa	0	ok
Tulipa_sylvestris	/lustre/scratch122/tol/teams/blaxter/users/mb39/plant_organellar_database/data/mito/Tulipa_sylvestris/Tulipa_sylvestris.k1001.s31.c80.mito.gfa	NA	parse_error
Turritis_glabra	/lustre/scratch122/tol/teams/blaxter/users/mb39/plant_organellar_database/data/mito/Turritis_glabra/Turritis_glabra.k1001.s31.c80.mito.gfa	0	ok
Tussilago_farfara	/lustre/scratch122/tol/teams/blaxter/users/mb39/plant_organellar_database/data/mito/Tussilago_farfara/Tussilago_farfara.mito.gfa	0	ok
Typha_latifolia	/lustre/scratch122/tol/teams/blaxter/users/mb39/plant_organellar_database/data/mito/Typha_latifolia/Typha_latifolia.k1001.s31.c80.mito.gfa	0	ok
Ulex_europaeus	/lustre/scratch122/tol/teams/blaxter/users/mb39/plant_organellar_database/data/mito/Ulex_europaeus/Ulex_europaeus.k1001.s31.c80.mito.gfa	0	ok
Ulex_minor	/lustre/scratch122/tol/teams/blaxter/users/mb39/plant_organellar_database/data/mito/Ulex_minor/Ulex_minor.k1001.s31.c80.mito.gfa	0	ok
Ulmus_glabra	/lustre/scratch122/tol/teams/blaxter/users/mb39/plant_organellar_database/data/mito/Ulmus_glabra/Ulmus_glabra.mito.gfa	0	ok
Ulmus_minor	/lustre/scratch122/tol/teams/blaxter/users/mb39/plant_organellar_database/data/mito/Ulmus_minor/Ulmus_minor.mito.gfa	0	ok
Ulmus_plotii	/lustre/scratch122/tol/teams/blaxter/users/mb39/plant_organellar_database/data/mito/Ulmus_plotii/Ulmus_plotii.k1001.s31.c80.mito.gfa	0	ok
Ulmus_procera	/lustre/scratch122/tol/teams/blaxter/users/mb39/plant_organellar_database/data/mito/Ulmus_procera/Ulmus_procera.k1001.s31.c80.mito.gfa	0	ok
Ulota_crispa	/lustre/scratch122/tol/teams/blaxter/users/mb39/plant_organellar_database/data/mito/Ulota_crispa/Ulota_crispa.mito.gfa	0	ok
Ulota_phyllantha	/lustre/scratch122/tol/teams/blaxter/users/mb39/plant_organellar_database/data/mito/Ulota_phyllantha/Ulota_phyllantha.k1001.s31.c80.mito.gfa	0	ok
Umbilicus_rupestris	/lustre/scratch122/tol/teams/blaxter/users/mb39/plant_organellar_database/data/mito/Umbilicus_rupestris/Umbilicus_rupestris.mito.gfa	0	ok
Urtica_dioica	/lustre/scratch122/tol/teams/blaxter/users/mb39/plant_organellar_database/data/mito/Urtica_dioica/Urtica_dioica.mito.gfa	0	ok
Urtica_urens	/lustre/scratch122/tol/teams/blaxter/users/mb39/plant_organellar_database/data/mito/Urtica_urens/Urtica_urens.mito.gfa	0	ok
Utricularia_minor	/lustre/scratch122/tol/teams/blaxter/users/mb39/plant_organellar_database/data/mito/Utricularia_minor/Utricularia_minor.k1001.s31.c80.mito.gfa	0	ok
Utricularia_vulgaris	/lustre/scratch122/tol/teams/blaxter/users/mb39/plant_organellar_database/data/mito/Utricularia_vulgaris/Utricularia_vulgaris.k1001.s31.c80.mito.gfa	0	ok
Vaccinium_myrtillus	/lustre/scratch122/tol/teams/blaxter/users/mb39/plant_organellar_database/data/mito/Vaccinium_myrtillus/Vaccinium_myrtillus.k1001.s31.c80.mito.gfa	0	ok
Vaccinium_oxycoccos	/lustre/scratch122/tol/teams/blaxter/users/mb39/plant_organellar_database/data/mito/Vaccinium_oxycoccos/Vaccinium_oxycoccos.k1001.s31.c80.mito.gfa	0	ok
Vaccinium_vitis_idaea	/lustre/scratch122/tol/teams/blaxter/users/mb39/plant_organellar_database/data/mito/Vaccinium_vitis_idaea/Vaccinium_vitis_idaea.mito.gfa	0	ok
Valeriana_officinalis	/lustre/scratch122/tol/teams/blaxter/users/mb39/plant_organellar_database/data/mito/Valeriana_officinalis/Valeriana_officinalis.k1001.s31.c80.mito.gfa	0	ok
Valeriana_pyrenaica	/lustre/scratch122/tol/teams/blaxter/users/mb39/plant_organellar_database/data/mito/Valeriana_pyrenaica/Valeriana_pyrenaica.k1001.s31.c80.mito.gfa	2	ok
Valerianella_locusta	/lustre/scratch122/tol/teams/blaxter/users/mb39/plant_organellar_database/data/mito/Valerianella_locusta/Valerianella_locusta.k1001.s31.c80.mito.gfa	0	ok
Vandenboschia_speciosa	/lustre/scratch122/tol/teams/blaxter/users/mb39/plant_organellar_database/data/mito/Vandenboschia_speciosa/Vandenboschia_speciosa.k1001.s31.c15.mito.gfa	2	ok
Verbascum_nigrum	/lustre/scratch122/tol/teams/blaxter/users/mb39/plant_organellar_database/data/mito/Verbascum_nigrum/Verbascum_nigrum.mito.gfa	0	ok
Verbascum_thapsus	/lustre/scratch122/tol/teams/blaxter/users/mb39/plant_organellar_database/data/mito/Verbascum_thapsus/Verbascum_thapsus.mito.gfa	0	ok
Verbena_officinalis	/lustre/scratch122/tol/teams/blaxter/users/mb39/plant_organellar_database/data/mito/Verbena_officinalis/Verbena_officinalis.mito.gfa	0	ok
Veronica_anagallis_aquatica	/lustre/scratch122/tol/teams/blaxter/users/mb39/plant_organellar_database/data/mito/Veronica_anagallis_aquatica/Veronica_anagallis_aquatica.mito.gfa	0	ok
Veronica_arvensis	/lustre/scratch122/tol/teams/blaxter/users/mb39/plant_organellar_database/data/mito/Veronica_arvensis/Veronica_arvensis.mito.gfa	0	ok
Veronica_beccabunga	/lustre/scratch122/tol/teams/blaxter/users/mb39/plant_organellar_database/data/mito/Veronica_beccabunga/Veronica_beccabunga.k1001.s31.c80.mito.gfa	0	ok
Veronica_chamaedrys	/lustre/scratch122/tol/teams/blaxter/users/mb39/plant_organellar_database/data/mito/Veronica_chamaedrys/Veronica_chamaedrys.k1001.s31.c80.mito.gfa	0	ok
Veronica_filiformis	/lustre/scratch122/tol/teams/blaxter/users/mb39/plant_organellar_database/data/mito/Veronica_filiformis/Veronica_filiformis.k1001.s31.c80.mito.gfa	0	ok
Veronica_hederifolia	/lustre/scratch122/tol/teams/blaxter/users/mb39/plant_organellar_database/data/mito/Veronica_hederifolia/Veronica_hederifolia.k1001.s31.c80.mito.gfa	0	ok
Veronica_montana	/lustre/scratch122/tol/teams/blaxter/users/mb39/plant_organellar_database/data/mito/Veronica_montana/Veronica_montana.k1001.s31.c80.mito.gfa	0	ok
Veronica_officinalis	/lustre/scratch122/tol/teams/blaxter/users/mb39/plant_organellar_database/data/mito/Veronica_officinalis/Veronica_officinalis.k1001.s31.c80.mito.gfa	0	ok
Veronica_persica	/lustre/scratch122/tol/teams/blaxter/users/mb39/plant_organellar_database/data/mito/Veronica_persica/Veronica_persica.k1001.s31.c80.mito.gfa	0	ok
Veronica_praecox	/lustre/scratch122/tol/teams/blaxter/users/mb39/plant_organellar_database/data/mito/Veronica_praecox/Veronica_praecox.k1001.s31.c80.mito.gfa	0	ok
Veronica_scutellata	/lustre/scratch122/tol/teams/blaxter/users/mb39/plant_organellar_database/data/mito/Veronica_scutellata/Veronica_scutellata.mito.gfa	0	ok
Veronica_serpyllifolia	/lustre/scratch122/tol/teams/blaxter/users/mb39/plant_organellar_database/data/mito/Veronica_serpyllifolia/Veronica_serpyllifolia.mito.gfa	0	ok
Veronica_spicata	/lustre/scratch122/tol/teams/blaxter/users/mb39/plant_organellar_database/data/mito/Veronica_spicata/Veronica_spicata.k1001.s31.c80.mito.gfa	0	ok
Veronica_triphyllos	/lustre/scratch122/tol/teams/blaxter/users/mb39/plant_organellar_database/data/mito/Veronica_triphyllos/Veronica_triphyllos.mito.gfa	0	ok
Veronica_verna	/lustre/scratch122/tol/teams/blaxter/users/mb39/plant_organellar_database/data/mito/Veronica_verna/Veronica_verna.mito.gfa	0	ok
Viburnum_lantana	/lustre/scratch122/tol/teams/blaxter/users/mb39/plant_organellar_database/data/mito/Viburnum_lantana/Viburnum_lantana.k1001.s31.c80.mito.gfa	0	ok
Viburnum_opulus	/lustre/scratch122/tol/teams/blaxter/users/mb39/plant_organellar_database/data/mito/Viburnum_opulus/Viburnum_opulus.k1001.s31.c80.mito.gfa	0	ok
Vicia_cracca	/lustre/scratch122/tol/teams/blaxter/users/mb39/plant_organellar_database/data/mito/Vicia_cracca/Vicia_cracca.k1001.s31.c80.mito.gfa	0	ok
Vicia_hirsuta	/lustre/scratch122/tol/teams/blaxter/users/mb39/plant_organellar_database/data/mito/Vicia_hirsuta/Vicia_hirsuta.k1001.s31.c80.mito.gfa	0	ok
Vicia_lutea	/lustre/scratch122/tol/teams/blaxter/users/mb39/plant_organellar_database/data/mito/Vicia_lutea/Vicia_lutea.k1001.s31.c80.mito.gfa	1	ok
Vicia_parviflora	/lustre/scratch122/tol/teams/blaxter/users/mb39/plant_organellar_database/data/mito/Vicia_parviflora/Vicia_parviflora.k1001.s31.c80.mito.gfa	0	ok
Vicia_sativa	/lustre/scratch122/tol/teams/blaxter/users/mb39/plant_organellar_database/data/mito/Vicia_sativa/Vicia_sativa.mito.gfa	0	ok
Vicia_sepium	/lustre/scratch122/tol/teams/blaxter/users/mb39/plant_organellar_database/data/mito/Vicia_sepium/Vicia_sepium.k1001.s31.c80.mito.gfa	0	ok
Vinca_minor	/lustre/scratch122/tol/teams/blaxter/users/mb39/plant_organellar_database/data/mito/Vinca_minor/Vinca_minor.k1001.s31.c80.mito.gfa	1	ok
Viola_hirta	/lustre/scratch122/tol/teams/blaxter/users/mb39/plant_organellar_database/data/mito/Viola_hirta/Viola_hirta.k1001.s31.c80.mito.gfa	0	ok
Viola_lutea	/lustre/scratch122/tol/teams/blaxter/users/mb39/plant_organellar_database/data/mito/Viola_lutea/Viola_lutea.k1001.s31.c80.mito.gfa	0	ok
Viola_odorata	/lustre/scratch122/tol/teams/blaxter/users/mb39/plant_organellar_database/data/mito/Viola_odorata/Viola_odorata.mito.gfa	0	ok
Viola_palustris	/lustre/scratch122/tol/teams/blaxter/users/mb39/plant_organellar_database/data/mito/Viola_palustris/Viola_palustris.k1001.s31.c80.mito.gfa	0	ok
Viola_riviniana	/lustre/scratch122/tol/teams/blaxter/users/mb39/plant_organellar_database/data/mito/Viola_riviniana/Viola_riviniana.k1001.s31.c80.mito.gfa	6	ok
Viola_stagnina	/lustre/scratch122/tol/teams/blaxter/users/mb39/plant_organellar_database/data/mito/Viola_stagnina/Viola_stagnina.k1001.s31.c80.mito.gfa	0	ok
Viola_tricolor	/lustre/scratch122/tol/teams/blaxter/users/mb39/plant_organellar_database/data/mito/Viola_tricolor/Viola_tricolor.k1001.s31.c80.mito.gfa	0	ok
Viscaria_vulgaris	/lustre/scratch122/tol/teams/blaxter/users/mb39/plant_organellar_database/data/mito/Viscaria_vulgaris/Viscaria_vulgaris.k1001.s31.c80.mito.gfa	1	ok
Viscum_album	/lustre/scratch122/tol/teams/blaxter/users/mb39/plant_organellar_database/data/mito/Viscum_album/Viscum_album.k1001.s31.c20.mito.gfa	0	ok
Vitis_vinifera	/lustre/scratch122/tol/teams/blaxter/users/mb39/plant_organellar_database/data/mito/Vitis_vinifera/Vitis_vinifera.k1001.s31.c80.mito.gfa	0	ok
Woodsia_ilvensis	/lustre/scratch122/tol/teams/blaxter/users/mb39/plant_organellar_database/data/mito/Woodsia_ilvensis/Woodsia_ilvensis.k1001.s31.c100.mito.gfa	0	ok
Xerophyllum_tenax	/lustre/scratch122/tol/teams/blaxter/users/mb39/plant_organellar_database/data/mito/Xerophyllum_tenax/Xerophyllum_tenax.k1001.s31.c80.mito.gfa	0	ok
Zostera_marina	/lustre/scratch122/tol/teams/blaxter/users/mb39/plant_organellar_database/data/mito/Zostera_marina/Zostera_marina.k1001.s31.c80.mito.gfa	0	ok
Zostera_noltei	/lustre/scratch122/tol/teams/blaxter/users/mb39/plant_organellar_database/data/mito/Zostera_noltei/Zostera_noltei.k1001.s31.c80.mito.gfa	NA	parse_error
Zygodon_viridissimus	/lustre/scratch122/tol/teams/blaxter/users/mb39/plant_organellar_database/data/mito/Zygodon_viridissimus/Zygodon_viridissimus.k1001.s31.c80.mito.gfa	0	ok
