species	organelle	contig_id	length	nv	circular	gc_pct	contig_source
Acer_campestre	mito	ctg000001c	769913	12	true	45.69	ctg_fasta
Acer_pseudoplatanus	mito	ctg000001c	616281	4	true	45.56	ctg_fasta
Acer_pseudoplatanus	mito	ctg000002c	117123	1	true	45.53	ctg_fasta
Achillea_maritima	mito	ctg000001c	202095	1	true	45.5	ctg_fasta
Achillea_millefolium	mito	ctg000001c	194590	1	true	45.7	ctg_fasta
Achillea_ptarmica	mito	ctg000001c	187732	1	true	45.88	ctg_fasta
Alleniella_complanata	mito						no_assembly
Lathyrus_aphaca	mito	ctg000001c	375350	4	true	45.29	ctg_fasta
Ribes_uva_crispa	mito	ctg000001l	444368	3	false	45.9	ctg_fasta
Solanum_nigrum	mito	ctg000001l	464267	12	false	44.87	ctg_fasta
Acer_campestre	pltd	u0				32.24	gfa_fallback
Acer_campestre	pltd	u1				43.0	gfa_fallback
Acer_campestre	pltd	u2				36.1	gfa_fallback
Acer_campestre	pltd	u72				31.77	gfa_fallback
Acer_campestre	pltd	u73				31.77	gfa_fallback
Acer_campestre	pltd	u162				38.38	gfa_fallback
Acer_campestre	pltd	u163				38.05	gfa_fallback
Acer_pseudoplatanus	pltd	ctg000001c	155976	4	true	37.91	ctg_fasta
Achillea_maritima	pltd	ctg000001c	150070	4	true	37.44	ctg_fasta
Achillea_millefolium	pltd	ctg000001c	149137	4	true	37.49	ctg_fasta
Achillea_ptarmica	pltd	ctg000001c	149264	4	true	37.46	ctg_fasta
Alleniella_complanata	pltd	ctg000001c	124900	4	true	29.37	ctg_fasta
Lathyrus_aphaca	pltd						no_assembly
Ribes_uva_crispa	pltd	u3				43.22	gfa_fallback
Ribes_uva_crispa	pltd	u4				36.4	gfa_fallback
Ribes_uva_crispa	pltd	u66				33.79	gfa_fallback
Solanum_nigrum	pltd	ctg000001c	155434	4	true	37.9	ctg_fasta
Acaena_ovalifolia	mito	ctg000001c	365030	4	true	44.99	ctg_fasta
Aconitum_napellus	mito	ctg000001l	12189	1	false	46.54	ctg_fasta
Aconitum_napellus	mito	ctg000002l	32300	1	false	47.43	ctg_fasta
Aconitum_napellus	mito	ctg000003l	12210	1	false	46.51	ctg_fasta
Aconitum_napellus	mito	ctg000004l	10090	1	false	49.74	ctg_fasta
Adiantum_capillus_veneris	mito	ctg000001l	6693	1	false	47.48	ctg_fasta
Adiantum_capillus_veneris	mito	ctg000002l	10208	1	false	48.21	ctg_fasta
Adiantum_capillus_veneris	mito	ctg000003l	6507	1	false	40.31	ctg_fasta
Adiantum_capillus_veneris	mito	ctg000004l	4043	1	false	40.49	ctg_fasta
Adiantum_capillus_veneris	mito	ctg000005l	2854	1	false	39.45	ctg_fasta
Adiantum_capillus_veneris	mito	ctg000006l	4511	1	false	38.37	ctg_fasta
Adiantum_capillus_veneris	mito	ctg000007l	1636	1	false	39.06	ctg_fasta
Adiantum_capillus_veneris	mito	ctg000008l	2071	1	false	37.52	ctg_fasta
Adiantum_capillus_veneris	mito	ctg000009l	12603	1	false	39.81	ctg_fasta
Adiantum_capillus_veneris	mito	ctg000010l	7822	1	false	44.14	ctg_fasta
Adiantum_capillus_veneris	mito	ctg000011l	1694	1	false	43.74	ctg_fasta
Adiantum_capillus_veneris	mito	ctg000012l	2671	1	false	44.78	ctg_fasta
Adiantum_capillus_veneris	mito	ctg000013l	6389	1	false	41.2	ctg_fasta
Adiantum_capillus_veneris	mito	ctg000014l	10830	1	false	41.51	ctg_fasta
Adiantum_capillus_veneris	mito	ctg000015l	5975	1	false	41.05	ctg_fasta
Adiantum_capillus_veneris	mito	ctg000016l	3978	1	false	43.77	ctg_fasta
Adiantum_capillus_veneris	mito	ctg000017l	1788	1	false	43.12	ctg_fasta
Adiantum_capillus_veneris	mito	ctg000018l	2020	1	false	43.02	ctg_fasta
Adiantum_capillus_veneris	mito	ctg000019l	2108	1	false	42.88	ctg_fasta
Adiantum_capillus_veneris	mito	ctg000020l	11544	1	false	41.0	ctg_fasta
Adiantum_capillus_veneris	mito	ctg000021l	2668	1	false	38.57	ctg_fasta
Adiantum_capillus_veneris	mito	ctg000022l	4719	1	false	36.58	ctg_fasta
Adiantum_capillus_veneris	mito	ctg000023l	1799	1	false	45.41	ctg_fasta
Adiantum_capillus_veneris	mito	ctg000024l	1894	1	false	46.41	ctg_fasta
Adiantum_capillus_veneris	mito	ctg000025l	4469	1	false	42.72	ctg_fasta
Adiantum_capillus_veneris	mito	ctg000026l	3671	1	false	44.92	ctg_fasta
Adiantum_capillus_veneris	mito	ctg000027l	9134	1	false	42.1	ctg_fasta
Adiantum_capillus_veneris	mito	ctg000028l	2311	1	false	38.6	ctg_fasta
Adiantum_capillus_veneris	mito	ctg000029l	4457	1	false	42.32	ctg_fasta
Adiantum_capillus_veneris	mito	ctg000030l	2049	1	false	39.78	ctg_fasta
Adiantum_capillus_veneris	mito	ctg000031l	2045	1	false	39.8	ctg_fasta
Adiantum_capillus_veneris	mito	ctg000032l	1733	1	false	35.6	ctg_fasta
Adiantum_capillus_veneris	mito	ctg000033l	2175	1	false	36.18	ctg_fasta
Adiantum_capillus_veneris	mito	ctg000034l	2431	1	false	39.04	ctg_fasta
Adiantum_capillus_veneris	mito	ctg000035l	4215	1	false	43.23	ctg_fasta
Adiantum_capillus_veneris	mito	ctg000036l	1411	1	false	45.22	ctg_fasta
Adiantum_capillus_veneris	mito	ctg000037l	1411	1	false	45.15	ctg_fasta
Adiantum_capillus_veneris	mito	ctg000038l	13004	1	false	41.11	ctg_fasta
Adiantum_capillus_veneris	mito	ctg000039l	1607	1	false	41.19	ctg_fasta
Adiantum_capillus_veneris	mito	ctg000040l	1785	1	false	40.73	ctg_fasta
Adiantum_capillus_veneris	mito	ctg000041l	2425	1	false	39.09	ctg_fasta
Adiantum_capillus_veneris	mito	ctg000042l	1601	1	false	41.35	ctg_fasta
Adiantum_capillus_veneris	mito	ctg000043l	1607	1	false	41.26	ctg_fasta
Adiantum_capillus_veneris	mito	ctg000044l	2009	1	false	40.67	ctg_fasta
Adiantum_capillus_veneris	mito	ctg000045l	1469	1	false	45.75	ctg_fasta
Adiantum_capillus_veneris	mito	ctg000046l	1550	1	false	36.45	ctg_fasta
Adiantum_capillus_veneris	mito	ctg000047l	7884	1	false	43.25	ctg_fasta
Adiantum_capillus_veneris	mito	ctg000048l	2486	1	false	41.43	ctg_fasta
Adiantum_capillus_veneris	mito	ctg000049l	4410	1	false	41.86	ctg_fasta
Adiantum_capillus_veneris	mito	ctg000050l	8662	1	false	44.79	ctg_fasta
Adiantum_capillus_veneris	mito	ctg000051l	3671	1	false	38.14	ctg_fasta
Adiantum_capillus_veneris	mito	ctg000052l	1814	1	false	38.81	ctg_fasta
Adiantum_capillus_veneris	mito	ctg000053l	2554	1	false	40.05	ctg_fasta
Adiantum_capillus_veneris	mito	ctg000054l	1814	1	false	38.75	ctg_fasta
Adiantum_capillus_veneris	mito	ctg000055l	1519	1	false	38.58	ctg_fasta
Adiantum_capillus_veneris	mito	ctg000056l	1425	1	false	47.44	ctg_fasta
Adiantum_capillus_veneris	mito	ctg000057l	1435	1	false	45.57	ctg_fasta
Adiantum_capillus_veneris	mito	ctg000058l	1416	1	false	41.03	ctg_fasta
Adiantum_capillus_veneris	mito	ctg000059l	1434	1	false	47.21	ctg_fasta
Adiantum_capillus_veneris	mito	ctg000060l	1477	1	false	38.39	ctg_fasta
Adiantum_capillus_veneris	mito	ctg000061l	1492	1	false	41.22	ctg_fasta
Adiantum_capillus_veneris	mito	ctg000062l	1441	1	false	38.45	ctg_fasta
Adiantum_capillus_veneris	mito	ctg000063l	1474	1	false	42.2	ctg_fasta
Adiantum_capillus_veneris	mito	ctg000064l	1462	1	false	45.69	ctg_fasta
Adiantum_capillus_veneris	mito	ctg000065l	1465	1	false	44.71	ctg_fasta
Adiantum_capillus_veneris	mito	ctg000066l	1423	1	false	41.04	ctg_fasta
Adiantum_capillus_veneris	mito	ctg000067l	1492	1	false	40.62	ctg_fasta
Adiantum_capillus_veneris	mito	ctg000068l	1436	1	false	42.83	ctg_fasta
Adiantum_capillus_veneris	mito	ctg000069l	1462	1	false	45.01	ctg_fasta
Adiantum_capillus_veneris	mito	ctg000070l	1463	1	false	45.04	ctg_fasta
Adiantum_capillus_veneris	mito	ctg000071l	1463	1	false	45.8	ctg_fasta
Adiantum_capillus_veneris	mito	ctg000072l	1560	1	false	34.1	ctg_fasta
Adiantum_capillus_veneris	mito	ctg000073l	1461	1	false	34.22	ctg_fasta
Adonis_annua	mito	ctg000001l	278841	3	false	46.77	ctg_fasta
Adonis_annua	mito	ctg000002l	64864	1	false	45.89	ctg_fasta
Adonis_annua	mito	ctg000003l	42899	1	false	46.42	ctg_fasta
Adonis_annua	mito	ctg000004l	56125	1	false	46.58	ctg_fasta
Adonis_annua	mito	ctg000005l	105256	1	false	46.88	ctg_fasta
Adonis_annua	mito	ctg000006l	27287	1	false	46.05	ctg_fasta
Adoxa_moschatellina	mito	ctg000001c	156727	1	true	45.69	ctg_fasta
Adoxa_moschatellina	mito	ctg000002c	146860	1	true	45.94	ctg_fasta
Adoxa_moschatellina	mito	ctg000003c	124314	1	true	45.3	ctg_fasta
Adoxa_moschatellina	mito	ctg000004c	255271	1	true	45.83	ctg_fasta
Aegonychon_purpurocaeruleum	mito	ctg000001c	301953	4	true	45.05	ctg_fasta
Aesculus_hippocastanum	mito	ctg000001c	507208	10	true	45.62	ctg_fasta
Aethusa_cynapium	mito	ctg000001c	268507	21	true	45.23	ctg_fasta
Agrimonia_eupatoria	mito	ctg000001c	326407	8	true	45.42	ctg_fasta
Agrostemma_githago	mito	ctg000001c	262909	16	true	44.66	ctg_fasta
Agrostis_capillaris	mito	ctg000001c	580118	16	true	44.06	ctg_fasta
Agrostis_gigantea	mito	ctg000001l	330945	5	false	44.1	ctg_fasta
Agrostis_gigantea	mito	ctg000002l	51098	1	false	43.56	ctg_fasta
Agrostis_gigantea	mito	ctg000003l	13699	1	false	40.05	ctg_fasta
Agrostis_gigantea	mito	ctg000004l	23027	1	false	45.82	ctg_fasta
Agrostis_gigantea	mito	ctg000005l	17029	1	false	43.58	ctg_fasta
Agrostis_gigantea	mito	ctg000006l	74469	1	false	43.63	ctg_fasta
Agrostis_gigantea	mito	ctg000007l	24670	1	false	44.81	ctg_fasta
Agrostis_stolonifera	mito	ctg000001l	524603	11	false	44.05	ctg_fasta
Ailanthus_altissima	mito	ctg000001c	661054	4	true	45.11	ctg_fasta
Ajuga_chamaepitys	mito	ctg000001c	418311	8	true	45.49	ctg_fasta
Ajuga_reptans	mito	ctg000001c	503934	24	true	45.06	ctg_fasta
Alchemilla_alpina	mito	ctg000001c	169710	1	true	44.74	ctg_fasta
Alchemilla_alpina	mito	ctg000002c	149459	1	true	43.72	ctg_fasta
Alchemilla_arvensis	mito	ctg000001c	285880	1	true	44.96	ctg_fasta
Alchemilla_glaucescens	mito	ctg000001c	308305	2	true	44.31	ctg_fasta
Alchemilla_micans	mito	ctg000001c	308446	1	true	44.31	ctg_fasta
Alisma_plantago_aquatica	mito	ctg000001c	250396	14	true	47.2	ctg_fasta
Alliaria_petiolata	mito	ctg000001c	198306	1	true	44.66	ctg_fasta
Alliaria_petiolata	mito	ctg000002c	77205	1	true	45.44	ctg_fasta
Allium_paradoxum	mito	ctg000001c	320639	15	true	46.02	ctg_fasta
Allium_schoenoprasum	mito	ctg000001c	438846	44	true	44.87	ctg_fasta
Allium_schoenoprasum	mito	ctg000002l	22577	1	false	46.25	ctg_fasta
Allium_schoenoprasum	mito	ctg000003l	12623	1	false	43.3	ctg_fasta
Allium_triquetrum	mito	ctg000001c	145770	1	true	45.99	ctg_fasta
Allium_triquetrum	mito	ctg000002c	114382	1	true	46.66	ctg_fasta
Allium_triquetrum	mito	ctg000003c	97949	1	true	45.52	ctg_fasta
Alnus_cordata	mito	ctg000001l	317460	1	false	44.36	ctg_fasta
Alnus_cordata	mito	ctg000002l	124420	1	false	46.09	ctg_fasta
Alnus_cordata	mito	ctg000003l	60237	1	false	45.19	ctg_fasta
Alnus_cordata	mito	ctg000004l	61057	1	false	44.91	ctg_fasta
Alnus_cordata	mito	ctg000005l	61177	1	false	45.56	ctg_fasta
Alnus_glutinosa	mito	ctg000001l	505234	3	false	44.99	ctg_fasta
Alnus_glutinosa	mito	ctg000002c	155849	1	true	45.46	ctg_fasta
Alnus_incana	mito	ctg000001l	505310	3	false	44.99	ctg_fasta
Alnus_incana	mito	ctg000002c	155874	2	true	45.49	ctg_fasta
Alopecurus_geniculatus	mito	ctg000001c	552814	18	true	44.24	ctg_fasta
Alopecurus_pratensis	mito	ctg000001c	531554	14	true	44.32	ctg_fasta
Ammi_majus	mito	ctg000001c	245593	16	true	45.48	ctg_fasta
Ammophila_arenaria	mito	ctg000001c	534620	14	true	44.34	ctg_fasta
Amphidium_lapponicum	mito	ctg000001c	106097	1	true	40.5	ctg_fasta
Amphidium_mougeotii	mito	ctg000001c	106009	1	true	40.52	ctg_fasta
Amsinckia_menziesii	mito	ctg000001l	2256	3	false	44.37	ctg_fasta
Anacamptis_pyramidalis	mito	ctg000001c	31708	1	true	46.62	ctg_fasta
Anacamptis_pyramidalis	mito	ctg000002c	113632	4	true	47.65	ctg_fasta
Anacamptis_pyramidalis	mito	ctg000003c	33509	1	true	48.02	ctg_fasta
Anacamptis_pyramidalis	mito	ctg000004c	29079	1	true	46.34	ctg_fasta
Anacamptis_pyramidalis	mito	ctg000005c	26237	1	true	47.52	ctg_fasta
Anacamptis_pyramidalis	mito	ctg000006c	35134	1	true	47.69	ctg_fasta
Anacamptis_pyramidalis	mito	ctg000007c	29524	1	true	45.33	ctg_fasta
Anacamptis_pyramidalis	mito	ctg000008c	27015	2	true	48.97	ctg_fasta
Anacamptis_pyramidalis	mito	ctg000009c	29007	1	true	44.96	ctg_fasta
Anacamptis_pyramidalis	mito	ctg000010c	41143	1	true	48.62	ctg_fasta
Anacamptis_pyramidalis	mito	ctg000011c	24914	1	true	45.98	ctg_fasta
Anacamptis_pyramidalis	mito	ctg000012c	40649	1	true	47.94	ctg_fasta
Anacamptis_pyramidalis	mito	ctg000013c	34948	1	true	47.04	ctg_fasta
Anagallis_arvensis	mito	ctg000001c	503652	8	true	44.23	ctg_fasta
Anagallis_tenella	mito	ctg000001c	342573	10	true	45.14	ctg_fasta
Anagallis_tenella	mito	ctg000002c	31780	2	true	45.47	ctg_fasta
Anastrepta_orcadensis	mito	ctg000001c	145550	2	true	44.93	ctg_fasta
Anastrophyllum_donnianum	mito	ctg000001c	146968	1	true	44.98	ctg_fasta
Anchusa_arvensis	mito	ctg000001c	339780	1	true	45.02	ctg_fasta
Andreaea_frigida	mito	ctg000001c	118200	1	true	41.96	ctg_fasta
Andreaea_hookeri	mito	ctg000001c	118661	1	true	41.92	ctg_fasta
Andreaea_mutabilis	mito	ctg000001c	118803	1	true	41.89	ctg_fasta
Andreaea_mutabilis	mito	ctg000002l	72681	1	false	46.02	ctg_fasta
Andreaea_nivalis	mito	ctg000001c	120403	1	true	41.31	ctg_fasta
Andreaea_rothii	mito	ctg000001c	118255	1	true	41.93	ctg_fasta
Andreaea_rupestris	mito	ctg000001c	118850	2	true	41.91	ctg_fasta
Andromeda_polifolia	mito	ctg000001c	466475	8	true	45.59	ctg_fasta
Anemone_nemorosa	mito	ctg000001l	799520	16	false	46.48	ctg_fasta
Anemone_nemorosa	mito	ctg000002l	27923	1	false	46.57	ctg_fasta
Anemone_nemorosa	mito	ctg000003l	15761	1	false	47.42	ctg_fasta
Anemone_pulsatilla	mito	ctg000001l	130393	5	false	46.49	ctg_fasta
Anemone_pulsatilla	mito	ctg000002l	26910	1	false	45.79	ctg_fasta
Anemone_pulsatilla	mito	ctg000003l	14488	1	false	45.59	ctg_fasta
Anemone_pulsatilla	mito	ctg000004l	199979	1	false	46.15	ctg_fasta
Anemone_pulsatilla	mito	ctg000005l	105664	1	false	45.74	ctg_fasta
Anemone_pulsatilla	mito	ctg000006l	59903	2	false	45.99	ctg_fasta
Anemone_pulsatilla	mito	ctg000007l	17638	1	false	48.04	ctg_fasta
Anemone_pulsatilla	mito	ctg000008l	41907	1	false	46.26	ctg_fasta
Anemone_pulsatilla	mito	ctg000009l	92257	2	false	46.02	ctg_fasta
Anemone_pulsatilla	mito	ctg000010l	34194	1	false	45.89	ctg_fasta
Anemone_pulsatilla	mito	ctg000011l	29581	1	false	43.73	ctg_fasta
Anemone_pulsatilla	mito	ctg000012l	12787	1	false	47.98	ctg_fasta
Anethum_foeniculum	mito	ctg000001c	246021	12	true	45.33	ctg_fasta
Angelica_archangelica	mito	ctg000001l	10222	1	false	44.27	ctg_fasta
Angelica_archangelica	mito	ctg000002l	1623	1	false	44.36	ctg_fasta
Angelica_archangelica	mito	ctg000003l	2170	1	false	45.12	ctg_fasta
Angelica_archangelica	mito	ctg000004l	1619	1	false	45.03	ctg_fasta
Angelica_archangelica	mito	ctg000005l	1622	1	false	44.51	ctg_fasta
Angelica_archangelica	mito	ctg000006l	4802	1	false	44.42	ctg_fasta
Angelica_archangelica	mito	ctg000007l	1453	1	false	44.12	ctg_fasta
Angelica_archangelica	mito	ctg000008l	1986	1	false	43.96	ctg_fasta
Angelica_archangelica	mito	ctg000009l	15351	1	false	46.58	ctg_fasta
Angelica_archangelica	mito	ctg000010l	14609	1	false	47.11	ctg_fasta
Angelica_archangelica	mito	ctg000011l	4096	1	false	43.12	ctg_fasta
Angelica_archangelica	mito	ctg000012l	9417	1	false	45.82	ctg_fasta
Angelica_archangelica	mito	ctg000013l	6437	1	false	45.77	ctg_fasta
Angelica_archangelica	mito	ctg000014l	17488	1	false	45.7	ctg_fasta
Angelica_archangelica	mito	ctg000015l	1520	1	false	43.42	ctg_fasta
Angelica_archangelica	mito	ctg000016l	27461	1	false	46.73	ctg_fasta
Angelica_archangelica	mito	ctg000017l	1697	1	false	41.9	ctg_fasta
Angelica_archangelica	mito	ctg000018l	1700	1	false	41.35	ctg_fasta
Angelica_archangelica	mito	ctg000019l	1389	1	false	37.8	ctg_fasta
Angelica_archangelica	mito	ctg000020l	12487	1	false	43.28	ctg_fasta
Angelica_archangelica	mito	ctg000021l	18245	1	false	44.78	ctg_fasta
Angelica_archangelica	mito	ctg000022l	16550	1	false	44.63	ctg_fasta
Angelica_archangelica	mito	ctg000023l	1585	1	false	37.92	ctg_fasta
Angelica_archangelica	mito	ctg000024l	6322	1	false	37.46	ctg_fasta
Angelica_archangelica	mito	ctg000025l	1549	1	false	39.06	ctg_fasta
Angelica_archangelica	mito	ctg000026l	16460	1	false	42.72	ctg_fasta
Angelica_archangelica	mito	ctg000027l	1726	1	false	42.53	ctg_fasta
Angelica_archangelica	mito	ctg000028l	2943	1	false	41.66	ctg_fasta
Angelica_archangelica	mito	ctg000029l	8347	1	false	45.99	ctg_fasta
Angelica_archangelica	mito	ctg000030l	16494	1	false	43.46	ctg_fasta
Angelica_archangelica	mito	ctg000031l	2231	1	false	45.45	ctg_fasta
Angelica_archangelica	mito	ctg000032l	1506	1	false	44.29	ctg_fasta
Angelica_archangelica	mito	ctg000033l	1576	1	false	44.23	ctg_fasta
Angelica_archangelica	mito	ctg000034l	1762	1	false	40.64	ctg_fasta
Angelica_archangelica	mito	ctg000035l	1684	1	false	43.65	ctg_fasta
Angelica_archangelica	mito	ctg000036l	15630	1	false	45.46	ctg_fasta
Angelica_archangelica	mito	ctg000037l	34094	1	false	45.01	ctg_fasta
Angelica_archangelica	mito	ctg000038l	1365	1	false	43.88	ctg_fasta
Angelica_archangelica	mito	ctg000039l	1369	1	false	44.19	ctg_fasta
Angelica_archangelica	mito	ctg000040l	1386	1	false	45.24	ctg_fasta
Angelica_archangelica	mito	ctg000041l	1371	1	false	44.27	ctg_fasta
Angelica_archangelica	mito	ctg000042l	1362	1	false	35.02	ctg_fasta
Angelica_archangelica	mito	ctg000043l	1393	1	false	39.84	ctg_fasta
Angelica_archangelica	mito	ctg000044l	1359	1	false	39.22	ctg_fasta
Angelica_archangelica	mito	ctg000045l	1393	1	false	39.27	ctg_fasta
Angelica_archangelica	mito	ctg000046l	1371	1	false	43.47	ctg_fasta
Angelica_archangelica	mito	ctg000047l	1323	1	false	39.68	ctg_fasta
Angelica_archangelica	mito	ctg000048l	1357	1	false	40.31	ctg_fasta
Angelica_archangelica	mito	ctg000049l	1363	1	false	42.99	ctg_fasta
Angelica_archangelica	mito	ctg000050l	1343	1	false	36.71	ctg_fasta
Angelica_archangelica	mito	ctg000051l	1333	1	false	44.49	ctg_fasta
Angelica_archangelica	mito	ctg000052l	1428	1	false	41.25	ctg_fasta
Angelica_archangelica	mito	ctg000053l	1435	1	false	40.49	ctg_fasta
Angelica_archangelica	mito	ctg000054l	1375	1	false	39.78	ctg_fasta
Angelica_archangelica	mito	ctg000055l	1335	1	false	41.27	ctg_fasta
Angelica_archangelica	mito	ctg000056l	1335	1	false	43.37	ctg_fasta
Angelica_archangelica	mito	ctg000057l	1383	1	false	43.38	ctg_fasta
Angelica_archangelica	mito	ctg000058l	1355	1	false	42.44	ctg_fasta
Angelica_archangelica	mito	ctg000059l	1383	1	false	39.99	ctg_fasta
Angelica_archangelica	mito	ctg000060l	1390	1	false	43.74	ctg_fasta
Angelica_archangelica	mito	ctg000061l	1361	1	false	37.77	ctg_fasta
Angelica_archangelica	mito	ctg000062l	1371	1	false	43.98	ctg_fasta
Angelica_archangelica	mito	ctg000063l	1402	1	false	39.3	ctg_fasta
Angelica_archangelica	mito	ctg000064l	1407	1	false	40.58	ctg_fasta
Angelica_archangelica	mito	ctg000065l	1376	1	false	40.48	ctg_fasta
Angelica_archangelica	mito	ctg000066l	1362	1	false	42.8	ctg_fasta
Angelica_archangelica	mito	ctg000067l	1355	1	false	40.81	ctg_fasta
Angelica_archangelica	mito	ctg000068l	1364	1	false	40.25	ctg_fasta
Angelica_archangelica	mito	ctg000069l	1376	1	false	43.02	ctg_fasta
Angelica_sylvestris	mito	ctg000001l	232660	19	false	44.76	ctg_fasta
Angelica_sylvestris	mito	ctg000002l	12533	1	false	45.26	ctg_fasta
Angelica_sylvestris	mito	ctg000003l	16412	1	false	45.78	ctg_fasta
Anoectangium_aestivum	mito	ctg000001c	105550	1	true	39.51	ctg_fasta
Anomodon_viticulosus	mito	ctg000001c	103659	2	true	41.02	ctg_fasta
Antennaria_dioica	mito	ctg000001l	340546	28	false	45.03	ctg_fasta
Anthelia_julacea	mito	ctg000001c	164310	1	true	44.73	ctg_fasta
Anthoxanthum_odoratum	mito	ctg000001l	156683	3	false	43.93	ctg_fasta
Anthoxanthum_odoratum	mito	ctg000002l	21580	1	false	43.57	ctg_fasta
Anthoxanthum_odoratum	mito	ctg000003l	66936	1	false	44.14	ctg_fasta
Anthoxanthum_odoratum	mito	ctg000004l	59843	1	false	44.53	ctg_fasta
Anthoxanthum_odoratum	mito	ctg000005l	55051	1	false	42.98	ctg_fasta
Anthoxanthum_odoratum	mito	ctg000006l	14996	1	false	44.11	ctg_fasta
Anthriscus_caucalis	mito						no_assembly
Anthriscus_sylvestris	mito	ctg000001l	216048	19	false	44.38	ctg_fasta
Anthriscus_sylvestris	mito	ctg000002l	136254	5	false	44.38	ctg_fasta
Anthyllis_vulneraria	mito	ctg000001c	152893	21	true	44.85	ctg_fasta
Anthyllis_vulneraria	mito	ctg000002c	128110	6	true	44.64	ctg_fasta
Anthyllis_vulneraria	mito	ctg000003c	53256	2	true	45.51	ctg_fasta
Antitrichia_curtipendula	mito	ctg000001c	106513	1	true	41.01	ctg_fasta
Aponogeton_distachyos	mito	ctg000001c	231087	8	true	47.76	ctg_fasta
Aquilegia_vulgaris	mito	ctg000001c	388217	2	true	46.39	ctg_fasta
Aquilegia_vulgaris	mito	ctg000002l	20223	1	false	44.87	ctg_fasta
Aquilegia_vulgaris	mito	ctg000003c	83907	1	true	45.87	ctg_fasta
Arabidopsis_thaliana	mito	ctg000001c	368828	8	true	44.79	ctg_fasta
Arabis_alpina	mito	ctg000001c	308481	10	true	45.01	ctg_fasta
Arabis_hirsuta	mito	ctg000001c	342942	12	true	45.11	ctg_fasta
Arabis_scabra	mito	ctg000001c	445617	1	true	46.7	ctg_fasta
Arabis_scabra	mito	ctg000002c	242683	8	true	45.57	ctg_fasta
Arabis_scabra	mito	ctg000003c	69363	2	true	44.72	ctg_fasta
Arbutus_unedo	mito	ctg000001l	856153	11	false	45.51	ctg_fasta
Archidium_alternifolium	mito	ctg000001c	111798	1	true	38.53	ctg_fasta
Arctium_lappa	mito	ctg000001c	312605	12	true	45.44	ctg_fasta
Arctium_minus	mito	ctg000001c	312576	12	true	45.44	ctg_fasta
Arctium_minus	mito	ctg000002c	450828	10	true	49.1	ctg_fasta
Arctostaphylos_uva_ursi	mito	ctg000001c	623260	8	true	45.79	ctg_fasta
Arctous_alpina	mito	ctg000001c	2993922	1	true	45.19	ctg_fasta
Arctous_alpina	mito	ctg000002c	398936	1	true	44.98	ctg_fasta
Arctous_alpina	mito	ctg000003c	223464	1	true	45.0	ctg_fasta
Arenaria_serpyllifolia	mito	ctg000001c	29911	1	true	43.37	ctg_fasta
Arenaria_serpyllifolia	mito	ctg000002c	80464	5	true	42.54	ctg_fasta
Arenaria_serpyllifolia	mito	ctg000003c	32007	1	true	43.23	ctg_fasta
Arenaria_serpyllifolia	mito	ctg000004c	32059	1	true	43.27	ctg_fasta
Arenaria_serpyllifolia	mito	ctg000005c	29136	1	true	41.89	ctg_fasta
Arenaria_serpyllifolia	mito	ctg000006c	44944	1	true	43.49	ctg_fasta
Arenaria_serpyllifolia	mito	ctg000007c	32875	1	true	44.23	ctg_fasta
Arenaria_serpyllifolia	mito	ctg000008c	31343	1	true	43.31	ctg_fasta
Arenaria_serpyllifolia	mito	ctg000009c	33875	1	true	43.01	ctg_fasta
Arenaria_serpyllifolia	mito	ctg000010c	38928	1	true	43.79	ctg_fasta
Arenaria_serpyllifolia	mito	ctg000011c	52690	1	true	42.61	ctg_fasta
Aria_edulis	mito	ctg000001c	430287	4	true	45.34	ctg_fasta
Aristolochia_clematitis	mito	ctg000001c	367841	16	true	48.03	ctg_fasta
Armoracia_rusticana	mito	ctg000001c	316393	8	true	44.96	ctg_fasta
Arrhenatherum_elatius	mito	ctg000001c	420699	14	true	44.57	ctg_fasta
Arrhenatherum_elatius	mito	ctg000002l	37308	1	false	44.2	ctg_fasta
Artemisia_campestris	mito	ctg000001c	225615	1	true	45.33	ctg_fasta
Artemisia_maritima	mito	ctg000001c	214047	4	true	45.34	ctg_fasta
Artemisia_vulgaris	mito	ctg000001c	222375	1	true	45.34	ctg_fasta
Arum_italicum	mito	ctg000001l	704584	15	false	46.45	ctg_fasta
Arum_italicum	mito	ctg000002c	21316	1	true	45.4	ctg_fasta
Arum_maculatum	mito	ctg000001l	480717	20	false	46.48	ctg_fasta
Arum_maculatum	mito	ctg000002l	67875	1	false	46.6	ctg_fasta
Arum_maculatum	mito	ctg000003l	10762	1	false	47.16	ctg_fasta
Arum_maculatum	mito	ctg000004l	52335	1	false	46.17	ctg_fasta
Arum_maculatum	mito	ctg000005c	53414	1	true	45.46	ctg_fasta
Asparagus_officinalis	mito	ctg000001c	490455	8	true	45.95	ctg_fasta
Asplenium_adiantum_nigrum	mito	ctg000001l	7832	1	false	45.33	ctg_fasta
Asplenium_adiantum_nigrum	mito	ctg000002l	5334	1	false	50.9	ctg_fasta
Asplenium_adiantum_nigrum	mito	ctg000003l	9580	1	false	46.62	ctg_fasta
Asplenium_adiantum_nigrum	mito	ctg000004l	1710	1	false	49.36	ctg_fasta
Asplenium_adiantum_nigrum	mito	ctg000005l	9289	1	false	45.42	ctg_fasta
Asplenium_adiantum_nigrum	mito	ctg000006l	4419	1	false	50.24	ctg_fasta
Asplenium_adiantum_nigrum	mito	ctg000007l	2213	1	false	48.85	ctg_fasta
Asplenium_adiantum_nigrum	mito	ctg000008l	7034	1	false	45.56	ctg_fasta
Asplenium_adiantum_nigrum	mito	ctg000009l	20114	1	false	47.94	ctg_fasta
Asplenium_adiantum_nigrum	mito	ctg000010l	1990	1	false	50.75	ctg_fasta
Asplenium_adiantum_nigrum	mito	ctg000011l	21734	1	false	46.12	ctg_fasta
Asplenium_adiantum_nigrum	mito	ctg000012l	3495	1	false	51.39	ctg_fasta
Asplenium_adiantum_nigrum	mito	ctg000013l	1998	1	false	47.95	ctg_fasta
Asplenium_adiantum_nigrum	mito	ctg000014l	1923	1	false	47.79	ctg_fasta
Asplenium_adiantum_nigrum	mito	ctg000015l	5380	1	false	50.84	ctg_fasta
Asplenium_adiantum_nigrum	mito	ctg000016l	2067	1	false	46.69	ctg_fasta
Asplenium_adiantum_nigrum	mito	ctg000017l	3568	1	false	45.18	ctg_fasta
Asplenium_adiantum_nigrum	mito	ctg000018l	3445	1	false	47.87	ctg_fasta
Asplenium_adiantum_nigrum	mito	ctg000019l	2173	1	false	41.74	ctg_fasta
Asplenium_adiantum_nigrum	mito	ctg000020l	4951	1	false	47.44	ctg_fasta
Asplenium_adiantum_nigrum	mito	ctg000021l	2827	1	false	46.16	ctg_fasta
Asplenium_adiantum_nigrum	mito	ctg000022l	2898	1	false	49.34	ctg_fasta
Asplenium_adiantum_nigrum	mito	ctg000023l	4388	1	false	46.67	ctg_fasta
Asplenium_adiantum_nigrum	mito	ctg000024l	3489	1	false	48.9	ctg_fasta
Asplenium_adiantum_nigrum	mito	ctg000025l	4885	1	false	44.95	ctg_fasta
Asplenium_adiantum_nigrum	mito	ctg000026l	5292	1	false	49.62	ctg_fasta
Asplenium_adiantum_nigrum	mito	ctg000027l	3445	1	false	49.43	ctg_fasta
Asplenium_adiantum_nigrum	mito	ctg000028l	12239	1	false	48.61	ctg_fasta
Asplenium_adiantum_nigrum	mito	ctg000029l	2521	1	false	42.88	ctg_fasta
Asplenium_adiantum_nigrum	mito	ctg000030l	3912	1	false	49.72	ctg_fasta
Asplenium_adiantum_nigrum	mito	ctg000031l	3918	1	false	47.96	ctg_fasta
Asplenium_adiantum_nigrum	mito	ctg000032l	5221	1	false	47.92	ctg_fasta
Asplenium_adiantum_nigrum	mito	ctg000033l	3157	1	false	42.26	ctg_fasta
Asplenium_adiantum_nigrum	mito	ctg000034l	3268	1	false	50.34	ctg_fasta
Asplenium_adiantum_nigrum	mito	ctg000035l	6384	1	false	49.87	ctg_fasta
Asplenium_adiantum_nigrum	mito	ctg000036l	5546	1	false	48.52	ctg_fasta
Asplenium_adiantum_nigrum	mito	ctg000037l	7143	1	false	49.14	ctg_fasta
Asplenium_adiantum_nigrum	mito	ctg000038l	1818	1	false	41.36	ctg_fasta
Asplenium_adiantum_nigrum	mito	ctg000039l	1380	1	false	48.91	ctg_fasta
Asplenium_adiantum_nigrum	mito	ctg000040l	1392	1	false	50.72	ctg_fasta
Asplenium_adiantum_nigrum	mito	ctg000041l	1392	1	false	49.43	ctg_fasta
Asplenium_adiantum_nigrum	mito	ctg000042l	1374	1	false	52.11	ctg_fasta
Asplenium_adiantum_nigrum	mito	ctg000043l	1447	1	false	47.13	ctg_fasta
Asplenium_adiantum_nigrum	mito	ctg000044l	1417	1	false	46.51	ctg_fasta
Asplenium_adiantum_nigrum	mito	ctg000045l	1464	1	false	40.92	ctg_fasta
Asplenium_adiantum_nigrum	mito	ctg000046l	1408	1	false	48.15	ctg_fasta
Asplenium_adiantum_nigrum	mito	ctg000047l	1414	1	false	47.03	ctg_fasta
Asplenium_ceterach	mito	ctg000001l	12627	1	false	48.83	ctg_fasta
Asplenium_ceterach	mito	ctg000002l	2923	1	false	48.2	ctg_fasta
Asplenium_ceterach	mito	ctg000003l	9113	1	false	48.02	ctg_fasta
Asplenium_ceterach	mito	ctg000004l	1776	1	false	53.04	ctg_fasta
Asplenium_ceterach	mito	ctg000005l	7013	1	false	44.89	ctg_fasta
Asplenium_ceterach	mito	ctg000006l	1615	1	false	48.98	ctg_fasta
Asplenium_ceterach	mito	ctg000007l	1615	1	false	48.98	ctg_fasta
Asplenium_ceterach	mito	ctg000008l	1615	1	false	48.98	ctg_fasta
Asplenium_ceterach	mito	ctg000009l	1615	1	false	48.98	ctg_fasta
Asplenium_ceterach	mito	ctg000010l	1764	1	false	49.26	ctg_fasta
Asplenium_ceterach	mito	ctg000011l	1763	1	false	49.29	ctg_fasta
Asplenium_ceterach	mito	ctg000012l	1763	1	false	49.29	ctg_fasta
Asplenium_ceterach	mito	ctg000013l	1763	1	false	49.29	ctg_fasta
Asplenium_ceterach	mito	ctg000014l	2046	1	false	51.12	ctg_fasta
Asplenium_ceterach	mito	ctg000015l	3471	1	false	51.22	ctg_fasta
Asplenium_ceterach	mito	ctg000016l	3963	1	false	49.58	ctg_fasta
Asplenium_ceterach	mito	ctg000017l	3616	1	false	46.07	ctg_fasta
Asplenium_ceterach	mito	ctg000018l	2598	1	false	45.46	ctg_fasta
Asplenium_ceterach	mito	ctg000019l	1505	1	false	49.17	ctg_fasta
Asplenium_ceterach	mito	ctg000020l	5858	1	false	49.69	ctg_fasta
Asplenium_ceterach	mito	ctg000021l	4126	1	false	47.26	ctg_fasta
Asplenium_ceterach	mito	ctg000022l	5488	1	false	44.62	ctg_fasta
Asplenium_ceterach	mito	ctg000023l	2649	1	false	44.17	ctg_fasta
Asplenium_ceterach	mito	ctg000024l	4218	1	false	46.7	ctg_fasta
Asplenium_ceterach	mito	ctg000025l	5328	1	false	50.75	ctg_fasta
Asplenium_ceterach	mito	ctg000026l	13513	1	false	45.67	ctg_fasta
Asplenium_ceterach	mito	ctg000027l	7925	1	false	49.3	ctg_fasta
Asplenium_ceterach	mito	ctg000028l	6876	1	false	45.38	ctg_fasta
Asplenium_ceterach	mito	ctg000029l	2114	1	false	44.84	ctg_fasta
Asplenium_ceterach	mito	ctg000030l	2114	1	false	44.84	ctg_fasta
Asplenium_ceterach	mito	ctg000031l	4941	1	false	47.58	ctg_fasta
Asplenium_ceterach	mito	ctg000032l	5374	1	false	44.12	ctg_fasta
Asplenium_ceterach	mito	ctg000033l	2095	1	false	52.03	ctg_fasta
Asplenium_ceterach	mito	ctg000034l	10126	1	false	47.52	ctg_fasta
Asplenium_ceterach	mito	ctg000035l	3457	1	false	48.92	ctg_fasta
Asplenium_ceterach	mito	ctg000036l	15324	1	false	46.52	ctg_fasta
Asplenium_ceterach	mito	ctg000037l	2237	1	false	47.61	ctg_fasta
Asplenium_ceterach	mito	ctg000038l	1851	1	false	46.68	ctg_fasta
Asplenium_ceterach	mito	ctg000039l	1856	1	false	46.77	ctg_fasta
Asplenium_ceterach	mito	ctg000040l	1661	1	false	48.1	ctg_fasta
Asplenium_ceterach	mito	ctg000041l	1661	1	false	48.1	ctg_fasta
Asplenium_ceterach	mito	ctg000042l	1640	1	false	45.37	ctg_fasta
Asplenium_ceterach	mito	ctg000043l	4656	1	false	45.34	ctg_fasta
Asplenium_ceterach	mito	ctg000044l	8580	1	false	46.06	ctg_fasta
Asplenium_ceterach	mito	ctg000045l	1907	1	false	45.36	ctg_fasta
Asplenium_ceterach	mito	ctg000046l	2100	1	false	42.95	ctg_fasta
Asplenium_ceterach	mito	ctg000047l	4473	1	false	42.79	ctg_fasta
Asplenium_ceterach	mito	ctg000048l	5259	1	false	37.31	ctg_fasta
Asplenium_ceterach	mito	ctg000049l	3023	1	false	40.69	ctg_fasta
Asplenium_ceterach	mito	ctg000050l	2542	1	false	38.75	ctg_fasta
Asplenium_ceterach	mito	ctg000051l	4234	1	false	49.48	ctg_fasta
Asplenium_ceterach	mito	ctg000052l	6216	1	false	49.9	ctg_fasta
Asplenium_ceterach	mito	ctg000053l	1456	1	false	45.33	ctg_fasta
Asplenium_ceterach	mito	ctg000054l	1378	1	false	50.22	ctg_fasta
Asplenium_ceterach	mito	ctg000055l	1376	1	false	52.18	ctg_fasta
Asplenium_ceterach	mito	ctg000056l	1435	1	false	45.71	ctg_fasta
Asplenium_ceterach	mito	ctg000057l	1407	1	false	43.57	ctg_fasta
Asplenium_ceterach	mito	ctg000058l	1367	1	false	48.28	ctg_fasta
Asplenium_ceterach	mito	ctg000059l	1391	1	false	49.6	ctg_fasta
Asplenium_ceterach	mito	ctg000060l	1378	1	false	50.22	ctg_fasta
Asplenium_ceterach	mito	ctg000061l	1378	1	false	50.22	ctg_fasta
Asplenium_ceterach	mito	ctg000062l	1378	1	false	50.22	ctg_fasta
Asplenium_ceterach	mito	ctg000063l	1445	1	false	46.99	ctg_fasta
Asplenium_ceterach	mito	ctg000064l	1400	1	false	49.07	ctg_fasta
Asplenium_ceterach	mito	ctg000065l	1406	1	false	52.63	ctg_fasta
Asplenium_ceterach	mito	ctg000066l	1400	1	false	49.07	ctg_fasta
Asplenium_ceterach	mito	ctg000067l	1400	1	false	49.07	ctg_fasta
Asplenium_ceterach	mito	ctg000068l	1400	1	false	49.07	ctg_fasta
Asplenium_ceterach	mito	ctg000069l	1452	1	false	45.59	ctg_fasta
Asplenium_ceterach	mito	ctg000070l	1428	1	false	48.67	ctg_fasta
Asplenium_ceterach	mito	ctg000071l	1422	1	false	46.13	ctg_fasta
Asplenium_ceterach	mito	ctg000072l	1390	1	false	45.68	ctg_fasta
Asplenium_ceterach	mito	ctg000073l	1390	1	false	45.68	ctg_fasta
Asplenium_ceterach	mito	ctg000074l	1403	1	false	45.19	ctg_fasta
Asplenium_ceterach	mito	ctg000075l	1369	1	false	49.82	ctg_fasta
Asplenium_ceterach	mito	ctg000076l	1399	1	false	45.39	ctg_fasta
Asplenium_ceterach	mito	ctg000077l	1402	1	false	44.29	ctg_fasta
Asplenium_ceterach	mito	ctg000078l	1459	1	false	40.99	ctg_fasta
Asplenium_ceterach	mito	ctg000079l	1370	1	false	49.64	ctg_fasta
Asplenium_marinum	mito	ctg000001l	2701	1	false	46.72	ctg_fasta
Asplenium_marinum	mito	ctg000002l	2081	1	false	44.83	ctg_fasta
Asplenium_marinum	mito	ctg000003l	3446	1	false	42.95	ctg_fasta
Asplenium_marinum	mito	ctg000004l	5627	1	false	38.39	ctg_fasta
Asplenium_marinum	mito	ctg000005l	4761	1	false	43.69	ctg_fasta
Asplenium_marinum	mito	ctg000006l	1640	1	false	45.43	ctg_fasta
Asplenium_marinum	mito	ctg000007l	1500	1	false	44.8	ctg_fasta
Asplenium_marinum	mito	ctg000008l	2311	1	false	44.92	ctg_fasta
Asplenium_marinum	mito	ctg000009l	1558	1	false	45.51	ctg_fasta
Asplenium_marinum	mito	ctg000010l	1658	1	false	49.88	ctg_fasta
Asplenium_marinum	mito	ctg000011l	1542	1	false	48.05	ctg_fasta
Asplenium_marinum	mito	ctg000012l	1434	1	false	44.35	ctg_fasta
Asplenium_marinum	mito	ctg000013l	1679	1	false	45.32	ctg_fasta
Asplenium_marinum	mito	ctg000014l	1482	1	false	48.11	ctg_fasta
Asplenium_marinum	mito	ctg000015l	9487	1	false	47.79	ctg_fasta
Asplenium_marinum	mito	ctg000016l	9042	1	false	48.63	ctg_fasta
Asplenium_marinum	mito	ctg000017l	6045	1	false	43.92	ctg_fasta
Asplenium_marinum	mito	ctg000018l	1545	1	false	43.04	ctg_fasta
Asplenium_marinum	mito	ctg000019l	3755	1	false	43.91	ctg_fasta
Asplenium_marinum	mito	ctg000020l	3008	1	false	43.78	ctg_fasta
Asplenium_marinum	mito	ctg000021l	2755	1	false	49.22	ctg_fasta
Asplenium_marinum	mito	ctg000022l	2678	1	false	43.09	ctg_fasta
Asplenium_marinum	mito	ctg000023l	3758	1	false	50.16	ctg_fasta
Asplenium_marinum	mito	ctg000024l	2754	1	false	40.78	ctg_fasta
Asplenium_marinum	mito	ctg000025l	2883	1	false	42.77	ctg_fasta
Asplenium_marinum	mito	ctg000026l	1498	1	false	49.33	ctg_fasta
Asplenium_marinum	mito	ctg000027l	2246	1	false	46.22	ctg_fasta
Asplenium_marinum	mito	ctg000028l	8137	1	false	47.33	ctg_fasta
Asplenium_marinum	mito	ctg000029l	2721	1	false	51.67	ctg_fasta
Asplenium_marinum	mito	ctg000030l	6474	1	false	45.17	ctg_fasta
Asplenium_marinum	mito	ctg000031l	8103	1	false	50.3	ctg_fasta
Asplenium_marinum	mito	ctg000032l	3321	1	false	46.46	ctg_fasta
Asplenium_marinum	mito	ctg000033l	2029	1	false	48.1	ctg_fasta
Asplenium_marinum	mito	ctg000034l	4017	1	false	44.69	ctg_fasta
Asplenium_marinum	mito	ctg000035l	1722	1	false	45.7	ctg_fasta
Asplenium_marinum	mito	ctg000036l	11090	1	false	49.04	ctg_fasta
Asplenium_marinum	mito	ctg000037l	7631	1	false	51.04	ctg_fasta
Asplenium_marinum	mito	ctg000038l	5481	1	false	48.08	ctg_fasta
Asplenium_marinum	mito	ctg000039l	2347	1	false	49.42	ctg_fasta
Asplenium_marinum	mito	ctg000040l	2680	1	false	44.22	ctg_fasta
Asplenium_marinum	mito	ctg000041l	2999	1	false	47.75	ctg_fasta
Asplenium_marinum	mito	ctg000042l	2700	1	false	44.33	ctg_fasta
Asplenium_marinum	mito	ctg000043l	2251	1	false	46.11	ctg_fasta
Asplenium_marinum	mito	ctg000044l	6245	1	false	43.83	ctg_fasta
Asplenium_marinum	mito	ctg000045l	8294	1	false	48.42	ctg_fasta
Asplenium_marinum	mito	ctg000046l	6751	1	false	44.57	ctg_fasta
Asplenium_marinum	mito	ctg000047l	4148	1	false	48.96	ctg_fasta
Asplenium_marinum	mito	ctg000048l	3067	1	false	44.18	ctg_fasta
Asplenium_marinum	mito	ctg000049l	7028	1	false	46.36	ctg_fasta
Asplenium_marinum	mito	ctg000050l	1596	1	false	44.24	ctg_fasta
Asplenium_marinum	mito	ctg000051l	1913	1	false	46.52	ctg_fasta
Asplenium_marinum	mito	ctg000052l	5047	1	false	48.76	ctg_fasta
Asplenium_marinum	mito	ctg000053l	7543	1	false	45.9	ctg_fasta
Asplenium_marinum	mito	ctg000054l	1696	1	false	45.22	ctg_fasta
Asplenium_marinum	mito	ctg000055l	2801	1	false	46.09	ctg_fasta
Asplenium_marinum	mito	ctg000056l	1473	1	false	46.84	ctg_fasta
Asplenium_marinum	mito	ctg000057l	10475	1	false	49.43	ctg_fasta
Asplenium_marinum	mito	ctg000058l	4994	1	false	43.51	ctg_fasta
Asplenium_marinum	mito	ctg000059l	1985	1	false	50.78	ctg_fasta
Asplenium_marinum	mito	ctg000060l	2222	1	false	52.07	ctg_fasta
Asplenium_marinum	mito	ctg000061l	1851	1	false	47.92	ctg_fasta
Asplenium_marinum	mito	ctg000062l	1832	1	false	47.38	ctg_fasta
Asplenium_marinum	mito	ctg000063l	3695	1	false	48.42	ctg_fasta
Asplenium_marinum	mito	ctg000064l	1404	1	false	47.36	ctg_fasta
Asplenium_marinum	mito	ctg000065l	1851	1	false	48.35	ctg_fasta
Asplenium_marinum	mito	ctg000066l	3539	1	false	45.32	ctg_fasta
Asplenium_marinum	mito	ctg000067l	2536	1	false	45.98	ctg_fasta
Asplenium_marinum	mito	ctg000068l	2655	1	false	43.88	ctg_fasta
Asplenium_marinum	mito	ctg000069l	2365	1	false	51.84	ctg_fasta
Asplenium_marinum	mito	ctg000070l	10198	1	false	46.57	ctg_fasta
Asplenium_marinum	mito	ctg000071l	2581	1	false	47.85	ctg_fasta
Asplenium_marinum	mito	ctg000072l	9624	1	false	45.15	ctg_fasta
Asplenium_marinum	mito	ctg000073l	1556	1	false	45.69	ctg_fasta
Asplenium_marinum	mito	ctg000074l	3029	1	false	45.72	ctg_fasta
Asplenium_marinum	mito	ctg000075l	2978	1	false	44.73	ctg_fasta
Asplenium_marinum	mito	ctg000076l	1623	1	false	45.29	ctg_fasta
Asplenium_marinum	mito	ctg000077l	2410	1	false	46.56	ctg_fasta
Asplenium_marinum	mito	ctg000078l	1398	1	false	44.92	ctg_fasta
Asplenium_marinum	mito	ctg000079l	1413	1	false	44.94	ctg_fasta
Asplenium_marinum	mito	ctg000080l	1418	1	false	43.94	ctg_fasta
Asplenium_marinum	mito	ctg000081l	1418	1	false	50.28	ctg_fasta
Asplenium_marinum	mito	ctg000082l	1413	1	false	50.25	ctg_fasta
Asplenium_marinum	mito	ctg000083l	1411	1	false	46.63	ctg_fasta
Asplenium_marinum	mito	ctg000084l	1401	1	false	47.32	ctg_fasta
Asplenium_marinum	mito	ctg000085l	1407	1	false	46.2	ctg_fasta
Asplenium_marinum	mito	ctg000086l	1423	1	false	44.2	ctg_fasta
Asplenium_marinum	mito	ctg000087l	1394	1	false	46.27	ctg_fasta
Asplenium_marinum	mito	ctg000088l	1394	1	false	46.63	ctg_fasta
Asplenium_marinum	mito	ctg000089l	1357	1	false	43.55	ctg_fasta
Asplenium_marinum	mito	ctg000090l	1402	1	false	46.01	ctg_fasta
Asplenium_marinum	mito	ctg000091l	1394	1	false	42.97	ctg_fasta
Asplenium_marinum	mito	ctg000092l	1357	1	false	49.74	ctg_fasta
Asplenium_marinum	mito	ctg000093l	1379	1	false	49.46	ctg_fasta
Asplenium_marinum	mito	ctg000094l	1458	1	false	49.79	ctg_fasta
Asplenium_marinum	mito	ctg000095l	1480	1	false	41.28	ctg_fasta
Asplenium_marinum	mito	ctg000096l	1417	1	false	43.97	ctg_fasta
Asplenium_marinum	mito	ctg000097l	1397	1	false	50.32	ctg_fasta
Asplenium_marinum	mito	ctg000098l	1391	1	false	44.36	ctg_fasta
Asplenium_marinum	mito	ctg000099l	1385	1	false	46.71	ctg_fasta
Asplenium_marinum	mito	ctg000100l	1378	1	false	46.59	ctg_fasta
Asplenium_marinum	mito	ctg000101l	1406	1	false	46.51	ctg_fasta
Asplenium_marinum	mito	ctg000102l	1404	1	false	50.5	ctg_fasta
Asplenium_marinum	mito	ctg000103l	1449	1	false	46.65	ctg_fasta
Asplenium_marinum	mito	ctg000104l	1432	1	false	46.37	ctg_fasta
Asplenium_marinum	mito	ctg000105l	1334	1	false	44.23	ctg_fasta
Asplenium_marinum	mito	ctg000106l	1399	1	false	47.61	ctg_fasta
Asplenium_marinum	mito	ctg000107l	1396	1	false	47.64	ctg_fasta
Asplenium_marinum	mito	ctg000108l	1450	1	false	43.17	ctg_fasta
Asplenium_scolopendrium	mito	ctg000001l	13341	1	false	48.45	ctg_fasta
Asplenium_scolopendrium	mito	ctg000002l	4258	1	false	50.16	ctg_fasta
Asplenium_scolopendrium	mito	ctg000003l	1598	1	false	42.68	ctg_fasta
Asplenium_scolopendrium	mito	ctg000004l	1543	1	false	42.38	ctg_fasta
Asplenium_scolopendrium	mito	ctg000005l	1653	1	false	42.95	ctg_fasta
Asplenium_scolopendrium	mito	ctg000006l	5102	1	false	47.14	ctg_fasta
Asplenium_scolopendrium	mito	ctg000007l	2031	1	false	51.3	ctg_fasta
Asplenium_scolopendrium	mito	ctg000008l	2307	1	false	51.71	ctg_fasta
Asplenium_scolopendrium	mito	ctg000009l	2194	1	false	50.55	ctg_fasta
Asplenium_scolopendrium	mito	ctg000010l	2772	1	false	49.1	ctg_fasta
Asplenium_scolopendrium	mito	ctg000011l	2403	1	false	49.73	ctg_fasta
Asplenium_scolopendrium	mito	ctg000012l	1864	1	false	49.2	ctg_fasta
Asplenium_scolopendrium	mito	ctg000013l	7110	1	false	48.09	ctg_fasta
Asplenium_scolopendrium	mito	ctg000014l	2185	1	false	49.29	ctg_fasta
Asplenium_scolopendrium	mito	ctg000015l	6403	1	false	49.9	ctg_fasta
Asplenium_scolopendrium	mito	ctg000016l	1842	1	false	50.54	ctg_fasta
Asplenium_scolopendrium	mito	ctg000017l	1413	1	false	52.16	ctg_fasta
Asplenium_scolopendrium	mito	ctg000018l	1842	1	false	50.54	ctg_fasta
Asplenium_scolopendrium	mito	ctg000019l	2127	1	false	50.68	ctg_fasta
Asplenium_scolopendrium	mito	ctg000020l	4806	1	false	48.9	ctg_fasta
Asplenium_scolopendrium	mito	ctg000021l	5667	1	false	48.95	ctg_fasta
Asplenium_scolopendrium	mito	ctg000022l	6006	1	false	44.92	ctg_fasta
Asplenium_scolopendrium	mito	ctg000023l	4704	1	false	49.51	ctg_fasta
Asplenium_scolopendrium	mito	ctg000024l	3113	1	false	46.0	ctg_fasta
Asplenium_scolopendrium	mito	ctg000025l	2391	1	false	48.26	ctg_fasta
Asplenium_scolopendrium	mito	ctg000026l	4983	1	false	46.8	ctg_fasta
Asplenium_scolopendrium	mito	ctg000027l	12025	1	false	46.25	ctg_fasta
Asplenium_scolopendrium	mito	ctg000028l	1445	1	false	47.13	ctg_fasta
Asplenium_scolopendrium	mito	ctg000029l	3213	1	false	45.81	ctg_fasta
Asplenium_scolopendrium	mito	ctg000030l	6316	1	false	44.57	ctg_fasta
Asplenium_scolopendrium	mito	ctg000031l	1818	1	false	41.42	ctg_fasta
Asplenium_scolopendrium	mito	ctg000032l	5622	1	false	45.8	ctg_fasta
Asplenium_scolopendrium	mito	ctg000033l	2741	1	false	47.79	ctg_fasta
Asplenium_scolopendrium	mito	ctg000034l	6087	1	false	45.74	ctg_fasta
Asplenium_scolopendrium	mito	ctg000035l	1511	1	false	46.53	ctg_fasta
Asplenium_scolopendrium	mito	ctg000036l	1510	1	false	46.49	ctg_fasta
Asplenium_scolopendrium	mito	ctg000037l	2838	1	false	47.15	ctg_fasta
Asplenium_scolopendrium	mito	ctg000038l	15662	1	false	49.27	ctg_fasta
Asplenium_scolopendrium	mito	ctg000039l	9848	1	false	45.04	ctg_fasta
Asplenium_scolopendrium	mito	ctg000040l	9155	1	false	49.38	ctg_fasta
Asplenium_scolopendrium	mito	ctg000041l	5697	1	false	44.18	ctg_fasta
Asplenium_scolopendrium	mito	ctg000042l	12353	1	false	48.61	ctg_fasta
Asplenium_scolopendrium	mito	ctg000043l	2638	1	false	45.0	ctg_fasta
Asplenium_scolopendrium	mito	ctg000044l	2027	1	false	49.53	ctg_fasta
Asplenium_scolopendrium	mito	ctg000045l	2013	1	false	46.1	ctg_fasta
Asplenium_scolopendrium	mito	ctg000046l	3977	1	false	47.67	ctg_fasta
Asplenium_scolopendrium	mito	ctg000047l	2849	1	false	46.72	ctg_fasta
Asplenium_scolopendrium	mito	ctg000048l	10685	1	false	47.82	ctg_fasta
Asplenium_scolopendrium	mito	ctg000049l	8113	1	false	46.1	ctg_fasta
Asplenium_scolopendrium	mito	ctg000050l	2014	1	false	46.28	ctg_fasta
Asplenium_scolopendrium	mito	ctg000051l	1419	1	false	51.66	ctg_fasta
Asplenium_scolopendrium	mito	ctg000052l	1422	1	false	50.91	ctg_fasta
Asplenium_scolopendrium	mito	ctg000053l	1516	1	false	41.95	ctg_fasta
Asplenium_scolopendrium	mito	ctg000054l	1476	1	false	41.73	ctg_fasta
Asplenium_scolopendrium	mito	ctg000055l	1485	1	false	42.29	ctg_fasta
Asplenium_scolopendrium	mito	ctg000056l	1417	1	false	48.84	ctg_fasta
Asplenium_scolopendrium	mito	ctg000057l	1494	1	false	42.1	ctg_fasta
Asplenium_scolopendrium	mito	ctg000058l	1524	1	false	41.73	ctg_fasta
Asplenium_scolopendrium	mito	ctg000059l	1470	1	false	41.97	ctg_fasta
Asplenium_scolopendrium	mito	ctg000060l	1504	1	false	42.02	ctg_fasta
Asplenium_scolopendrium	mito	ctg000061l	1383	1	false	51.27	ctg_fasta
Asplenium_scolopendrium	mito	ctg000062l	1406	1	false	48.22	ctg_fasta
Asplenium_scolopendrium	mito	ctg000063l	1457	1	false	41.04	ctg_fasta
Asplenium_scolopendrium	mito	ctg000064l	1405	1	false	49.89	ctg_fasta
Asplenium_scolopendrium	mito	ctg000065l	1421	1	false	50.18	ctg_fasta
Asplenium_scolopendrium	mito	ctg000066l	1439	1	false	50.52	ctg_fasta
Asplenium_scolopendrium	mito	ctg000067l	1404	1	false	48.93	ctg_fasta
Asplenium_scolopendrium	mito	ctg000068l	1397	1	false	48.96	ctg_fasta
Asplenium_scolopendrium	mito	ctg000069l	1464	1	false	45.49	ctg_fasta
Asplenium_scolopendrium	mito	ctg000070l	1394	1	false	48.57	ctg_fasta
Asplenium_scolopendrium	mito	ctg000071l	1409	1	false	49.47	ctg_fasta
Asplenium_scolopendrium	mito	ctg000072l	1418	1	false	50.14	ctg_fasta
Asplenium_scolopendrium	mito	ctg000073l	1432	1	false	50.35	ctg_fasta
Asplenium_scolopendrium	mito	ctg000074l	1412	1	false	50.5	ctg_fasta
Asplenium_scolopendrium	mito	ctg000075l	1394	1	false	49.78	ctg_fasta
Asplenium_scolopendrium	mito	ctg000076l	1411	1	false	51.95	ctg_fasta
Asplenium_scolopendrium	mito	ctg000077l	1428	1	false	49.51	ctg_fasta
Asplenium_scolopendrium	mito	ctg000078l	1401	1	false	51.39	ctg_fasta
Asplenium_scolopendrium	mito	ctg000079l	1445	1	false	42.42	ctg_fasta
Asplenium_scolopendrium	mito	ctg000080l	1439	1	false	43.09	ctg_fasta
Asplenium_scolopendrium	mito	ctg000081l	1379	1	false	53.44	ctg_fasta
Asplenium_scolopendrium	mito	ctg000082l	1391	1	false	46.3	ctg_fasta
Asplenium_scolopendrium	mito	ctg000083l	1391	1	false	47.45	ctg_fasta
Asplenium_scolopendrium	mito	ctg000084l	1384	1	false	53.32	ctg_fasta
Asplenium_septentrionale	mito						no_assembly
Asplenium_trichomanes	mito	ctg000001l	4785	1	false	44.87	ctg_fasta
Asplenium_trichomanes	mito	ctg000002l	8116	1	false	48.6	ctg_fasta
Asplenium_trichomanes	mito	ctg000003l	5933	1	false	44.73	ctg_fasta
Asplenium_trichomanes	mito	ctg000004l	2890	1	false	44.95	ctg_fasta
Asplenium_trichomanes	mito	ctg000005l	4169	1	false	46.89	ctg_fasta
Asplenium_trichomanes	mito	ctg000006l	3078	1	false	51.66	ctg_fasta
Asplenium_trichomanes	mito	ctg000007l	1688	1	false	48.7	ctg_fasta
Asplenium_trichomanes	mito	ctg000008l	2566	1	false	48.83	ctg_fasta
Asplenium_trichomanes	mito	ctg000009l	11651	1	false	49.17	ctg_fasta
Asplenium_trichomanes	mito	ctg000010l	6839	1	false	45.62	ctg_fasta
Asplenium_trichomanes	mito	ctg000011l	2036	1	false	43.22	ctg_fasta
Asplenium_trichomanes	mito	ctg000012l	5566	1	false	47.61	ctg_fasta
Asplenium_trichomanes	mito	ctg000013l	6765	1	false	48.91	ctg_fasta
Asplenium_trichomanes	mito	ctg000014l	2076	1	false	48.94	ctg_fasta
Asplenium_trichomanes	mito	ctg000015l	1846	1	false	49.19	ctg_fasta
Asplenium_trichomanes	mito	ctg000016l	5081	1	false	45.68	ctg_fasta
Asplenium_trichomanes	mito	ctg000017l	2242	1	false	50.58	ctg_fasta
Asplenium_trichomanes	mito	ctg000018l	7913	1	false	48.29	ctg_fasta
Asplenium_trichomanes	mito	ctg000019l	2996	1	false	44.03	ctg_fasta
Asplenium_trichomanes	mito	ctg000020l	2304	1	false	42.23	ctg_fasta
Asplenium_trichomanes	mito	ctg000021l	3131	1	false	46.34	ctg_fasta
Asplenium_trichomanes	mito	ctg000022l	1990	1	false	50.75	ctg_fasta
Asplenium_trichomanes	mito	ctg000023l	3488	1	false	51.15	ctg_fasta
Asplenium_trichomanes	mito	ctg000024l	2297	1	false	46.97	ctg_fasta
Asplenium_trichomanes	mito	ctg000025l	3322	1	false	50.09	ctg_fasta
Asplenium_trichomanes	mito	ctg000026l	4598	1	false	44.89	ctg_fasta
Asplenium_trichomanes	mito	ctg000027l	12231	1	false	49.63	ctg_fasta
Asplenium_trichomanes	mito	ctg000028l	8446	1	false	47.8	ctg_fasta
Asplenium_trichomanes	mito	ctg000029l	1802	1	false	50.39	ctg_fasta
Asplenium_trichomanes	mito	ctg000030l	4847	1	false	46.59	ctg_fasta
Asplenium_trichomanes	mito	ctg000031l	9633	1	false	44.24	ctg_fasta
Asplenium_trichomanes	mito	ctg000032l	11290	1	false	49.11	ctg_fasta
Asplenium_trichomanes	mito	ctg000033l	1805	1	false	51.25	ctg_fasta
Asplenium_trichomanes	mito	ctg000034l	2805	1	false	47.38	ctg_fasta
Asplenium_trichomanes	mito	ctg000035l	1493	1	false	47.69	ctg_fasta
Asplenium_trichomanes	mito	ctg000036l	5937	1	false	49.39	ctg_fasta
Asplenium_trichomanes	mito	ctg000037l	6209	1	false	49.22	ctg_fasta
Asplenium_trichomanes	mito	ctg000038l	4018	1	false	45.2	ctg_fasta
Asplenium_trichomanes	mito	ctg000039l	8680	1	false	49.74	ctg_fasta
Asplenium_trichomanes	mito	ctg000040l	3869	1	false	48.02	ctg_fasta
Asplenium_trichomanes	mito	ctg000041l	2823	1	false	46.12	ctg_fasta
Asplenium_trichomanes	mito	ctg000042l	3399	1	false	46.98	ctg_fasta
Asplenium_trichomanes	mito	ctg000043l	1736	1	false	52.94	ctg_fasta
Asplenium_trichomanes	mito	ctg000044l	3683	1	false	47.76	ctg_fasta
Asplenium_trichomanes	mito	ctg000045l	4204	1	false	50.9	ctg_fasta
Asplenium_trichomanes	mito	ctg000046l	6400	1	false	49.81	ctg_fasta
Asplenium_trichomanes	mito	ctg000047l	1404	1	false	52.42	ctg_fasta
Asplenium_trichomanes	mito	ctg000048l	1375	1	false	47.35	ctg_fasta
Asplenium_trichomanes	mito	ctg000049l	1420	1	false	45.28	ctg_fasta
Asplenium_trichomanes	mito	ctg000050l	1455	1	false	48.59	ctg_fasta
Asplenium_trichomanes	mito	ctg000051l	1401	1	false	48.82	ctg_fasta
Asplenium_trichomanes	mito	ctg000052l	1397	1	false	48.75	ctg_fasta
Asplenium_trichomanes	mito	ctg000053l	1392	1	false	46.98	ctg_fasta
Asplenium_trichomanes	mito	ctg000054l	1411	1	false	49.82	ctg_fasta
Asplenium_trichomanes	mito	ctg000055l	1424	1	false	51.76	ctg_fasta
Asplenium_trichomanes	mito	ctg000056l	1380	1	false	49.06	ctg_fasta
Asplenium_trichomanes	mito	ctg000057l	1382	1	false	48.99	ctg_fasta
Asplenium_viride	mito	ctg000001l	15685	1	false	45.75	ctg_fasta
Asplenium_viride	mito	ctg000002l	2908	1	false	46.8	ctg_fasta
Asplenium_viride	mito	ctg000003l	2076	1	false	51.54	ctg_fasta
Asplenium_viride	mito	ctg000004l	2648	1	false	46.07	ctg_fasta
Asplenium_viride	mito	ctg000005l	2816	1	false	50.36	ctg_fasta
Asplenium_viride	mito	ctg000006l	4133	1	false	47.57	ctg_fasta
Asplenium_viride	mito	ctg000007l	2080	1	false	43.12	ctg_fasta
Asplenium_viride	mito	ctg000008l	1564	1	false	46.16	ctg_fasta
Asplenium_viride	mito	ctg000009l	1562	1	false	47.25	ctg_fasta
Asplenium_viride	mito	ctg000010l	3212	1	false	42.65	ctg_fasta
Asplenium_viride	mito	ctg000011l	3480	1	false	44.2	ctg_fasta
Asplenium_viride	mito	ctg000012l	2853	1	false	47.46	ctg_fasta
Asplenium_viride	mito	ctg000013l	4779	1	false	46.1	ctg_fasta
Asplenium_viride	mito	ctg000014l	1655	1	false	50.33	ctg_fasta
Asplenium_viride	mito	ctg000015l	4158	1	false	45.38	ctg_fasta
Asplenium_viride	mito	ctg000016l	3358	1	false	49.4	ctg_fasta
Asplenium_viride	mito	ctg000017l	8804	1	false	47.73	ctg_fasta
Asplenium_viride	mito	ctg000018l	10639	1	false	50.32	ctg_fasta
Asplenium_viride	mito	ctg000019l	1498	1	false	50.4	ctg_fasta
Asplenium_viride	mito	ctg000020l	12880	1	false	48.96	ctg_fasta
Asplenium_viride	mito	ctg000021l	2477	1	false	44.77	ctg_fasta
Asplenium_viride	mito	ctg000022l	1802	1	false	51.17	ctg_fasta
Asplenium_viride	mito	ctg000023l	1959	1	false	52.32	ctg_fasta
Asplenium_viride	mito	ctg000024l	2148	1	false	49.07	ctg_fasta
Asplenium_viride	mito	ctg000025l	2143	1	false	47.78	ctg_fasta
Asplenium_viride	mito	ctg000026l	1461	1	false	44.01	ctg_fasta
Asplenium_viride	mito	ctg000027l	4767	1	false	49.13	ctg_fasta
Asplenium_viride	mito	ctg000028l	1990	1	false	50.75	ctg_fasta
Asplenium_viride	mito	ctg000029l	8275	1	false	49.93	ctg_fasta
Asplenium_viride	mito	ctg000030l	3311	1	false	50.83	ctg_fasta
Asplenium_viride	mito	ctg000031l	4806	1	false	45.11	ctg_fasta
Asplenium_viride	mito	ctg000032l	7784	1	false	47.26	ctg_fasta
Asplenium_viride	mito	ctg000033l	1594	1	false	46.55	ctg_fasta
Asplenium_viride	mito	ctg000034l	2074	1	false	45.32	ctg_fasta
Asplenium_viride	mito	ctg000035l	1536	1	false	41.21	ctg_fasta
Asplenium_viride	mito	ctg000036l	10567	1	false	45.36	ctg_fasta
Asplenium_viride	mito	ctg000037l	8522	1	false	48.8	ctg_fasta
Asplenium_viride	mito	ctg000038l	1638	1	false	48.17	ctg_fasta
Asplenium_viride	mito	ctg000039l	2530	1	false	47.47	ctg_fasta
Asplenium_viride	mito	ctg000040l	2607	1	false	44.5	ctg_fasta
Asplenium_viride	mito	ctg000041l	2856	1	false	50.77	ctg_fasta
Asplenium_viride	mito	ctg000042l	2882	1	false	50.94	ctg_fasta
Asplenium_viride	mito	ctg000043l	11478	1	false	50.33	ctg_fasta
Asplenium_viride	mito	ctg000044l	7421	1	false	49.98	ctg_fasta
Asplenium_viride	mito	ctg000045l	2292	1	false	50.26	ctg_fasta
Asplenium_viride	mito	ctg000046l	9773	1	false	47.63	ctg_fasta
Asplenium_viride	mito	ctg000047l	5265	1	false	48.85	ctg_fasta
Asplenium_viride	mito	ctg000048l	3501	1	false	49.81	ctg_fasta
Asplenium_viride	mito	ctg000049l	1573	1	false	55.18	ctg_fasta
Asplenium_viride	mito	ctg000050l	1830	1	false	50.49	ctg_fasta
Asplenium_viride	mito	ctg000051l	1699	1	false	48.73	ctg_fasta
Asplenium_viride	mito	ctg000052l	4637	1	false	45.53	ctg_fasta
Asplenium_viride	mito	ctg000053l	2784	1	false	48.64	ctg_fasta
Asplenium_viride	mito	ctg000054l	1398	1	false	52.0	ctg_fasta
Asplenium_viride	mito	ctg000055l	1410	1	false	49.5	ctg_fasta
Asplenium_viride	mito	ctg000056l	1419	1	false	52.43	ctg_fasta
Asplenium_viride	mito	ctg000057l	1408	1	false	52.7	ctg_fasta
Asplenium_viride	mito	ctg000058l	1420	1	false	52.89	ctg_fasta
Asplenium_viride	mito	ctg000059l	1398	1	false	48.5	ctg_fasta
Asplenium_viride	mito	ctg000060l	1409	1	false	51.74	ctg_fasta
Asplenium_viride	mito	ctg000061l	1393	1	false	51.76	ctg_fasta
Asplenium_viride	mito	ctg000062l	1433	1	false	50.87	ctg_fasta
Asplenium_viride	mito	ctg000063l	1403	1	false	48.97	ctg_fasta
Asplenium_viride	mito	ctg000064l	1368	1	false	47.66	ctg_fasta
Asplenium_viride	mito	ctg000065l	1367	1	false	48.21	ctg_fasta
Asplenium_viride	mito	ctg000066l	1412	1	false	48.37	ctg_fasta
Asplenium_viride	mito	ctg000067l	1390	1	false	49.78	ctg_fasta
Asplenium_viride	mito	ctg000068l	1431	1	false	47.87	ctg_fasta
Asplenium_viride	mito	ctg000069l	1389	1	false	49.17	ctg_fasta
Asplenium_viride	mito	ctg000070l	1381	1	false	51.41	ctg_fasta
Asplenium_viride	mito	ctg000071l	1409	1	false	47.34	ctg_fasta
Asplenium_viride	mito	ctg000072l	1445	1	false	46.64	ctg_fasta
Asplenium_viride	mito	ctg000073l	1386	1	false	51.08	ctg_fasta
Asplenium_viride	mito	ctg000074l	1441	1	false	47.68	ctg_fasta
Asplenium_viride	mito	ctg000075l	1396	1	false	53.37	ctg_fasta
Asplenium_viride	mito	ctg000076l	1438	1	false	44.99	ctg_fasta
Astragalus_alpinus	mito	ctg000001c	313827	6	true	45.26	ctg_fasta
Astragalus_danicus	mito	ctg000001c	301965	2	true	44.83	ctg_fasta
Astragalus_glycyphyllos	mito	ctg000001c	189373	4	true	45.45	ctg_fasta
Astragalus_glycyphyllos	mito	ctg000002c	173120	1	true	45.25	ctg_fasta
Atractylocarpus_subporodictyon	mito	ctg000001c	102045	1	true	40.06	ctg_fasta
Atriplex_laciniata	mito	ctg000001c	233986	8	true	44.06	ctg_fasta
Atriplex_laciniata	mito	ctg000002c	61550	1	true	44.19	ctg_fasta
Atriplex_littoralis	mito	ctg000001l	284387	6	false	44.09	ctg_fasta
Atriplex_praecox	mito	ctg000001c	279828	8	true	44.17	ctg_fasta
Atropa_belladonna	mito	ctg000001c	200649	4	true	45.58	ctg_fasta
Atropa_belladonna	mito	ctg000002c	167335	4	true	45.31	ctg_fasta
Atropa_belladonna	mito	ctg000003c	86853	1	true	45.36	ctg_fasta
Aulacomnium_androgynum	mito	ctg000001c	103951	1	true	40.95	ctg_fasta
Aulacomnium_palustre	mito	ctg000001l	782533	1	false	59.77	ctg_fasta
Avenella_flexuosa	mito	ctg000001l	18120	1	false	44.05	ctg_fasta
Avenella_flexuosa	mito	ctg000002l	4538	1	false	46.43	ctg_fasta
Avenella_flexuosa	mito	ctg000003l	17675	1	false	44.13	ctg_fasta
Avenella_flexuosa	mito	ctg000004l	32291	1	false	44.7	ctg_fasta
Avenella_flexuosa	mito	ctg000005l	8175	1	false	42.76	ctg_fasta
Avenella_flexuosa	mito	ctg000006l	8575	1	false	43.6	ctg_fasta
Avenella_flexuosa	mito	ctg000007l	13632	1	false	45.63	ctg_fasta
Avenella_flexuosa	mito	ctg000008l	18553	1	false	43.58	ctg_fasta
Avenella_flexuosa	mito	ctg000009l	13648	1	false	44.13	ctg_fasta
Avenella_flexuosa	mito	ctg000010l	15711	1	false	47.83	ctg_fasta
Avenella_flexuosa	mito	ctg000011l	5532	1	false	43.31	ctg_fasta
Avenella_flexuosa	mito	ctg000012l	17292	1	false	43.01	ctg_fasta
Avenella_flexuosa	mito	ctg000013l	25031	1	false	45.01	ctg_fasta
Avenella_flexuosa	mito	ctg000014l	10171	1	false	43.75	ctg_fasta
Avenella_flexuosa	mito	ctg000015l	18417	1	false	44.19	ctg_fasta
Avenella_flexuosa	mito	ctg000016l	2567	1	false	44.68	ctg_fasta
Avenella_flexuosa	mito	ctg000017l	1817	1	false	44.14	ctg_fasta
Avenella_flexuosa	mito	ctg000018l	3075	1	false	42.5	ctg_fasta
Avenella_flexuosa	mito	ctg000019l	1516	1	false	40.96	ctg_fasta
Avenella_flexuosa	mito	ctg000020l	1512	1	false	41.01	ctg_fasta
Avenella_flexuosa	mito	ctg000021l	3298	1	false	51.7	ctg_fasta
Avenella_flexuosa	mito	ctg000022l	3520	1	false	45.14	ctg_fasta
Avenella_flexuosa	mito	ctg000023l	3534	1	false	45.16	ctg_fasta
Avenella_flexuosa	mito	ctg000024l	22695	1	false	43.93	ctg_fasta
Avenella_flexuosa	mito	ctg000025l	1858	1	false	42.73	ctg_fasta
Avenella_flexuosa	mito	ctg000026l	1858	1	false	42.68	ctg_fasta
Avenella_flexuosa	mito	ctg000027l	5417	1	false	42.83	ctg_fasta
Avenella_flexuosa	mito	ctg000028l	4171	1	false	44.86	ctg_fasta
Avenella_flexuosa	mito	ctg000029l	2714	1	false	45.98	ctg_fasta
Avenella_flexuosa	mito	ctg000030l	2717	1	false	46.04	ctg_fasta
Avenella_flexuosa	mito	ctg000031l	2114	1	false	46.55	ctg_fasta
Avenella_flexuosa	mito	ctg000032l	5660	1	false	42.49	ctg_fasta
Avenella_flexuosa	mito	ctg000033l	5651	1	false	42.43	ctg_fasta
Avenella_flexuosa	mito	ctg000034l	5542	1	false	43.27	ctg_fasta
Avenella_flexuosa	mito	ctg000035l	2350	1	false	41.15	ctg_fasta
Avenella_flexuosa	mito	ctg000036l	2362	1	false	41.11	ctg_fasta
Avenella_flexuosa	mito	ctg000037l	2569	1	false	44.41	ctg_fasta
Avenella_flexuosa	mito	ctg000038l	2770	1	false	43.29	ctg_fasta
Avenella_flexuosa	mito	ctg000039l	2765	1	false	43.4	ctg_fasta
Avenella_flexuosa	mito	ctg000040l	1525	1	false	43.54	ctg_fasta
Avenella_flexuosa	mito	ctg000041l	1418	1	false	42.03	ctg_fasta
Avenella_flexuosa	mito	ctg000042l	5370	1	false	43.61	ctg_fasta
Avenella_flexuosa	mito	ctg000043l	4144	1	false	42.95	ctg_fasta
Avenella_flexuosa	mito	ctg000044l	7573	1	false	42.82	ctg_fasta
Avenella_flexuosa	mito	ctg000045l	5283	1	false	43.31	ctg_fasta
Avenella_flexuosa	mito	ctg000046l	2324	1	false	43.98	ctg_fasta
Avenella_flexuosa	mito	ctg000047l	2324	1	false	43.89	ctg_fasta
Avenella_flexuosa	mito	ctg000048l	3086	1	false	43.07	ctg_fasta
Avenella_flexuosa	mito	ctg000049l	3725	1	false	43.62	ctg_fasta
Avenella_flexuosa	mito	ctg000050l	3263	1	false	44.1	ctg_fasta
Avenella_flexuosa	mito	ctg000051l	8274	1	false	42.57	ctg_fasta
Avenella_flexuosa	mito	ctg000052l	1457	1	false	41.59	ctg_fasta
Avenella_flexuosa	mito	ctg000053l	1457	1	false	41.52	ctg_fasta
Avenella_flexuosa	mito	ctg000054l	2884	1	false	43.69	ctg_fasta
Avenella_flexuosa	mito	ctg000055l	1719	1	false	41.48	ctg_fasta
Avenella_flexuosa	mito	ctg000056l	1731	1	false	41.36	ctg_fasta
Avenella_flexuosa	mito	ctg000057l	2733	1	false	43.58	ctg_fasta
Avenella_flexuosa	mito	ctg000058l	2246	1	false	45.06	ctg_fasta
Avenella_flexuosa	mito	ctg000059l	2242	1	false	45.05	ctg_fasta
Avenella_flexuosa	mito	ctg000060l	2236	1	false	43.56	ctg_fasta
Avenella_flexuosa	mito	ctg000061l	4385	1	false	46.34	ctg_fasta
Avenella_flexuosa	mito	ctg000062l	4396	1	false	46.22	ctg_fasta
Avenella_flexuosa	mito	ctg000063l	1525	1	false	43.61	ctg_fasta
Avenella_flexuosa	mito	ctg000064l	4205	1	false	42.85	ctg_fasta
Avenella_flexuosa	mito	ctg000065l	3008	1	false	44.81	ctg_fasta
Avenella_flexuosa	mito	ctg000066l	2498	1	false	45.04	ctg_fasta
Avenella_flexuosa	mito	ctg000067l	3088	1	false	46.11	ctg_fasta
Avenella_flexuosa	mito	ctg000068l	6002	1	false	41.75	ctg_fasta
Avenella_flexuosa	mito	ctg000069l	5999	1	false	41.74	ctg_fasta
Avenella_flexuosa	mito	ctg000070l	1937	1	false	44.91	ctg_fasta
Avenella_flexuosa	mito	ctg000071l	4426	1	false	44.08	ctg_fasta
Avenella_flexuosa	mito	ctg000072l	1776	1	false	43.52	ctg_fasta
Avenella_flexuosa	mito	ctg000073l	2069	1	false	41.9	ctg_fasta
Avenella_flexuosa	mito	ctg000074l	2069	1	false	41.86	ctg_fasta
Avenella_flexuosa	mito	ctg000075l	4074	1	false	42.59	ctg_fasta
Avenella_flexuosa	mito	ctg000076l	2069	1	false	40.21	ctg_fasta
Avenella_flexuosa	mito	ctg000077l	3965	1	false	43.51	ctg_fasta
Avenella_flexuosa	mito	ctg000078l	1991	1	false	39.23	ctg_fasta
Avenella_flexuosa	mito	ctg000079l	1991	1	false	39.13	ctg_fasta
Avenella_flexuosa	mito	ctg000080l	3773	1	false	45.03	ctg_fasta
Avenella_flexuosa	mito	ctg000081l	1377	1	false	41.98	ctg_fasta
Avenella_flexuosa	mito	ctg000082l	1667	1	false	40.61	ctg_fasta
Avenella_flexuosa	mito	ctg000083l	1667	1	false	40.55	ctg_fasta
Avenella_flexuosa	mito	ctg000084l	2166	1	false	42.61	ctg_fasta
Avenella_flexuosa	mito	ctg000085l	2095	1	false	47.11	ctg_fasta
Avenella_flexuosa	mito	ctg000086l	2092	1	false	47.08	ctg_fasta
Avenella_flexuosa	mito	ctg000087l	1853	1	false	43.23	ctg_fasta
Avenella_flexuosa	mito	ctg000088l	9339	1	false	47.84	ctg_fasta
Avenella_flexuosa	mito	ctg000089l	4329	1	false	49.78	ctg_fasta
Avenella_flexuosa	mito	ctg000090l	4330	1	false	49.75	ctg_fasta
Avenella_flexuosa	mito	ctg000091l	2588	1	false	43.2	ctg_fasta
Avenella_flexuosa	mito	ctg000092l	2588	1	false	43.2	ctg_fasta
Avenella_flexuosa	mito	ctg000093l	3968	1	false	44.51	ctg_fasta
Avenella_flexuosa	mito	ctg000094l	2138	1	false	42.19	ctg_fasta
Avenella_flexuosa	mito	ctg000095l	1630	1	false	41.78	ctg_fasta
Avenella_flexuosa	mito	ctg000096l	1497	1	false	43.02	ctg_fasta
Avenella_flexuosa	mito	ctg000097l	1497	1	false	42.95	ctg_fasta
Avenella_flexuosa	mito	ctg000098l	2496	1	false	42.51	ctg_fasta
Avenella_flexuosa	mito	ctg000099l	2496	1	false	42.55	ctg_fasta
Avenella_flexuosa	mito	ctg000100l	1417	1	false	42.06	ctg_fasta
Avenella_flexuosa	mito	ctg000101l	1676	1	false	34.25	ctg_fasta
Avenella_flexuosa	mito	ctg000102l	1676	1	false	34.31	ctg_fasta
Avenella_flexuosa	mito	ctg000103l	7776	1	false	43.99	ctg_fasta
Avenella_flexuosa	mito	ctg000104l	4371	1	false	45.48	ctg_fasta
Avenella_flexuosa	mito	ctg000105l	4366	1	false	45.46	ctg_fasta
Avenella_flexuosa	mito	ctg000106l	2015	1	false	43.37	ctg_fasta
Avenella_flexuosa	mito	ctg000107l	3549	1	false	43.9	ctg_fasta
Avenella_flexuosa	mito	ctg000108l	3542	1	false	44.01	ctg_fasta
Avenella_flexuosa	mito	ctg000109l	6094	1	false	45.31	ctg_fasta
Avenella_flexuosa	mito	ctg000110l	9045	1	false	43.38	ctg_fasta
Avenella_flexuosa	mito	ctg000111l	3356	1	false	43.06	ctg_fasta
Avenella_flexuosa	mito	ctg000112l	2155	1	false	42.0	ctg_fasta
Avenella_flexuosa	mito	ctg000113l	2155	1	false	42.09	ctg_fasta
Avenella_flexuosa	mito	ctg000114l	10358	1	false	45.6	ctg_fasta
Avenella_flexuosa	mito	ctg000115l	1442	1	false	46.12	ctg_fasta
Avenella_flexuosa	mito	ctg000116l	1442	1	false	46.05	ctg_fasta
Avenella_flexuosa	mito	ctg000117l	5334	1	false	48.63	ctg_fasta
Avenella_flexuosa	mito	ctg000118l	1580	1	false	43.16	ctg_fasta
Avenella_flexuosa	mito	ctg000119l	1580	1	false	43.16	ctg_fasta
Avenella_flexuosa	mito	ctg000120l	2707	1	false	44.7	ctg_fasta
Avenella_flexuosa	mito	ctg000121l	1692	1	false	44.44	ctg_fasta
Avenella_flexuosa	mito	ctg000122l	2857	1	false	44.0	ctg_fasta
Avenella_flexuosa	mito	ctg000123l	3249	1	false	42.72	ctg_fasta
Avenella_flexuosa	mito	ctg000124l	5383	1	false	44.94	ctg_fasta
Avenella_flexuosa	mito	ctg000125l	5378	1	false	44.98	ctg_fasta
Avenella_flexuosa	mito	ctg000126l	3332	1	false	45.14	ctg_fasta
Avenella_flexuosa	mito	ctg000127l	3482	1	false	45.23	ctg_fasta
Avenella_flexuosa	mito	ctg000128l	3493	1	false	45.18	ctg_fasta
Avenella_flexuosa	mito	ctg000129l	3200	1	false	39.69	ctg_fasta
Avenella_flexuosa	mito	ctg000130l	1544	1	false	36.27	ctg_fasta
Avenella_flexuosa	mito	ctg000131l	3532	1	false	43.77	ctg_fasta
Avenella_flexuosa	mito	ctg000132l	1378	1	false	50.58	ctg_fasta
Avenella_flexuosa	mito	ctg000133l	1347	1	false	40.39	ctg_fasta
Avenella_flexuosa	mito	ctg000134l	1351	1	false	42.93	ctg_fasta
Avenella_flexuosa	mito	ctg000135l	1371	1	false	47.63	ctg_fasta
Avenella_flexuosa	mito	ctg000136l	1398	1	false	43.13	ctg_fasta
Avenella_flexuosa	mito	ctg000137l	1398	1	false	43.35	ctg_fasta
Avenella_flexuosa	mito	ctg000138l	1348	1	false	43.25	ctg_fasta
Avenella_flexuosa	mito	ctg000139l	1403	1	false	42.55	ctg_fasta
Avenella_flexuosa	mito	ctg000140l	1378	1	false	46.81	ctg_fasta
Avenella_flexuosa	mito	ctg000141l	1391	1	false	43.35	ctg_fasta
Avenella_flexuosa	mito	ctg000142l	1364	1	false	45.23	ctg_fasta
Avenella_flexuosa	mito	ctg000143l	1421	1	false	42.22	ctg_fasta
Avenella_flexuosa	mito	ctg000144l	1427	1	false	43.73	ctg_fasta
Avenella_flexuosa	mito	ctg000145l	1396	1	false	43.62	ctg_fasta
Avenella_flexuosa	mito	ctg000146l	1418	1	false	44.01	ctg_fasta
Avenella_flexuosa	mito	ctg000147l	1379	1	false	50.18	ctg_fasta
Avenella_flexuosa	mito	ctg000148l	1348	1	false	43.03	ctg_fasta
Avenella_flexuosa	mito	ctg000149l	1414	1	false	43.14	ctg_fasta
Avenella_flexuosa	mito	ctg000150l	1363	1	false	41.67	ctg_fasta
Avenella_flexuosa	mito	ctg000151l	1390	1	false	43.31	ctg_fasta
Avenella_flexuosa	mito	ctg000152l	1388	1	false	43.23	ctg_fasta
Avenella_flexuosa	mito	ctg000153l	1371	1	false	47.7	ctg_fasta
Avenella_flexuosa	mito	ctg000154l	1402	1	false	42.51	ctg_fasta
Avenella_flexuosa	mito	ctg000155l	1416	1	false	43.15	ctg_fasta
Azolla_filiculoides	mito	ctg000001l	11320	1	false	48.75	ctg_fasta
Azolla_filiculoides	mito	ctg000002l	9946	1	false	41.31	ctg_fasta
Azolla_filiculoides	mito	ctg000003l	11282	1	false	46.65	ctg_fasta
Azolla_filiculoides	mito	ctg000004l	9046	1	false	43.77	ctg_fasta
Azolla_filiculoides	mito	ctg000005l	1549	1	false	43.77	ctg_fasta
Azolla_filiculoides	mito	ctg000006l	1533	1	false	43.71	ctg_fasta
Azolla_filiculoides	mito	ctg000007l	1758	1	false	44.94	ctg_fasta
Azolla_filiculoides	mito	ctg000008l	2259	1	false	45.86	ctg_fasta
Azolla_filiculoides	mito	ctg000009l	2254	1	false	45.92	ctg_fasta
Azolla_filiculoides	mito	ctg000010l	1638	1	false	47.92	ctg_fasta
Azolla_filiculoides	mito	ctg000011l	1643	1	false	47.9	ctg_fasta
Azolla_filiculoides	mito	ctg000012l	5253	1	false	49.15	ctg_fasta
Azolla_filiculoides	mito	ctg000013l	1847	1	false	44.29	ctg_fasta
Azolla_filiculoides	mito	ctg000014l	1852	1	false	44.17	ctg_fasta
Azolla_filiculoides	mito	ctg000015l	1909	1	false	42.95	ctg_fasta
Azolla_filiculoides	mito	ctg000016l	1532	1	false	43.8	ctg_fasta
Azolla_filiculoides	mito	ctg000017l	11200	1	false	47.98	ctg_fasta
Azolla_filiculoides	mito	ctg000018l	1485	1	false	44.11	ctg_fasta
Azolla_filiculoides	mito	ctg000019l	1486	1	false	44.28	ctg_fasta
Azolla_filiculoides	mito	ctg000020l	3698	1	false	47.05	ctg_fasta
Azolla_filiculoides	mito	ctg000021l	1451	1	false	46.45	ctg_fasta
Azolla_filiculoides	mito	ctg000022l	1447	1	false	46.44	ctg_fasta
Azolla_filiculoides	mito	ctg000023l	2351	1	false	49.85	ctg_fasta
Azolla_filiculoides	mito	ctg000024l	1431	1	false	46.96	ctg_fasta
Azolla_filiculoides	mito	ctg000025l	1432	1	false	47.14	ctg_fasta
Azolla_filiculoides	mito	ctg000026l	1891	1	false	41.62	ctg_fasta
Azolla_filiculoides	mito	ctg000027l	1833	1	false	44.9	ctg_fasta
Azolla_filiculoides	mito	ctg000028l	1969	1	false	44.69	ctg_fasta
Azolla_filiculoides	mito	ctg000029l	1831	1	false	44.95	ctg_fasta
Azolla_filiculoides	mito	ctg000030l	1822	1	false	45.55	ctg_fasta
Azolla_filiculoides	mito	ctg000031l	1824	1	false	45.5	ctg_fasta
Azolla_filiculoides	mito	ctg000032l	1892	1	false	41.54	ctg_fasta
Azolla_filiculoides	mito	ctg000033l	2213	1	false	42.07	ctg_fasta
Azolla_filiculoides	mito	ctg000034l	1447	1	false	44.57	ctg_fasta
Azolla_filiculoides	mito	ctg000035l	1448	1	false	44.75	ctg_fasta
Azolla_filiculoides	mito	ctg000036l	3590	1	false	42.26	ctg_fasta
Azolla_filiculoides	mito	ctg000037l	2630	1	false	49.73	ctg_fasta
Azolla_filiculoides	mito	ctg000038l	2634	1	false	49.73	ctg_fasta
Azolla_filiculoides	mito	ctg000039l	1470	1	false	51.63	ctg_fasta
Azolla_filiculoides	mito	ctg000040l	1517	1	false	50.63	ctg_fasta
Azolla_filiculoides	mito	ctg000041l	1661	1	false	50.51	ctg_fasta
Azolla_filiculoides	mito	ctg000042l	1471	1	false	51.46	ctg_fasta
Azolla_filiculoides	mito	ctg000043l	1515	1	false	50.56	ctg_fasta
Azolla_filiculoides	mito	ctg000044l	1657	1	false	50.51	ctg_fasta
Azolla_filiculoides	mito	ctg000045l	7229	1	false	45.86	ctg_fasta
Azolla_filiculoides	mito	ctg000046l	1575	1	false	41.65	ctg_fasta
Azolla_filiculoides	mito	ctg000047l	2531	1	false	48.56	ctg_fasta
Azolla_filiculoides	mito	ctg000048l	2022	1	false	45.35	ctg_fasta
Azolla_filiculoides	mito	ctg000049l	1941	1	false	47.76	ctg_fasta
Azolla_filiculoides	mito	ctg000050l	2017	1	false	45.36	ctg_fasta
Azolla_filiculoides	mito	ctg000051l	1532	1	false	43.8	ctg_fasta
Azolla_filiculoides	mito	ctg000052l	1531	1	false	43.89	ctg_fasta
Azolla_filiculoides	mito	ctg000053l	1488	1	false	42.14	ctg_fasta
Azolla_filiculoides	mito	ctg000054l	1489	1	false	42.31	ctg_fasta
Azolla_filiculoides	mito	ctg000055l	3020	1	false	44.54	ctg_fasta
Azolla_filiculoides	mito	ctg000056l	5960	1	false	47.18	ctg_fasta
Azolla_filiculoides	mito	ctg000057l	4196	1	false	48.4	ctg_fasta
Azolla_filiculoides	mito	ctg000058l	2428	1	false	40.4	ctg_fasta
Azolla_filiculoides	mito	ctg000059l	4457	1	false	43.59	ctg_fasta
Azolla_filiculoides	mito	ctg000060l	1869	1	false	44.68	ctg_fasta
Azolla_filiculoides	mito	ctg000061l	1453	1	false	56.3	ctg_fasta
Azolla_filiculoides	mito	ctg000062l	1569	1	false	51.63	ctg_fasta
Azolla_filiculoides	mito	ctg000063l	1613	1	false	51.15	ctg_fasta
Azolla_filiculoides	mito	ctg000064l	1613	1	false	51.15	ctg_fasta
Azolla_filiculoides	mito	ctg000065l	1471	1	false	42.49	ctg_fasta
Azolla_filiculoides	mito	ctg000066l	1470	1	false	42.31	ctg_fasta
Azolla_filiculoides	mito	ctg000067l	1477	1	false	42.52	ctg_fasta
Azolla_filiculoides	mito	ctg000068l	1452	1	false	42.22	ctg_fasta
Azolla_filiculoides	mito	ctg000069l	1451	1	false	42.04	ctg_fasta
Azolla_filiculoides	mito	ctg000070l	5180	1	false	45.29	ctg_fasta
Azolla_filiculoides	mito	ctg000071l	1605	1	false	42.06	ctg_fasta
Azolla_filiculoides	mito	ctg000072l	1478	1	false	42.69	ctg_fasta
Azolla_filiculoides	mito	ctg000073l	1510	1	false	49.54	ctg_fasta
Azolla_filiculoides	mito	ctg000074l	1427	1	false	45.13	ctg_fasta
Azolla_filiculoides	mito	ctg000075l	1442	1	false	44.17	ctg_fasta
Azolla_filiculoides	mito	ctg000076l	1436	1	false	44.36	ctg_fasta
Azolla_filiculoides	mito	ctg000077l	1383	1	false	46.28	ctg_fasta
Azolla_filiculoides	mito	ctg000078l	1432	1	false	44.97	ctg_fasta
Azolla_filiculoides	mito	ctg000079l	1404	1	false	49.07	ctg_fasta
Azolla_filiculoides	mito	ctg000080l	1377	1	false	49.31	ctg_fasta
Azolla_filiculoides	mito	ctg000081l	1442	1	false	44.38	ctg_fasta
Azolla_filiculoides	mito	ctg000082l	1435	1	false	44.6	ctg_fasta
Azolla_filiculoides	mito	ctg000083l	1428	1	false	45.31	ctg_fasta
Azolla_filiculoides	mito	ctg000084l	1428	1	false	44.75	ctg_fasta
Azolla_filiculoides	mito	ctg000085l	1415	1	false	45.23	ctg_fasta
Azolla_filiculoides	mito	ctg000086l	1414	1	false	45.05	ctg_fasta
Azolla_filiculoides	mito	ctg000087l	1382	1	false	46.53	ctg_fasta
Azolla_filiculoides	mito	ctg000088l	1432	1	false	43.65	ctg_fasta
Azolla_filiculoides	mito	ctg000089l	1417	1	false	46.29	ctg_fasta
Azolla_filiculoides	mito	ctg000090l	1405	1	false	49.25	ctg_fasta
Azolla_filiculoides	mito	ctg000091l	1396	1	false	43.98	ctg_fasta
Azolla_filiculoides	mito	ctg000092l	1377	1	false	44.23	ctg_fasta
Azolla_filiculoides	mito	ctg000093l	1356	1	false	46.53	ctg_fasta
Azolla_filiculoides	mito	ctg000094l	1405	1	false	50.46	ctg_fasta
Azolla_filiculoides	mito	ctg000095l	1393	1	false	48.82	ctg_fasta
Azolla_filiculoides	mito	ctg000096l	1403	1	false	49.11	ctg_fasta
Azolla_filiculoides	mito	ctg000097l	1404	1	false	49.29	ctg_fasta
Azolla_filiculoides	mito	ctg000098l	1402	1	false	50.64	ctg_fasta
Azolla_filiculoides	mito	ctg000099l	1403	1	false	50.82	ctg_fasta
Azolla_filiculoides	mito	ctg000100l	1404	1	false	50.28	ctg_fasta
Azolla_filiculoides	mito	ctg000101l	1394	1	false	49.0	ctg_fasta
Azolla_filiculoides	mito	ctg000102l	1427	1	false	44.85	ctg_fasta
Azolla_filiculoides	mito	ctg000103l	1432	1	false	43.51	ctg_fasta
Azolla_filiculoides	mito	ctg000104l	1427	1	false	44.99	ctg_fasta
Azolla_filiculoides	mito	ctg000105l	1427	1	false	44.92	ctg_fasta
Azolla_filiculoides	mito	ctg000106l	1409	1	false	47.2	ctg_fasta
Azolla_filiculoides	mito	ctg000107l	1444	1	false	43.56	ctg_fasta
Azolla_filiculoides	mito	ctg000108l	1432	1	false	43.78	ctg_fasta
Azolla_filiculoides	mito	ctg000109l	1420	1	false	43.66	ctg_fasta
Azolla_filiculoides	mito	ctg000110l	1443	1	false	43.45	ctg_fasta
Azolla_filiculoides	mito	ctg000111l	1411	1	false	49.04	ctg_fasta
Azolla_filiculoides	mito	ctg000112l	1438	1	false	44.99	ctg_fasta
Azolla_filiculoides	mito	ctg000113l	1435	1	false	44.25	ctg_fasta
Azolla_filiculoides	mito	ctg000114l	1355	1	false	49.23	ctg_fasta
Azolla_filiculoides	mito	ctg000115l	1365	1	false	47.18	ctg_fasta
Azolla_filiculoides	mito	ctg000116l	1427	1	false	45.13	ctg_fasta
Azolla_filiculoides	mito	ctg000117l	1423	1	false	45.26	ctg_fasta
Azolla_filiculoides	mito	ctg000118l	1428	1	false	44.89	ctg_fasta
Azolla_filiculoides	mito	ctg000119l	1422	1	false	45.43	ctg_fasta
Azolla_filiculoides	mito	ctg000120l	1429	1	false	44.86	ctg_fasta
Azolla_filiculoides	mito	ctg000121l	1445	1	false	44.71	ctg_fasta
Azolla_filiculoides	mito	ctg000122l	1443	1	false	44.01	ctg_fasta
Azolla_filiculoides	mito	ctg000123l	1377	1	false	44.37	ctg_fasta
Azolla_filiculoides	mito	ctg000124l	1354	1	false	46.53	ctg_fasta
Azolla_filiculoides	mito	ctg000125l	1410	1	false	46.31	ctg_fasta
Azolla_filiculoides	mito	ctg000126l	1390	1	false	49.28	ctg_fasta
Azolla_filiculoides	mito	ctg000127l	1384	1	false	51.66	ctg_fasta
Azolla_filiculoides	mito	ctg000128l	1385	1	false	51.84	ctg_fasta
Azolla_filiculoides	mito	ctg000129l	1384	1	false	51.88	ctg_fasta
Azolla_filiculoides	mito	ctg000130l	1383	1	false	51.7	ctg_fasta
Azolla_filiculoides	mito	ctg000131l	1434	1	false	44.49	ctg_fasta
Azolla_filiculoides	mito	ctg000132l	1431	1	false	46.75	ctg_fasta
Azolla_filiculoides	mito	ctg000133l	1427	1	false	44.71	ctg_fasta
Azolla_filiculoides	mito	ctg000134l	1423	1	false	45.61	ctg_fasta
Azolla_filiculoides	mito	ctg000135l	1430	1	false	45.03	ctg_fasta
Azolla_filiculoides	mito	ctg000136l	1424	1	false	45.22	ctg_fasta
Azolla_filiculoides	mito	ctg000137l	1444	1	false	44.39	ctg_fasta
Azolla_filiculoides	mito	ctg000138l	1400	1	false	42.79	ctg_fasta
Azolla_filiculoides	mito	ctg000139l	1444	1	false	44.53	ctg_fasta
Azolla_filiculoides	mito	ctg000140l	1412	1	false	44.48	ctg_fasta
Azolla_filiculoides	mito	ctg000141l	1455	1	false	52.3	ctg_fasta
Azolla_filiculoides	mito	ctg000142l	1345	1	false	51.75	ctg_fasta
Azolla_filiculoides	mito	ctg000143l	1346	1	false	51.93	ctg_fasta
Azolla_filiculoides	mito	ctg000144l	1409	1	false	47.98	ctg_fasta
Azolla_filiculoides	mito	ctg000145l	1410	1	false	48.16	ctg_fasta
Azolla_filiculoides	mito	ctg000146l	1402	1	false	50.86	ctg_fasta
Azolla_filiculoides	mito	ctg000147l	1426	1	false	45.02	ctg_fasta
Azolla_filiculoides	mito	ctg000148l	1438	1	false	54.31	ctg_fasta
Azolla_filiculoides	mito	ctg000149l	1454	1	false	44.7	ctg_fasta
Azolla_filiculoides	mito	ctg000150l	1456	1	false	44.64	ctg_fasta
Azolla_filiculoides	mito	ctg000151l	1437	1	false	46.35	ctg_fasta
Azolla_filiculoides	mito	ctg000152l	1436	1	false	46.17	ctg_fasta
Azolla_filiculoides	mito	ctg000153l	1441	1	false	44.55	ctg_fasta
Azolla_filiculoides	mito	ctg000154l	1442	1	false	44.73	ctg_fasta
Azolla_filiculoides	mito	ctg000155l	1442	1	false	44.8	ctg_fasta
Azolla_filiculoides	mito	ctg000156l	1428	1	false	45.31	ctg_fasta
Azolla_filiculoides	mito	ctg000157l	1438	1	false	44.78	ctg_fasta
Azolla_filiculoides	mito	ctg000158l	1437	1	false	44.61	ctg_fasta
Azolla_filiculoides	mito	ctg000159l	1398	1	false	42.92	ctg_fasta
Azolla_filiculoides	mito	ctg000160l	1420	1	false	45.35	ctg_fasta
Azolla_filiculoides	mito	ctg000161l	1437	1	false	45.44	ctg_fasta
Azolla_filiculoides	mito	ctg000162l	1453	1	false	43.91	ctg_fasta
Azolla_filiculoides	mito	ctg000163l	1420	1	false	45.49	ctg_fasta
Azolla_filiculoides	mito	ctg000164l	1421	1	false	45.67	ctg_fasta
Azolla_filiculoides	mito	ctg000165l	1431	1	false	42.0	ctg_fasta
Azolla_filiculoides	mito	ctg000166l	1432	1	false	42.18	ctg_fasta
Azolla_filiculoides	mito	ctg000167l	1456	1	false	42.31	ctg_fasta
Azolla_filiculoides	mito	ctg000168l	1455	1	false	42.13	ctg_fasta
Azolla_filiculoides	mito	ctg000169l	1437	1	false	46.56	ctg_fasta
Azolla_filiculoides	mito	ctg000170l	1438	1	false	46.59	ctg_fasta
Azolla_filiculoides	mito	ctg000171l	1459	1	false	42.56	ctg_fasta
Azolla_filiculoides	mito	ctg000172l	1458	1	false	42.39	ctg_fasta
Azolla_filiculoides	mito	ctg000173l	1426	1	false	45.09	ctg_fasta
Azolla_filiculoides	mito	ctg000174l	27790	1	false	40.56	ctg_fasta
Azolla_filiculoides	mito	ctg000175l	17871	1	false	41.93	ctg_fasta
Baldellia_ranunculoides	mito	ctg000001c	44646	1	true	46.45	ctg_fasta
Baldellia_ranunculoides	mito	ctg000002c	224616	5	true	47.89	ctg_fasta
Ballota_nigra	mito	ctg000001c	125741	1	true	44.75	ctg_fasta
Ballota_nigra	mito	ctg000002c	121674	1	true	44.67	ctg_fasta
Ballota_nigra	mito	ctg000003c	148173	1	true	45.21	ctg_fasta
Barbarea_vulgaris	mito	ctg000001c	393129	51	true	44.95	ctg_fasta
Bartramia_pomiformis	mito	ctg000001c	105983	2	true	39.04	ctg_fasta
Bazzania_pearsonii	mito	ctg000001c	160786	1	true	45.76	ctg_fasta
Bazzania_tricrenata	mito	ctg000001c	162462	1	true	45.76	ctg_fasta
Bazzania_trilobata	mito	ctg000001c	162492	1	true	45.71	ctg_fasta
Bellardia_viscosa	mito	ctg000001c	466671	6	true	43.84	ctg_fasta
Bellardia_viscosa	mito	ctg000002c	75314	1	true	43.84	ctg_fasta
Bellis_perennis	mito	ctg000001c	262077	4	true	45.02	ctg_fasta
Berberis_aquifolium	mito	ctg000001l	385784	7	false	45.75	ctg_fasta
Berberis_aquifolium	mito	ctg000002c	94423	1	true	45.46	ctg_fasta
Berberis_aquifolium	mito	ctg000003c	187339	2	true	44.72	ctg_fasta
Berberis_aquifolium	mito	ctg000004c	118140	1	true	45.12	ctg_fasta
Berberis_aquifolium	mito	ctg000005c	74644	1	true	45.83	ctg_fasta
Berberis_vulgaris	mito	ctg000001c	786618	14	true	45.44	ctg_fasta
Berula_erecta	mito	ctg000001l	388525	17	false	44.62	ctg_fasta
Beta_vulgaris	mito	ctg000001l	335832	9	false	43.94	ctg_fasta
Betonica_officinalis	mito	ctg000001c	348131	10	true	45.13	ctg_fasta
Betula_pendula	mito	ctg000001c	667830	8	true	45.46	ctg_fasta
Betula_pubescens	mito	ctg000001c	661962	8	true	45.49	ctg_fasta
Bidens_cernua	mito	ctg000001c	167396	13	true	45.11	ctg_fasta
Bidens_cernua	mito	ctg000002c	37261	1	true	45.65	ctg_fasta
Bidens_cernua	mito	ctg000003c	7645	1	true	46.23	ctg_fasta
Bistorta_vivipara	mito	ctg000001c	33743	1	true	42.49	ctg_fasta
Bistorta_vivipara	mito	ctg000002c	67051	1	true	45.15	ctg_fasta
Bistorta_vivipara	mito	ctg000003c	58260	1	true	45.39	ctg_fasta
Bistorta_vivipara	mito	ctg000004c	54035	1	true	44.74	ctg_fasta
Bistorta_vivipara	mito	ctg000005c	30104	1	true	45.74	ctg_fasta
Bistorta_vivipara	mito	ctg000006c	38102	1	true	44.25	ctg_fasta
Bistorta_vivipara	mito	ctg000007c	72406	1	true	44.31	ctg_fasta
Blackstonia_perfoliata	mito	ctg000001c	332039	12	true	43.75	ctg_fasta
Blasia_pusilla	mito	ctg000001c	185171	1	true	42.69	ctg_fasta
Blindia_acuta	mito	ctg000001c	106303	1	true	39.44	ctg_fasta
Blindiadelphus_recurvatus	mito	ctg000001c	106825	1	true	39.68	ctg_fasta
Blitum_bonus_henricus	mito	ctg000001l	305381	11	false	44.12	ctg_fasta
Blysmopsis_rufa	mito	ctg000001l	2698040	85	false	40.83	ctg_fasta
Blysmopsis_rufa	mito	ctg000002l	14253	1	false	40.74	ctg_fasta
Blysmopsis_rufa	mito	ctg000003l	35736	1	false	41.64	ctg_fasta
Blysmopsis_rufa	mito	ctg000004c	201458	1	true	40.55	ctg_fasta
Borago_officinalis	mito	ctg000001c	187174	4	true	44.07	ctg_fasta
Borago_officinalis	mito	ctg000002c	73230	1	true	45.11	ctg_fasta
Borago_officinalis	mito	ctg000003c	109051	1	true	43.86	ctg_fasta
Borago_officinalis	mito	ctg000004c	65162	1	true	44.61	ctg_fasta
Borago_officinalis	mito	ctg000005c	66535	2	true	43.94	ctg_fasta
Brachydontium_trichodes	mito	ctg000001c	104339	1	true	39.45	ctg_fasta
Brachypodium_pinnatum	mito	ctg000001c	491929	18	true	44.2	ctg_fasta
Brachypodium_sylvaticum	mito	ctg000001c	533239	22	true	44.19	ctg_fasta
Brachythecium_rutabulum	mito	ctg000001c	104523	1	true	40.98	ctg_fasta
Brassica_nigra	mito	ctg000001c	232214	4	true	45.32	ctg_fasta
Brassica_oleracea	mito						no_assembly
Braunia_imberbis	mito	ctg000001c	107071	1	true	39.65	ctg_fasta
Briza_media	mito	ctg000001l	384970	5	false	44.22	ctg_fasta
Briza_media	mito	ctg000002l	90966	1	false	44.49	ctg_fasta
Bromus_benekenii	mito	ctg000001l	424249	23	false	44.41	ctg_fasta
Bromus_benekenii	mito	ctg000002l	21509	1	false	42.38	ctg_fasta
Bromus_benekenii	mito	ctg000003l	26492	1	false	43.76	ctg_fasta
Bromus_hordeaceus	mito	ctg000001c	488720	20	true	44.3	ctg_fasta
Bromus_interruptus	mito	ctg000001c	488720	20	true	44.3	ctg_fasta
Bromus_secalinus	mito	ctg000001c	405761	4	true	45.09	ctg_fasta
Bromus_sterilis	mito	ctg000001c	523284	27	true	44.49	ctg_fasta
Bryoerythrophyllum_caledonicum	mito	ctg000001c	106392	1	true	39.54	ctg_fasta
Bryoerythrophyllum_ferruginascens	mito	ctg000001c	106405	1	true	39.44	ctg_fasta
Bryonia_dioica	mito	ctg000001c	232244	1	true	45.72	ctg_fasta
Bryonia_dioica	mito	ctg000002c	119985	1	true	44.54	ctg_fasta
Bryum_calophyllum	mito	ctg000001c	99353	1	true	39.33	ctg_fasta
Bryum_knowltonii	mito	ctg000001c	99389	3	true	39.32	ctg_fasta
Bryum_marratii	mito	ctg000001c	101418	1	true	39.29	ctg_fasta
Bryum_riparium	mito	ctg000001c	101278	1	true	39.21	ctg_fasta
Buddleja_davidii	mito	ctg000001c	539871	4	true	45.07	ctg_fasta
Butomus_umbellatus	mito	ctg000001c	450833	10	true	49.1	ctg_fasta
Buxus_sempervirens	mito	ctg000001l	708096	19	false	45.33	ctg_fasta
Buxus_sempervirens	mito	ctg000002l	17585	1	false	46.05	ctg_fasta
Buxus_sempervirens	mito	ctg000003c	89278	1	true	45.51	ctg_fasta
Buxus_sempervirens	mito	ctg000004c	25408	1	true	45.49	ctg_fasta
Buxus_sempervirens	mito	ctg000005c	27197	1	true	44.89	ctg_fasta
Buxus_sempervirens	mito	ctg000006c	45770	1	true	45.58	ctg_fasta
Buxus_sempervirens	mito	ctg000007c	27510	1	true	45.84	ctg_fasta
Buxus_sempervirens	mito	ctg000008c	17374	1	true	44.12	ctg_fasta
Cakile_maritima	mito	ctg000001c	242745	4	true	45.12	ctg_fasta
Cakile_maritima	mito	ctg000002c	197091	12	true	43.74	ctg_fasta
Calendula_officinalis	mito	ctg000001c	225497	8	true	44.78	ctg_fasta
Calendula_officinalis	mito	ctg000002c	127823	1	true	45.13	ctg_fasta
Calliergon_cordifolium	mito	ctg000001c	104646	1	true	40.92	ctg_fasta
Calliergon_giganteum	mito	ctg000001c	104547	1	true	40.94	ctg_fasta
Calliergonella_cuspidata	mito	ctg000001c	105661	2	true	41.11	ctg_fasta
Callitriche_obtusangula	mito	ctg000001c	336665	14	true	42.57	ctg_fasta
Callitriche_obtusangula	mito	ctg000002l	10089	1	false	39.1	ctg_fasta
Callitriche_obtusangula	mito	ctg000003c	26683	1	true	42.23	ctg_fasta
Callitriche_obtusangula	mito	ctg000004c	39371	1	true	42.76	ctg_fasta
Callitriche_stagnalis	mito	ctg000001c	300853	17	true	42.78	ctg_fasta
Calluna_vulgaris	mito	ctg000001c	440945	4	true	45.12	ctg_fasta
Calypogeia_arguta	mito	ctg000001c	159054	1	true	45.57	ctg_fasta
Calypogeia_muelleriana	mito	ctg000001l	160946	1	false	45.25	ctg_fasta
Calystegia_pulchra	mito	ctg000001c	299730	15	true	43.61	ctg_fasta
Calystegia_sepium	mito	ctg000001c	287334	19	true	43.57	ctg_fasta
Calystegia_soldanella	mito	ctg000001c	279181	35	true	43.98	ctg_fasta
Campanula_glomerata	mito	ctg000001c	280546	1	true	44.36	ctg_fasta
Campanula_glomerata	mito	ctg000002c	155803	8	true	43.77	ctg_fasta
Campanula_medium	mito	ctg000001c	281371	10	true	44.52	ctg_fasta
Campanula_patula	mito	ctg000001c	309182	8	true	44.58	ctg_fasta
Campanula_rotundifolia	mito	ctg000001l	342768	5	false	44.36	ctg_fasta
Camptothecium_lutescens	mito	ctg000001c	104254	1	true	41.04	ctg_fasta
Campylium_stellatum	mito	ctg000001c	104131	1	true	40.99	ctg_fasta
Campylopus_flexuosus	mito	ctg000001c	101683	1	true	39.98	ctg_fasta
Campylopus_flexuosus	mito	ctg000002c	37995	1	true	26.26	ctg_fasta
Campylopus_introflexus	mito	ctg000001c	101679	1	true	39.8	ctg_fasta
Capsella_bursa_pastoris	mito	ctg000001c	287290	2	true	44.74	ctg_fasta
Cardamine_amara	mito	ctg000001c	309469	4	true	44.93	ctg_fasta
Cardamine_bulbifera	mito	ctg000001c	284774	4	true	45.1	ctg_fasta
Cardamine_flexuosa	mito	ctg000001c	299980	7	true	45.04	ctg_fasta
Cardamine_hirsuta	mito	ctg000001c	300090	6	true	45.04	ctg_fasta
Cardamine_pratensis	mito	ctg000001c	300364	8	true	44.97	ctg_fasta
Cardamine_raphanifolia	mito	ctg000001c	88816	1	true	45.77	ctg_fasta
Cardamine_raphanifolia	mito	ctg000002c	187704	1	true	44.54	ctg_fasta
Carduus_crispus	mito	ctg000001c	343604	10	true	45.34	ctg_fasta
Carduus_nutans	mito	ctg000001c	343604	8	true	45.34	ctg_fasta
Carduus_tenuiflorus	mito	ctg000001c	372725	8	true	45.09	ctg_fasta
Carex_acutiformis	mito	ctg000001l	931649	17	false	41.24	ctg_fasta
Carex_acutiformis	mito	ctg000002l	17682	1	false	39.5	ctg_fasta
Carex_acutiformis	mito	ctg000003l	31407	1	false	40.27	ctg_fasta
Carex_acutiformis	mito	ctg000004l	32361	1	false	40.39	ctg_fasta
Carex_acutiformis	mito	ctg000005c	340141	1	true	41.24	ctg_fasta
Carex_aquatilis	mito	ctg000001l	803120	15	false	41.06	ctg_fasta
Carex_aquatilis	mito	ctg000002l	55908	1	false	41.09	ctg_fasta
Carex_aquatilis	mito	ctg000003l	75587	1	false	40.56	ctg_fasta
Carex_aquatilis	mito	ctg000004l	227957	1	false	41.18	ctg_fasta
Carex_aquatilis	mito	ctg000005l	28418	1	false	39.97	ctg_fasta
Carex_aquatilis	mito	ctg000006l	20875	1	false	41.14	ctg_fasta
Carex_aquatilis	mito	ctg000007l	72651	1	false	42.13	ctg_fasta
Carex_aquatilis	mito	ctg000008l	35861	1	false	40.75	ctg_fasta
Carex_aquatilis	mito	ctg000009l	30159	1	false	41.4	ctg_fasta
Carex_arenaria	mito	ctg000001l	1378539	12	false	41.28	ctg_fasta
Carex_arenaria	mito	ctg000002l	13486	1	false	40.1	ctg_fasta
Carex_arenaria	mito	ctg000003l	11521	1	false	41.45	ctg_fasta
Carex_atrata	mito	ctg000001c	1341675	8	true	41.09	ctg_fasta
Carex_bigelowii	mito	ctg000001c	1270279	23	true	41.18	ctg_fasta
Carex_bigelowii	mito	ctg000002l	92347	1	false	41.21	ctg_fasta
Carex_buxbaumii	mito	ctg000001c	1099548	14	true	41.38	ctg_fasta
Carex_canescens	mito	ctg000001l	1618935	11	false	41.32	ctg_fasta
Carex_capillaris	mito	ctg000001c	581476	7	true	41.19	ctg_fasta
Carex_capillaris	mito	ctg000002c	550572	1	true	41.3	ctg_fasta
Carex_capillaris	mito	ctg000003l	97926	1	false	41.43	ctg_fasta
Carex_caryophyllea	mito	ctg000001l	1009923	19	false	41.19	ctg_fasta
Carex_caryophyllea	mito	ctg000002l	69698	1	false	41.13	ctg_fasta
Carex_caryophyllea	mito	ctg000003l	25958	1	false	40.64	ctg_fasta
Carex_caryophyllea	mito	ctg000004c	179402	1	true	41.26	ctg_fasta
Carex_depauperata	mito	ctg000001l	1269843	33	false	41.1	ctg_fasta
Carex_depauperata	mito	ctg000002l	23338	1	false	40.29	ctg_fasta
Carex_depauperata	mito	ctg000003l	11586	1	false	39.5	ctg_fasta
Carex_depauperata	mito	ctg000004l	144417	1	false	41.19	ctg_fasta
Carex_depauperata	mito	ctg000005c	165485	1	true	41.29	ctg_fasta
Carex_depauperata	mito	ctg000006c	132125	1	true	40.91	ctg_fasta
Carex_distans	mito	ctg000001l	2481736	13	false	41.08	ctg_fasta
Carex_distans	mito	ctg000002l	18629	1	false	41.59	ctg_fasta
Carex_distans	mito	ctg000003c	106578	1	true	40.49	ctg_fasta
Carex_disticha	mito	ctg000001c	471030	2	true	41.63	ctg_fasta
Carex_disticha	mito	ctg000002c	698323	18	true	41.17	ctg_fasta
Carex_divulsa	mito	ctg000001l	1043826	7	false	41.25	ctg_fasta
Carex_divulsa	mito	ctg000002c	334124	1	true	41.23	ctg_fasta
Carex_echinata	mito	ctg000001l	1396905	23	false	41.34	ctg_fasta
Carex_elata	mito	ctg000001l	1078568	13	false	41.3	ctg_fasta
Carex_elata	mito	ctg000002l	15666	1	false	40.71	ctg_fasta
Carex_elata	mito	ctg000003l	100556	1	false	40.93	ctg_fasta
Carex_elata	mito	ctg000004l	129904	1	false	41.52	ctg_fasta
Carex_extensa	mito	ctg000001c	1769201	26	true	40.98	ctg_fasta
Carex_extensa	mito	ctg000002c	171347	1	true	41.05	ctg_fasta
Carex_hirta	mito	ctg000001c	1038307	13	true	41.15	ctg_fasta
Carex_hirta	mito	ctg000002c	385102	1	true	41.33	ctg_fasta
Carex_hirta	mito	ctg000003l	17145	1	false	39.21	ctg_fasta
Carex_lachenalii	mito	ctg000001l	1618133	7	false	41.27	ctg_fasta
Carex_laevigata	mito	ctg000001l	2766227	7	false	40.85	ctg_fasta
Carex_lepidocarpa	mito	ctg000001l	1184903	15	false	41.32	ctg_fasta
Carex_lepidocarpa	mito	ctg000002c	166063	1	true	40.95	ctg_fasta
Carex_leporina	mito	ctg000001c	1352937	10	true	41.35	ctg_fasta
Carex_leporina	mito	ctg000002l	27439	1	false	40.35	ctg_fasta
Carex_montana	mito	ctg000001l	1069889	17	false	41.2	ctg_fasta
Carex_montana	mito	ctg000002l	38979	1	false	41.47	ctg_fasta
Carex_montana	mito	ctg000003l	30496	1	false	41.83	ctg_fasta
Carex_montana	mito	ctg000004l	122268	1	false	41.09	ctg_fasta
Carex_nigra	mito	ctg000001c	1477044	20	true	41.32	ctg_fasta
Carex_otrubae	mito	ctg000001l	891801	20	false	41.61	ctg_fasta
Carex_otrubae	mito	ctg000002l	16124	1	false	41.11	ctg_fasta
Carex_otrubae	mito	ctg000003l	86255	1	false	41.06	ctg_fasta
Carex_otrubae	mito	ctg000004l	81506	1	false	41.27	ctg_fasta
Carex_otrubae	mito	ctg000005l	78039	1	false	40.98	ctg_fasta
Carex_pallescens	mito	ctg000001c	1544783	8	true	41.34	ctg_fasta
Carex_panicea	mito	ctg000001c	1179032	16	true	41.63	ctg_fasta
Carex_panicea	mito	ctg000002l	107025	1	false	40.48	ctg_fasta
Carex_panicea	mito	ctg000003l	12570	1	false	41.1	ctg_fasta
Carex_panicea	mito	ctg000004l	11231	1	false	41.67	ctg_fasta
Carex_paniculata	mito	ctg000001c	405762	4	true	45.09	ctg_fasta
Carex_paniculata	mito	ctg000002c	183495	2	true	41.83	ctg_fasta
Carex_paniculata	mito	ctg000003c	1679473	17	true	41.18	ctg_fasta
Carex_paniculata	mito	ctg000004l	75108	1	false	40.73	ctg_fasta
Carex_pendula	mito	ctg000001l	1441904	25	false	41.11	ctg_fasta
Carex_pendula	mito	ctg000002c	420805	1	true	40.9	ctg_fasta
Carex_pseudocyperus	mito	ctg000001l	1157144	7	false	41.31	ctg_fasta
Carex_pulicaris	mito	ctg000001l	1604674	7	false	41.53	ctg_fasta
Carex_remota	mito	ctg000001l	1344739	17	false	41.11	ctg_fasta
Carex_remota	mito	ctg000002l	80614	1	false	40.92	ctg_fasta
Carex_remota	mito	ctg000003c	94559	1	true	41.99	ctg_fasta
Carex_riparia	mito	ctg000001c	412499	10	true	41.26	ctg_fasta
Carex_riparia	mito	ctg000002l	273312	1	false	41.21	ctg_fasta
Carex_riparia	mito	ctg000003l	146988	1	false	41.24	ctg_fasta
Carex_riparia	mito	ctg000004l	105269	1	false	41.95	ctg_fasta
Carex_riparia	mito	ctg000005l	67717	1	false	41.09	ctg_fasta
Carex_riparia	mito	ctg000006l	91357	1	false	40.66	ctg_fasta
Carex_riparia	mito	ctg000007l	94556	1	false	41.09	ctg_fasta
Carex_rostrata	mito	ctg000001l	1400806	21	false	41.27	ctg_fasta
Carex_rostrata	mito	ctg000002l	168095	1	false	40.91	ctg_fasta
Carex_rupestris	mito	ctg000001l	1187220	16	false	41.45	ctg_fasta
Carex_rupestris	mito	ctg000002c	113302	1	true	42.32	ctg_fasta
Carex_rupestris	mito	ctg000003l	15121	1	false	41.66	ctg_fasta
Carex_rupestris	mito	ctg000004c	131597	1	true	41.24	ctg_fasta
Carex_saxatilis	mito	ctg000001c	2131067	16	true	41.24	ctg_fasta
Carex_saxatilis	mito	ctg000002l	58363	1	false	41.06	ctg_fasta
Carex_spicata	mito	ctg000001c	1362885	12	true	41.16	ctg_fasta
Carex_strigosa	mito	ctg000001l	1557941	19	false	41.25	ctg_fasta
Carex_sylvatica	mito	ctg000001c	1879770	12	true	40.99	ctg_fasta
Carex_vaginata	mito	ctg000001c	1174861	12	true	41.44	ctg_fasta
Carex_viridula	mito	ctg000001c	1061830	12	true	41.17	ctg_fasta
Carex_viridula	mito	ctg000002c	124376	1	true	41.35	ctg_fasta
Carex_viridula	mito	ctg000003c	137187	1	true	42.04	ctg_fasta
Carlina_vulgaris	mito	ctg000001l	326936	19	false	45.84	ctg_fasta
Carpinus_betulus	mito	ctg000001c	291081	1	true	44.81	ctg_fasta
Carpinus_betulus	mito	ctg000002c	444245	2	true	45.34	ctg_fasta
Carpobrotus_edulis	mito	ctg000001c	2039649	25	true	44.65	ctg_fasta
Carpobrotus_edulis	mito	ctg000002l	156108	1	false	43.23	ctg_fasta
Carpobrotus_edulis	mito	ctg000003c	189625	2	true	43.54	ctg_fasta
Castanea_sativa	mito	ctg000001c	369774	8	true	45.65	ctg_fasta
Castanea_sativa	mito	ctg000002c	46166	1	true	46.25	ctg_fasta
Castanea_sativa	mito	ctg000003l	33866	1	false	45.59	ctg_fasta
Centaurea_cyanus	mito	ctg000001c	314377	4	true	45.49	ctg_fasta
Centaurea_nigra	mito	ctg000001c	319476	8	true	45.39	ctg_fasta
Centaurium_erythraea	mito	ctg000001c	134571	2	true	43.4	ctg_fasta
Centaurium_erythraea	mito	ctg000002c	207524	9	true	44.18	ctg_fasta
Centaurium_intermedium	mito	ctg000001c	304764	16	true	43.67	ctg_fasta
Centranthus_ruber	mito	ctg000001c	495070	18	true	42.29	ctg_fasta
Centranthus_ruber	mito	ctg000002c	95849	6	true	43.21	ctg_fasta
Centranthus_ruber	mito	ctg000003c	48969	1	true	42.68	ctg_fasta
Centranthus_ruber	mito	ctg000004c	63583	2	true	43.46	ctg_fasta
Centranthus_ruber	mito	ctg000005c	101437	1	true	42.65	ctg_fasta
Centranthus_ruber	mito	ctg000006c	62258	1	true	42.56	ctg_fasta
Centranthus_ruber	mito	ctg000007c	60112	1	true	42.92	ctg_fasta
Centranthus_ruber	mito	ctg000008c	40058	1	true	41.88	ctg_fasta
Centranthus_ruber	mito	ctg000009c	75753	1	true	43.37	ctg_fasta
Centranthus_ruber	mito	ctg000010c	51938	1	true	42.53	ctg_fasta
Cephalanthera_damasonium	mito	ctg000001c	24884	1	true	45.07	ctg_fasta
Cephalanthera_damasonium	mito	ctg000002l	22298	1	false	47.13	ctg_fasta
Cephalanthera_damasonium	mito	ctg000003c	29168	1	true	44.88	ctg_fasta
Cephalanthera_damasonium	mito	ctg000004c	27295	1	true	43.96	ctg_fasta
Cephalanthera_damasonium	mito	ctg000005l	22710	1	false	45.62	ctg_fasta
Cephalanthera_damasonium	mito	ctg000006c	26059	1	true	45.09	ctg_fasta
Cephalanthera_damasonium	mito	ctg000007c	25961	1	true	46.17	ctg_fasta
Cephalanthera_damasonium	mito	ctg000008c	37437	1	true	46.73	ctg_fasta
Cephalanthera_damasonium	mito	ctg000009c	27827	1	true	45.37	ctg_fasta
Cephalanthera_damasonium	mito	ctg000010c	18841	1	true	46.77	ctg_fasta
Cephalanthera_damasonium	mito	ctg000011c	26861	1	true	45.39	ctg_fasta
Cephalanthera_damasonium	mito	ctg000012c	28756	1	true	45.22	ctg_fasta
Cephalanthera_damasonium	mito	ctg000013c	35910	1	true	45.9	ctg_fasta
Cephalanthera_damasonium	mito	ctg000014l	10641	1	false	44.04	ctg_fasta
Cephalanthera_damasonium	mito	ctg000015c	25376	1	true	47.01	ctg_fasta
Cephalanthera_damasonium	mito	ctg000016c	25209	1	true	44.53	ctg_fasta
Cephalanthera_damasonium	mito	ctg000017c	29833	1	true	45.59	ctg_fasta
Cephalanthera_damasonium	mito	ctg000018c	21859	1	true	47.98	ctg_fasta
Cephalanthera_damasonium	mito	ctg000019l	20791	1	false	44.21	ctg_fasta
Cephalanthera_longifolia	mito	ctg000001c	21029	1	true	44.9	ctg_fasta
Cephalanthera_longifolia	mito	ctg000002c	26015	1	true	46.9	ctg_fasta
Cephalanthera_longifolia	mito	ctg000003c	29914	1	true	45.12	ctg_fasta
Cephalanthera_longifolia	mito	ctg000004c	58122	4	true	46.46	ctg_fasta
Cephalanthera_longifolia	mito	ctg000005c	28854	1	true	45.75	ctg_fasta
Cephalanthera_longifolia	mito	ctg000006c	22775	1	true	45.84	ctg_fasta
Cephalanthera_longifolia	mito	ctg000007c	43139	1	true	46.48	ctg_fasta
Cephalanthera_longifolia	mito	ctg000008c	27379	1	true	45.36	ctg_fasta
Cephalanthera_longifolia	mito	ctg000009c	22982	1	true	46.51	ctg_fasta
Cephalanthera_longifolia	mito	ctg000010c	28879	1	true	45.82	ctg_fasta
Cephalanthera_longifolia	mito	ctg000011c	28899	1	true	44.28	ctg_fasta
Cephalanthera_longifolia	mito	ctg000012c	35114	1	true	44.93	ctg_fasta
Cephalanthera_longifolia	mito	ctg000013c	21334	1	true	45.51	ctg_fasta
Cephalanthera_longifolia	mito	ctg000014l	30058	3	false	44.88	ctg_fasta
Cephalanthera_longifolia	mito	ctg000015c	22611	1	true	44.8	ctg_fasta
Cephalanthera_longifolia	mito	ctg000016c	23182	1	true	45.22	ctg_fasta
Cephalanthera_longifolia	mito	ctg000017c	29744	1	true	45.53	ctg_fasta
Cephalanthera_longifolia	mito	ctg000018c	24235	1	true	43.12	ctg_fasta
Cephalanthera_longifolia	mito	ctg000019c	27864	1	true	45.72	ctg_fasta
Cephalanthera_longifolia	mito	ctg000020c	22123	1	true	47.9	ctg_fasta
Cephalozia_bicuspidata	mito	ctg000001c	151105	1	true	45.41	ctg_fasta
Cerastium_arvense	mito						no_assembly
Cerastium_diffusum	mito	ctg000001l	2002	1	false	41.91	ctg_fasta
Cerastium_diffusum	mito	ctg000002l	1369	1	false	42.95	ctg_fasta
Cerastium_diffusum	mito	ctg000003l	3439	1	false	41.29	ctg_fasta
Cerastium_diffusum	mito	ctg000004l	1901	1	false	42.35	ctg_fasta
Cerastium_diffusum	mito	ctg000005l	1564	1	false	42.01	ctg_fasta
Cerastium_diffusum	mito	ctg000006l	1569	1	false	42.0	ctg_fasta
Cerastium_diffusum	mito	ctg000007l	1646	1	false	41.68	ctg_fasta
Cerastium_diffusum	mito	ctg000008l	1641	1	false	41.68	ctg_fasta
Cerastium_diffusum	mito	ctg000009l	1975	1	false	43.09	ctg_fasta
Cerastium_diffusum	mito	ctg000010l	2018	1	false	40.83	ctg_fasta
Cerastium_diffusum	mito	ctg000011l	1483	1	false	43.96	ctg_fasta
Cerastium_diffusum	mito	ctg000012l	4030	1	false	40.32	ctg_fasta
Cerastium_diffusum	mito	ctg000013l	1521	1	false	41.75	ctg_fasta
Cerastium_diffusum	mito	ctg000014l	1579	1	false	50.54	ctg_fasta
Cerastium_diffusum	mito	ctg000015l	1471	1	false	45.0	ctg_fasta
Cerastium_diffusum	mito	ctg000016l	2278	1	false	45.96	ctg_fasta
Cerastium_diffusum	mito	ctg000017l	2278	1	false	45.96	ctg_fasta
Cerastium_diffusum	mito	ctg000018l	1811	1	false	41.63	ctg_fasta
Cerastium_diffusum	mito	ctg000019l	1471	1	false	45.0	ctg_fasta
Cerastium_diffusum	mito	ctg000020l	3419	1	false	39.54	ctg_fasta
Cerastium_diffusum	mito	ctg000021l	1452	1	false	46.83	ctg_fasta
Cerastium_diffusum	mito	ctg000022l	1571	1	false	40.17	ctg_fasta
Cerastium_diffusum	mito	ctg000023l	2912	1	false	44.23	ctg_fasta
Cerastium_diffusum	mito	ctg000024l	1632	1	false	39.71	ctg_fasta
Cerastium_diffusum	mito	ctg000025l	1568	1	false	38.9	ctg_fasta
Cerastium_diffusum	mito	ctg000026l	1867	1	false	41.08	ctg_fasta
Cerastium_diffusum	mito	ctg000027l	1488	1	false	41.6	ctg_fasta
Cerastium_diffusum	mito	ctg000028l	1511	1	false	40.04	ctg_fasta
Cerastium_diffusum	mito	ctg000029l	2029	1	false	39.53	ctg_fasta
Cerastium_diffusum	mito	ctg000030l	2777	1	false	40.84	ctg_fasta
Cerastium_diffusum	mito	ctg000031l	1375	1	false	39.78	ctg_fasta
Cerastium_diffusum	mito	ctg000032l	1589	1	false	42.23	ctg_fasta
Cerastium_diffusum	mito	ctg000033l	1650	1	false	39.58	ctg_fasta
Cerastium_diffusum	mito	ctg000034l	2773	1	false	41.04	ctg_fasta
Cerastium_diffusum	mito	ctg000035l	1473	1	false	41.62	ctg_fasta
Cerastium_diffusum	mito	ctg000036l	3805	1	false	41.89	ctg_fasta
Cerastium_diffusum	mito	ctg000037l	2902	1	false	42.63	ctg_fasta
Cerastium_diffusum	mito	ctg000038l	1398	1	false	45.35	ctg_fasta
Cerastium_diffusum	mito	ctg000039l	2058	1	false	45.14	ctg_fasta
Cerastium_diffusum	mito	ctg000040l	1367	1	false	40.09	ctg_fasta
Cerastium_diffusum	mito	ctg000041l	2207	1	false	42.0	ctg_fasta
Cerastium_diffusum	mito	ctg000042l	1536	1	false	40.36	ctg_fasta
Cerastium_diffusum	mito	ctg000043l	2375	1	false	46.48	ctg_fasta
Cerastium_diffusum	mito	ctg000044l	2446	1	false	43.17	ctg_fasta
Cerastium_diffusum	mito	ctg000045l	2064	1	false	44.09	ctg_fasta
Cerastium_diffusum	mito	ctg000046l	1843	1	false	47.1	ctg_fasta
Cerastium_diffusum	mito	ctg000047l	2136	1	false	45.22	ctg_fasta
Cerastium_diffusum	mito	ctg000048l	1470	1	false	44.22	ctg_fasta
Cerastium_diffusum	mito	ctg000049l	1621	1	false	38.99	ctg_fasta
Cerastium_diffusum	mito	ctg000050l	1759	1	false	42.75	ctg_fasta
Cerastium_diffusum	mito	ctg000051l	1901	1	false	40.61	ctg_fasta
Cerastium_diffusum	mito	ctg000052l	1837	1	false	39.96	ctg_fasta
Cerastium_diffusum	mito	ctg000053l	1429	1	false	40.66	ctg_fasta
Cerastium_diffusum	mito	ctg000054l	2300	1	false	43.52	ctg_fasta
Cerastium_diffusum	mito	ctg000055l	1411	1	false	39.83	ctg_fasta
Cerastium_diffusum	mito	ctg000056l	1989	1	false	40.77	ctg_fasta
Cerastium_diffusum	mito	ctg000057l	1883	1	false	40.95	ctg_fasta
Cerastium_diffusum	mito	ctg000058l	1957	1	false	41.59	ctg_fasta
Cerastium_diffusum	mito	ctg000059l	2302	1	false	43.48	ctg_fasta
Cerastium_diffusum	mito	ctg000060l	1373	1	false	41.3	ctg_fasta
Cerastium_diffusum	mito	ctg000061l	1957	1	false	44.3	ctg_fasta
Cerastium_diffusum	mito	ctg000062l	1468	1	false	43.26	ctg_fasta
Cerastium_diffusum	mito	ctg000063l	1736	1	false	46.08	ctg_fasta
Cerastium_diffusum	mito	ctg000064l	1448	1	false	42.4	ctg_fasta
Cerastium_diffusum	mito	ctg000065l	1409	1	false	39.82	ctg_fasta
Cerastium_diffusum	mito	ctg000066l	1726	1	false	42.35	ctg_fasta
Cerastium_diffusum	mito	ctg000067l	2601	1	false	40.91	ctg_fasta
Cerastium_diffusum	mito	ctg000068l	1768	1	false	40.1	ctg_fasta
Cerastium_diffusum	mito	ctg000069l	1768	1	false	39.99	ctg_fasta
Cerastium_diffusum	mito	ctg000070l	1791	1	false	40.26	ctg_fasta
Cerastium_diffusum	mito	ctg000071l	1765	1	false	40.96	ctg_fasta
Cerastium_diffusum	mito	ctg000072l	1763	1	false	41.12	ctg_fasta
Cerastium_diffusum	mito	ctg000073l	2519	1	false	39.86	ctg_fasta
Cerastium_diffusum	mito	ctg000074l	3078	1	false	41.62	ctg_fasta
Cerastium_diffusum	mito	ctg000075l	1474	1	false	39.55	ctg_fasta
Cerastium_diffusum	mito	ctg000076l	1521	1	false	40.24	ctg_fasta
Cerastium_diffusum	mito	ctg000077l	1539	1	false	41.0	ctg_fasta
Cerastium_diffusum	mito	ctg000078l	3455	1	false	39.22	ctg_fasta
Cerastium_diffusum	mito	ctg000079l	1931	1	false	40.24	ctg_fasta
Cerastium_diffusum	mito	ctg000080l	1541	1	false	40.75	ctg_fasta
Cerastium_diffusum	mito	ctg000081l	2066	1	false	40.32	ctg_fasta
Cerastium_diffusum	mito	ctg000082l	2377	1	false	43.21	ctg_fasta
Cerastium_diffusum	mito	ctg000083l	1959	1	false	41.45	ctg_fasta
Cerastium_diffusum	mito	ctg000084l	3673	1	false	39.29	ctg_fasta
Cerastium_diffusum	mito	ctg000085l	1701	1	false	40.51	ctg_fasta
Cerastium_diffusum	mito	ctg000086l	1430	1	false	39.86	ctg_fasta
Cerastium_diffusum	mito	ctg000087l	1799	1	false	40.69	ctg_fasta
Cerastium_diffusum	mito	ctg000088l	2752	1	false	41.53	ctg_fasta
Cerastium_diffusum	mito	ctg000089l	1384	1	false	40.9	ctg_fasta
Cerastium_diffusum	mito	ctg000090l	2177	1	false	47.36	ctg_fasta
Cerastium_diffusum	mito	ctg000091l	1763	1	false	38.74	ctg_fasta
Cerastium_diffusum	mito	ctg000092l	1769	1	false	38.67	ctg_fasta
Cerastium_diffusum	mito	ctg000093l	1406	1	false	40.68	ctg_fasta
Cerastium_diffusum	mito	ctg000094l	2541	1	false	40.1	ctg_fasta
Cerastium_diffusum	mito	ctg000095l	1938	1	false	48.92	ctg_fasta
Cerastium_diffusum	mito	ctg000096l	2005	1	false	40.7	ctg_fasta
Cerastium_diffusum	mito	ctg000097l	2005	1	false	40.7	ctg_fasta
Cerastium_diffusum	mito	ctg000098l	1861	1	false	40.89	ctg_fasta
Cerastium_diffusum	mito	ctg000099l	1861	1	false	40.89	ctg_fasta
Cerastium_diffusum	mito	ctg000100l	2345	1	false	38.72	ctg_fasta
Cerastium_diffusum	mito	ctg000101l	1414	1	false	39.82	ctg_fasta
Cerastium_diffusum	mito	ctg000102l	1414	1	false	39.75	ctg_fasta
Cerastium_diffusum	mito	ctg000103l	2651	1	false	38.89	ctg_fasta
Cerastium_diffusum	mito	ctg000104l	2651	1	false	38.85	ctg_fasta
Cerastium_diffusum	mito	ctg000105l	1833	1	false	42.61	ctg_fasta
Cerastium_diffusum	mito	ctg000106l	1458	1	false	40.12	ctg_fasta
Cerastium_diffusum	mito	ctg000107l	1452	1	false	40.22	ctg_fasta
Cerastium_diffusum	mito	ctg000108l	2614	1	false	43.15	ctg_fasta
Cerastium_diffusum	mito	ctg000109l	1416	1	false	43.15	ctg_fasta
Cerastium_diffusum	mito	ctg000110l	2017	1	false	40.01	ctg_fasta
Cerastium_diffusum	mito	ctg000111l	1648	1	false	48.18	ctg_fasta
Cerastium_diffusum	mito	ctg000112l	1689	1	false	40.67	ctg_fasta
Cerastium_diffusum	mito	ctg000113l	1618	1	false	40.98	ctg_fasta
Cerastium_diffusum	mito	ctg000114l	1731	1	false	41.54	ctg_fasta
Cerastium_diffusum	mito	ctg000115l	1406	1	false	42.6	ctg_fasta
Cerastium_diffusum	mito	ctg000116l	1414	1	false	40.45	ctg_fasta
Cerastium_diffusum	mito	ctg000117l	1375	1	false	41.45	ctg_fasta
Cerastium_diffusum	mito	ctg000118l	1378	1	false	43.61	ctg_fasta
Cerastium_diffusum	mito	ctg000119l	1405	1	false	36.3	ctg_fasta
Cerastium_diffusum	mito	ctg000120l	1354	1	false	37.08	ctg_fasta
Cerastium_diffusum	mito	ctg000121l	1391	1	false	36.38	ctg_fasta
Cerastium_diffusum	mito	ctg000122l	1394	1	false	35.87	ctg_fasta
Cerastium_diffusum	mito	ctg000123l	1402	1	false	35.59	ctg_fasta
Cerastium_diffusum	mito	ctg000124l	1345	1	false	43.27	ctg_fasta
Cerastium_diffusum	mito	ctg000125l	1336	1	false	40.49	ctg_fasta
Cerastium_diffusum	mito	ctg000126l	1386	1	false	45.45	ctg_fasta
Cerastium_diffusum	mito	ctg000127l	1387	1	false	45.49	ctg_fasta
Cerastium_diffusum	mito	ctg000128l	1419	1	false	39.82	ctg_fasta
Cerastium_diffusum	mito	ctg000129l	1425	1	false	40.28	ctg_fasta
Cerastium_diffusum	mito	ctg000130l	1378	1	false	40.2	ctg_fasta
Cerastium_diffusum	mito	ctg000131l	1348	1	false	42.06	ctg_fasta
Cerastium_diffusum	mito	ctg000132l	1381	1	false	45.18	ctg_fasta
Cerastium_diffusum	mito	ctg000133l	1419	1	false	39.82	ctg_fasta
Cerastium_diffusum	mito	ctg000134l	1374	1	false	45.85	ctg_fasta
Cerastium_diffusum	mito	ctg000135l	1374	1	false	45.85	ctg_fasta
Cerastium_diffusum	mito	ctg000136l	1385	1	false	40.58	ctg_fasta
Cerastium_diffusum	mito	ctg000137l	1349	1	false	42.4	ctg_fasta
Cerastium_diffusum	mito	ctg000138l	1388	1	false	45.32	ctg_fasta
Cerastium_diffusum	mito	ctg000139l	1415	1	false	47.28	ctg_fasta
Cerastium_diffusum	mito	ctg000140l	1381	1	false	45.04	ctg_fasta
Cerastium_diffusum	mito	ctg000141l	1384	1	false	45.88	ctg_fasta
Cerastium_diffusum	mito	ctg000142l	1354	1	false	45.05	ctg_fasta
Cerastium_diffusum	mito	ctg000143l	1355	1	false	40.37	ctg_fasta
Cerastium_diffusum	mito	ctg000144l	1374	1	false	39.37	ctg_fasta
Cerastium_diffusum	mito	ctg000145l	1389	1	false	43.99	ctg_fasta
Cerastium_diffusum	mito	ctg000146l	1374	1	false	38.94	ctg_fasta
Cerastium_diffusum	mito	ctg000147l	1366	1	false	45.24	ctg_fasta
Cerastium_diffusum	mito	ctg000148l	1412	1	false	41.29	ctg_fasta
Cerastium_diffusum	mito	ctg000149l	1391	1	false	36.38	ctg_fasta
Cerastium_diffusum	mito	ctg000150l	1377	1	false	39.8	ctg_fasta
Cerastium_diffusum	mito	ctg000151l	1390	1	false	46.04	ctg_fasta
Cerastium_diffusum	mito	ctg000152l	1404	1	false	46.08	ctg_fasta
Cerastium_diffusum	mito	ctg000153l	1391	1	false	45.79	ctg_fasta
Cerastium_diffusum	mito	ctg000154l	1388	1	false	43.95	ctg_fasta
Cerastium_diffusum	mito	ctg000155l	1365	1	false	41.17	ctg_fasta
Cerastium_diffusum	mito	ctg000156l	1355	1	false	46.05	ctg_fasta
Cerastium_diffusum	mito	ctg000157l	1333	1	false	40.29	ctg_fasta
Cerastium_diffusum	mito	ctg000158l	1355	1	false	39.63	ctg_fasta
Cerastium_diffusum	mito	ctg000159l	1328	1	false	40.29	ctg_fasta
Cerastium_diffusum	mito	ctg000160l	1335	1	false	38.05	ctg_fasta
Cerastium_diffusum	mito	ctg000161l	1371	1	false	43.11	ctg_fasta
Cerastium_diffusum	mito	ctg000162l	1380	1	false	39.64	ctg_fasta
Cerastium_diffusum	mito	ctg000163l	1346	1	false	43.54	ctg_fasta
Cerastium_diffusum	mito	ctg000164l	1337	1	false	40.39	ctg_fasta
Cerastium_diffusum	mito	ctg000165l	1321	1	false	45.19	ctg_fasta
Cerastium_diffusum	mito	ctg000166l	1405	1	false	47.9	ctg_fasta
Cerastium_diffusum	mito	ctg000167l	1334	1	false	39.66	ctg_fasta
Cerastium_diffusum	mito	ctg000168l	1365	1	false	41.32	ctg_fasta
Cerastium_diffusum	mito	ctg000169l	1383	1	false	43.6	ctg_fasta
Cerastium_diffusum	mito	ctg000170l	1381	1	false	42.65	ctg_fasta
Cerastium_diffusum	mito	ctg000171l	1375	1	false	40.36	ctg_fasta
Cerastium_diffusum	mito	ctg000172l	1352	1	false	40.61	ctg_fasta
Cerastium_diffusum	mito	ctg000173l	1403	1	false	38.85	ctg_fasta
Cerastium_diffusum	mito	ctg000174l	1372	1	false	38.48	ctg_fasta
Cerastium_diffusum	mito	ctg000175l	1432	1	false	42.53	ctg_fasta
Cerastium_diffusum	mito	ctg000176l	1367	1	false	41.99	ctg_fasta
Cerastium_diffusum	mito	ctg000177l	1360	1	false	40.96	ctg_fasta
Cerastium_diffusum	mito	ctg000178l	1372	1	false	40.96	ctg_fasta
Cerastium_diffusum	mito	ctg000179l	1367	1	false	38.55	ctg_fasta
Cerastium_diffusum	mito	ctg000180l	1402	1	false	36.23	ctg_fasta
Cerastium_diffusum	mito	ctg000181l	1413	1	false	41.97	ctg_fasta
Cerastium_diffusum	mito	ctg000182l	1388	1	false	39.91	ctg_fasta
Cerastium_diffusum	mito	ctg000183l	1351	1	false	39.01	ctg_fasta
Cerastium_diffusum	mito	ctg000184l	1379	1	false	39.96	ctg_fasta
Cerastium_diffusum	mito	ctg000185l	1393	1	false	38.12	ctg_fasta
Cerastium_diffusum	mito	ctg000186l	1377	1	false	43.57	ctg_fasta
Cerastium_diffusum	mito	ctg000187l	1404	1	false	41.81	ctg_fasta
Cerastium_diffusum	mito	ctg000188l	1397	1	false	41.59	ctg_fasta
Cerastium_diffusum	mito	ctg000189l	1399	1	false	41.46	ctg_fasta
Cerastium_diffusum	mito	ctg000190l	1376	1	false	43.46	ctg_fasta
Cerastium_diffusum	mito	ctg000191l	1385	1	false	41.44	ctg_fasta
Cerastium_diffusum	mito	ctg000192l	1388	1	false	38.69	ctg_fasta
Cerastium_diffusum	mito	ctg000193l	1335	1	false	38.58	ctg_fasta
Cerastium_diffusum	mito	ctg000194l	1368	1	false	39.62	ctg_fasta
Cerastium_diffusum	mito	ctg000195l	1391	1	false	41.34	ctg_fasta
Cerastium_diffusum	mito	ctg000196l	1342	1	false	40.83	ctg_fasta
Cerastium_diffusum	mito	ctg000197l	1348	1	false	40.21	ctg_fasta
Cerastium_diffusum	mito	ctg000198l	1374	1	false	43.23	ctg_fasta
Cerastium_diffusum	mito	ctg000199l	1343	1	false	36.11	ctg_fasta
Cerastium_diffusum	mito	ctg000200l	1353	1	false	41.91	ctg_fasta
Cerastium_diffusum	mito	ctg000201l	1397	1	false	39.51	ctg_fasta
Cerastium_diffusum	mito	ctg000202l	1401	1	false	39.33	ctg_fasta
Cerastium_diffusum	mito	ctg000203l	1417	1	false	49.19	ctg_fasta
Cerastium_diffusum	mito	ctg000204l	1417	1	false	49.26	ctg_fasta
Cerastium_diffusum	mito	ctg000205l	1398	1	false	35.62	ctg_fasta
Cerastium_diffusum	mito	ctg000206l	1337	1	false	42.03	ctg_fasta
Cerastium_diffusum	mito	ctg000207l	1375	1	false	37.82	ctg_fasta
Cerastium_diffusum	mito	ctg000208l	1378	1	false	41.15	ctg_fasta
Cerastium_diffusum	mito	ctg000209l	1377	1	false	38.93	ctg_fasta
Cerastium_diffusum	mito	ctg000210l	1373	1	false	42.1	ctg_fasta
Cerastium_diffusum	mito	ctg000211l	1418	1	false	40.97	ctg_fasta
Cerastium_diffusum	mito	ctg000212l	1343	1	false	41.7	ctg_fasta
Cerastium_diffusum	mito	ctg000213l	1382	1	false	40.52	ctg_fasta
Cerastium_diffusum	mito	ctg000214l	1430	1	false	39.37	ctg_fasta
Cerastium_diffusum	mito	ctg000215l	1381	1	false	40.55	ctg_fasta
Cerastium_diffusum	mito	ctg000216l	1390	1	false	38.2	ctg_fasta
Cerastium_diffusum	mito	ctg000217l	1369	1	false	40.98	ctg_fasta
Cerastium_diffusum	mito	ctg000218l	1368	1	false	41.01	ctg_fasta
Cerastium_diffusum	mito	ctg000219l	1400	1	false	41.29	ctg_fasta
Cerastium_diffusum	mito	ctg000220l	1400	1	false	43.21	ctg_fasta
Cerastium_diffusum	mito	ctg000221l	1397	1	false	40.16	ctg_fasta
Cerastium_diffusum	mito	ctg000222l	1409	1	false	42.44	ctg_fasta
Cerastium_diffusum	mito	ctg000223l	1373	1	false	40.57	ctg_fasta
Cerastium_diffusum	mito	ctg000224l	1386	1	false	46.18	ctg_fasta
Cerastium_diffusum	mito	ctg000225l	1386	1	false	45.45	ctg_fasta
Cerastium_diffusum	mito	ctg000226l	1356	1	false	40.12	ctg_fasta
Cerastium_diffusum	mito	ctg000227l	1400	1	false	46.14	ctg_fasta
Cerastium_diffusum	mito	ctg000228l	1366	1	false	41.36	ctg_fasta
Cerastium_diffusum	mito	ctg000229l	1388	1	false	40.92	ctg_fasta
Cerastium_diffusum	mito	ctg000230l	1387	1	false	38.28	ctg_fasta
Cerastium_diffusum	mito	ctg000231l	1368	1	false	41.59	ctg_fasta
Cerastium_diffusum	mito	ctg000232l	1358	1	false	40.13	ctg_fasta
Cerastium_diffusum	mito	ctg000233l	1393	1	false	40.27	ctg_fasta
Cerastium_diffusum	mito	ctg000234l	1374	1	false	40.83	ctg_fasta
Cerastium_diffusum	mito	ctg000235l	1378	1	false	40.71	ctg_fasta
Cerastium_diffusum	mito	ctg000236l	1367	1	false	49.89	ctg_fasta
Cerastium_diffusum	mito	ctg000237l	1336	1	false	44.54	ctg_fasta
Cerastium_diffusum	mito	ctg000238l	1404	1	false	47.22	ctg_fasta
Cerastium_diffusum	mito	ctg000239l	1386	1	false	43.72	ctg_fasta
Cerastium_diffusum	mito	ctg000240l	1378	1	false	39.55	ctg_fasta
Cerastium_diffusum	mito	ctg000241l	1399	1	false	38.81	ctg_fasta
Cerastium_diffusum	mito	ctg000242l	1374	1	false	39.81	ctg_fasta
Cerastium_diffusum	mito	ctg000243l	1375	1	false	39.27	ctg_fasta
Cerastium_diffusum	mito	ctg000244l	1328	1	false	44.35	ctg_fasta
Cerastium_diffusum	mito	ctg000245l	1406	1	false	44.17	ctg_fasta
Cerastium_diffusum	mito	ctg000246l	1387	1	false	41.53	ctg_fasta
Cerastium_diffusum	mito	ctg000247l	1362	1	false	43.98	ctg_fasta
Cerastium_diffusum	mito	ctg000248l	1366	1	false	41.22	ctg_fasta
Cerastium_diffusum	mito	ctg000249l	1373	1	false	40.64	ctg_fasta
Cerastium_diffusum	mito	ctg000250l	1360	1	false	40.88	ctg_fasta
Cerastium_diffusum	mito	ctg000251l	1363	1	false	38.74	ctg_fasta
Cerastium_diffusum	mito	ctg000252l	1383	1	false	39.55	ctg_fasta
Cerastium_diffusum	mito	ctg000253l	1381	1	false	39.54	ctg_fasta
Cerastium_diffusum	mito	ctg000254l	1347	1	false	38.53	ctg_fasta
Cerastium_diffusum	mito	ctg000255l	1354	1	false	40.77	ctg_fasta
Cerastium_diffusum	mito	ctg000256l	1370	1	false	38.83	ctg_fasta
Cerastium_diffusum	mito	ctg000257l	1360	1	false	40.07	ctg_fasta
Cerastium_diffusum	mito	ctg000258l	1360	1	false	40.07	ctg_fasta
Cerastium_diffusum	mito	ctg000259l	1382	1	false	40.74	ctg_fasta
Cerastium_diffusum	mito	ctg000260l	1385	1	false	45.85	ctg_fasta
Cerastium_diffusum	mito	ctg000261l	1362	1	false	39.94	ctg_fasta
Cerastium_diffusum	mito	ctg000262l	1335	1	false	40.6	ctg_fasta
Cerastium_diffusum	mito	ctg000263l	1359	1	false	43.27	ctg_fasta
Cerastium_diffusum	mito	ctg000264l	1363	1	false	39.99	ctg_fasta
Cerastium_diffusum	mito	ctg000265l	1361	1	false	43.13	ctg_fasta
Cerastium_diffusum	mito	ctg000266l	1384	1	false	42.27	ctg_fasta
Cerastium_diffusum	mito	ctg000267l	1386	1	false	42.35	ctg_fasta
Cerastium_diffusum	mito	ctg000268l	1367	1	false	39.8	ctg_fasta
Cerastium_diffusum	mito	ctg000269l	1299	1	false	42.19	ctg_fasta
Cerastium_diffusum	mito	ctg000270l	1378	1	false	41.36	ctg_fasta
Cerastium_diffusum	mito	ctg000271l	1357	1	false	39.06	ctg_fasta
Cerastium_diffusum	mito	ctg000272l	1334	1	false	40.85	ctg_fasta
Cerastium_diffusum	mito	ctg000273l	1420	1	false	39.79	ctg_fasta
Cerastium_diffusum	mito	ctg000274l	1422	1	false	39.59	ctg_fasta
Cerastium_diffusum	mito	ctg000275l	1373	1	false	41.88	ctg_fasta
Cerastium_fontanum	mito	ctg000001c	286656	8	true	43.62	ctg_fasta
Cerastium_glomeratum	mito	ctg000001l	6734	1	false	42.04	ctg_fasta
Cerastium_glomeratum	mito	ctg000002l	1464	1	false	42.14	ctg_fasta
Cerastium_glomeratum	mito	ctg000003l	2290	1	false	40.26	ctg_fasta
Cerastium_glomeratum	mito	ctg000004l	1469	1	false	42.68	ctg_fasta
Cerastium_glomeratum	mito	ctg000005l	1482	1	false	43.25	ctg_fasta
Cerastium_glomeratum	mito	ctg000006l	2465	1	false	40.57	ctg_fasta
Cerastium_glomeratum	mito	ctg000007l	2490	1	false	39.88	ctg_fasta
Cerastium_glomeratum	mito	ctg000008l	2490	1	false	39.8	ctg_fasta
Cerastium_glomeratum	mito	ctg000009l	2251	1	false	44.82	ctg_fasta
Cerastium_glomeratum	mito	ctg000010l	2070	1	false	45.41	ctg_fasta
Cerastium_glomeratum	mito	ctg000011l	1676	1	false	41.47	ctg_fasta
Cerastium_glomeratum	mito	ctg000012l	3234	1	false	41.09	ctg_fasta
Cerastium_glomeratum	mito	ctg000013l	3878	1	false	43.42	ctg_fasta
Cerastium_glomeratum	mito	ctg000014l	1631	1	false	43.35	ctg_fasta
Cerastium_glomeratum	mito	ctg000015l	1733	1	false	41.78	ctg_fasta
Cerastium_glomeratum	mito	ctg000016l	1536	1	false	41.08	ctg_fasta
Cerastium_glomeratum	mito	ctg000017l	1830	1	false	42.35	ctg_fasta
Cerastium_glomeratum	mito	ctg000018l	1412	1	false	40.16	ctg_fasta
Cerastium_glomeratum	mito	ctg000019l	7739	1	false	41.62	ctg_fasta
Cerastium_glomeratum	mito	ctg000020l	2505	1	false	40.68	ctg_fasta
Cerastium_glomeratum	mito	ctg000021l	2120	1	false	40.14	ctg_fasta
Cerastium_glomeratum	mito	ctg000022l	1353	1	false	37.47	ctg_fasta
Cerastium_glomeratum	mito	ctg000023l	2162	1	false	39.59	ctg_fasta
Cerastium_glomeratum	mito	ctg000024l	1874	1	false	39.91	ctg_fasta
Cerastium_glomeratum	mito	ctg000025l	2299	1	false	43.45	ctg_fasta
Cerastium_glomeratum	mito	ctg000026l	2319	1	false	42.39	ctg_fasta
Cerastium_glomeratum	mito	ctg000027l	2663	1	false	42.92	ctg_fasta
Cerastium_glomeratum	mito	ctg000028l	1624	1	false	40.21	ctg_fasta
Cerastium_glomeratum	mito	ctg000029l	7260	1	false	40.03	ctg_fasta
Cerastium_glomeratum	mito	ctg000030l	4277	1	false	40.66	ctg_fasta
Cerastium_glomeratum	mito	ctg000031l	1669	1	false	42.42	ctg_fasta
Cerastium_glomeratum	mito	ctg000032l	3254	1	false	38.97	ctg_fasta
Cerastium_glomeratum	mito	ctg000033l	1496	1	false	40.11	ctg_fasta
Cerastium_glomeratum	mito	ctg000034l	2181	1	false	41.13	ctg_fasta
Cerastium_glomeratum	mito	ctg000035l	1423	1	false	42.02	ctg_fasta
Cerastium_glomeratum	mito	ctg000036l	1480	1	false	40.07	ctg_fasta
Cerastium_glomeratum	mito	ctg000037l	1509	1	false	41.95	ctg_fasta
Cerastium_glomeratum	mito	ctg000038l	1644	1	false	42.88	ctg_fasta
Cerastium_glomeratum	mito	ctg000039l	1751	1	false	44.2	ctg_fasta
Cerastium_glomeratum	mito	ctg000040l	1412	1	false	40.65	ctg_fasta
Cerastium_glomeratum	mito	ctg000041l	2937	1	false	41.13	ctg_fasta
Cerastium_glomeratum	mito	ctg000042l	1381	1	false	41.49	ctg_fasta
Cerastium_glomeratum	mito	ctg000043l	1347	1	false	37.86	ctg_fasta
Cerastium_glomeratum	mito	ctg000044l	1452	1	false	43.46	ctg_fasta
Cerastium_glomeratum	mito	ctg000045l	1369	1	false	38.42	ctg_fasta
Cerastium_glomeratum	mito	ctg000046l	1424	1	false	39.89	ctg_fasta
Cerastium_glomeratum	mito	ctg000047l	1384	1	false	48.12	ctg_fasta
Cerastium_glomeratum	mito	ctg000048l	1407	1	false	41.51	ctg_fasta
Cerastium_glomeratum	mito	ctg000049l	1377	1	false	41.9	ctg_fasta
Cerastium_glomeratum	mito	ctg000050l	1387	1	false	40.88	ctg_fasta
Cerastium_glomeratum	mito	ctg000051l	1439	1	false	42.95	ctg_fasta
Cerastium_glomeratum	mito	ctg000052l	1377	1	false	42.92	ctg_fasta
Cerastium_glomeratum	mito	ctg000053l	1397	1	false	46.53	ctg_fasta
Cerastium_glomeratum	mito	ctg000054l	1441	1	false	39.56	ctg_fasta
Cerastium_glomeratum	mito	ctg000055l	1374	1	false	43.09	ctg_fasta
Cerastium_glomeratum	mito	ctg000056l	1397	1	false	41.3	ctg_fasta
Cerastium_glomeratum	mito	ctg000057l	1381	1	false	41.35	ctg_fasta
Cerastium_glomeratum	mito	ctg000058l	1384	1	false	41.47	ctg_fasta
Cerastium_glomeratum	mito	ctg000059l	1411	1	false	43.52	ctg_fasta
Cerastium_glomeratum	mito	ctg000060l	1363	1	false	41.6	ctg_fasta
Cerastium_glomeratum	mito	ctg000061l	1421	1	false	43.56	ctg_fasta
Cerastium_glomeratum	mito	ctg000062l	1427	1	false	44.57	ctg_fasta
Cerastium_glomeratum	mito	ctg000063l	1422	1	false	43.67	ctg_fasta
Cerastium_glomeratum	mito	ctg000064l	1390	1	false	40.36	ctg_fasta
Cerastium_glomeratum	mito	ctg000065l	1429	1	false	41.71	ctg_fasta
Cerastium_glomeratum	mito	ctg000066l	1425	1	false	43.09	ctg_fasta
Cerastium_glomeratum	mito	ctg000067l	1358	1	false	38.37	ctg_fasta
Cerastium_glomeratum	mito	ctg000068l	1397	1	false	42.95	ctg_fasta
Cerastium_glomeratum	mito	ctg000069l	1388	1	false	40.63	ctg_fasta
Cerastium_glomeratum	mito	ctg000070l	1384	1	false	42.2	ctg_fasta
Cerastium_glomeratum	mito	ctg000071l	1387	1	false	41.6	ctg_fasta
Cerastium_semidecandrum	mito	ctg000001l	1506	1	false	43.82	ctg_fasta
Cerastium_semidecandrum	mito	ctg000002l	1459	1	false	44.83	ctg_fasta
Cerastium_semidecandrum	mito	ctg000003l	1365	1	false	45.49	ctg_fasta
Cerastium_semidecandrum	mito	ctg000004l	2036	1	false	43.47	ctg_fasta
Cerastium_semidecandrum	mito	ctg000005l	2096	1	false	47.61	ctg_fasta
Cerastium_semidecandrum	mito	ctg000006l	1412	1	false	44.83	ctg_fasta
Cerastium_semidecandrum	mito	ctg000007l	1425	1	false	40.28	ctg_fasta
Cerastium_semidecandrum	mito	ctg000008l	1421	1	false	40.25	ctg_fasta
Cerastium_semidecandrum	mito	ctg000009l	1537	1	false	42.49	ctg_fasta
Cerastium_semidecandrum	mito	ctg000010l	1505	1	false	41.13	ctg_fasta
Cerastium_semidecandrum	mito	ctg000011l	1840	1	false	43.8	ctg_fasta
Cerastium_semidecandrum	mito	ctg000012l	2746	1	false	43.66	ctg_fasta
Cerastium_semidecandrum	mito	ctg000013l	2747	1	false	44.7	ctg_fasta
Cerastium_semidecandrum	mito	ctg000014l	1571	1	false	45.45	ctg_fasta
Cerastium_semidecandrum	mito	ctg000015l	2496	1	false	42.51	ctg_fasta
Cerastium_semidecandrum	mito	ctg000016l	2219	1	false	44.21	ctg_fasta
Cerastium_semidecandrum	mito	ctg000017l	2214	1	false	44.13	ctg_fasta
Cerastium_semidecandrum	mito	ctg000018l	2082	1	false	45.68	ctg_fasta
Cerastium_semidecandrum	mito	ctg000019l	1666	1	false	43.76	ctg_fasta
Cerastium_semidecandrum	mito	ctg000020l	1665	1	false	43.78	ctg_fasta
Cerastium_semidecandrum	mito	ctg000021l	1948	1	false	45.17	ctg_fasta
Cerastium_semidecandrum	mito	ctg000022l	1502	1	false	39.01	ctg_fasta
Cerastium_semidecandrum	mito	ctg000023l	1706	1	false	40.39	ctg_fasta
Cerastium_semidecandrum	mito	ctg000024l	1640	1	false	41.22	ctg_fasta
Cerastium_semidecandrum	mito	ctg000025l	1928	1	false	43.1	ctg_fasta
Cerastium_semidecandrum	mito	ctg000026l	1792	1	false	44.48	ctg_fasta
Cerastium_semidecandrum	mito	ctg000027l	1583	1	false	42.51	ctg_fasta
Cerastium_semidecandrum	mito	ctg000028l	2442	1	false	42.1	ctg_fasta
Cerastium_semidecandrum	mito	ctg000029l	1759	1	false	42.98	ctg_fasta
Cerastium_semidecandrum	mito	ctg000030l	1569	1	false	44.87	ctg_fasta
Cerastium_semidecandrum	mito	ctg000031l	1503	1	false	42.65	ctg_fasta
Cerastium_semidecandrum	mito	ctg000032l	1973	1	false	42.32	ctg_fasta
Cerastium_semidecandrum	mito	ctg000033l	2368	1	false	40.92	ctg_fasta
Cerastium_semidecandrum	mito	ctg000034l	1758	1	false	41.41	ctg_fasta
Cerastium_semidecandrum	mito	ctg000035l	1842	1	false	41.8	ctg_fasta
Cerastium_semidecandrum	mito	ctg000036l	1766	1	false	42.81	ctg_fasta
Cerastium_semidecandrum	mito	ctg000037l	1542	1	false	42.09	ctg_fasta
Cerastium_semidecandrum	mito	ctg000038l	1423	1	false	46.31	ctg_fasta
Cerastium_semidecandrum	mito	ctg000039l	1900	1	false	43.05	ctg_fasta
Cerastium_semidecandrum	mito	ctg000040l	1666	1	false	41.3	ctg_fasta
Cerastium_semidecandrum	mito	ctg000041l	2825	1	false	39.01	ctg_fasta
Cerastium_semidecandrum	mito	ctg000042l	1791	1	false	44.5	ctg_fasta
Cerastium_semidecandrum	mito	ctg000043l	1470	1	false	47.14	ctg_fasta
Cerastium_semidecandrum	mito	ctg000044l	1468	1	false	38.22	ctg_fasta
Cerastium_semidecandrum	mito	ctg000045l	1662	1	false	40.43	ctg_fasta
Cerastium_semidecandrum	mito	ctg000046l	1590	1	false	40.5	ctg_fasta
Cerastium_semidecandrum	mito	ctg000047l	3599	1	false	39.62	ctg_fasta
Cerastium_semidecandrum	mito	ctg000048l	1514	1	false	40.09	ctg_fasta
Cerastium_semidecandrum	mito	ctg000049l	2725	1	false	42.42	ctg_fasta
Cerastium_semidecandrum	mito	ctg000050l	2175	1	false	43.54	ctg_fasta
Cerastium_semidecandrum	mito	ctg000051l	2196	1	false	44.31	ctg_fasta
Cerastium_semidecandrum	mito	ctg000052l	1505	1	false	43.85	ctg_fasta
Cerastium_semidecandrum	mito	ctg000053l	1585	1	false	44.16	ctg_fasta
Cerastium_semidecandrum	mito	ctg000054l	2616	1	false	42.32	ctg_fasta
Cerastium_semidecandrum	mito	ctg000055l	1854	1	false	43.47	ctg_fasta
Cerastium_semidecandrum	mito	ctg000056l	1481	1	false	43.35	ctg_fasta
Cerastium_semidecandrum	mito	ctg000057l	2178	1	false	42.56	ctg_fasta
Cerastium_semidecandrum	mito	ctg000058l	1483	1	false	44.64	ctg_fasta
Cerastium_semidecandrum	mito	ctg000059l	1563	1	false	44.34	ctg_fasta
Cerastium_semidecandrum	mito	ctg000060l	1490	1	false	40.6	ctg_fasta
Cerastium_semidecandrum	mito	ctg000061l	1386	1	false	41.2	ctg_fasta
Cerastium_semidecandrum	mito	ctg000062l	1417	1	false	39.94	ctg_fasta
Cerastium_semidecandrum	mito	ctg000063l	1422	1	false	41.21	ctg_fasta
Cerastium_semidecandrum	mito	ctg000064l	1321	1	false	41.64	ctg_fasta
Cerastium_semidecandrum	mito	ctg000065l	1417	1	false	42.91	ctg_fasta
Cerastium_semidecandrum	mito	ctg000066l	1445	1	false	42.28	ctg_fasta
Cerastium_semidecandrum	mito	ctg000067l	1376	1	false	42.01	ctg_fasta
Cerastium_semidecandrum	mito	ctg000068l	1383	1	false	41.07	ctg_fasta
Cerastium_semidecandrum	mito	ctg000069l	1355	1	false	41.92	ctg_fasta
Cerastium_semidecandrum	mito	ctg000070l	1364	1	false	45.01	ctg_fasta
Cerastium_semidecandrum	mito	ctg000071l	1371	1	false	44.49	ctg_fasta
Cerastium_semidecandrum	mito	ctg000072l	1389	1	false	42.04	ctg_fasta
Cerastium_semidecandrum	mito	ctg000073l	1329	1	false	43.19	ctg_fasta
Cerastium_semidecandrum	mito	ctg000074l	1395	1	false	43.87	ctg_fasta
Cerastium_semidecandrum	mito	ctg000075l	1409	1	false	41.02	ctg_fasta
Cerastium_semidecandrum	mito	ctg000076l	1329	1	false	46.43	ctg_fasta
Cerastium_semidecandrum	mito	ctg000077l	1380	1	false	44.13	ctg_fasta
Cerastium_semidecandrum	mito	ctg000078l	1359	1	false	43.64	ctg_fasta
Cerastium_semidecandrum	mito	ctg000079l	1368	1	false	44.15	ctg_fasta
Cerastium_semidecandrum	mito	ctg000080l	1329	1	false	43.12	ctg_fasta
Cerastium_semidecandrum	mito	ctg000081l	1343	1	false	44.53	ctg_fasta
Cerastium_semidecandrum	mito	ctg000082l	1320	1	false	43.33	ctg_fasta
Cerastium_semidecandrum	mito	ctg000083l	1351	1	false	45.0	ctg_fasta
Cerastium_semidecandrum	mito	ctg000084l	1377	1	false	44.23	ctg_fasta
Cerastium_semidecandrum	mito	ctg000085l	1377	1	false	44.3	ctg_fasta
Cerastium_semidecandrum	mito	ctg000086l	1321	1	false	43.75	ctg_fasta
Cerastium_semidecandrum	mito	ctg000087l	1370	1	false	42.63	ctg_fasta
Cerastium_semidecandrum	mito	ctg000088l	1411	1	false	40.82	ctg_fasta
Cerastium_semidecandrum	mito	ctg000089l	1404	1	false	44.09	ctg_fasta
Cerastium_semidecandrum	mito	ctg000090l	1413	1	false	41.54	ctg_fasta
Cerastium_semidecandrum	mito	ctg000091l	1399	1	false	40.6	ctg_fasta
Cerastium_semidecandrum	mito	ctg000092l	1356	1	false	45.28	ctg_fasta
Cerastium_semidecandrum	mito	ctg000093l	1397	1	false	40.59	ctg_fasta
Cerastium_semidecandrum	mito	ctg000094l	1389	1	false	42.04	ctg_fasta
Cerastium_semidecandrum	mito	ctg000095l	1313	1	false	44.71	ctg_fasta
Cerastium_semidecandrum	mito	ctg000096l	1385	1	false	43.97	ctg_fasta
Cerastium_semidecandrum	mito	ctg000097l	1408	1	false	42.12	ctg_fasta
Cerastium_semidecandrum	mito	ctg000098l	1413	1	false	43.1	ctg_fasta
Cerastium_semidecandrum	mito	ctg000099l	1363	1	false	43.07	ctg_fasta
Cerastium_semidecandrum	mito	ctg000100l	1395	1	false	42.72	ctg_fasta
Cerastium_semidecandrum	mito	ctg000101l	1368	1	false	42.54	ctg_fasta
Cerastium_semidecandrum	mito	ctg000102l	1374	1	false	42.79	ctg_fasta
Cerastium_semidecandrum	mito	ctg000103l	1402	1	false	45.72	ctg_fasta
Cerastium_semidecandrum	mito	ctg000104l	1389	1	false	43.99	ctg_fasta
Cerastium_semidecandrum	mito	ctg000105l	1360	1	false	48.09	ctg_fasta
Cerastium_semidecandrum	mito	ctg000106l	1355	1	false	44.35	ctg_fasta
Cerastium_semidecandrum	mito	ctg000107l	1350	1	false	43.7	ctg_fasta
Cerastium_semidecandrum	mito	ctg000108l	1373	1	false	41.81	ctg_fasta
Cerastium_semidecandrum	mito	ctg000109l	1403	1	false	42.2	ctg_fasta
Cerastium_semidecandrum	mito	ctg000110l	1405	1	false	41.28	ctg_fasta
Cerastium_semidecandrum	mito	ctg000111l	1348	1	false	45.62	ctg_fasta
Cerastium_semidecandrum	mito	ctg000112l	11516	1	false	41.83	ctg_fasta
Cerastium_semidecandrum	mito	ctg000113l	10073	1	false	41.02	ctg_fasta
Ceratocapnos_claviculata	mito	ctg000001c	161647	1	true	46.71	ctg_fasta
Ceratocapnos_claviculata	mito	ctg000002c	149006	1	true	46.34	ctg_fasta
Ceratocapnos_claviculata	mito	ctg000003c	142398	1	true	46.44	ctg_fasta
Ceratocapnos_claviculata	mito	ctg000004c	97621	1	true	45.32	ctg_fasta
Ceratodon_purpureus	mito	ctg000001c	106539	1	true	39.98	ctg_fasta
Ceratophyllum_demersum	mito	ctg000001c	280620	4	true	44.36	ctg_fasta
Ceratophyllum_demersum	mito	ctg000002c	209438	4	true	49.74	ctg_fasta
Ceratophyllum_demersum	mito	ctg000003c	285526	4	true	49.56	ctg_fasta
Ceratophyllum_demersum	mito	ctg000004c	102042	1	true	49.69	ctg_fasta
Chaenorhinum_minus	mito	ctg000001c	458551	8	true	44.66	ctg_fasta
Chamaemelum_nobile	mito	ctg000001c	235361	4	true	45.12	ctg_fasta
Chamaenerion_angustifolium	mito	ctg000001c	495176	4	true	46.43	ctg_fasta
Chelidonium_majus	mito	ctg000001l	710741	28	false	46.65	ctg_fasta
Chenopodium_album	mito	ctg000001c	312951	8	true	44.05	ctg_fasta
Chionoloma_tenuirostre	mito	ctg000001c	104967	1	true	39.17	ctg_fasta
Chionoloma_tenuirostre	mito	ctg000002l	87218	1	false	64.4	ctg_fasta
Chrysosplenium_alternifolium	mito	ctg000001c	233203	7	true	45.75	ctg_fasta
Chrysosplenium_alternifolium	mito	ctg000002c	73773	1	true	45.88	ctg_fasta
Chrysosplenium_oppositifolium	mito	ctg000001l	306418	18	false	45.41	ctg_fasta
Chrysosplenium_oppositifolium	mito	ctg000002l	25302	1	false	44.91	ctg_fasta
Chrysosplenium_oppositifolium	mito	ctg000003c	42093	1	true	45.8	ctg_fasta
Chrysosplenium_oppositifolium	mito	ctg000004c	43515	1	true	43.97	ctg_fasta
Cicerbita_alpina	mito	ctg000001l	244447	3	false	45.42	ctg_fasta
Cicerbita_alpina	mito	ctg000002l	62988	1	false	44.49	ctg_fasta
Cicerbita_macrophylla	mito	ctg000001c	350926	11	true	45.42	ctg_fasta
Cicerbita_muralis	mito	ctg000001l	40293	1	false	44.85	ctg_fasta
Cicerbita_muralis	mito	ctg000002l	56394	1	false	45.57	ctg_fasta
Cicerbita_muralis	mito	ctg000003l	49915	1	false	44.8	ctg_fasta
Cicerbita_muralis	mito	ctg000004l	63582	1	false	45.84	ctg_fasta
Cicerbita_muralis	mito	ctg000005l	17824	1	false	45.79	ctg_fasta
Cichorium_intybus	mito						no_assembly
Cicuta_virosa	mito	ctg000001l	231107	11	false	44.54	ctg_fasta
Cicuta_virosa	mito	ctg000002l	13357	1	false	43.01	ctg_fasta
Cicuta_virosa	mito	ctg000003l	10965	1	false	45.93	ctg_fasta
Cicuta_virosa	mito	ctg000004l	19248	1	false	43.79	ctg_fasta
Cicuta_virosa	mito	ctg000005l	37442	1	false	43.34	ctg_fasta
Cicuta_virosa	mito	ctg000006l	13309	1	false	38.86	ctg_fasta
Cicuta_virosa	mito	ctg000007l	15032	1	false	43.59	ctg_fasta
Cicuta_virosa	mito	ctg000008l	14886	1	false	44.43	ctg_fasta
Cicuta_virosa	mito	ctg000009l	19025	1	false	46.24	ctg_fasta
Circaea_lutetiana	mito	ctg000001c	206156	1	true	46.2	ctg_fasta
Circaea_lutetiana	mito	ctg000002c	222701	4	true	46.35	ctg_fasta
Cirsium_acaule	mito	ctg000001c	330837	43	true	44.99	ctg_fasta
Cirsium_acaule	mito	ctg000002l	10909	1	false	45.05	ctg_fasta
Cirsium_arvense	mito	ctg000001l	279376	60	false	44.97	ctg_fasta
Cirsium_arvense	mito	ctg000002l	10090	1	false	43.48	ctg_fasta
Cirsium_dissectum	mito	ctg000001c	316648	43	true	45.04	ctg_fasta
Cirsium_eriophorum	mito	ctg000001l	271218	12	false	45.07	ctg_fasta
Cirsium_eriophorum	mito	ctg000002l	16164	1	false	45.89	ctg_fasta
Cirsium_eriophorum	mito	ctg000003l	24787	1	false	45.33	ctg_fasta
Cirsium_heterophyllum	mito	ctg000001c	320086	4	true	45.44	ctg_fasta
Cirsium_vulgare	mito	ctg000001c	309671	11	true	45.03	ctg_fasta
Cirsium_vulgare	mito	ctg000002c	48920	2	true	45.21	ctg_fasta
Claytonia_perfoliata	mito	ctg000001c	341607	4	true	43.87	ctg_fasta
Claytonia_sibirica	mito	ctg000001c	370073	8	true	43.88	ctg_fasta
Clematis_vitalba	mito	ctg000001c	750307	11	true	46.66	ctg_fasta
Clematis_vitalba	mito	ctg000002l	46096	1	false	46.04	ctg_fasta
Clematis_viticella	mito	ctg000001l	16544	1	false	47.99	ctg_fasta
Clematis_viticella	mito	ctg000002l	12098	1	false	45.33	ctg_fasta
Clematis_viticella	mito	ctg000003l	31325	1	false	46.67	ctg_fasta
Clematis_viticella	mito	ctg000004l	21100	1	false	45.9	ctg_fasta
Clematis_viticella	mito	ctg000005l	33723	1	false	47.68	ctg_fasta
Clematis_viticella	mito	ctg000006l	15730	1	false	46.78	ctg_fasta
Clematis_viticella	mito	ctg000007l	45209	1	false	46.25	ctg_fasta
Clematis_viticella	mito	ctg000008l	12125	1	false	45.63	ctg_fasta
Clematis_viticella	mito	ctg000009l	10710	1	false	49.03	ctg_fasta
Clematis_viticella	mito	ctg000010l	29942	1	false	47.38	ctg_fasta
Climacium_dendroides	mito	ctg000001c	104863	2	true	41.06	ctg_fasta
Clinopodium_vulgare	mito	ctg000001c	194036	8	true	44.77	ctg_fasta
Cochlearia_officinalis	mito	ctg000001c	378305	16	true	44.25	ctg_fasta
Cochlearia_officinalis	mito	ctg000002c	50155	1	true	45.34	ctg_fasta
Codriophorus_aciculare	mito	ctg000001c	105920	1	true	39.74	ctg_fasta
Coincya_wrightii	mito	ctg000001c	152321	4	true	45.21	ctg_fasta
Coincya_wrightii	mito	ctg000002c	94777	1	true	45.13	ctg_fasta
Colchicum_autumnale	mito	ctg000001l	562097	12	false	45.27	ctg_fasta
Colchicum_autumnale	mito	ctg000002l	33914	1	false	44.46	ctg_fasta
Colura_calyptrifolia	mito	ctg000001c	132699	1	true	43.35	ctg_fasta
Comarum_palustre	mito	ctg000001c	362318	15	true	44.12	ctg_fasta
Conium_maculatum	mito	ctg000001c	577494	4	true	43.66	ctg_fasta
Conocephalum_conicum	mito	ctg000001c	187371	1	true	42.51	ctg_fasta
Conopodium_majus	mito	ctg000001c	300341	20	true	44.6	ctg_fasta
Conopodium_majus	mito	ctg000002c	46675	1	true	43.38	ctg_fasta
Convallaria_majalis	mito						no_assembly
Convolvulus_arvensis	mito	ctg000001c	306741	21	true	43.66	ctg_fasta
Cornus_suecica	mito	ctg000001c	394226	4	true	45.13	ctg_fasta
Corylus_avellana	mito	ctg000001l	627746	3	false	44.63	ctg_fasta
Corylus_colurna	mito	ctg000001l	604132	3	false	45.08	ctg_fasta
Corynephorus_canescens	mito	ctg000001c	349842	12	true	44.11	ctg_fasta
Corynephorus_canescens	mito	ctg000002c	188532	4	true	44.1	ctg_fasta
Cotoneaster_cambricus	mito	ctg000001c	243279	1	true	45.23	ctg_fasta
Cotoneaster_cambricus	mito	ctg000002c	179734	1	true	45.26	ctg_fasta
Cotoneaster_horizontalis	mito	ctg000001c	426214	7	true	45.16	ctg_fasta
Crassula_aquatica	mito	ctg000001c	73006	1	true	41.51	ctg_fasta
Crassula_helmsii	mito	ctg000001c	84814	4	true	40.94	ctg_fasta
Crataegus_laevigata	mito	ctg000001c	465791	16	true	45.34	ctg_fasta
Crataegus_monogyna	mito	ctg000001c	465791	18	true	45.34	ctg_fasta
Cratoneuron_filicinum	mito	ctg000001c	103889	1	true	40.85	ctg_fasta
Crepis_paludosa	mito	ctg000001c	275757	4	true	45.62	ctg_fasta
Crithmum_maritimum	mito	ctg000001l	252990	9	false	45.5	ctg_fasta
Crocosmia_x_crocosmiiflora	mito	ctg000001l	319452	20	false	47.15	ctg_fasta
Crocosmia_x_crocosmiiflora	mito	ctg000002c	71776	1	true	48.22	ctg_fasta
Crocus_tommasinianus	mito	ctg000001l	435155	28	false	46.94	ctg_fasta
Crocus_tommasinianus	mito	ctg000002l	45277	3	false	45.03	ctg_fasta
Cruciata_laevipes	mito	ctg000001c	123617	1	true	43.52	ctg_fasta
Cruciata_laevipes	mito	ctg000002c	107726	1	true	43.13	ctg_fasta
Cryphaea_heteromalla	mito	ctg000001c	102544	2	true	40.91	ctg_fasta
Cryptogramma_crispa	mito						no_assembly
Ctenidium_molluscum	mito	ctg000001l	103899	1	false	40.94	ctg_fasta
Cuscuta_epithymum	mito	ctg000001c	408053	20	true	43.86	ctg_fasta
Cymbalaria_muralis	mito	ctg000001l	584105	16	false	43.86	ctg_fasta
Cynodontium_bruntonii	mito	ctg000001c	106046	1	true	40.12	ctg_fasta
Cynoglossum_officinale	mito	ctg000001l	5051	5	false	43.99	ctg_fasta
Cynosurus_cristatus	mito	ctg000001c	567054	12	true	44.32	ctg_fasta
Cyperus_fuscus	mito	ctg000001c	916078	12	true	41.18	ctg_fasta
Cystopteris_fragilis	mito	ctg000001l	11516	1	false	47.7	ctg_fasta
Cystopteris_fragilis	mito	ctg000002l	12690	1	false	48.01	ctg_fasta
Cystopteris_fragilis	mito	ctg000003l	8282	1	false	48.42	ctg_fasta
Cystopteris_fragilis	mito	ctg000004l	17547	1	false	48.61	ctg_fasta
Cystopteris_fragilis	mito	ctg000005l	4454	1	false	44.66	ctg_fasta
Cystopteris_fragilis	mito	ctg000006l	6164	1	false	48.52	ctg_fasta
Cystopteris_fragilis	mito	ctg000007l	1651	1	false	46.27	ctg_fasta
Cystopteris_fragilis	mito	ctg000008l	1586	1	false	46.85	ctg_fasta
Cystopteris_fragilis	mito	ctg000009l	3644	1	false	47.69	ctg_fasta
Cystopteris_fragilis	mito	ctg000010l	3335	1	false	46.09	ctg_fasta
Cystopteris_fragilis	mito	ctg000011l	8564	1	false	43.74	ctg_fasta
Cystopteris_fragilis	mito	ctg000012l	7552	1	false	46.6	ctg_fasta
Cystopteris_fragilis	mito	ctg000013l	1662	1	false	48.86	ctg_fasta
Cystopteris_fragilis	mito	ctg000014l	20946	1	false	44.77	ctg_fasta
Cystopteris_fragilis	mito	ctg000015l	5297	1	false	51.27	ctg_fasta
Cystopteris_fragilis	mito	ctg000016l	3991	1	false	42.45	ctg_fasta
Cystopteris_fragilis	mito	ctg000017l	4523	1	false	47.03	ctg_fasta
Cystopteris_fragilis	mito	ctg000018l	2316	1	false	50.09	ctg_fasta
Cystopteris_fragilis	mito	ctg000019l	1938	1	false	51.6	ctg_fasta
Cystopteris_fragilis	mito	ctg000020l	7274	1	false	49.55	ctg_fasta
Cystopteris_fragilis	mito	ctg000021l	3758	1	false	50.03	ctg_fasta
Cystopteris_fragilis	mito	ctg000022l	1701	1	false	47.62	ctg_fasta
Cystopteris_fragilis	mito	ctg000023l	16809	1	false	48.52	ctg_fasta
Cystopteris_fragilis	mito	ctg000024l	3419	1	false	51.51	ctg_fasta
Cystopteris_fragilis	mito	ctg000025l	6893	1	false	44.78	ctg_fasta
Cystopteris_fragilis	mito	ctg000026l	7926	1	false	44.99	ctg_fasta
Cystopteris_fragilis	mito	ctg000027l	5967	1	false	45.87	ctg_fasta
Cystopteris_fragilis	mito	ctg000028l	1425	1	false	54.04	ctg_fasta
Cystopteris_fragilis	mito	ctg000029l	1470	1	false	47.41	ctg_fasta
Cystopteris_fragilis	mito	ctg000030l	1401	1	false	48.61	ctg_fasta
Cystopteris_fragilis	mito	ctg000031l	1415	1	false	52.44	ctg_fasta
Cystopteris_fragilis	mito	ctg000032l	1484	1	false	47.44	ctg_fasta
Cystopteris_fragilis	mito	ctg000033l	1386	1	false	52.96	ctg_fasta
Cystopteris_montana	mito	ctg000001l	25236	1	false	47.15	ctg_fasta
Cystopteris_montana	mito	ctg000002l	8271	1	false	48.42	ctg_fasta
Cystopteris_montana	mito	ctg000003l	7853	1	false	46.33	ctg_fasta
Cystopteris_montana	mito	ctg000004l	4107	1	false	51.5	ctg_fasta
Cystopteris_montana	mito	ctg000005l	3648	1	false	45.18	ctg_fasta
Cystopteris_montana	mito	ctg000006l	2889	1	false	49.12	ctg_fasta
Cystopteris_montana	mito	ctg000007l	3419	1	false	51.51	ctg_fasta
Cystopteris_montana	mito	ctg000008l	7410	1	false	46.17	ctg_fasta
Cystopteris_montana	mito	ctg000009l	6698	1	false	48.64	ctg_fasta
Cystopteris_montana	mito	ctg000010l	3882	1	false	44.28	ctg_fasta
Cystopteris_montana	mito	ctg000011l	10223	1	false	49.26	ctg_fasta
Cystopteris_montana	mito	ctg000012l	1656	1	false	46.26	ctg_fasta
Cystopteris_montana	mito	ctg000013l	1428	1	false	48.67	ctg_fasta
Cystopteris_montana	mito	ctg000014l	2316	1	false	50.09	ctg_fasta
Cystopteris_montana	mito	ctg000015l	11670	1	false	45.94	ctg_fasta
Cystopteris_montana	mito	ctg000016l	8375	1	false	42.76	ctg_fasta
Cystopteris_montana	mito	ctg000017l	2549	1	false	49.12	ctg_fasta
Cystopteris_montana	mito	ctg000018l	4832	1	false	45.47	ctg_fasta
Cystopteris_montana	mito	ctg000019l	3412	1	false	48.86	ctg_fasta
Cystopteris_montana	mito	ctg000020l	5462	1	false	48.11	ctg_fasta
Cystopteris_montana	mito	ctg000021l	11547	1	false	48.19	ctg_fasta
Cystopteris_montana	mito	ctg000022l	7330	1	false	43.82	ctg_fasta
Cystopteris_montana	mito	ctg000023l	1696	1	false	48.47	ctg_fasta
Cystopteris_montana	mito	ctg000024l	7006	1	false	46.62	ctg_fasta
Cystopteris_montana	mito	ctg000025l	9699	1	false	47.5	ctg_fasta
Cystopteris_montana	mito	ctg000026l	1701	1	false	47.68	ctg_fasta
Cystopteris_montana	mito	ctg000027l	1617	1	false	47.62	ctg_fasta
Cystopteris_montana	mito	ctg000028l	1448	1	false	52.07	ctg_fasta
Cystopteris_montana	mito	ctg000029l	7553	1	false	45.61	ctg_fasta
Cystopteris_montana	mito	ctg000030l	3516	1	false	50.4	ctg_fasta
Cystopteris_montana	mito	ctg000031l	5832	1	false	50.53	ctg_fasta
Cystopteris_montana	mito	ctg000032l	1375	1	false	48.95	ctg_fasta
Cystopteris_montana	mito	ctg000033l	1424	1	false	52.25	ctg_fasta
Cystopteris_montana	mito	ctg000034l	1407	1	false	48.33	ctg_fasta
Cystopteris_montana	mito	ctg000035l	1386	1	false	51.08	ctg_fasta
Cystopteris_montana	mito	ctg000036l	1368	1	false	48.68	ctg_fasta
Cystopteris_montana	mito	ctg000037l	1411	1	false	42.95	ctg_fasta
Cystopteris_montana	mito	ctg000038l	1398	1	false	45.99	ctg_fasta
Cystopteris_montana	mito	ctg000039l	1406	1	false	51.92	ctg_fasta
Cystopteris_montana	mito	ctg000040l	1409	1	false	43.93	ctg_fasta
Cytisus_scoparius	mito	ctg000001c	457509	6	true	44.95	ctg_fasta
Daboecia_cantabrica	mito	ctg000001c	488394	4	true	45.39	ctg_fasta
Dactylis_glomerata	mito	ctg000001c	593310	14	true	44.11	ctg_fasta
Dactylorhiza_fuchsii	mito	ctg000001c	78822	1	true	45.16	ctg_fasta
Dactylorhiza_fuchsii	mito	ctg000002c	47204	1	true	45.48	ctg_fasta
Dactylorhiza_fuchsii	mito	ctg000003c	37889	1	true	45.75	ctg_fasta
Dactylorhiza_fuchsii	mito	ctg000004c	32379	1	true	45.97	ctg_fasta
Dactylorhiza_fuchsii	mito	ctg000005c	33836	1	true	45.59	ctg_fasta
Dactylorhiza_fuchsii	mito	ctg000006c	58686	1	true	44.71	ctg_fasta
Dactylorhiza_fuchsii	mito	ctg000007c	30349	1	true	46.49	ctg_fasta
Dactylorhiza_fuchsii	mito	ctg000008c	29919	1	true	45.27	ctg_fasta
Dactylorhiza_fuchsii	mito	ctg000009c	32526	1	true	45.76	ctg_fasta
Dactylorhiza_fuchsii	mito	ctg000010c	28490	1	true	46.38	ctg_fasta
Dactylorhiza_fuchsii	mito	ctg000011c	34878	1	true	44.74	ctg_fasta
Dactylorhiza_fuchsii	mito	ctg000012c	63015	1	true	46.08	ctg_fasta
Dactylorhiza_fuchsii	mito	ctg000013c	36679	1	true	46.83	ctg_fasta
Dactylorhiza_fuchsii	mito	ctg000014c	33712	1	true	46.69	ctg_fasta
Dactylorhiza_incarnata	mito	ctg000001l	53225	1	false	44.21	ctg_fasta
Dactylorhiza_incarnata	mito	ctg000002l	47989	1	false	44.71	ctg_fasta
Dactylorhiza_incarnata	mito	ctg000003l	13248	1	false	44.58	ctg_fasta
Dactylorhiza_incarnata	mito	ctg000004l	21064	1	false	45.41	ctg_fasta
Dactylorhiza_purpurella	mito	ctg000001c	196555	4	true	45.64	ctg_fasta
Dactylorhiza_purpurella	mito	ctg000002c	70517	1	true	46.95	ctg_fasta
Dactylorhiza_purpurella	mito	ctg000003c	67183	1	true	44.77	ctg_fasta
Dactylorhiza_purpurella	mito	ctg000004c	54151	1	true	46.0	ctg_fasta
Dactylorhiza_purpurella	mito	ctg000005c	32879	1	true	45.9	ctg_fasta
Dactylorhiza_purpurella	mito	ctg000006c	43258	1	true	46.43	ctg_fasta
Dactylorhiza_purpurella	mito	ctg000007c	47520	1	true	45.19	ctg_fasta
Dactylorhiza_purpurella	mito	ctg000008c	54151	1	true	45.99	ctg_fasta
Dactylorhiza_purpurella	mito	ctg000009c	61379	1	true	45.57	ctg_fasta
Dactylorhiza_purpurella	mito	ctg000010c	39195	1	true	46.64	ctg_fasta
Dactylorhiza_purpurella	mito	ctg000011c	45451	1	true	45.65	ctg_fasta
Dactylorhiza_viridis	mito	ctg000001l	71226	1	false	44.83	ctg_fasta
Dactylorhiza_viridis	mito	ctg000002c	87805	4	true	45.46	ctg_fasta
Dactylorhiza_viridis	mito	ctg000003c	58686	1	true	44.72	ctg_fasta
Dactylorhiza_viridis	mito	ctg000004l	29393	1	false	44.75	ctg_fasta
Dactylorhiza_viridis	mito	ctg000005l	33442	1	false	45.62	ctg_fasta
Dactylorhiza_viridis	mito	ctg000006c	63010	1	true	46.07	ctg_fasta
Damasonium_alisma	mito	ctg000001c	51501	1	true	47.63	ctg_fasta
Damasonium_alisma	mito	ctg000002c	49971	1	true	47.43	ctg_fasta
Damasonium_alisma	mito	ctg000003c	78987	1	true	49.68	ctg_fasta
Damasonium_alisma	mito	ctg000004l	28109	1	false	45.92	ctg_fasta
Danthonia_decumbens	mito	ctg000001c	416588	8	true	43.85	ctg_fasta
Daphne_laureola	mito	ctg000001l	146006	2	false	44.64	ctg_fasta
Daphne_laureola	mito	ctg000002l	89693	2	false	44.89	ctg_fasta
Daphne_laureola	mito	ctg000003c	38995	1	true	44.24	ctg_fasta
Daphne_laureola	mito	ctg000004c	48475	1	true	45.01	ctg_fasta
Daphne_laureola	mito	ctg000005c	23106	1	true	43.71	ctg_fasta
Daphne_mezereum	mito	ctg000001c	523284	27	true	44.49	ctg_fasta
Daphne_mezereum	mito	ctg000002c	412416	4	true	44.64	ctg_fasta
Dasiphora_fruticosa	mito	ctg000001c	288462	1	true	45.09	ctg_fasta
Datura_stramonium	mito	ctg000001c	344830	24	true	45.22	ctg_fasta
Daucus_carota	mito	ctg000001c	249734	10	true	45.24	ctg_fasta
Daucus_carota	mito	ctg000002l	68064	4	false	44.68	ctg_fasta
Deschampsia_cespitosa	mito	ctg000001c	603919	27	true	44.21	ctg_fasta
Descurainia_sophia	mito	ctg000001c	265488	1	true	44.78	ctg_fasta
Dianthus_deltoides	mito	ctg000001l	509630	31	false	42.45	ctg_fasta
Diapensia_lapponica	mito	ctg000001l	1150553	23	false	45.47	ctg_fasta
Diapensia_lapponica	mito	ctg000002l	11896	1	false	44.08	ctg_fasta
Diapensia_lapponica	mito	ctg000003l	13018	1	false	45.8	ctg_fasta
Diapensia_lapponica	mito	ctg000004l	136976	1	false	44.97	ctg_fasta
Diapensia_lapponica	mito	ctg000005l	36055	1	false	45.46	ctg_fasta
Diapensia_lapponica	mito	ctg000006l	69940	1	false	46.03	ctg_fasta
Dichodontium_palustre	mito	ctg000001c	105826	2	true	40.15	ctg_fasta
Dicranodontium_denudatum	mito	ctg000001c	101780	1	true	40.04	ctg_fasta
Dicranoweisia_cirrata	mito	ctg000001c	105834	1	true	39.8	ctg_fasta
Dicranum_bonjeanii	mito	ctg000001c	105772	1	true	40.42	ctg_fasta
Dicranum_flexicaule	mito	ctg000001c	105684	1	true	40.54	ctg_fasta
Dicranum_fuscescens	mito	ctg000001l	217027	47	false	40.88	ctg_fasta
Dicranum_fuscescens	mito	ctg000002l	13010	1	false	40.18	ctg_fasta
Dicranum_fuscescens	mito	ctg000003l	13986	1	false	43.94	ctg_fasta
Dicranum_fuscescens	mito	ctg000004l	16414	1	false	40.64	ctg_fasta
Dicranum_fuscescens	mito	ctg000005l	15034	1	false	40.48	ctg_fasta
Dicranum_fuscescens	mito	ctg000006l	10151	1	false	42.53	ctg_fasta
Dicranum_fuscescens	mito	ctg000007l	11645	1	false	39.33	ctg_fasta
Dicranum_fuscescens	mito	ctg000008l	12060	1	false	40.42	ctg_fasta
Dicranum_fuscescens	mito	ctg000009l	25591	1	false	41.47	ctg_fasta
Dicranum_fuscescens	mito	ctg000010c	42423	1	true	26.76	ctg_fasta
Dicranum_majus	mito	ctg000001c	105434	2	true	40.45	ctg_fasta
Dicranum_scoparium	mito	ctg000001c	105749	1	true	40.44	ctg_fasta
Dicranum_scottianum	mito	ctg000001c	105692	1	true	40.52	ctg_fasta
Dicranum_scottianum	mito	ctg000002c	32679	1	true	26.56	ctg_fasta
Dicranum_tauricum	mito	ctg000001c	105647	1	true	40.37	ctg_fasta
Didymodon_insulanus	mito	ctg000001c	105600	1	true	39.19	ctg_fasta
Didymodon_rigidulus	mito	ctg000001c	106259	1	true	39.54	ctg_fasta
Digitalis_purpurea	mito	ctg000001c	384361	4	true	45.08	ctg_fasta
Digitaria_sanguinalis	mito	ctg000001l	376954	25	false	44.04	ctg_fasta
Dilutineuron_fasciculare	mito	ctg000001c	106532	2	true	39.72	ctg_fasta
Dioscorea_communis	mito	ctg000001c	424069	10	true	45.31	ctg_fasta
Dioscorea_communis	mito	ctg000002c	159634	1	true	45.34	ctg_fasta
Diphasiastrum_alpinum	mito						no_assembly
Dipsacus_fullonum	mito	ctg000001c	319246	4	true	45.28	ctg_fasta
Dipsacus_fullonum	mito	ctg000002c	97441	1	true	45.86	ctg_fasta
Dipsacus_fullonum	mito	ctg000003c	89917	1	true	45.78	ctg_fasta
Dipsacus_fullonum	mito	ctg000004c	59265	1	true	44.57	ctg_fasta
Disphyma_crassifolium	mito	ctg000001c	1668649	26	true	44.4	ctg_fasta
Disphyma_crassifolium	mito	ctg000002l	18347	1	false	44.86	ctg_fasta
Disphyma_crassifolium	mito	ctg000003l	78432	1	false	44.8	ctg_fasta
Disphyma_crassifolium	mito	ctg000004l	47478	1	false	44.79	ctg_fasta
Distichium_capillaceum	mito	ctg000001c	107079	2	true	40.51	ctg_fasta
Ditrichum_cornubicum	mito	ctg000001c	105901	1	true	39.98	ctg_fasta
Doronicum_pardalianches	mito	ctg000001c	216917	1	true	44.91	ctg_fasta
Doronicum_pardalianches	mito	ctg000002c	55810	1	true	44.48	ctg_fasta
Doronicum_pardalianches	mito	ctg000003c	73595	1	true	44.24	ctg_fasta
Douinia_ovata	mito	ctg000001c	143786	2	true	45.28	ctg_fasta
Draba_incana	mito	ctg000001c	283085	1	true	45.17	ctg_fasta
Draba_verna	mito	ctg000001c	290597	12	true	45.13	ctg_fasta
Dracunculus_vulgaris	mito	ctg000001c	124538	1	true	47.01	ctg_fasta
Dracunculus_vulgaris	mito	ctg000002c	178661	1	true	46.2	ctg_fasta
Dracunculus_vulgaris	mito	ctg000003c	192608	8	true	46.21	ctg_fasta
Dracunculus_vulgaris	mito	ctg000004c	158435	4	true	46.5	ctg_fasta
Dracunculus_vulgaris	mito	ctg000005c	48018	1	true	44.79	ctg_fasta
Dracunculus_vulgaris	mito	ctg000006c	37792	1	true	45.68	ctg_fasta
Drosera_anglica	mito	ctg000001c	252369	4	true	43.53	ctg_fasta
Drosera_anglica	mito	ctg000002c	245338	1	true	44.22	ctg_fasta
Drosera_rotundifolia	mito	ctg000001c	494264	4	true	43.86	ctg_fasta
Dryas_octopetala	mito	ctg000001c	346574	4	true	45.7	ctg_fasta
Dryopteris_borreri	mito	ctg000001l	7967	1	false	51.07	ctg_fasta
Dryopteris_borreri	mito	ctg000002l	2933	1	false	46.64	ctg_fasta
Dryopteris_borreri	mito	ctg000003l	8357	1	false	45.79	ctg_fasta
Dryopteris_borreri	mito	ctg000004l	20861	1	false	48.89	ctg_fasta
Dryopteris_borreri	mito	ctg000005l	1562	1	false	46.54	ctg_fasta
Dryopteris_borreri	mito	ctg000006l	16081	1	false	48.77	ctg_fasta
Dryopteris_borreri	mito	ctg000007l	6783	1	false	49.59	ctg_fasta
Dryopteris_borreri	mito	ctg000008l	3553	1	false	47.2	ctg_fasta
Dryopteris_borreri	mito	ctg000009l	6506	1	false	47.94	ctg_fasta
Dryopteris_borreri	mito	ctg000010l	10049	1	false	47.8	ctg_fasta
Dryopteris_borreri	mito	ctg000011l	6848	1	false	42.73	ctg_fasta
Dryopteris_borreri	mito	ctg000012l	3552	1	false	48.99	ctg_fasta
Dryopteris_borreri	mito	ctg000013l	1973	1	false	50.33	ctg_fasta
Dryopteris_borreri	mito	ctg000014l	4222	1	false	52.68	ctg_fasta
Dryopteris_borreri	mito	ctg000015l	6401	1	false	47.57	ctg_fasta
Dryopteris_borreri	mito	ctg000016l	3138	1	false	50.32	ctg_fasta
Dryopteris_borreri	mito	ctg000017l	5449	1	false	47.61	ctg_fasta
Dryopteris_borreri	mito	ctg000018l	1713	1	false	48.16	ctg_fasta
Dryopteris_borreri	mito	ctg000019l	5450	1	false	49.19	ctg_fasta
Dryopteris_borreri	mito	ctg000020l	5108	1	false	47.91	ctg_fasta
Dryopteris_borreri	mito	ctg000021l	9572	1	false	48.39	ctg_fasta
Dryopteris_borreri	mito	ctg000022l	2730	1	false	52.12	ctg_fasta
Dryopteris_borreri	mito	ctg000023l	2857	1	false	46.69	ctg_fasta
Dryopteris_borreri	mito	ctg000024l	5394	1	false	49.56	ctg_fasta
Dryopteris_borreri	mito	ctg000025l	2028	1	false	48.47	ctg_fasta
Dryopteris_borreri	mito	ctg000026l	3785	1	false	51.31	ctg_fasta
Dryopteris_borreri	mito	ctg000027l	18646	1	false	47.72	ctg_fasta
Dryopteris_borreri	mito	ctg000028l	3587	1	false	50.26	ctg_fasta
Dryopteris_borreri	mito	ctg000029l	1628	1	false	47.05	ctg_fasta
Dryopteris_borreri	mito	ctg000030l	3190	1	false	43.7	ctg_fasta
Dryopteris_borreri	mito	ctg000031l	1359	1	false	49.96	ctg_fasta
Dryopteris_borreri	mito	ctg000032l	1342	1	false	48.96	ctg_fasta
Dryopteris_borreri	mito	ctg000033l	1431	1	false	50.66	ctg_fasta
Dryopteris_borreri	mito	ctg000034l	1403	1	false	47.4	ctg_fasta
Dryopteris_borreri	mito	ctg000035l	1377	1	false	48.73	ctg_fasta
Dryopteris_dilatata	mito	ctg000001l	6048	1	false	50.88	ctg_fasta
Dryopteris_dilatata	mito	ctg000002l	1562	1	false	46.61	ctg_fasta
Dryopteris_dilatata	mito	ctg000003l	8362	1	false	46.07	ctg_fasta
Dryopteris_dilatata	mito	ctg000004l	9544	1	false	48.19	ctg_fasta
Dryopteris_dilatata	mito	ctg000005l	6779	1	false	43.13	ctg_fasta
Dryopteris_dilatata	mito	ctg000006l	2846	1	false	46.28	ctg_fasta
Dryopteris_dilatata	mito	ctg000007l	3328	1	false	51.14	ctg_fasta
Dryopteris_dilatata	mito	ctg000008l	3183	1	false	45.02	ctg_fasta
Dryopteris_dilatata	mito	ctg000009l	5104	1	false	48.41	ctg_fasta
Dryopteris_dilatata	mito	ctg000010l	2442	1	false	43.0	ctg_fasta
Dryopteris_dilatata	mito	ctg000011l	17093	1	false	47.29	ctg_fasta
Dryopteris_dilatata	mito	ctg000012l	13108	1	false	49.8	ctg_fasta
Dryopteris_dilatata	mito	ctg000013l	3004	1	false	51.83	ctg_fasta
Dryopteris_dilatata	mito	ctg000014l	4498	1	false	46.09	ctg_fasta
Dryopteris_dilatata	mito	ctg000015l	4209	1	false	52.6	ctg_fasta
Dryopteris_dilatata	mito	ctg000016l	5497	1	false	49.57	ctg_fasta
Dryopteris_dilatata	mito	ctg000017l	6503	1	false	47.67	ctg_fasta
Dryopteris_dilatata	mito	ctg000018l	2283	1	false	47.74	ctg_fasta
Dryopteris_dilatata	mito	ctg000019l	7856	1	false	46.88	ctg_fasta
Dryopteris_dilatata	mito	ctg000020l	10007	1	false	49.03	ctg_fasta
Dryopteris_dilatata	mito	ctg000021l	9130	1	false	48.49	ctg_fasta
Dryopteris_dilatata	mito	ctg000022l	1726	1	false	46.52	ctg_fasta
Dryopteris_dilatata	mito	ctg000023l	2967	1	false	46.58	ctg_fasta
Dryopteris_dilatata	mito	ctg000024l	1686	1	false	48.04	ctg_fasta
Dryopteris_dilatata	mito	ctg000025l	13851	1	false	49.45	ctg_fasta
Dryopteris_dilatata	mito	ctg000026l	3428	1	false	51.31	ctg_fasta
Dryopteris_dilatata	mito	ctg000027l	3237	1	false	50.36	ctg_fasta
Dryopteris_dilatata	mito	ctg000028l	4479	1	false	48.87	ctg_fasta
Dryopteris_dilatata	mito	ctg000029l	4494	1	false	46.22	ctg_fasta
Dryopteris_dilatata	mito	ctg000030l	1764	1	false	49.09	ctg_fasta
Dryopteris_dilatata	mito	ctg000031l	6680	1	false	48.08	ctg_fasta
Dryopteris_dilatata	mito	ctg000032l	2344	1	false	48.89	ctg_fasta
Dryopteris_dilatata	mito	ctg000033l	1533	1	false	48.4	ctg_fasta
Dryopteris_dilatata	mito	ctg000034l	2466	1	false	48.5	ctg_fasta
Dryopteris_dilatata	mito	ctg000035l	13341	1	false	43.93	ctg_fasta
Dryopteris_dilatata	mito	ctg000036l	1898	1	false	47.21	ctg_fasta
Dryopteris_dilatata	mito	ctg000037l	1392	1	false	49.14	ctg_fasta
Dryopteris_dilatata	mito	ctg000038l	1403	1	false	46.61	ctg_fasta
Dryopteris_dilatata	mito	ctg000039l	1392	1	false	49.35	ctg_fasta
Dryopteris_dilatata	mito	ctg000040l	1411	1	false	51.88	ctg_fasta
Dryopteris_dilatata	mito	ctg000041l	1387	1	false	49.75	ctg_fasta
Dryopteris_dilatata	mito	ctg000042l	1429	1	false	49.9	ctg_fasta
Dryopteris_dilatata	mito	ctg000043l	1392	1	false	49.57	ctg_fasta
Dryopteris_dilatata	mito	ctg000044l	1441	1	false	49.76	ctg_fasta
Dryopteris_filix_mas	mito	ctg000001l	7967	1	false	51.07	ctg_fasta
Dryopteris_filix_mas	mito	ctg000002l	5449	1	false	47.62	ctg_fasta
Dryopteris_filix_mas	mito	ctg000003l	1713	1	false	48.22	ctg_fasta
Dryopteris_filix_mas	mito	ctg000004l	5450	1	false	49.19	ctg_fasta
Dryopteris_filix_mas	mito	ctg000005l	3553	1	false	47.2	ctg_fasta
Dryopteris_filix_mas	mito	ctg000006l	16081	1	false	48.76	ctg_fasta
Dryopteris_filix_mas	mito	ctg000007l	6506	1	false	47.94	ctg_fasta
Dryopteris_filix_mas	mito	ctg000008l	5448	1	false	49.19	ctg_fasta
Dryopteris_filix_mas	mito	ctg000009l	4596	1	false	50.78	ctg_fasta
Dryopteris_filix_mas	mito	ctg000010l	10049	1	false	47.8	ctg_fasta
Dryopteris_filix_mas	mito	ctg000011l	2028	1	false	48.47	ctg_fasta
Dryopteris_filix_mas	mito	ctg000012l	3587	1	false	50.26	ctg_fasta
Dryopteris_filix_mas	mito	ctg000013l	1628	1	false	47.05	ctg_fasta
Dryopteris_filix_mas	mito	ctg000014l	3190	1	false	43.7	ctg_fasta
Dryopteris_filix_mas	mito	ctg000015l	3736	1	false	48.05	ctg_fasta
Dryopteris_filix_mas	mito	ctg000016l	1973	1	false	50.33	ctg_fasta
Dryopteris_filix_mas	mito	ctg000017l	6783	1	false	49.59	ctg_fasta
Dryopteris_filix_mas	mito	ctg000018l	2933	1	false	46.64	ctg_fasta
Dryopteris_filix_mas	mito	ctg000019l	18650	1	false	47.72	ctg_fasta
Dryopteris_filix_mas	mito	ctg000020l	9554	1	false	48.58	ctg_fasta
Dryopteris_filix_mas	mito	ctg000021l	3100	1	false	47.48	ctg_fasta
Dryopteris_filix_mas	mito	ctg000022l	3552	1	false	48.99	ctg_fasta
Dryopteris_filix_mas	mito	ctg000023l	4222	1	false	52.68	ctg_fasta
Dryopteris_filix_mas	mito	ctg000024l	6401	1	false	47.57	ctg_fasta
Dryopteris_filix_mas	mito	ctg000025l	1562	1	false	46.54	ctg_fasta
Dryopteris_filix_mas	mito	ctg000026l	15825	1	false	48.14	ctg_fasta
Dryopteris_filix_mas	mito	ctg000027l	3785	1	false	51.33	ctg_fasta
Dryopteris_filix_mas	mito	ctg000028l	8357	1	false	45.79	ctg_fasta
Dryopteris_filix_mas	mito	ctg000029l	5143	1	false	51.18	ctg_fasta
Dryopteris_filix_mas	mito	ctg000030l	2857	1	false	46.69	ctg_fasta
Dryopteris_filix_mas	mito	ctg000031l	6848	1	false	42.71	ctg_fasta
Dryopteris_filix_mas	mito	ctg000032l	1403	1	false	47.4	ctg_fasta
Dryopteris_filix_mas	mito	ctg000033l	1431	1	false	50.66	ctg_fasta
Dryopteris_filix_mas	mito	ctg000034l	1342	1	false	48.96	ctg_fasta
Dryopteris_filix_mas	mito	ctg000035l	1359	1	false	49.96	ctg_fasta
Dryopteris_filix_mas	mito	ctg000036l	1377	1	false	48.73	ctg_fasta
Echium_vulgare	mito	ctg000001c	333895	8	true	43.09	ctg_fasta
Eleocharis_parvula	mito	ctg000001l	1281794	21	false	43.71	ctg_fasta
Eleocharis_quinqueflora	mito	ctg000001c	2027316	20	true	41.83	ctg_fasta
Elodea_nuttallii	mito	ctg000001c	287615	1	true	49.37	ctg_fasta
Empetrum_nigrum	mito	ctg000001c	392096	1	true	46.15	ctg_fasta
Empetrum_nigrum	mito	ctg000002c	169999	1	true	46.31	ctg_fasta
Encalypta_ciliata	mito	ctg000001c	108951	1	true	40.13	ctg_fasta
Entodon_concinnus	mito	ctg000001c	105307	1	true	41.01	ctg_fasta
Epilobium_alsinifolium	mito	ctg000001c	425970	4	true	46.37	ctg_fasta
Epilobium_anagallidifolium	mito	ctg000001c	426708	4	true	46.38	ctg_fasta
Epilobium_brunnescens	mito	ctg000001c	426805	4	true	46.39	ctg_fasta
Epilobium_ciliatum	mito	ctg000001c	426407	4	true	46.34	ctg_fasta
Epilobium_hirsutum	mito	ctg000001l	430669	3	false	46.34	ctg_fasta
Epilobium_palustre	mito	ctg000001c	427147	4	true	46.38	ctg_fasta
Epilobium_parviflorum	mito	ctg000001c	440334	4	true	46.3	ctg_fasta
Epipactis_purpurata	mito	ctg000001c	16777	1	true	46.66	ctg_fasta
Epipactis_purpurata	mito	ctg000002c	23134	1	true	46.56	ctg_fasta
Epipactis_purpurata	mito	ctg000003c	18033	1	true	45.2	ctg_fasta
Epipactis_purpurata	mito	ctg000004c	26444	1	true	45.82	ctg_fasta
Epipactis_purpurata	mito	ctg000005c	20478	1	true	46.05	ctg_fasta
Epipactis_purpurata	mito	ctg000006c	17515	1	true	46.72	ctg_fasta
Epipactis_purpurata	mito	ctg000007c	21537	1	true	45.68	ctg_fasta
Epipactis_purpurata	mito	ctg000008c	26084	1	true	47.6	ctg_fasta
Epipactis_purpurata	mito	ctg000009c	28776	2	true	46.92	ctg_fasta
Epipactis_purpurata	mito	ctg000010c	18205	1	true	47.18	ctg_fasta
Epipactis_purpurata	mito	ctg000011c	23865	1	true	47.01	ctg_fasta
Epipactis_purpurata	mito	ctg000012c	24209	1	true	46.22	ctg_fasta
Epipactis_purpurata	mito	ctg000013c	25862	1	true	46.44	ctg_fasta
Epipactis_purpurata	mito	ctg000014c	27538	1	true	45.2	ctg_fasta
Epipactis_purpurata	mito	ctg000015c	19505	1	true	45.72	ctg_fasta
Epipactis_purpurata	mito	ctg000016c	22618	1	true	44.89	ctg_fasta
Epipactis_purpurata	mito	ctg000017c	16758	1	true	44.86	ctg_fasta
Epipactis_purpurata	mito	ctg000018c	18792	1	true	44.79	ctg_fasta
Equisetum_arvense	mito	ctg000001c	245769	18	true	51.77	ctg_fasta
Equisetum_fluviatile	mito	ctg000001c	243163	20	true	51.66	ctg_fasta
Equisetum_hyemale	mito						no_assembly
Equisetum_palustre	mito						no_assembly
Equisetum_pratense	mito	ctg000001c	239012	19	true	51.73	ctg_fasta
Equisetum_sylvaticum	mito	ctg000001c	238562	13	true	51.67	ctg_fasta
Equisetum_sylvaticum	mito	ctg000002l	12800	1	false	51.19	ctg_fasta
Equisetum_telmateia	mito	ctg000001c	243533	24	true	51.67	ctg_fasta
Equisetum_variegatum	mito						no_assembly
Eranthis_hyemalis	mito	ctg000001l	781937	31	false	46.13	ctg_fasta
Eranthis_hyemalis	mito	ctg000002l	12492	1	false	44.09	ctg_fasta
Erica_ciliaris	mito	ctg000001c	631255	10	true	45.05	ctg_fasta
Erica_cinerea	mito	ctg000001l	654650	3	false	45.15	ctg_fasta
Erica_mackaiana	mito	ctg000001c	691123	9	true	45.13	ctg_fasta
Erica_tetralix	mito	ctg000001l	615536	4	false	45.12	ctg_fasta
Erigeron_borealis	mito	ctg000001c	90588	1	true	45.21	ctg_fasta
Erigeron_borealis	mito	ctg000002c	156827	3	true	44.79	ctg_fasta
Erinus_alpinus	mito	ctg000001c	17441	1	true	44.66	ctg_fasta
Erinus_alpinus	mito	ctg000002c	58038	4	true	44.83	ctg_fasta
Erinus_alpinus	mito	ctg000003c	27574	1	true	45.59	ctg_fasta
Erinus_alpinus	mito	ctg000004l	23827	1	false	45.23	ctg_fasta
Erinus_alpinus	mito	ctg000005l	33185	3	false	46.04	ctg_fasta
Erinus_alpinus	mito	ctg000006l	31687	1	false	46.25	ctg_fasta
Erinus_alpinus	mito	ctg000007l	33861	1	false	44.38	ctg_fasta
Erinus_alpinus	mito	ctg000008c	21529	1	true	45.8	ctg_fasta
Erinus_alpinus	mito	ctg000009c	24813	1	true	45.81	ctg_fasta
Erinus_alpinus	mito	ctg000010l	20284	1	false	45.52	ctg_fasta
Erinus_alpinus	mito	ctg000011c	26767	1	true	44.81	ctg_fasta
Erinus_alpinus	mito	ctg000012c	27991	1	true	45.5	ctg_fasta
Erinus_alpinus	mito	ctg000013c	27235	1	true	44.41	ctg_fasta
Erinus_alpinus	mito	ctg000014l	21756	1	false	44.4	ctg_fasta
Erinus_alpinus	mito	ctg000015c	20323	1	true	47.81	ctg_fasta
Erinus_alpinus	mito	ctg000016c	22704	1	true	45.87	ctg_fasta
Eriocaulon_aquaticum	mito	ctg000001c	204230	15	true	45.32	ctg_fasta
Eriocaulon_aquaticum	mito	ctg000002c	38855	3	true	44.6	ctg_fasta
Eriophorum_angustifolium	mito	ctg000001c	2886541	20	true	41.28	ctg_fasta
Eriophorum_angustifolium	mito	ctg000002l	176495	1	false	41.15	ctg_fasta
Eriophorum_angustifolium	mito	ctg000003l	134029	1	false	42.16	ctg_fasta
Eriophorum_latifolium	mito	ctg000001l	308115	1	false	41.41	ctg_fasta
Eriophorum_latifolium	mito	ctg000002l	123819	1	false	41.29	ctg_fasta
Eriophorum_latifolium	mito	ctg000003l	214971	1	false	41.04	ctg_fasta
Eriophorum_latifolium	mito	ctg000004l	3789	1	false	42.62	ctg_fasta
Eriophorum_latifolium	mito	ctg000005l	468996	1	false	41.55	ctg_fasta
Eriophorum_latifolium	mito	ctg000006l	13421	1	false	40.99	ctg_fasta
Eriophorum_latifolium	mito	ctg000007l	174745	1	false	41.51	ctg_fasta
Eriophorum_latifolium	mito	ctg000008l	21057	1	false	42.53	ctg_fasta
Eriophorum_latifolium	mito	ctg000009l	20365	1	false	40.51	ctg_fasta
Eriophorum_latifolium	mito	ctg000010l	20164	1	false	41.85	ctg_fasta
Eriophorum_latifolium	mito	ctg000011l	161354	1	false	40.97	ctg_fasta
Eriophorum_latifolium	mito	ctg000012l	37495	1	false	42.54	ctg_fasta
Eriophorum_latifolium	mito	ctg000013l	179734	1	false	41.46	ctg_fasta
Eriophorum_latifolium	mito	ctg000014l	20637	1	false	41.23	ctg_fasta
Eriophorum_latifolium	mito	ctg000015l	3891	1	false	40.91	ctg_fasta
Eriophorum_latifolium	mito	ctg000016l	17407	1	false	42.33	ctg_fasta
Eriophorum_latifolium	mito	ctg000017l	36563	1	false	41.17	ctg_fasta
Eriophorum_latifolium	mito	ctg000018l	8591	1	false	39.46	ctg_fasta
Eriophorum_latifolium	mito	ctg000019l	34888	1	false	41.63	ctg_fasta
Eriophorum_latifolium	mito	ctg000020l	164743	1	false	41.33	ctg_fasta
Eriophorum_latifolium	mito	ctg000021l	3716	1	false	39.83	ctg_fasta
Eriophorum_latifolium	mito	ctg000022l	3677	1	false	41.17	ctg_fasta
Eriophorum_latifolium	mito	ctg000023l	2935	1	false	40.0	ctg_fasta
Eriophorum_latifolium	mito	ctg000024l	1671	1	false	40.34	ctg_fasta
Eriophorum_latifolium	mito	ctg000025l	3124	1	false	42.03	ctg_fasta
Eriophorum_latifolium	mito	ctg000026l	1492	1	false	42.43	ctg_fasta
Eriophorum_latifolium	mito	ctg000027l	4580	1	false	43.43	ctg_fasta
Eriophorum_latifolium	mito	ctg000028l	1457	1	false	42.83	ctg_fasta
Eriophorum_latifolium	mito	ctg000029l	1754	1	false	44.98	ctg_fasta
Eriophorum_latifolium	mito	ctg000030l	1862	1	false	40.44	ctg_fasta
Eriophorum_latifolium	mito	ctg000031l	2465	1	false	43.65	ctg_fasta
Eriophorum_latifolium	mito	ctg000032l	1862	1	false	40.49	ctg_fasta
Eriophorum_latifolium	mito	ctg000033l	1529	1	false	42.05	ctg_fasta
Eriophorum_latifolium	mito	ctg000034l	2708	1	false	43.83	ctg_fasta
Eriophorum_latifolium	mito	ctg000035l	6236	1	false	42.69	ctg_fasta
Eriophorum_latifolium	mito	ctg000036l	1563	1	false	43.89	ctg_fasta
Eriophorum_latifolium	mito	ctg000037l	9143	1	false	43.67	ctg_fasta
Eriophorum_latifolium	mito	ctg000038l	4543	1	false	43.34	ctg_fasta
Eriophorum_latifolium	mito	ctg000039l	3579	1	false	42.75	ctg_fasta
Eriophorum_latifolium	mito	ctg000040l	2632	1	false	44.15	ctg_fasta
Eriophorum_latifolium	mito	ctg000041l	2719	1	false	42.44	ctg_fasta
Eriophorum_latifolium	mito	ctg000042l	2059	1	false	42.11	ctg_fasta
Eriophorum_latifolium	mito	ctg000043l	2059	1	false	42.16	ctg_fasta
Eriophorum_latifolium	mito	ctg000044l	89680	1	false	41.9	ctg_fasta
Eriophorum_latifolium	mito	ctg000045l	12414	1	false	40.08	ctg_fasta
Eriophorum_latifolium	mito	ctg000046l	7923	1	false	42.45	ctg_fasta
Eriophorum_latifolium	mito	ctg000047l	1960	1	false	38.37	ctg_fasta
Eriophorum_latifolium	mito	ctg000048l	1623	1	false	38.88	ctg_fasta
Eriophorum_latifolium	mito	ctg000049l	1772	1	false	41.59	ctg_fasta
Eriophorum_latifolium	mito	ctg000050l	1946	1	false	40.7	ctg_fasta
Eriophorum_latifolium	mito	ctg000051l	2600	1	false	42.46	ctg_fasta
Eriophorum_latifolium	mito	ctg000052l	3060	1	false	41.73	ctg_fasta
Eriophorum_latifolium	mito	ctg000053l	2600	1	false	42.46	ctg_fasta
Eriophorum_latifolium	mito	ctg000054l	108364	1	false	41.73	ctg_fasta
Eriophorum_latifolium	mito	ctg000055l	36819	1	false	40.72	ctg_fasta
Eriophorum_latifolium	mito	ctg000056l	5887	1	false	38.78	ctg_fasta
Eriophorum_latifolium	mito	ctg000057l	2924	1	false	40.53	ctg_fasta
Eriophorum_latifolium	mito	ctg000058l	2796	1	false	39.02	ctg_fasta
Eriophorum_latifolium	mito	ctg000059l	2760	1	false	43.22	ctg_fasta
Eriophorum_latifolium	mito	ctg000060l	10478	1	false	44.55	ctg_fasta
Eriophorum_latifolium	mito	ctg000061l	131182	1	false	41.44	ctg_fasta
Eriophorum_latifolium	mito	ctg000062l	3010	1	false	41.99	ctg_fasta
Eriophorum_latifolium	mito	ctg000063l	92217	1	false	41.6	ctg_fasta
Eriophorum_latifolium	mito	ctg000064l	120066	1	false	41.48	ctg_fasta
Eriophorum_latifolium	mito	ctg000065l	3271	1	false	42.98	ctg_fasta
Eriophorum_latifolium	mito	ctg000066l	2679	1	false	48.26	ctg_fasta
Eriophorum_latifolium	mito	ctg000067l	2515	1	false	39.92	ctg_fasta
Eriophorum_latifolium	mito	ctg000068l	2515	1	false	39.84	ctg_fasta
Eriophorum_latifolium	mito	ctg000069l	2541	1	false	37.9	ctg_fasta
Eriophorum_latifolium	mito	ctg000070l	4756	1	false	38.1	ctg_fasta
Eriophorum_latifolium	mito	ctg000071l	3070	1	false	42.02	ctg_fasta
Eriophorum_latifolium	mito	ctg000072l	3505	1	false	41.74	ctg_fasta
Eriophorum_latifolium	mito	ctg000073l	9214	1	false	39.61	ctg_fasta
Eriophorum_latifolium	mito	ctg000074l	1410	1	false	37.87	ctg_fasta
Eriophorum_latifolium	mito	ctg000075l	1395	1	false	38.85	ctg_fasta
Eriophorum_latifolium	mito	ctg000076l	1380	1	false	39.78	ctg_fasta
Eriophorum_latifolium	mito	ctg000077l	1394	1	false	41.75	ctg_fasta
Eriophorum_latifolium	mito	ctg000078l	1393	1	false	43.5	ctg_fasta
Eriophorum_latifolium	mito	ctg000079l	1356	1	false	44.99	ctg_fasta
Eriophorum_latifolium	mito	ctg000080l	1370	1	false	44.23	ctg_fasta
Eriophorum_latifolium	mito	ctg000081l	1394	1	false	43.97	ctg_fasta
Eriophorum_latifolium	mito	ctg000082l	1426	1	false	44.6	ctg_fasta
Eriophorum_latifolium	mito	ctg000083l	1436	1	false	42.13	ctg_fasta
Eriophorum_latifolium	mito	ctg000084l	1393	1	false	42.71	ctg_fasta
Eriophorum_latifolium	mito	ctg000085l	1438	1	false	37.0	ctg_fasta
Eriophorum_latifolium	mito	ctg000086l	1460	1	false	39.52	ctg_fasta
Eriophorum_latifolium	mito	ctg000087l	1396	1	false	41.62	ctg_fasta
Eriophorum_latifolium	mito	ctg000088l	1441	1	false	42.68	ctg_fasta
Eriophorum_latifolium	mito	ctg000089l	1418	1	false	40.83	ctg_fasta
Eriophorum_latifolium	mito	ctg000090l	1397	1	false	43.16	ctg_fasta
Eriophorum_latifolium	mito	ctg000091l	1401	1	false	42.9	ctg_fasta
Eriophorum_latifolium	mito	ctg000092l	1396	1	false	32.38	ctg_fasta
Eriophorum_latifolium	mito	ctg000093l	1394	1	false	32.14	ctg_fasta
Eriophorum_vaginatum	mito	ctg000001c	1852193	20	true	41.28	ctg_fasta
Erodium_cicutarium	mito	ctg000001c	25365	1	true	43.48	ctg_fasta
Erodium_cicutarium	mito	ctg000002c	33968	1	true	42.48	ctg_fasta
Erodium_cicutarium	mito	ctg000003c	22584	1	true	42.65	ctg_fasta
Erodium_cicutarium	mito	ctg000004c	28758	1	true	41.81	ctg_fasta
Erodium_cicutarium	mito	ctg000005c	10975	1	true	43.98	ctg_fasta
Erodium_cicutarium	mito	ctg000006c	46286	1	true	42.28	ctg_fasta
Erodium_cicutarium	mito	ctg000007c	18413	1	true	44.89	ctg_fasta
Erodium_maritimum	mito	ctg000001c	209417	12	true	42.83	ctg_fasta
Erodium_maritimum	mito	ctg000002c	56140	1	true	42.02	ctg_fasta
Erodium_maritimum	mito	ctg000003c	42186	1	true	41.73	ctg_fasta
Erodium_moschatum	mito	ctg000001c	71599	1	true	43.75	ctg_fasta
Erodium_moschatum	mito	ctg000002c	28567	1	true	42.01	ctg_fasta
Erodium_moschatum	mito	ctg000003c	42040	1	true	42.3	ctg_fasta
Erodium_moschatum	mito	ctg000004c	26563	1	true	43.55	ctg_fasta
Erodium_moschatum	mito	ctg000005c	55483	1	true	42.47	ctg_fasta
Erodium_moschatum	mito	ctg000006c	28859	1	true	42.6	ctg_fasta
Eryngium_campestre	mito	ctg000001c	244591	8	true	45.29	ctg_fasta
Eryngium_maritimum	mito	ctg000001c	240750	4	true	45.33	ctg_fasta
Erythranthe_lutea	mito	ctg000001c	435060	4	true	45.1	ctg_fasta
Erythranthe_lutea	mito	ctg000002c	84466	1	true	45.48	ctg_fasta
Euonymus_europaeus	mito	ctg000001c	1083142	18	true	44.9	ctg_fasta
Euonymus_europaeus	mito	ctg000002l	64120	1	false	44.97	ctg_fasta
Euonymus_europaeus	mito	ctg000003c	326736	1	true	45.08	ctg_fasta
Eupatorium_cannabinum	mito	ctg000001l	256892	12	false	45.29	ctg_fasta
Euphorbia_amygdaloides	mito	ctg000001c	866306	42	true	44.28	ctg_fasta
Euphorbia_amygdaloides	mito	ctg000002c	32511	1	true	44.82	ctg_fasta
Euphorbia_exigua	mito	ctg000001l	384012	4	false	44.34	ctg_fasta
Euphorbia_exigua	mito	ctg000002l	54840	1	false	44.19	ctg_fasta
Euphorbia_exigua	mito	ctg000003l	24990	1	false	43.63	ctg_fasta
Euphorbia_exigua	mito	ctg000004l	52596	2	false	44.38	ctg_fasta
Euphorbia_exigua	mito	ctg000005l	25449	1	false	44.61	ctg_fasta
Euphorbia_exigua	mito	ctg000006l	90476	5	false	44.36	ctg_fasta
Euphorbia_exigua	mito	ctg000007l	24747	1	false	45.0	ctg_fasta
Euphorbia_helioscopia	mito	ctg000001l	636036	11	false	43.69	ctg_fasta
Euphorbia_lathyris	mito	ctg000001c	886364	22	true	44.32	ctg_fasta
Euphorbia_lathyris	mito	ctg000002c	41015	1	true	44.63	ctg_fasta
Euphorbia_lathyris	mito	ctg000003c	86315	1	true	43.58	ctg_fasta
Euphorbia_lathyris	mito	ctg000004c	32733	1	true	43.7	ctg_fasta
Euphorbia_maculata	mito	ctg000001c	630180	8	true	43.97	ctg_fasta
Euphorbia_maculata	mito	ctg000002c	78733	1	true	43.52	ctg_fasta
Euphorbia_paralias	mito	ctg000001l	756962	27	false	44.25	ctg_fasta
Euphorbia_paralias	mito	ctg000002c	39128	1	true	44.4	ctg_fasta
Euphorbia_paralias	mito	ctg000003c	39307	1	true	44.48	ctg_fasta
Euphorbia_peplus	mito	ctg000001l	524645	8	false	44.15	ctg_fasta
Euphorbia_peplus	mito	ctg000002l	44547	1	false	43.19	ctg_fasta
Euphorbia_peplus	mito	ctg000003l	27490	1	false	44.28	ctg_fasta
Euphorbia_peplus	mito	ctg000004l	27102	1	false	44.58	ctg_fasta
Euphorbia_peplus	mito	ctg000005l	127487	5	false	44.05	ctg_fasta
Euphorbia_peplus	mito	ctg000006c	48397	1	true	43.92	ctg_fasta
Euphorbia_portlandica	mito	ctg000001c	358949	13	true	44.31	ctg_fasta
Euphorbia_portlandica	mito	ctg000002c	224674	10	true	44.34	ctg_fasta
Euphorbia_portlandica	mito	ctg000003l	11064	1	false	43.83	ctg_fasta
Euphorbia_portlandica	mito	ctg000004l	36235	1	false	45.35	ctg_fasta
Euphorbia_portlandica	mito	ctg000005l	3321	1	false	46.46	ctg_fasta
Euphorbia_portlandica	mito	ctg000006l	2526	1	false	47.51	ctg_fasta
Euphorbia_portlandica	mito	ctg000007l	1658	1	false	49.88	ctg_fasta
Euphorbia_portlandica	mito	ctg000008l	4017	1	false	44.69	ctg_fasta
Euphorbia_portlandica	mito	ctg000009l	6474	1	false	45.17	ctg_fasta
Euphorbia_portlandica	mito	ctg000010l	1434	1	false	44.35	ctg_fasta
Euphorbia_portlandica	mito	ctg000011l	6315	1	false	39.48	ctg_fasta
Euphorbia_portlandica	mito	ctg000012l	1500	1	false	44.8	ctg_fasta
Euphorbia_portlandica	mito	ctg000013l	1542	1	false	48.05	ctg_fasta
Euphorbia_portlandica	mito	ctg000014l	2311	1	false	44.92	ctg_fasta
Euphorbia_portlandica	mito	ctg000015l	1558	1	false	45.51	ctg_fasta
Euphorbia_portlandica	mito	ctg000016l	2592	1	false	46.33	ctg_fasta
Euphorbia_portlandica	mito	ctg000017l	1482	1	false	48.11	ctg_fasta
Euphorbia_portlandica	mito	ctg000018l	5722	1	false	44.49	ctg_fasta
Euphorbia_portlandica	mito	ctg000019l	9487	1	false	47.79	ctg_fasta
Euphorbia_portlandica	mito	ctg000020l	9042	1	false	48.63	ctg_fasta
Euphorbia_portlandica	mito	ctg000021l	3008	1	false	43.78	ctg_fasta
Euphorbia_portlandica	mito	ctg000022l	2081	1	false	44.83	ctg_fasta
Euphorbia_portlandica	mito	ctg000023l	3446	1	false	42.95	ctg_fasta
Euphorbia_portlandica	mito	ctg000024l	2755	1	false	49.22	ctg_fasta
Euphorbia_portlandica	mito	ctg000025l	2678	1	false	43.09	ctg_fasta
Euphorbia_portlandica	mito	ctg000026l	3758	1	false	50.16	ctg_fasta
Euphorbia_portlandica	mito	ctg000027l	2701	1	false	46.72	ctg_fasta
Euphorbia_portlandica	mito	ctg000028l	4761	1	false	43.69	ctg_fasta
Euphorbia_portlandica	mito	ctg000029l	1498	1	false	49.33	ctg_fasta
Euphorbia_portlandica	mito	ctg000030l	7209	1	false	47.75	ctg_fasta
Euphorbia_portlandica	mito	ctg000031l	12393	1	false	48.73	ctg_fasta
Euphorbia_portlandica	mito	ctg000032l	2721	1	false	51.67	ctg_fasta
Euphorbia_portlandica	mito	ctg000033l	3067	1	false	44.18	ctg_fasta
Euphorbia_portlandica	mito	ctg000034l	4148	1	false	48.96	ctg_fasta
Euphorbia_portlandica	mito	ctg000035l	2655	1	false	43.88	ctg_fasta
Euphorbia_portlandica	mito	ctg000036l	11090	1	false	49.04	ctg_fasta
Euphorbia_portlandica	mito	ctg000037l	7631	1	false	51.04	ctg_fasta
Euphorbia_portlandica	mito	ctg000038l	2680	1	false	44.22	ctg_fasta
Euphorbia_portlandica	mito	ctg000039l	2999	1	false	47.75	ctg_fasta
Euphorbia_portlandica	mito	ctg000040l	2700	1	false	44.33	ctg_fasta
Euphorbia_portlandica	mito	ctg000041l	1851	1	false	47.92	ctg_fasta
Euphorbia_portlandica	mito	ctg000042l	10475	1	false	49.43	ctg_fasta
Euphorbia_portlandica	mito	ctg000043l	4994	1	false	43.51	ctg_fasta
Euphorbia_portlandica	mito	ctg000044l	1985	1	false	50.78	ctg_fasta
Euphorbia_portlandica	mito	ctg000045l	10505	1	false	47.93	ctg_fasta
Euphorbia_portlandica	mito	ctg000046l	2222	1	false	52.07	ctg_fasta
Euphorbia_portlandica	mito	ctg000047l	3563	1	false	45.19	ctg_fasta
Euphorbia_portlandica	mito	ctg000048l	7543	1	false	45.9	ctg_fasta
Euphorbia_portlandica	mito	ctg000049l	3695	1	false	48.42	ctg_fasta
Euphorbia_portlandica	mito	ctg000050l	3441	1	false	46.35	ctg_fasta
Euphorbia_portlandica	mito	ctg000051l	3539	1	false	45.32	ctg_fasta
Euphorbia_portlandica	mito	ctg000052l	2365	1	false	51.84	ctg_fasta
Euphorbia_portlandica	mito	ctg000053l	10198	1	false	46.57	ctg_fasta
Euphorbia_portlandica	mito	ctg000054l	7028	1	false	46.36	ctg_fasta
Euphorbia_portlandica	mito	ctg000055l	2581	1	false	47.85	ctg_fasta
Euphorbia_portlandica	mito	ctg000056l	5047	1	false	48.76	ctg_fasta
Euphorbia_portlandica	mito	ctg000057l	1696	1	false	45.22	ctg_fasta
Euphorbia_portlandica	mito	ctg000058l	6245	1	false	43.83	ctg_fasta
Euphorbia_portlandica	mito	ctg000059l	1596	1	false	44.24	ctg_fasta
Euphorbia_portlandica	mito	ctg000060l	1556	1	false	45.69	ctg_fasta
Euphorbia_portlandica	mito	ctg000061l	4456	1	false	45.74	ctg_fasta
Euphorbia_portlandica	mito	ctg000062l	1623	1	false	45.29	ctg_fasta
Euphorbia_portlandica	mito	ctg000063l	1413	1	false	44.94	ctg_fasta
Euphorbia_portlandica	mito	ctg000064l	1401	1	false	47.32	ctg_fasta
Euphorbia_portlandica	mito	ctg000065l	1404	1	false	50.5	ctg_fasta
Euphorbia_portlandica	mito	ctg000066l	1418	1	false	50.28	ctg_fasta
Euphorbia_portlandica	mito	ctg000067l	1413	1	false	50.25	ctg_fasta
Euphorbia_portlandica	mito	ctg000068l	1406	1	false	46.51	ctg_fasta
Euphorbia_portlandica	mito	ctg000069l	1394	1	false	46.63	ctg_fasta
Euphorbia_portlandica	mito	ctg000070l	1373	1	false	48.65	ctg_fasta
Euphorbia_portlandica	mito	ctg000071l	1385	1	false	46.71	ctg_fasta
Euphorbia_portlandica	mito	ctg000072l	1407	1	false	46.2	ctg_fasta
Euphorbia_portlandica	mito	ctg000073l	1458	1	false	49.79	ctg_fasta
Euphorbia_portlandica	mito	ctg000074l	1480	1	false	41.28	ctg_fasta
Euphorbia_portlandica	mito	ctg000075l	1411	1	false	46.63	ctg_fasta
Euphorbia_portlandica	mito	ctg000076l	1378	1	false	46.59	ctg_fasta
Euphorbia_portlandica	mito	ctg000077l	1394	1	false	46.27	ctg_fasta
Euphorbia_portlandica	mito	ctg000078l	1397	1	false	50.32	ctg_fasta
Euphorbia_portlandica	mito	ctg000079l	1449	1	false	46.65	ctg_fasta
Euphorbia_portlandica	mito	ctg000080l	1432	1	false	46.37	ctg_fasta
Euphorbia_portlandica	mito	ctg000081l	1399	1	false	47.61	ctg_fasta
Euphorbia_portlandica	mito	ctg000082c	39122	1	true	44.41	ctg_fasta
Euphorbia_portlandica	mito	ctg000083c	25127	1	true	44.55	ctg_fasta
Euphrasia_anglica	mito	ctg000001c	198937	4	true	45.07	ctg_fasta
Euphrasia_anglica	mito	ctg000002c	223999	1	true	44.62	ctg_fasta
Euphrasia_confusa	mito	ctg000001c	329692	12	true	44.9	ctg_fasta
Euphrasia_confusa	mito	ctg000002c	112329	1	true	44.45	ctg_fasta
Euphrasia_foulaensis	mito						no_assembly
Euphrasia_nemorosa	mito	ctg000001c	329687	12	true	44.9	ctg_fasta
Euphrasia_nemorosa	mito	ctg000002c	112329	1	true	44.45	ctg_fasta
Euphrasia_tetraquetra	mito	ctg000001c	168076	4	true	44.93	ctg_fasta
Euphrasia_tetraquetra	mito	ctg000002c	232625	1	true	44.79	ctg_fasta
Eurhynchium_striatum	mito	ctg000001c	104696	1	true	40.96	ctg_fasta
Exsertotheca_crispa	mito	ctg000001c	104671	1	true	41.12	ctg_fasta
Fagus_sylvatica	mito	ctg000001c	504715	3	true	45.85	ctg_fasta
Fallopia_baldschuanica	mito	ctg000001l	360709	23	false	44.73	ctg_fasta
Fallopia_convolvulus	mito	ctg000001c	353276	8	true	44.63	ctg_fasta
Fallopia_sachalinensis	mito	ctg000001c	357572	12	true	44.46	ctg_fasta
Fallopia_sachalinensis	mito	ctg000002c	378947	7	true	44.85	ctg_fasta
Fallopia_sachalinensis	mito	ctg000003l	25726	1	false	44.71	ctg_fasta
Festuca_arundinacea	mito	ctg000001l	302917	3	false	44.11	ctg_fasta
Festuca_arundinacea	mito	ctg000002c	115286	1	true	44.11	ctg_fasta
Festuca_gigantea	mito	ctg000001c	588142	11	true	43.92	ctg_fasta
Festuca_gigantea	mito	ctg000002l	36622	1	false	44.49	ctg_fasta
Festuca_heterophylla	mito	ctg000001c	439218	12	true	44.22	ctg_fasta
Festuca_rubra	mito	ctg000001l	422260	24	false	44.28	ctg_fasta
Festuca_vivipara	mito	ctg000001l	442266	15	false	44.21	ctg_fasta
Ficaria_verna	mito	ctg000001c	723526	26	true	45.98	ctg_fasta
Ficaria_verna	mito	ctg000002c	54583	1	true	46.25	ctg_fasta
Ficaria_verna	mito	ctg000003l	62870	1	false	46.83	ctg_fasta
Ficaria_verna	mito	ctg000004l	14692	1	false	45.39	ctg_fasta
Ficus_carica	mito	ctg000001c	230160	1	true	45.48	ctg_fasta
Ficus_carica	mito	ctg000002c	250717	1	true	45.43	ctg_fasta
Filago_lutescens	mito	ctg000001c	225837	5	true	45.51	ctg_fasta
Filago_pyramidata	mito	ctg000001c	223216	1	true	45.44	ctg_fasta
Filipendula_ulmaria	mito	ctg000001l	865372	13	false	42.57	ctg_fasta
Filipendula_vulgaris	mito	ctg000001c	577494	4	true	43.66	ctg_fasta
Filipendula_vulgaris	mito	ctg000002l	183027	11	false	44.6	ctg_fasta
Filipendula_vulgaris	mito	ctg000003c	28308	1	true	44.79	ctg_fasta
Filipendula_vulgaris	mito	ctg000004c	12409	1	true	44.73	ctg_fasta
Filipendula_vulgaris	mito	ctg000005c	32077	1	true	45.99	ctg_fasta
Filipendula_vulgaris	mito	ctg000006c	28266	1	true	46.35	ctg_fasta
Fissidens_adianthoides	mito	ctg000001c	104615	1	true	40.15	ctg_fasta
Fissidens_bryoides	mito	ctg000001c	103254	2	true	39.83	ctg_fasta
Fissidens_dubius	mito	ctg000001c	104718	1	true	40.14	ctg_fasta
Fissidens_pusillus	mito	ctg000001c	103361	1	true	39.79	ctg_fasta
Fissidens_taxifolius	mito	ctg000001c	105181	1	true	40.31	ctg_fasta
Flexitrichum_flexicaule	mito	ctg000001c	107669	1	true	40.49	ctg_fasta
Flexitrichum_gracile	mito	ctg000001c	107662	1	true	40.5	ctg_fasta
Fontinalis_squamosa	mito	ctg000001c	104135	1	true	41.6	ctg_fasta
Fragaria_moschata	mito	ctg000001c	363740	4	true	44.89	ctg_fasta
Fragaria_vesca	mito	ctg000001c	368415	12	true	45.11	ctg_fasta
Frangula_alnus	mito	ctg000001c	492034	8	true	45.64	ctg_fasta
Frankenia_laevis	mito	ctg000001l	263037	3	false	44.63	ctg_fasta
Fraxinus_excelsior	mito	ctg000001c	809077	17	true	44.52	ctg_fasta
Fritillaria_meleagris	mito	ctg000001c	319558	4	true	44.88	ctg_fasta
Fuchsia_magellanica	mito	ctg000001c	406453	6	true	46.31	ctg_fasta
Fumaria_bastardii	mito	ctg000001l	446552	2	false	46.69	ctg_fasta
Fumaria_bastardii	mito	ctg000002c	286626	1	true	46.31	ctg_fasta
Fumaria_bastardii	mito	ctg000003c	193587	1	true	47.18	ctg_fasta
Fumaria_densiflora	mito	ctg000001c	445617	1	true	46.7	ctg_fasta
Fumaria_densiflora	mito	ctg000002c	242683	8	true	45.57	ctg_fasta
Fumaria_densiflora	mito	ctg000003c	69363	2	true	44.72	ctg_fasta
Fumaria_muralis	mito	ctg000001l	405848	7	false	46.63	ctg_fasta
Fumaria_muralis	mito	ctg000002l	31913	1	false	45.66	ctg_fasta
Fumaria_muralis	mito	ctg000003l	46664	1	false	47.38	ctg_fasta
Fumaria_occidentalis	mito						no_assembly
Fumaria_purpurea	mito	ctg000001c	486179	1	true	46.7	ctg_fasta
Funaria_hygrometrica	mito	ctg000001c	108929	1	true	40.4	ctg_fasta
Galanthus_nivalis	mito	ctg000001c	159381	1	true	44.93	ctg_fasta
Galanthus_nivalis	mito	ctg000002c	149486	1	true	45.67	ctg_fasta
Galanthus_nivalis	mito	ctg000003l	27380	1	false	46.89	ctg_fasta
Galatella_linosyris	mito	ctg000001c	195561	4	true	45.36	ctg_fasta
Galatella_linosyris	mito	ctg000002c	60136	1	true	44.77	ctg_fasta
Galega_officinalis	mito	ctg000001c	189152	8	true	45.0	ctg_fasta
Galega_officinalis	mito	ctg000002c	160964	1	true	45.22	ctg_fasta
Galeopsis_tetrahit	mito	ctg000001c	68384	1	true	45.4	ctg_fasta
Galeopsis_tetrahit	mito	ctg000002c	19192	1	true	46.48	ctg_fasta
Galeopsis_tetrahit	mito	ctg000003c	38710	1	true	45.44	ctg_fasta
Galeopsis_tetrahit	mito	ctg000004c	80874	4	true	44.39	ctg_fasta
Galeopsis_tetrahit	mito	ctg000005c	44674	1	true	45.38	ctg_fasta
Galeopsis_tetrahit	mito	ctg000006c	26752	1	true	45.84	ctg_fasta
Galeopsis_tetrahit	mito	ctg000007c	8904	1	true	43.18	ctg_fasta
Galeopsis_tetrahit	mito	ctg000008c	25443	1	true	46.48	ctg_fasta
Galeopsis_tetrahit	mito	ctg000009c	15993	1	true	43.53	ctg_fasta
Galeopsis_tetrahit	mito	ctg000010c	39874	1	true	44.88	ctg_fasta
Galium_aparine	mito	ctg000001c	206235	8	true	43.68	ctg_fasta
Galium_boreale	mito	ctg000001c	194683	1	true	43.68	ctg_fasta
Galium_odoratum	mito	ctg000001c	219347	4	true	43.14	ctg_fasta
Galium_saxatile	mito	ctg000001c	199992	1	true	43.56	ctg_fasta
Galium_uliginosum	mito	ctg000001c	189051	1	true	43.82	ctg_fasta
Galium_verum	mito	ctg000001c	188063	1	true	43.85	ctg_fasta
Geheebia_maxima	mito	ctg000001c	106941	1	true	39.26	ctg_fasta
Genista_anglica	mito	ctg000001c	514574	4	true	44.8	ctg_fasta
Genista_pilosa	mito	ctg000001c	437091	8	true	44.75	ctg_fasta
Genista_tinctoria	mito	ctg000001c	141604	1	true	44.69	ctg_fasta
Genista_tinctoria	mito	ctg000002c	142291	1	true	44.74	ctg_fasta
Genista_tinctoria	mito	ctg000003c	127290	1	true	45.23	ctg_fasta
Gentiana_pneumonanthe	mito	ctg000001l	15429	1	false	42.62	ctg_fasta
Gentiana_pneumonanthe	mito	ctg000002l	2806	1	false	41.48	ctg_fasta
Gentiana_pneumonanthe	mito	ctg000003l	7480	1	false	43.78	ctg_fasta
Gentiana_pneumonanthe	mito	ctg000004l	26909	1	false	45.38	ctg_fasta
Gentiana_pneumonanthe	mito	ctg000005l	7319	1	false	42.42	ctg_fasta
Gentiana_pneumonanthe	mito	ctg000006l	4424	1	false	44.69	ctg_fasta
Gentiana_pneumonanthe	mito	ctg000007l	12529	1	false	44.98	ctg_fasta
Gentiana_pneumonanthe	mito	ctg000008l	1684	1	false	42.93	ctg_fasta
Gentiana_pneumonanthe	mito	ctg000009l	2827	1	false	42.09	ctg_fasta
Gentiana_pneumonanthe	mito	ctg000010l	3611	1	false	42.04	ctg_fasta
Gentiana_pneumonanthe	mito	ctg000011l	3216	1	false	43.78	ctg_fasta
Gentiana_pneumonanthe	mito	ctg000012l	15727	1	false	44.69	ctg_fasta
Gentiana_pneumonanthe	mito	ctg000013l	8431	1	false	43.79	ctg_fasta
Gentiana_pneumonanthe	mito	ctg000014l	3782	1	false	43.57	ctg_fasta
Gentiana_pneumonanthe	mito	ctg000015l	22072	1	false	45.33	ctg_fasta
Gentiana_pneumonanthe	mito	ctg000016l	2297	1	false	43.67	ctg_fasta
Gentiana_pneumonanthe	mito	ctg000017l	2259	1	false	43.78	ctg_fasta
Gentiana_pneumonanthe	mito	ctg000018l	2278	1	false	43.72	ctg_fasta
Gentiana_pneumonanthe	mito	ctg000019l	2316	1	false	43.61	ctg_fasta
Gentiana_pneumonanthe	mito	ctg000020l	2147	1	false	44.53	ctg_fasta
Gentiana_pneumonanthe	mito	ctg000021l	25765	1	false	42.67	ctg_fasta
Gentiana_pneumonanthe	mito	ctg000022l	20348	1	false	43.3	ctg_fasta
Gentiana_pneumonanthe	mito	ctg000023l	1659	1	false	44.06	ctg_fasta
Gentiana_pneumonanthe	mito	ctg000024l	28983	1	false	41.7	ctg_fasta
Gentiana_pneumonanthe	mito	ctg000025l	7394	1	false	44.77	ctg_fasta
Gentiana_pneumonanthe	mito	ctg000026l	27270	1	false	44.17	ctg_fasta
Gentiana_pneumonanthe	mito	ctg000027l	1930	1	false	40.16	ctg_fasta
Gentiana_pneumonanthe	mito	ctg000028l	3511	1	false	42.07	ctg_fasta
Gentiana_pneumonanthe	mito	ctg000029l	1895	1	false	42.64	ctg_fasta
Gentiana_pneumonanthe	mito	ctg000030l	1438	1	false	43.67	ctg_fasta
Gentiana_pneumonanthe	mito	ctg000031l	3036	1	false	44.86	ctg_fasta
Gentiana_pneumonanthe	mito	ctg000032l	2218	1	false	46.75	ctg_fasta
Gentiana_pneumonanthe	mito	ctg000033l	6934	1	false	46.83	ctg_fasta
Gentiana_pneumonanthe	mito	ctg000034l	2214	1	false	46.88	ctg_fasta
Gentiana_pneumonanthe	mito	ctg000035l	2213	1	false	47.13	ctg_fasta
Gentiana_pneumonanthe	mito	ctg000036l	2218	1	false	47.11	ctg_fasta
Gentiana_pneumonanthe	mito	ctg000037l	6923	1	false	40.69	ctg_fasta
Gentiana_pneumonanthe	mito	ctg000038l	1894	1	false	41.13	ctg_fasta
Gentiana_pneumonanthe	mito	ctg000039l	1999	1	false	38.77	ctg_fasta
Gentiana_pneumonanthe	mito	ctg000040l	10471	1	false	44.8	ctg_fasta
Gentiana_pneumonanthe	mito	ctg000041l	7302	1	false	46.64	ctg_fasta
Gentiana_pneumonanthe	mito	ctg000042l	19589	1	false	43.01	ctg_fasta
Gentiana_pneumonanthe	mito	ctg000043l	1451	1	false	38.66	ctg_fasta
Gentiana_pneumonanthe	mito	ctg000044l	1410	1	false	38.72	ctg_fasta
Gentiana_pneumonanthe	mito	ctg000045l	1438	1	false	36.09	ctg_fasta
Gentiana_pneumonanthe	mito	ctg000046l	1460	1	false	39.73	ctg_fasta
Gentiana_pneumonanthe	mito	ctg000047l	1338	1	false	40.81	ctg_fasta
Gentiana_pneumonanthe	mito	ctg000048l	1369	1	false	40.54	ctg_fasta
Gentiana_pneumonanthe	mito	ctg000049l	1449	1	false	39.06	ctg_fasta
Gentiana_pneumonanthe	mito	ctg000050l	1389	1	false	42.48	ctg_fasta
Gentiana_pneumonanthe	mito	ctg000051l	1373	1	false	43.85	ctg_fasta
Gentiana_pneumonanthe	mito	ctg000052l	1443	1	false	43.24	ctg_fasta
Gentiana_pneumonanthe	mito	ctg000053l	1412	1	false	43.56	ctg_fasta
Gentiana_pneumonanthe	mito	ctg000054l	1410	1	false	43.69	ctg_fasta
Gentiana_pneumonanthe	mito	ctg000055l	1440	1	false	38.89	ctg_fasta
Gentiana_pneumonanthe	mito	ctg000056l	1367	1	false	44.4	ctg_fasta
Gentiana_pneumonanthe	mito	ctg000057l	1329	1	false	40.03	ctg_fasta
Gentiana_pneumonanthe	mito	ctg000058l	1393	1	false	41.78	ctg_fasta
Gentiana_pneumonanthe	mito	ctg000059l	1405	1	false	41.71	ctg_fasta
Gentiana_pneumonanthe	mito	ctg000060l	1438	1	false	42.21	ctg_fasta
Gentiana_verna	mito	ctg000001c	298569	12	true	45.07	ctg_fasta
Gentiana_verna	mito	ctg000002l	10555	1	false	43.85	ctg_fasta
Gentianella_amarella	mito	ctg000001l	33162	39	false	45.62	ctg_fasta
Gentianella_amarella	mito	ctg000002l	2879	3	false	44.63	ctg_fasta
Gentianella_campestris	mito	ctg000001l	1914	1	false	46.19	ctg_fasta
Gentianella_campestris	mito	ctg000002l	1454	1	false	50.62	ctg_fasta
Gentianella_campestris	mito	ctg000003l	1488	1	false	49.4	ctg_fasta
Gentianella_campestris	mito	ctg000004l	1864	1	false	48.34	ctg_fasta
Gentianella_campestris	mito	ctg000005l	1450	1	false	48.07	ctg_fasta
Gentianella_campestris	mito	ctg000006l	1532	1	false	49.48	ctg_fasta
Gentianella_campestris	mito	ctg000007l	1559	1	false	44.26	ctg_fasta
Gentianella_campestris	mito	ctg000008l	1517	1	false	47.0	ctg_fasta
Gentianella_campestris	mito	ctg000009l	1701	1	false	43.97	ctg_fasta
Gentianella_campestris	mito	ctg000010l	1674	1	false	46.42	ctg_fasta
Gentianella_campestris	mito	ctg000011l	1800	1	false	45.44	ctg_fasta
Gentianella_campestris	mito	ctg000012l	1498	1	false	46.93	ctg_fasta
Gentianella_campestris	mito	ctg000013l	1609	1	false	45.0	ctg_fasta
Gentianella_campestris	mito	ctg000014l	1857	1	false	43.56	ctg_fasta
Gentianella_campestris	mito	ctg000015l	1630	1	false	44.66	ctg_fasta
Gentianella_campestris	mito	ctg000016l	1615	1	false	46.69	ctg_fasta
Gentianella_campestris	mito	ctg000017l	2316	1	false	44.17	ctg_fasta
Gentianella_campestris	mito	ctg000018l	1612	1	false	45.66	ctg_fasta
Gentianella_campestris	mito	ctg000019l	2393	1	false	46.3	ctg_fasta
Gentianella_campestris	mito	ctg000020l	2392	1	false	46.28	ctg_fasta
Gentianella_campestris	mito	ctg000021l	1464	1	false	45.56	ctg_fasta
Gentianella_campestris	mito	ctg000022l	1689	1	false	45.06	ctg_fasta
Gentianella_campestris	mito	ctg000023l	2091	1	false	48.35	ctg_fasta
Gentianella_campestris	mito	ctg000024l	2668	1	false	46.7	ctg_fasta
Gentianella_campestris	mito	ctg000025l	2101	1	false	45.74	ctg_fasta
Gentianella_campestris	mito	ctg000026l	1657	1	false	47.8	ctg_fasta
Gentianella_campestris	mito	ctg000027l	1546	1	false	43.86	ctg_fasta
Gentianella_campestris	mito	ctg000028l	1464	1	false	48.84	ctg_fasta
Gentianella_campestris	mito	ctg000029l	1461	1	false	42.51	ctg_fasta
Gentianella_campestris	mito	ctg000030l	1562	1	false	41.55	ctg_fasta
Gentianella_campestris	mito	ctg000031l	1839	1	false	45.46	ctg_fasta
Gentianella_campestris	mito	ctg000032l	1845	1	false	46.34	ctg_fasta
Gentianella_campestris	mito	ctg000033l	1894	1	false	47.47	ctg_fasta
Gentianella_campestris	mito	ctg000034l	1568	1	false	39.86	ctg_fasta
Gentianella_campestris	mito	ctg000035l	2145	1	false	44.29	ctg_fasta
Gentianella_campestris	mito	ctg000036l	1801	1	false	43.7	ctg_fasta
Gentianella_campestris	mito	ctg000037l	1619	1	false	42.8	ctg_fasta
Gentianella_campestris	mito	ctg000038l	2038	1	false	44.31	ctg_fasta
Gentianella_campestris	mito	ctg000039l	1688	1	false	49.17	ctg_fasta
Gentianella_campestris	mito	ctg000040l	2093	1	false	44.05	ctg_fasta
Gentianella_campestris	mito	ctg000041l	1672	1	false	45.22	ctg_fasta
Gentianella_campestris	mito	ctg000042l	1957	1	false	48.85	ctg_fasta
Gentianella_campestris	mito	ctg000043l	2223	1	false	41.21	ctg_fasta
Gentianella_campestris	mito	ctg000044l	2161	1	false	42.85	ctg_fasta
Gentianella_campestris	mito	ctg000045l	2171	1	false	40.21	ctg_fasta
Gentianella_campestris	mito	ctg000046l	2147	1	false	44.67	ctg_fasta
Gentianella_campestris	mito	ctg000047l	2465	1	false	41.7	ctg_fasta
Gentianella_campestris	mito	ctg000048l	2220	1	false	43.11	ctg_fasta
Gentianella_campestris	mito	ctg000049l	1937	1	false	44.76	ctg_fasta
Gentianella_campestris	mito	ctg000050l	1514	1	false	45.44	ctg_fasta
Gentianella_campestris	mito	ctg000051l	2083	1	false	47.24	ctg_fasta
Gentianella_campestris	mito	ctg000052l	2094	1	false	47.47	ctg_fasta
Gentianella_campestris	mito	ctg000053l	1600	1	false	38.62	ctg_fasta
Gentianella_campestris	mito	ctg000054l	1734	1	false	46.71	ctg_fasta
Gentianella_campestris	mito	ctg000055l	2101	1	false	47.64	ctg_fasta
Gentianella_campestris	mito	ctg000056l	2107	1	false	44.9	ctg_fasta
Gentianella_campestris	mito	ctg000057l	1548	1	false	48.77	ctg_fasta
Gentianella_campestris	mito	ctg000058l	1875	1	false	44.32	ctg_fasta
Gentianella_campestris	mito	ctg000059l	2169	1	false	42.0	ctg_fasta
Gentianella_campestris	mito	ctg000060l	2305	1	false	44.08	ctg_fasta
Gentianella_campestris	mito	ctg000061l	1443	1	false	43.24	ctg_fasta
Gentianella_campestris	mito	ctg000062l	1426	1	false	46.0	ctg_fasta
Gentianella_campestris	mito	ctg000063l	1540	1	false	46.3	ctg_fasta
Gentianella_campestris	mito	ctg000064l	2342	1	false	47.57	ctg_fasta
Gentianella_campestris	mito	ctg000065l	1566	1	false	44.13	ctg_fasta
Gentianella_campestris	mito	ctg000066l	1782	1	false	43.88	ctg_fasta
Gentianella_campestris	mito	ctg000067l	1830	1	false	48.31	ctg_fasta
Gentianella_campestris	mito	ctg000068l	1613	1	false	48.11	ctg_fasta
Gentianella_campestris	mito	ctg000069l	2355	1	false	41.61	ctg_fasta
Gentianella_campestris	mito	ctg000070l	1547	1	false	49.84	ctg_fasta
Gentianella_campestris	mito	ctg000071l	1465	1	false	49.49	ctg_fasta
Gentianella_campestris	mito	ctg000072l	1906	1	false	45.7	ctg_fasta
Gentianella_campestris	mito	ctg000073l	1496	1	false	45.12	ctg_fasta
Gentianella_campestris	mito	ctg000074l	1560	1	false	46.54	ctg_fasta
Gentianella_campestris	mito	ctg000075l	1429	1	false	47.59	ctg_fasta
Gentianella_campestris	mito	ctg000076l	2059	1	false	42.79	ctg_fasta
Gentianella_campestris	mito	ctg000077l	1607	1	false	47.6	ctg_fasta
Gentianella_campestris	mito	ctg000078l	1440	1	false	48.4	ctg_fasta
Gentianella_campestris	mito	ctg000079l	2022	1	false	46.98	ctg_fasta
Gentianella_campestris	mito	ctg000080l	1484	1	false	45.08	ctg_fasta
Gentianella_campestris	mito	ctg000081l	1888	1	false	48.41	ctg_fasta
Gentianella_campestris	mito	ctg000082l	1670	1	false	53.59	ctg_fasta
Gentianella_campestris	mito	ctg000083l	1407	1	false	49.25	ctg_fasta
Gentianella_campestris	mito	ctg000084l	1512	1	false	46.16	ctg_fasta
Gentianella_campestris	mito	ctg000085l	1554	1	false	47.23	ctg_fasta
Gentianella_campestris	mito	ctg000086l	2405	1	false	48.32	ctg_fasta
Gentianella_campestris	mito	ctg000087l	1422	1	false	51.76	ctg_fasta
Gentianella_campestris	mito	ctg000088l	2017	1	false	45.02	ctg_fasta
Gentianella_campestris	mito	ctg000089l	1466	1	false	46.93	ctg_fasta
Gentianella_campestris	mito	ctg000090l	1503	1	false	50.7	ctg_fasta
Gentianella_campestris	mito	ctg000091l	1471	1	false	43.71	ctg_fasta
Gentianella_campestris	mito	ctg000092l	1508	1	false	44.03	ctg_fasta
Gentianella_campestris	mito	ctg000093l	1521	1	false	41.29	ctg_fasta
Gentianella_campestris	mito	ctg000094l	2177	1	false	44.92	ctg_fasta
Gentianella_campestris	mito	ctg000095l	2046	1	false	44.09	ctg_fasta
Gentianella_campestris	mito	ctg000096l	1643	1	false	45.1	ctg_fasta
Gentianella_campestris	mito	ctg000097l	1436	1	false	41.99	ctg_fasta
Gentianella_campestris	mito	ctg000098l	2068	1	false	42.65	ctg_fasta
Gentianella_campestris	mito	ctg000099l	1494	1	false	45.92	ctg_fasta
Gentianella_campestris	mito	ctg000100l	1747	1	false	45.74	ctg_fasta
Gentianella_campestris	mito	ctg000101l	1470	1	false	49.05	ctg_fasta
Gentianella_campestris	mito	ctg000102l	1560	1	false	48.01	ctg_fasta
Gentianella_campestris	mito	ctg000103l	1485	1	false	48.96	ctg_fasta
Gentianella_campestris	mito	ctg000104l	1768	1	false	40.72	ctg_fasta
Gentianella_campestris	mito	ctg000105l	1891	1	false	47.7	ctg_fasta
Gentianella_campestris	mito	ctg000106l	1553	1	false	46.81	ctg_fasta
Gentianella_campestris	mito	ctg000107l	1553	1	false	47.84	ctg_fasta
Gentianella_campestris	mito	ctg000108l	1409	1	false	47.48	ctg_fasta
Gentianella_campestris	mito	ctg000109l	1587	1	false	44.86	ctg_fasta
Gentianella_campestris	mito	ctg000110l	1571	1	false	44.18	ctg_fasta
Gentianella_campestris	mito	ctg000111l	1560	1	false	44.68	ctg_fasta
Gentianella_campestris	mito	ctg000112l	1906	1	false	42.5	ctg_fasta
Gentianella_campestris	mito	ctg000113l	1601	1	false	46.91	ctg_fasta
Gentianella_campestris	mito	ctg000114l	1633	1	false	44.21	ctg_fasta
Gentianella_campestris	mito	ctg000115l	1501	1	false	46.37	ctg_fasta
Gentianella_campestris	mito	ctg000116l	1775	1	false	44.51	ctg_fasta
Gentianella_campestris	mito	ctg000117l	1372	1	false	51.24	ctg_fasta
Gentianella_campestris	mito	ctg000118l	1465	1	false	44.57	ctg_fasta
Gentianella_campestris	mito	ctg000119l	1454	1	false	45.53	ctg_fasta
Gentianella_campestris	mito	ctg000120l	1394	1	false	46.48	ctg_fasta
Gentianella_campestris	mito	ctg000121l	1406	1	false	43.46	ctg_fasta
Gentianella_campestris	mito	ctg000122l	1365	1	false	46.89	ctg_fasta
Gentianella_campestris	mito	ctg000123l	1353	1	false	45.82	ctg_fasta
Gentianella_campestris	mito	ctg000124l	1465	1	false	46.14	ctg_fasta
Gentianella_campestris	mito	ctg000125l	1375	1	false	51.56	ctg_fasta
Gentianella_campestris	mito	ctg000126l	1434	1	false	48.19	ctg_fasta
Gentianella_campestris	mito	ctg000127l	1401	1	false	44.83	ctg_fasta
Gentianella_campestris	mito	ctg000128l	1424	1	false	47.96	ctg_fasta
Gentianella_campestris	mito	ctg000129l	1447	1	false	49.69	ctg_fasta
Gentianella_campestris	mito	ctg000130l	1419	1	false	44.12	ctg_fasta
Gentianella_campestris	mito	ctg000131l	1422	1	false	44.02	ctg_fasta
Gentianella_campestris	mito	ctg000132l	1388	1	false	40.35	ctg_fasta
Gentianella_campestris	mito	ctg000133l	1411	1	false	47.55	ctg_fasta
Gentianella_campestris	mito	ctg000134l	1363	1	false	45.78	ctg_fasta
Gentianella_campestris	mito	ctg000135l	1439	1	false	42.04	ctg_fasta
Gentianella_campestris	mito	ctg000136l	1427	1	false	45.06	ctg_fasta
Gentianella_campestris	mito	ctg000137l	1445	1	false	45.05	ctg_fasta
Gentianella_campestris	mito	ctg000138l	1435	1	false	41.95	ctg_fasta
Gentianella_campestris	mito	ctg000139l	1441	1	false	46.22	ctg_fasta
Gentianella_campestris	mito	ctg000140l	1430	1	false	46.57	ctg_fasta
Gentianella_campestris	mito	ctg000141l	1413	1	false	52.3	ctg_fasta
Gentianella_campestris	mito	ctg000142l	1371	1	false	52.22	ctg_fasta
Gentianella_campestris	mito	ctg000143l	1387	1	false	50.54	ctg_fasta
Gentianella_campestris	mito	ctg000144l	1419	1	false	47.36	ctg_fasta
Gentianella_campestris	mito	ctg000145l	1442	1	false	45.7	ctg_fasta
Gentianella_campestris	mito	ctg000146l	1443	1	false	44.77	ctg_fasta
Gentianella_campestris	mito	ctg000147l	1448	1	false	44.96	ctg_fasta
Gentianella_campestris	mito	ctg000148l	1484	1	false	45.22	ctg_fasta
Gentianella_campestris	mito	ctg000149l	1413	1	false	44.87	ctg_fasta
Gentianella_campestris	mito	ctg000150l	1434	1	false	44.7	ctg_fasta
Gentianella_campestris	mito	ctg000151l	1391	1	false	44.14	ctg_fasta
Gentianella_campestris	mito	ctg000152l	1414	1	false	42.43	ctg_fasta
Gentianella_campestris	mito	ctg000153l	1443	1	false	42.62	ctg_fasta
Gentianella_campestris	mito	ctg000154l	1424	1	false	51.4	ctg_fasta
Gentianella_campestris	mito	ctg000155l	1393	1	false	42.28	ctg_fasta
Gentianella_campestris	mito	ctg000156l	1411	1	false	42.66	ctg_fasta
Gentianella_campestris	mito	ctg000157l	1454	1	false	44.43	ctg_fasta
Gentianella_campestris	mito	ctg000158l	1427	1	false	47.65	ctg_fasta
Gentianella_campestris	mito	ctg000159l	1406	1	false	47.37	ctg_fasta
Gentianella_campestris	mito	ctg000160l	1398	1	false	49.07	ctg_fasta
Gentianella_campestris	mito	ctg000161l	1414	1	false	42.93	ctg_fasta
Gentianella_campestris	mito	ctg000162l	1428	1	false	49.86	ctg_fasta
Gentianella_campestris	mito	ctg000163l	1407	1	false	45.06	ctg_fasta
Gentianella_campestris	mito	ctg000164l	1424	1	false	43.89	ctg_fasta
Gentianella_campestris	mito	ctg000165l	1420	1	false	44.08	ctg_fasta
Gentianella_campestris	mito	ctg000166l	1388	1	false	44.88	ctg_fasta
Gentianella_campestris	mito	ctg000167l	1337	1	false	45.33	ctg_fasta
Gentianella_campestris	mito	ctg000168l	1450	1	false	43.93	ctg_fasta
Gentianella_campestris	mito	ctg000169l	1388	1	false	45.17	ctg_fasta
Gentianella_campestris	mito	ctg000170l	1478	1	false	46.41	ctg_fasta
Gentianella_campestris	mito	ctg000171l	1454	1	false	45.12	ctg_fasta
Gentianella_campestris	mito	ctg000172l	1430	1	false	46.36	ctg_fasta
Gentianella_campestris	mito	ctg000173l	1420	1	false	45.07	ctg_fasta
Gentianella_campestris	mito	ctg000174l	1440	1	false	43.61	ctg_fasta
Gentianella_campestris	mito	ctg000175l	1432	1	false	44.41	ctg_fasta
Gentianella_campestris	mito	ctg000176l	1440	1	false	44.03	ctg_fasta
Gentianella_campestris	mito	ctg000177l	1413	1	false	43.24	ctg_fasta
Gentianella_campestris	mito	ctg000178l	1378	1	false	51.74	ctg_fasta
Gentianella_campestris	mito	ctg000179l	1389	1	false	46.0	ctg_fasta
Gentianella_campestris	mito	ctg000180l	1437	1	false	43.49	ctg_fasta
Gentianella_campestris	mito	ctg000181l	1441	1	false	41.71	ctg_fasta
Gentianella_campestris	mito	ctg000182l	1378	1	false	47.39	ctg_fasta
Gentianella_campestris	mito	ctg000183l	1439	1	false	45.66	ctg_fasta
Gentianella_campestris	mito	ctg000184l	1436	1	false	42.97	ctg_fasta
Gentianella_campestris	mito	ctg000185l	1427	1	false	45.97	ctg_fasta
Gentianella_campestris	mito	ctg000186l	1437	1	false	47.25	ctg_fasta
Gentianella_campestris	mito	ctg000187l	1432	1	false	41.55	ctg_fasta
Gentianella_campestris	mito	ctg000188l	1413	1	false	43.24	ctg_fasta
Gentianella_campestris	mito	ctg000189l	1455	1	false	45.5	ctg_fasta
Gentianella_campestris	mito	ctg000190l	1398	1	false	48.78	ctg_fasta
Gentianella_campestris	mito	ctg000191l	1400	1	false	46.07	ctg_fasta
Gentianella_campestris	mito	ctg000192l	1442	1	false	40.22	ctg_fasta
Gentianella_campestris	mito	ctg000193l	1429	1	false	46.4	ctg_fasta
Gentianella_campestris	mito	ctg000194l	1381	1	false	44.97	ctg_fasta
Gentianella_campestris	mito	ctg000195l	1462	1	false	45.42	ctg_fasta
Gentianella_campestris	mito	ctg000196l	1440	1	false	46.81	ctg_fasta
Gentianella_campestris	mito	ctg000197l	1406	1	false	48.36	ctg_fasta
Gentianella_campestris	mito	ctg000198l	1458	1	false	43.28	ctg_fasta
Gentianella_campestris	mito	ctg000199l	1386	1	false	45.31	ctg_fasta
Gentianella_campestris	mito	ctg000200l	1354	1	false	44.98	ctg_fasta
Gentianella_campestris	mito	ctg000201l	1459	1	false	46.68	ctg_fasta
Gentianella_campestris	mito	ctg000202l	1425	1	false	46.04	ctg_fasta
Gentianella_campestris	mito	ctg000203l	1438	1	false	50.21	ctg_fasta
Gentianella_campestris	mito	ctg000204l	1425	1	false	47.58	ctg_fasta
Gentianella_campestris	mito	ctg000205l	1446	1	false	45.64	ctg_fasta
Gentianella_campestris	mito	ctg000206l	1402	1	false	47.36	ctg_fasta
Gentianella_campestris	mito	ctg000207l	1408	1	false	47.66	ctg_fasta
Gentianella_campestris	mito	ctg000208l	1445	1	false	44.43	ctg_fasta
Gentianella_campestris	mito	ctg000209l	1432	1	false	46.72	ctg_fasta
Gentianella_campestris	mito	ctg000210l	1444	1	false	45.78	ctg_fasta
Gentianella_campestris	mito	ctg000211l	1463	1	false	44.98	ctg_fasta
Gentianella_campestris	mito	ctg000212l	1452	1	false	41.8	ctg_fasta
Gentianella_campestris	mito	ctg000213l	1437	1	false	42.73	ctg_fasta
Gentianella_campestris	mito	ctg000214l	1449	1	false	43.41	ctg_fasta
Gentianella_campestris	mito	ctg000215l	1449	1	false	43.55	ctg_fasta
Gentianella_campestris	mito	ctg000216l	1450	1	false	43.03	ctg_fasta
Gentianella_campestris	mito	ctg000217l	1436	1	false	46.94	ctg_fasta
Gentianella_campestris	mito	ctg000218l	1392	1	false	44.04	ctg_fasta
Gentianella_campestris	mito	ctg000219l	1409	1	false	43.86	ctg_fasta
Gentianella_campestris	mito	ctg000220l	1369	1	false	43.32	ctg_fasta
Gentianella_campestris	mito	ctg000221l	1418	1	false	43.3	ctg_fasta
Gentianella_campestris	mito	ctg000222l	1371	1	false	46.17	ctg_fasta
Gentianella_campestris	mito	ctg000223l	1453	1	false	46.11	ctg_fasta
Gentianella_campestris	mito	ctg000224l	1424	1	false	41.29	ctg_fasta
Gentianella_campestris	mito	ctg000225l	1438	1	false	45.76	ctg_fasta
Gentianella_campestris	mito	ctg000226l	1429	1	false	51.92	ctg_fasta
Gentianella_campestris	mito	ctg000227l	1417	1	false	52.43	ctg_fasta
Gentianella_campestris	mito	ctg000228l	1408	1	false	52.77	ctg_fasta
Gentianella_campestris	mito	ctg000229l	1408	1	false	44.32	ctg_fasta
Gentianella_campestris	mito	ctg000230l	1405	1	false	43.99	ctg_fasta
Gentianella_campestris	mito	ctg000231l	1425	1	false	47.37	ctg_fasta
Gentianella_campestris	mito	ctg000232l	1431	1	false	44.44	ctg_fasta
Gentianella_campestris	mito	ctg000233l	1398	1	false	50.43	ctg_fasta
Gentianella_campestris	mito	ctg000234l	1409	1	false	47.55	ctg_fasta
Gentianella_campestris	mito	ctg000235l	1422	1	false	41.56	ctg_fasta
Gentianella_campestris	mito	ctg000236l	1421	1	false	41.38	ctg_fasta
Gentianella_campestris	mito	ctg000237l	1386	1	false	44.59	ctg_fasta
Gentianella_campestris	mito	ctg000238l	1453	1	false	44.74	ctg_fasta
Gentianella_campestris	mito	ctg000239l	1447	1	false	44.51	ctg_fasta
Gentianella_campestris	mito	ctg000240l	1422	1	false	42.83	ctg_fasta
Gentianella_campestris	mito	ctg000241l	1491	1	false	45.67	ctg_fasta
Gentianella_campestris	mito	ctg000242l	1425	1	false	44.07	ctg_fasta
Gentianella_campestris	mito	ctg000243l	1411	1	false	43.8	ctg_fasta
Gentianella_campestris	mito	ctg000244l	1426	1	false	44.04	ctg_fasta
Gentianella_campestris	mito	ctg000245l	1401	1	false	47.04	ctg_fasta
Gentianella_campestris	mito	ctg000246l	1456	1	false	42.51	ctg_fasta
Gentianella_campestris	mito	ctg000247l	1370	1	false	46.13	ctg_fasta
Gentianella_campestris	mito	ctg000248l	1475	1	false	43.46	ctg_fasta
Gentianella_campestris	mito	ctg000249l	1448	1	false	45.79	ctg_fasta
Gentianella_campestris	mito	ctg000250l	1415	1	false	47.14	ctg_fasta
Gentianella_campestris	mito	ctg000251l	1447	1	false	43.75	ctg_fasta
Gentianella_campestris	mito	ctg000252l	1387	1	false	47.22	ctg_fasta
Gentianella_campestris	mito	ctg000253l	1465	1	false	46.21	ctg_fasta
Gentianella_campestris	mito	ctg000254l	1414	1	false	46.11	ctg_fasta
Gentianella_campestris	mito	ctg000255l	1398	1	false	44.21	ctg_fasta
Gentianella_campestris	mito	ctg000256l	1411	1	false	44.29	ctg_fasta
Gentianella_campestris	mito	ctg000257l	1467	1	false	47.31	ctg_fasta
Gentianella_campestris	mito	ctg000258l	1460	1	false	44.11	ctg_fasta
Gentianella_campestris	mito	ctg000259l	1450	1	false	43.59	ctg_fasta
Gentianella_campestris	mito	ctg000260l	1466	1	false	43.52	ctg_fasta
Gentianella_campestris	mito	ctg000261l	1426	1	false	51.89	ctg_fasta
Gentianella_campestris	mito	ctg000262l	1427	1	false	45.9	ctg_fasta
Gentianella_campestris	mito	ctg000263l	1426	1	false	44.88	ctg_fasta
Gentianella_campestris	mito	ctg000264l	1400	1	false	44.93	ctg_fasta
Gentianella_campestris	mito	ctg000265l	1418	1	false	44.15	ctg_fasta
Gentianella_campestris	mito	ctg000266l	1399	1	false	45.25	ctg_fasta
Gentianella_campestris	mito	ctg000267l	1443	1	false	43.31	ctg_fasta
Gentianella_campestris	mito	ctg000268l	1458	1	false	42.59	ctg_fasta
Gentianella_campestris	mito	ctg000269l	1413	1	false	50.18	ctg_fasta
Gentianella_campestris	mito	ctg000270l	1418	1	false	50.28	ctg_fasta
Gentianella_campestris	mito	ctg000271l	1385	1	false	48.45	ctg_fasta
Gentianella_campestris	mito	ctg000272l	1382	1	false	47.47	ctg_fasta
Gentianella_campestris	mito	ctg000273l	1377	1	false	47.71	ctg_fasta
Gentianella_campestris	mito	ctg000274l	1386	1	false	51.08	ctg_fasta
Gentianella_campestris	mito	ctg000275l	1426	1	false	45.65	ctg_fasta
Gentianella_campestris	mito	ctg000276l	1454	1	false	46.29	ctg_fasta
Gentianella_campestris	mito	ctg000277l	1434	1	false	43.93	ctg_fasta
Gentianella_campestris	mito	ctg000278l	1447	1	false	40.84	ctg_fasta
Gentianella_campestris	mito	ctg000279l	1440	1	false	46.6	ctg_fasta
Gentianella_campestris	mito	ctg000280l	1441	1	false	46.63	ctg_fasta
Gentianella_campestris	mito	ctg000281l	1453	1	false	43.63	ctg_fasta
Gentianella_campestris	mito	ctg000282l	1420	1	false	45.92	ctg_fasta
Gentianella_campestris	mito	ctg000283l	1442	1	false	46.95	ctg_fasta
Gentianella_campestris	mito	ctg000284l	1446	1	false	47.16	ctg_fasta
Gentianella_campestris	mito	ctg000285l	1427	1	false	43.52	ctg_fasta
Gentianella_campestris	mito	ctg000286l	1416	1	false	45.06	ctg_fasta
Gentianella_campestris	mito	ctg000287l	1444	1	false	45.91	ctg_fasta
Gentianella_campestris	mito	ctg000288l	1397	1	false	45.53	ctg_fasta
Gentianella_campestris	mito	ctg000289l	1459	1	false	43.8	ctg_fasta
Gentianella_campestris	mito	ctg000290l	1424	1	false	44.87	ctg_fasta
Gentianella_campestris	mito	ctg000291l	1470	1	false	48.71	ctg_fasta
Gentianella_campestris	mito	ctg000292l	1413	1	false	46.07	ctg_fasta
Gentianella_campestris	mito	ctg000293l	1431	1	false	44.37	ctg_fasta
Gentianella_campestris	mito	ctg000294l	1472	1	false	45.65	ctg_fasta
Gentianella_campestris	mito	ctg000295l	1428	1	false	44.12	ctg_fasta
Gentianella_campestris	mito	ctg000296l	1435	1	false	46.83	ctg_fasta
Gentianella_campestris	mito	ctg000297l	1436	1	false	44.22	ctg_fasta
Gentianella_campestris	mito	ctg000298l	1378	1	false	48.91	ctg_fasta
Gentianella_campestris	mito	ctg000299l	1433	1	false	45.43	ctg_fasta
Gentianella_campestris	mito	ctg000300l	1460	1	false	42.12	ctg_fasta
Gentianella_campestris	mito	ctg000301l	1390	1	false	45.18	ctg_fasta
Gentianella_campestris	mito	ctg000302l	1379	1	false	42.28	ctg_fasta
Gentianella_campestris	mito	ctg000303l	1400	1	false	47.0	ctg_fasta
Gentianella_campestris	mito	ctg000304l	1400	1	false	43.07	ctg_fasta
Gentianella_campestris	mito	ctg000305l	1385	1	false	43.25	ctg_fasta
Gentianella_campestris	mito	ctg000306l	1415	1	false	40.78	ctg_fasta
Gentianella_campestris	mito	ctg000307l	1432	1	false	41.2	ctg_fasta
Gentianella_campestris	mito	ctg000308l	1433	1	false	46.82	ctg_fasta
Gentianella_campestris	mito	ctg000309l	1419	1	false	45.95	ctg_fasta
Gentianella_campestris	mito	ctg000310l	1412	1	false	49.79	ctg_fasta
Gentianella_campestris	mito	ctg000311l	1432	1	false	43.99	ctg_fasta
Gentianella_campestris	mito	ctg000312l	1415	1	false	44.88	ctg_fasta
Gentianella_campestris	mito	ctg000313l	1426	1	false	50.7	ctg_fasta
Gentianella_campestris	mito	ctg000314l	1407	1	false	47.97	ctg_fasta
Gentianella_campestris	mito	ctg000315l	1407	1	false	49.25	ctg_fasta
Gentianella_campestris	mito	ctg000316l	1419	1	false	49.19	ctg_fasta
Gentianella_campestris	mito	ctg000317l	1447	1	false	42.5	ctg_fasta
Gentianella_campestris	mito	ctg000318l	1407	1	false	44.42	ctg_fasta
Gentianella_campestris	mito	ctg000319l	1424	1	false	45.93	ctg_fasta
Gentianella_campestris	mito	ctg000320l	1392	1	false	48.85	ctg_fasta
Gentianella_campestris	mito	ctg000321l	1436	1	false	46.38	ctg_fasta
Gentianella_campestris	mito	ctg000322l	1377	1	false	44.52	ctg_fasta
Gentianella_campestris	mito	ctg000323l	1423	1	false	44.76	ctg_fasta
Gentianella_campestris	mito	ctg000324l	1427	1	false	43.1	ctg_fasta
Gentianella_campestris	mito	ctg000325l	1399	1	false	50.18	ctg_fasta
Gentianella_campestris	mito	ctg000326l	1406	1	false	43.95	ctg_fasta
Gentianella_campestris	mito	ctg000327l	1431	1	false	45.35	ctg_fasta
Gentianella_campestris	mito	ctg000328l	1420	1	false	45.77	ctg_fasta
Gentianella_campestris	mito	ctg000329l	1402	1	false	44.79	ctg_fasta
Gentianella_campestris	mito	ctg000330l	1445	1	false	49.2	ctg_fasta
Gentianella_campestris	mito	ctg000331l	1406	1	false	49.64	ctg_fasta
Gentianella_campestris	mito	ctg000332l	1442	1	false	46.53	ctg_fasta
Gentianella_campestris	mito	ctg000333l	1449	1	false	44.38	ctg_fasta
Gentianella_campestris	mito	ctg000334l	1455	1	false	44.81	ctg_fasta
Gentianella_campestris	mito	ctg000335l	1444	1	false	39.68	ctg_fasta
Gentianella_campestris	mito	ctg000336l	1444	1	false	38.5	ctg_fasta
Gentianella_campestris	mito	ctg000337l	1412	1	false	45.4	ctg_fasta
Gentianella_campestris	mito	ctg000338l	1462	1	false	46.51	ctg_fasta
Gentianella_campestris	mito	ctg000339l	1418	1	false	47.39	ctg_fasta
Gentianella_campestris	mito	ctg000340l	1410	1	false	48.09	ctg_fasta
Gentianella_campestris	mito	ctg000341l	1445	1	false	44.22	ctg_fasta
Gentianella_campestris	mito	ctg000342l	1437	1	false	46.97	ctg_fasta
Gentianella_campestris	mito	ctg000343l	1404	1	false	47.29	ctg_fasta
Gentianella_campestris	mito	ctg000344l	1402	1	false	47.5	ctg_fasta
Gentianella_campestris	mito	ctg000345l	1423	1	false	44.91	ctg_fasta
Gentianella_campestris	mito	ctg000346l	1403	1	false	46.47	ctg_fasta
Gentianella_campestris	mito	ctg000347l	1433	1	false	45.85	ctg_fasta
Gentianella_campestris	mito	ctg000348l	1424	1	false	42.77	ctg_fasta
Gentianella_campestris	mito	ctg000349l	1431	1	false	49.97	ctg_fasta
Gentianella_campestris	mito	ctg000350l	1430	1	false	50.28	ctg_fasta
Gentianella_campestris	mito	ctg000351l	1431	1	false	44.79	ctg_fasta
Gentianella_campestris	mito	ctg000352l	1429	1	false	45.77	ctg_fasta
Gentianella_campestris	mito	ctg000353l	1420	1	false	46.55	ctg_fasta
Gentianella_campestris	mito	ctg000354l	1413	1	false	41.83	ctg_fasta
Gentianella_campestris	mito	ctg000355l	1424	1	false	43.12	ctg_fasta
Gentianella_campestris	mito	ctg000356l	1454	1	false	41.47	ctg_fasta
Gentianella_campestris	mito	ctg000357l	1445	1	false	42.01	ctg_fasta
Gentianella_campestris	mito	ctg000358l	1397	1	false	47.75	ctg_fasta
Gentianella_campestris	mito	ctg000359l	1437	1	false	46.9	ctg_fasta
Gentianella_campestris	mito	ctg000360l	1414	1	false	45.97	ctg_fasta
Gentianella_campestris	mito	ctg000361l	1392	1	false	44.76	ctg_fasta
Gentianella_campestris	mito	ctg000362l	1457	1	false	46.47	ctg_fasta
Gentianella_campestris	mito	ctg000363l	1448	1	false	46.62	ctg_fasta
Gentianella_campestris	mito	ctg000364l	1438	1	false	45.69	ctg_fasta
Gentianella_campestris	mito	ctg000365l	1426	1	false	46.07	ctg_fasta
Gentianella_campestris	mito	ctg000366l	1379	1	false	47.21	ctg_fasta
Gentianella_campestris	mito	ctg000367l	1435	1	false	45.44	ctg_fasta
Gentianella_campestris	mito	ctg000368l	1430	1	false	44.62	ctg_fasta
Gentianella_campestris	mito	ctg000369l	1410	1	false	43.26	ctg_fasta
Gentianella_campestris	mito	ctg000370l	1429	1	false	43.67	ctg_fasta
Gentianella_campestris	mito	ctg000371l	1427	1	false	46.39	ctg_fasta
Gentianella_campestris	mito	ctg000372l	1388	1	false	46.83	ctg_fasta
Gentianella_campestris	mito	ctg000373l	1458	1	false	41.36	ctg_fasta
Gentianella_campestris	mito	ctg000374l	1446	1	false	41.84	ctg_fasta
Gentianella_campestris	mito	ctg000375l	1434	1	false	46.3	ctg_fasta
Gentianella_campestris	mito	ctg000376l	1454	1	false	41.95	ctg_fasta
Gentianella_campestris	mito	ctg000377l	2169	2	false	42.6	ctg_fasta
Gentianella_campestris	mito	ctg000378l	2169	2	false	42.6	ctg_fasta
Geranium_dissectum	mito	ctg000001c	54893	1	true	42.0	ctg_fasta
Geranium_dissectum	mito	ctg000002c	59524	1	true	41.68	ctg_fasta
Geranium_dissectum	mito	ctg000003c	35810	1	true	41.19	ctg_fasta
Geranium_dissectum	mito	ctg000004c	33025	1	true	41.62	ctg_fasta
Geranium_dissectum	mito	ctg000005c	30558	1	true	41.25	ctg_fasta
Geranium_dissectum	mito	ctg000006c	84695	1	true	41.89	ctg_fasta
Geranium_lucidum	mito	ctg000001c	249459	4	true	43.54	ctg_fasta
Geranium_lucidum	mito	ctg000002c	77459	1	true	42.26	ctg_fasta
Geranium_lucidum	mito	ctg000003c	72985	1	true	42.91	ctg_fasta
Geranium_lucidum	mito	ctg000004c	77345	1	true	43.04	ctg_fasta
Geranium_molle	mito	ctg000001c	93450	3	true	40.57	ctg_fasta
Geranium_molle	mito	ctg000002c	69748	2	true	42.31	ctg_fasta
Geranium_molle	mito	ctg000003c	75840	1	true	41.86	ctg_fasta
Geranium_molle	mito	ctg000004c	72755	1	true	41.19	ctg_fasta
Geranium_molle	mito	ctg000005c	66882	1	true	40.82	ctg_fasta
Geranium_phaeum	mito	ctg000001c	274527	10	true	41.61	ctg_fasta
Geranium_pratense	mito	ctg000001c	190742	1	true	41.95	ctg_fasta
Geranium_pratense	mito	ctg000002c	60768	1	true	42.53	ctg_fasta
Geranium_pratense	mito	ctg000003c	51961	1	true	43.33	ctg_fasta
Geranium_pyrenaicum	mito	ctg000001l	477626	7	false	43.96	ctg_fasta
Geranium_robertianum	mito	ctg000001l	716523	8	false	42.26	ctg_fasta
Geranium_robertianum	mito	ctg000002c	93930	1	true	42.97	ctg_fasta
Geranium_rotundifolium	mito	ctg000001c	335810	4	true	41.86	ctg_fasta
Geranium_sanguineum	mito	ctg000001l	1556	1	false	42.22	ctg_fasta
Geranium_sanguineum	mito	ctg000002l	1620	1	false	43.33	ctg_fasta
Geranium_sanguineum	mito	ctg000003l	7945	1	false	44.28	ctg_fasta
Geranium_sanguineum	mito	ctg000004l	6640	1	false	42.39	ctg_fasta
Geranium_sanguineum	mito	ctg000005l	6755	1	false	42.28	ctg_fasta
Geranium_sanguineum	mito	ctg000006l	4578	1	false	45.65	ctg_fasta
Geranium_sanguineum	mito	ctg000007l	11965	1	false	43.1	ctg_fasta
Geranium_sanguineum	mito	ctg000008l	67708	1	false	43.85	ctg_fasta
Geranium_sanguineum	mito	ctg000009l	14774	1	false	45.18	ctg_fasta
Geranium_sanguineum	mito	ctg000010l	1750	1	false	43.2	ctg_fasta
Geranium_sanguineum	mito	ctg000011l	1392	1	false	43.53	ctg_fasta
Geranium_sanguineum	mito	ctg000012l	52657	1	false	44.33	ctg_fasta
Geranium_sanguineum	mito	ctg000013l	11516	1	false	43.8	ctg_fasta
Geranium_sanguineum	mito	ctg000014l	1865	1	false	45.25	ctg_fasta
Geranium_sanguineum	mito	ctg000015l	13648	1	false	43.11	ctg_fasta
Geranium_sanguineum	mito	ctg000016l	2164	1	false	44.87	ctg_fasta
Geranium_sanguineum	mito	ctg000017l	16092	1	false	43.19	ctg_fasta
Geranium_sanguineum	mito	ctg000018l	50545	1	false	43.38	ctg_fasta
Geranium_sanguineum	mito	ctg000019l	11695	1	false	43.97	ctg_fasta
Geranium_sanguineum	mito	ctg000020l	44740	1	false	43.01	ctg_fasta
Geranium_sanguineum	mito	ctg000021l	8640	1	false	40.89	ctg_fasta
Geranium_sanguineum	mito	ctg000022l	39635	1	false	42.81	ctg_fasta
Geranium_sanguineum	mito	ctg000023l	26049	1	false	44.17	ctg_fasta
Geranium_sanguineum	mito	ctg000024l	7429	1	false	42.29	ctg_fasta
Geranium_sanguineum	mito	ctg000025l	25022	1	false	41.93	ctg_fasta
Geranium_sanguineum	mito	ctg000026l	4092	1	false	40.49	ctg_fasta
Geranium_sanguineum	mito	ctg000027l	38454	1	false	45.58	ctg_fasta
Geranium_sanguineum	mito	ctg000028l	3371	1	false	44.2	ctg_fasta
Geranium_sanguineum	mito	ctg000029l	34733	1	false	43.89	ctg_fasta
Geranium_sanguineum	mito	ctg000030l	39074	1	false	44.6	ctg_fasta
Geranium_sanguineum	mito	ctg000031l	13738	1	false	42.05	ctg_fasta
Geranium_sanguineum	mito	ctg000032l	13881	1	false	44.37	ctg_fasta
Geranium_sanguineum	mito	ctg000033l	22744	1	false	43.25	ctg_fasta
Geranium_sanguineum	mito	ctg000034l	8066	1	false	43.32	ctg_fasta
Geranium_sanguineum	mito	ctg000035l	14904	1	false	44.33	ctg_fasta
Geranium_sanguineum	mito	ctg000036l	1598	1	false	40.74	ctg_fasta
Geranium_sanguineum	mito	ctg000037l	4687	1	false	45.3	ctg_fasta
Geranium_sanguineum	mito	ctg000038l	1554	1	false	45.37	ctg_fasta
Geranium_sanguineum	mito	ctg000039l	1589	1	false	40.15	ctg_fasta
Geranium_sanguineum	mito	ctg000040l	47928	1	false	43.07	ctg_fasta
Geranium_sanguineum	mito	ctg000041l	18125	1	false	42.72	ctg_fasta
Geranium_sanguineum	mito	ctg000042l	1639	1	false	41.85	ctg_fasta
Geranium_sanguineum	mito	ctg000043l	1863	1	false	43.32	ctg_fasta
Geranium_sanguineum	mito	ctg000044l	17136	1	false	44.14	ctg_fasta
Geranium_sanguineum	mito	ctg000045l	6213	1	false	46.85	ctg_fasta
Geranium_sanguineum	mito	ctg000046l	11898	1	false	44.78	ctg_fasta
Geranium_sanguineum	mito	ctg000047l	1615	1	false	43.59	ctg_fasta
Geranium_sanguineum	mito	ctg000048l	7830	1	false	45.35	ctg_fasta
Geranium_sanguineum	mito	ctg000049l	2256	1	false	46.23	ctg_fasta
Geranium_sanguineum	mito	ctg000050l	15257	1	false	43.53	ctg_fasta
Geranium_sanguineum	mito	ctg000051l	25130	1	false	44.34	ctg_fasta
Geranium_sanguineum	mito	ctg000052l	8074	1	false	43.44	ctg_fasta
Geranium_sanguineum	mito	ctg000053l	12737	1	false	43.06	ctg_fasta
Geranium_sanguineum	mito	ctg000054l	2016	1	false	43.6	ctg_fasta
Geranium_sanguineum	mito	ctg000055l	28984	1	false	44.12	ctg_fasta
Geranium_sanguineum	mito	ctg000056l	2034	1	false	46.21	ctg_fasta
Geranium_sanguineum	mito	ctg000057l	11593	1	false	44.64	ctg_fasta
Geranium_sanguineum	mito	ctg000058l	35960	1	false	44.72	ctg_fasta
Geranium_sanguineum	mito	ctg000059l	11026	1	false	42.7	ctg_fasta
Geranium_sanguineum	mito	ctg000060l	3377	1	false	46.49	ctg_fasta
Geranium_sanguineum	mito	ctg000061l	68924	1	false	43.32	ctg_fasta
Geranium_sanguineum	mito	ctg000062l	10346	1	false	44.67	ctg_fasta
Geranium_sanguineum	mito	ctg000063l	8585	1	false	47.02	ctg_fasta
Geranium_sanguineum	mito	ctg000064l	1579	1	false	43.57	ctg_fasta
Geranium_sanguineum	mito	ctg000065l	25488	1	false	43.57	ctg_fasta
Geranium_sanguineum	mito	ctg000066l	16470	1	false	42.95	ctg_fasta
Geranium_sanguineum	mito	ctg000067l	14822	1	false	42.38	ctg_fasta
Geranium_sanguineum	mito	ctg000068l	3489	1	false	42.45	ctg_fasta
Geranium_sanguineum	mito	ctg000069l	6773	1	false	45.21	ctg_fasta
Geranium_sanguineum	mito	ctg000070l	2636	1	false	45.68	ctg_fasta
Geranium_sanguineum	mito	ctg000071l	70638	1	false	43.77	ctg_fasta
Geranium_sanguineum	mito	ctg000072l	41997	1	false	45.08	ctg_fasta
Geranium_sanguineum	mito	ctg000073l	26325	1	false	43.15	ctg_fasta
Geranium_sanguineum	mito	ctg000074l	1628	1	false	44.96	ctg_fasta
Geranium_sanguineum	mito	ctg000075l	1367	1	false	44.26	ctg_fasta
Geranium_sanguineum	mito	ctg000076l	1369	1	false	44.34	ctg_fasta
Geranium_sanguineum	mito	ctg000077l	1430	1	false	45.87	ctg_fasta
Geranium_sanguineum	mito	ctg000078l	1354	1	false	45.2	ctg_fasta
Geranium_sanguineum	mito	ctg000079l	1432	1	false	42.53	ctg_fasta
Geranium_sanguineum	mito	ctg000080l	1432	1	false	45.81	ctg_fasta
Geranium_sanguineum	mito	ctg000081l	1398	1	false	41.77	ctg_fasta
Geranium_sanguineum	mito	ctg000082l	1430	1	false	45.66	ctg_fasta
Geranium_sanguineum	mito	ctg000083l	1332	1	false	44.97	ctg_fasta
Geranium_sanguineum	mito	ctg000084l	1448	1	false	41.57	ctg_fasta
Geranium_sanguineum	mito	ctg000085l	1430	1	false	46.92	ctg_fasta
Geranium_sanguineum	mito	ctg000086l	1397	1	false	43.66	ctg_fasta
Geranium_sanguineum	mito	ctg000087l	1415	1	false	46.15	ctg_fasta
Geranium_sanguineum	mito	ctg000088l	1406	1	false	43.31	ctg_fasta
Geranium_sylvaticum	mito						no_assembly
Geum_rivale	mito	ctg000001c	335495	9	true	44.42	ctg_fasta
Geum_urbanum	mito	ctg000001c	335495	9	true	44.41	ctg_fasta
Ginkgo_biloba	mito	ctg000001c	346597	8	true	50.36	ctg_fasta
Glaucium_flavum	mito	ctg000001c	2938283	35	true	47.08	ctg_fasta
Glaucium_flavum	mito	ctg000002l	35500	1	false	47.36	ctg_fasta
Glaucium_flavum	mito	ctg000003c	329550	1	true	47.23	ctg_fasta
Glaux_maritima	mito	ctg000001c	310025	8	true	45.13	ctg_fasta
Glebionis_segetum	mito	ctg000001c	213529	1	true	45.43	ctg_fasta
Glechoma_hederacea	mito	ctg000001l	6426	1	false	44.02	ctg_fasta
Glechoma_hederacea	mito	ctg000002l	18647	1	false	44.47	ctg_fasta
Glechoma_hederacea	mito	ctg000003l	2290	1	false	45.24	ctg_fasta
Glechoma_hederacea	mito	ctg000004l	1650	1	false	44.06	ctg_fasta
Glechoma_hederacea	mito	ctg000005l	1998	1	false	46.25	ctg_fasta
Glechoma_hederacea	mito	ctg000006l	9150	1	false	46.4	ctg_fasta
Glechoma_hederacea	mito	ctg000007l	1583	1	false	37.78	ctg_fasta
Glechoma_hederacea	mito	ctg000008l	4674	1	false	45.91	ctg_fasta
Glechoma_hederacea	mito	ctg000009l	17030	1	false	45.28	ctg_fasta
Glechoma_hederacea	mito	ctg000010l	1723	1	false	45.39	ctg_fasta
Glechoma_hederacea	mito	ctg000011l	1641	1	false	45.76	ctg_fasta
Glechoma_hederacea	mito	ctg000012l	1612	1	false	46.34	ctg_fasta
Glechoma_hederacea	mito	ctg000013l	20207	1	false	45.8	ctg_fasta
Glechoma_hederacea	mito	ctg000014l	1810	1	false	45.03	ctg_fasta
Glechoma_hederacea	mito	ctg000015l	9150	1	false	46.15	ctg_fasta
Glechoma_hederacea	mito	ctg000016l	1670	1	false	45.57	ctg_fasta
Glechoma_hederacea	mito	ctg000017l	10048	1	false	45.72	ctg_fasta
Glechoma_hederacea	mito	ctg000018l	29613	1	false	45.02	ctg_fasta
Glechoma_hederacea	mito	ctg000019l	8214	1	false	44.79	ctg_fasta
Glechoma_hederacea	mito	ctg000020l	1789	1	false	43.94	ctg_fasta
Glechoma_hederacea	mito	ctg000021l	44933	1	false	44.01	ctg_fasta
Glechoma_hederacea	mito	ctg000022l	2025	1	false	41.73	ctg_fasta
Glechoma_hederacea	mito	ctg000023l	1583	1	false	42.7	ctg_fasta
Glechoma_hederacea	mito	ctg000024l	2840	1	false	42.29	ctg_fasta
Glechoma_hederacea	mito	ctg000025l	41819	1	false	45.99	ctg_fasta
Glechoma_hederacea	mito	ctg000026l	5736	1	false	45.03	ctg_fasta
Glechoma_hederacea	mito	ctg000027l	2090	1	false	43.06	ctg_fasta
Glechoma_hederacea	mito	ctg000028l	1595	1	false	44.51	ctg_fasta
Glechoma_hederacea	mito	ctg000029l	15262	1	false	44.1	ctg_fasta
Glechoma_hederacea	mito	ctg000030l	6809	1	false	45.16	ctg_fasta
Glechoma_hederacea	mito	ctg000031l	2220	1	false	43.87	ctg_fasta
Glechoma_hederacea	mito	ctg000032l	4601	1	false	41.58	ctg_fasta
Glechoma_hederacea	mito	ctg000033l	1720	1	false	38.49	ctg_fasta
Glechoma_hederacea	mito	ctg000034l	2182	1	false	41.57	ctg_fasta
Glechoma_hederacea	mito	ctg000035l	2317	1	false	42.56	ctg_fasta
Glechoma_hederacea	mito	ctg000036l	20547	1	false	43.4	ctg_fasta
Glechoma_hederacea	mito	ctg000037l	2026	1	false	45.51	ctg_fasta
Glechoma_hederacea	mito	ctg000038l	1932	1	false	42.75	ctg_fasta
Glechoma_hederacea	mito	ctg000039l	5461	1	false	42.83	ctg_fasta
Glechoma_hederacea	mito	ctg000040l	15153	1	false	43.54	ctg_fasta
Glechoma_hederacea	mito	ctg000041l	31319	1	false	42.88	ctg_fasta
Glechoma_hederacea	mito	ctg000042l	1743	1	false	44.46	ctg_fasta
Glechoma_hederacea	mito	ctg000043l	2725	1	false	43.45	ctg_fasta
Glechoma_hederacea	mito	ctg000044l	12596	1	false	46.28	ctg_fasta
Glechoma_hederacea	mito	ctg000045l	4790	1	false	43.63	ctg_fasta
Glechoma_hederacea	mito	ctg000046l	14329	1	false	44.4	ctg_fasta
Glechoma_hederacea	mito	ctg000047l	9331	1	false	43.33	ctg_fasta
Glechoma_hederacea	mito	ctg000048l	4894	1	false	45.06	ctg_fasta
Glechoma_hederacea	mito	ctg000049l	23623	1	false	44.47	ctg_fasta
Glechoma_hederacea	mito	ctg000050l	1858	1	false	43.11	ctg_fasta
Glechoma_hederacea	mito	ctg000051l	2748	1	false	44.54	ctg_fasta
Glechoma_hederacea	mito	ctg000052l	14464	1	false	44.56	ctg_fasta
Glechoma_hederacea	mito	ctg000053l	1439	1	false	46.49	ctg_fasta
Glechoma_hederacea	mito	ctg000054l	1373	1	false	44.57	ctg_fasta
Glechoma_hederacea	mito	ctg000055l	1418	1	false	41.96	ctg_fasta
Glechoma_hederacea	mito	ctg000056l	1418	1	false	43.72	ctg_fasta
Glechoma_hederacea	mito	ctg000057l	1402	1	false	44.51	ctg_fasta
Glechoma_hederacea	mito	ctg000058l	1398	1	false	45.28	ctg_fasta
Glechoma_hederacea	mito	ctg000059l	1429	1	false	42.2	ctg_fasta
Glechoma_hederacea	mito	ctg000060l	1397	1	false	46.03	ctg_fasta
Glechoma_hederacea	mito	ctg000061l	1410	1	false	44.54	ctg_fasta
Glechoma_hederacea	mito	ctg000062l	1423	1	false	44.34	ctg_fasta
Glechoma_hederacea	mito	ctg000063l	1418	1	false	44.36	ctg_fasta
Glechoma_hederacea	mito	ctg000064l	1386	1	false	43.36	ctg_fasta
Glyceria_declinata	mito	ctg000001c	535395	14	true	43.98	ctg_fasta
Glyceria_fluitans	mito	ctg000001c	534852	14	true	43.92	ctg_fasta
Glyceria_maxima	mito	ctg000001l	28882	1	false	43.79	ctg_fasta
Glyceria_maxima	mito	ctg000002l	23231	1	false	42.38	ctg_fasta
Glyceria_maxima	mito	ctg000003l	34549	1	false	43.76	ctg_fasta
Glyceria_maxima	mito	ctg000004l	17434	1	false	43.79	ctg_fasta
Glyceria_maxima	mito	ctg000005l	11064	1	false	44.01	ctg_fasta
Gnaphalium_supinum	mito	ctg000001c	164954	1	true	45.24	ctg_fasta
Gnaphalium_supinum	mito	ctg000002c	84563	1	true	44.75	ctg_fasta
Gnaphalium_uliginosum	mito	ctg000001c	195002	1	true	45.57	ctg_fasta
Grimmia_atrata	mito	ctg000001c	106759	1	true	39.9	ctg_fasta
Grimmia_decipiens	mito	ctg000001c	107102	1	true	39.81	ctg_fasta
Grimmia_donniana	mito	ctg000001c	106769	2	true	39.84	ctg_fasta
Grimmia_elongata	mito	ctg000001c	106757	1	true	39.94	ctg_fasta
Grimmia_funalis	mito	ctg000001c	107104	1	true	39.9	ctg_fasta
Grimmia_montana	mito	ctg000001c	107080	1	true	39.89	ctg_fasta
Grimmia_pulvinata	mito	ctg000001c	106890	1	true	39.82	ctg_fasta
Grimmia_ramondii	mito	ctg000001c	106187	1	true	39.88	ctg_fasta
Grimmia_trichophylla	mito	ctg000001c	106788	2	true	39.78	ctg_fasta
Groenlandia_densa	mito	ctg000001c	225197	8	true	47.69	ctg_fasta
Gunnera_tinctoria	mito						no_assembly
Gymnadenia_conopsea	mito	ctg000001c	43130	1	true	45.91	ctg_fasta
Gymnadenia_conopsea	mito	ctg000002c	36047	1	true	45.2	ctg_fasta
Gymnadenia_conopsea	mito	ctg000003c	41079	1	true	44.6	ctg_fasta
Gymnadenia_conopsea	mito	ctg000004c	30021	1	true	46.11	ctg_fasta
Gymnadenia_conopsea	mito	ctg000005c	25897	1	true	47.98	ctg_fasta
Gymnadenia_conopsea	mito	ctg000006c	27824	1	true	45.71	ctg_fasta
Gymnadenia_conopsea	mito	ctg000007c	30611	1	true	46.87	ctg_fasta
Gymnadenia_conopsea	mito	ctg000008c	33746	1	true	45.97	ctg_fasta
Gymnadenia_conopsea	mito	ctg000009c	26127	1	true	45.36	ctg_fasta
Gymnadenia_conopsea	mito	ctg000010c	31874	1	true	45.42	ctg_fasta
Gymnadenia_conopsea	mito	ctg000011c	53080	1	true	47.03	ctg_fasta
Gymnadenia_conopsea	mito	ctg000012c	26096	1	true	46.55	ctg_fasta
Gymnadenia_conopsea	mito	ctg000013c	32427	1	true	45.27	ctg_fasta
Gymnadenia_conopsea	mito	ctg000014c	35959	1	true	46.93	ctg_fasta
Gymnadenia_conopsea	mito	ctg000015c	38552	1	true	46.84	ctg_fasta
Gymnocarpium_robertianum	mito	ctg000001l	5006	1	false	45.51	ctg_fasta
Gymnocarpium_robertianum	mito	ctg000002l	6660	1	false	48.92	ctg_fasta
Gymnocarpium_robertianum	mito	ctg000003l	12911	1	false	45.42	ctg_fasta
Gymnocarpium_robertianum	mito	ctg000004l	2766	1	false	47.04	ctg_fasta
Gymnocarpium_robertianum	mito	ctg000005l	7799	1	false	46.48	ctg_fasta
Gymnocarpium_robertianum	mito	ctg000006l	10204	1	false	48.91	ctg_fasta
Gymnocarpium_robertianum	mito	ctg000007l	1557	1	false	46.89	ctg_fasta
Gymnocarpium_robertianum	mito	ctg000008l	7566	1	false	49.92	ctg_fasta
Gymnocarpium_robertianum	mito	ctg000009l	13052	1	false	46.52	ctg_fasta
Gymnocarpium_robertianum	mito	ctg000010l	19258	1	false	45.42	ctg_fasta
Gymnocarpium_robertianum	mito	ctg000011l	2830	1	false	49.54	ctg_fasta
Gymnocarpium_robertianum	mito	ctg000012l	5831	1	false	51.07	ctg_fasta
Gymnocarpium_robertianum	mito	ctg000013l	5454	1	false	48.17	ctg_fasta
Gymnocarpium_robertianum	mito	ctg000014l	1870	1	false	49.73	ctg_fasta
Gymnocarpium_robertianum	mito	ctg000015l	2181	1	false	46.08	ctg_fasta
Gymnocarpium_robertianum	mito	ctg000016l	13853	1	false	46.63	ctg_fasta
Gymnocarpium_robertianum	mito	ctg000017l	10981	1	false	49.5	ctg_fasta
Gymnocarpium_robertianum	mito	ctg000018l	4080	1	false	45.17	ctg_fasta
Gymnocarpium_robertianum	mito	ctg000019l	6830	1	false	46.47	ctg_fasta
Gymnocarpium_robertianum	mito	ctg000020l	5738	1	false	47.21	ctg_fasta
Gymnocarpium_robertianum	mito	ctg000021l	10863	1	false	46.3	ctg_fasta
Gymnocarpium_robertianum	mito	ctg000022l	1933	1	false	51.53	ctg_fasta
Gymnocarpium_robertianum	mito	ctg000023l	7561	1	false	46.81	ctg_fasta
Gymnocarpium_robertianum	mito	ctg000024l	7373	1	false	49.08	ctg_fasta
Gymnocarpium_robertianum	mito	ctg000025l	3385	1	false	50.49	ctg_fasta
Gymnocarpium_robertianum	mito	ctg000026l	9426	1	false	48.9	ctg_fasta
Gymnocarpium_robertianum	mito	ctg000027l	4472	1	false	48.48	ctg_fasta
Gymnocarpium_robertianum	mito	ctg000028l	5087	1	false	47.38	ctg_fasta
Gymnocarpium_robertianum	mito	ctg000029l	1419	1	false	47.29	ctg_fasta
Gymnocarpium_robertianum	mito	ctg000030l	1417	1	false	49.19	ctg_fasta
Gymnocarpium_robertianum	mito	ctg000031l	1409	1	false	51.81	ctg_fasta
Gymnocarpium_robertianum	mito	ctg000032l	1486	1	false	42.4	ctg_fasta
Gymnocarpium_robertianum	mito	ctg000033l	1362	1	false	48.75	ctg_fasta
Gymnomitrion_concinnatum	mito	ctg000001c	162570	1	true	44.73	ctg_fasta
Gymnomitrion_concinnatum	mito	ctg000002c	26041	1	true	29.71	ctg_fasta
Gymnomitrion_obtusum	mito	ctg000001l	83642	1	false	44.45	ctg_fasta
Gymnomitrion_obtusum	mito	ctg000002l	34194	1	false	45.39	ctg_fasta
Gymnomitrion_obtusum	mito	ctg000003l	16382	1	false	44.79	ctg_fasta
Gymnomitrion_obtusum	mito	ctg000004l	18331	1	false	46.13	ctg_fasta
Gymnomitrion_obtusum	mito	ctg000005l	17519	1	false	26.99	ctg_fasta
Gymnostomum_aeruginosum	mito	ctg000001c	105122	1	true	39.55	ctg_fasta
Halimione_portulacoides	mito	ctg000001c	302804	10	true	44.17	ctg_fasta
Harpanthus_flotovianus	mito	ctg000001c	154456	1	true	45.21	ctg_fasta
Hedera_helix	mito	ctg000001c	618945	38	true	45.15	ctg_fasta
Hedera_hibernica	mito	ctg000001l	486733	9	false	45.21	ctg_fasta
Hedera_hibernica	mito	ctg000002l	26709	1	false	45.49	ctg_fasta
Hedera_hibernica	mito	ctg000003c	82843	1	true	44.7	ctg_fasta
Hedwigia_stellata	mito	ctg000001c	106675	1	true	39.72	ctg_fasta
Helianthemum_apenninum	mito	ctg000001c	431739	12	true	44.64	ctg_fasta
Helianthemum_oelandicum	mito	ctg000001c	488972	10	true	44.67	ctg_fasta
Helictochloa_pratensis	mito	ctg000001c	470398	18	true	44.15	ctg_fasta
Helleborus_foetidus	mito	ctg000001c	543541	22	true	46.19	ctg_fasta
Helleborus_foetidus	mito	ctg000002l	50514	1	false	47.44	ctg_fasta
Helleborus_viridis	mito	ctg000001l	694651	17	false	46.05	ctg_fasta
Helleborus_viridis	mito	ctg000002l	68833	1	false	46.46	ctg_fasta
Helminthotheca_echioides	mito	ctg000001c	314960	8	true	45.5	ctg_fasta
Helosciadium_nodiflorum	mito	ctg000001c	334455	14	true	44.77	ctg_fasta
Heracleum_sphondylium	mito	ctg000001c	290188	29	true	45.56	ctg_fasta
Herbertus_borealis	mito						no_assembly
Herbertus_hutchinsiae	mito	ctg000001c	161557	1	true	44.58	ctg_fasta
Herbertus_stramineus	mito	ctg000001c	161558	1	true	44.6	ctg_fasta
Herniaria_ciliolata	mito	ctg000001c	286656	8	true	43.62	ctg_fasta
Hesperis_matronalis	mito	ctg000001l	230448	1	false	45.31	ctg_fasta
Hesperis_matronalis	mito	ctg000002l	108463	1	false	45.62	ctg_fasta
Hesperis_matronalis	mito	ctg000003l	12304	1	false	46.05	ctg_fasta
Heterocladium_heteropterum	mito	ctg000001c	105094	1	true	41.05	ctg_fasta
Hibiscus_tridactylites	mito	ctg000001l	533277	11	false	44.94	ctg_fasta
Hibiscus_trionum	mito	ctg000001c	522692	10	true	44.95	ctg_fasta
Hibiscus_verdcourtii	mito	ctg000001c	429462	8	true	44.55	ctg_fasta
Hibiscus_verdcourtii	mito	ctg000002c	106187	1	true	45.2	ctg_fasta
Hieracium_aggregatifolium	mito	ctg000001l	332394	15	false	45.13	ctg_fasta
Hieracium_attenboroughianum	mito	ctg000001c	377955	16	true	44.84	ctg_fasta
Hieracium_britannicum	mito	ctg000001c	377955	16	true	44.84	ctg_fasta
Hieracium_drummondii	mito	ctg000001c	357793	8	true	45.25	ctg_fasta
Hieracium_radyrense	mito	ctg000001c	377935	16	true	44.83	ctg_fasta
Hieracium_richianum	mito	ctg000001l	257650	2	false	44.75	ctg_fasta
Hieracium_richianum	mito	ctg000002l	22589	1	false	43.6	ctg_fasta
Hieracium_richianum	mito	ctg000003l	110642	1	false	44.38	ctg_fasta
Hieracium_richianum	mito	ctg000004l	15085	1	false	43.75	ctg_fasta
Hieracium_sabaudum	mito	ctg000001c	368100	12	true	45.09	ctg_fasta
Hieracium_scullyi	mito	ctg000001c	357795	8	true	45.25	ctg_fasta
Hieracium_snowdoniense	mito	ctg000001c	370769	8	true	45.22	ctg_fasta
Hieracium_sp_SM_2023a	mito	ctg000001c	392624	16	true	44.84	ctg_fasta
Hierochloe_odorata	mito	ctg000001c	537001	8	true	44.29	ctg_fasta
Hippocrepis_comosa	mito	ctg000001c	412557	10	true	45.33	ctg_fasta
Hippophae_rhamnoides	mito	ctg000001c	456738	8	true	44.78	ctg_fasta
Hippuris_vulgaris	mito	ctg000001c	247565	1	true	43.05	ctg_fasta
Hippuris_vulgaris	mito	ctg000002c	178208	1	true	43.09	ctg_fasta
Hippuris_vulgaris	mito	ctg000003c	119017	1	true	43.07	ctg_fasta
Holcus_lanatus	mito	ctg000001c	493264	14	true	44.34	ctg_fasta
Holcus_mollis	mito	ctg000001c	515343	16	true	44.38	ctg_fasta
Homalia_trichomanoides	mito	ctg000001c	104210	1	true	41.22	ctg_fasta
Homalothecium_sericeum	mito						no_assembly
Homogyne_alpina	mito	ctg000001l	123733	4	false	44.7	ctg_fasta
Homogyne_alpina	mito	ctg000002l	29895	1	false	44.72	ctg_fasta
Homogyne_alpina	mito	ctg000003l	40839	1	false	44.82	ctg_fasta
Homogyne_alpina	mito	ctg000004l	43947	1	false	45.41	ctg_fasta
Homogyne_alpina	mito	ctg000005c	48403	1	true	44.71	ctg_fasta
Honckenya_peploides	mito	ctg000001c	665454	13	true	44.24	ctg_fasta
Honckenya_peploides	mito	ctg000002l	108915	1	false	43.82	ctg_fasta
Hookeria_lucens	mito	ctg000001c	104957	1	true	41.8	ctg_fasta
Hordeum_murinum	mito	ctg000001c	385626	8	true	44.23	ctg_fasta
Hordeum_murinum	mito	ctg000002c	42544	1	true	43.88	ctg_fasta
Hordeum_vulgare	mito	ctg000001c	525599	22	true	44.23	ctg_fasta
Hornungia_petraea	mito	ctg000001c	324164	8	true	44.67	ctg_fasta
Hottonia_palustris	mito	ctg000001c	323991	4	true	45.3	ctg_fasta
Humulus_lupulus	mito	ctg000001c	400026	1	true	45.73	ctg_fasta
Huperzia_selago	mito	ctg000001c	411367	4	true	43.93	ctg_fasta
Hyacinthoides_non_scripta	mito	ctg000001l	3806	1	false	44.22	ctg_fasta
Hyacinthoides_non_scripta	mito	ctg000002l	17131	1	false	47.19	ctg_fasta
Hyacinthoides_non_scripta	mito	ctg000003l	1623	1	false	45.16	ctg_fasta
Hyacinthoides_non_scripta	mito	ctg000004l	1448	1	false	44.2	ctg_fasta
Hyacinthoides_non_scripta	mito	ctg000005l	1403	1	false	46.61	ctg_fasta
Hyacinthoides_non_scripta	mito	ctg000006l	7304	1	false	47.38	ctg_fasta
Hyacinthoides_non_scripta	mito	ctg000007l	2740	1	false	48.28	ctg_fasta
Hyacinthoides_non_scripta	mito	ctg000008l	7018	1	false	46.01	ctg_fasta
Hyacinthoides_non_scripta	mito	ctg000009l	5209	1	false	45.33	ctg_fasta
Hyacinthoides_non_scripta	mito	ctg000010l	6146	1	false	48.45	ctg_fasta
Hyacinthoides_non_scripta	mito	ctg000011l	4882	1	false	49.28	ctg_fasta
Hyacinthoides_non_scripta	mito	ctg000012l	8322	1	false	44.76	ctg_fasta
Hyacinthoides_non_scripta	mito	ctg000013l	1425	1	false	44.91	ctg_fasta
Hyacinthoides_non_scripta	mito	ctg000014l	1423	1	false	44.91	ctg_fasta
Hyacinthoides_non_scripta	mito	ctg000015l	3365	1	false	45.02	ctg_fasta
Hyacinthoides_non_scripta	mito	ctg000016l	4109	1	false	42.39	ctg_fasta
Hyacinthoides_non_scripta	mito	ctg000017l	1791	1	false	43.77	ctg_fasta
Hyacinthoides_non_scripta	mito	ctg000018l	3863	1	false	42.82	ctg_fasta
Hyacinthoides_non_scripta	mito	ctg000019l	1944	1	false	44.5	ctg_fasta
Hyacinthoides_non_scripta	mito	ctg000020l	13455	1	false	44.73	ctg_fasta
Hyacinthoides_non_scripta	mito	ctg000021l	10906	1	false	46.3	ctg_fasta
Hyacinthoides_non_scripta	mito	ctg000022l	7122	1	false	41.83	ctg_fasta
Hyacinthoides_non_scripta	mito	ctg000023l	3133	1	false	52.73	ctg_fasta
Hyacinthoides_non_scripta	mito	ctg000024l	1476	1	false	51.29	ctg_fasta
Hyacinthoides_non_scripta	mito	ctg000025l	5667	1	false	45.97	ctg_fasta
Hyacinthoides_non_scripta	mito	ctg000026l	19531	1	false	48.61	ctg_fasta
Hyacinthoides_non_scripta	mito	ctg000027l	3391	1	false	46.48	ctg_fasta
Hyacinthoides_non_scripta	mito	ctg000028l	6762	1	false	45.02	ctg_fasta
Hyacinthoides_non_scripta	mito	ctg000029l	1384	1	false	44.87	ctg_fasta
Hyacinthoides_non_scripta	mito	ctg000030l	2944	1	false	44.67	ctg_fasta
Hyacinthoides_non_scripta	mito	ctg000031l	7265	1	false	43.43	ctg_fasta
Hyacinthoides_non_scripta	mito	ctg000032l	4784	1	false	50.33	ctg_fasta
Hyacinthoides_non_scripta	mito	ctg000033l	5027	1	false	45.28	ctg_fasta
Hyacinthoides_non_scripta	mito	ctg000034l	5911	1	false	40.84	ctg_fasta
Hyacinthoides_non_scripta	mito	ctg000035l	8424	1	false	45.98	ctg_fasta
Hyacinthoides_non_scripta	mito	ctg000036l	7474	1	false	44.86	ctg_fasta
Hyacinthoides_non_scripta	mito	ctg000037l	9309	1	false	45.96	ctg_fasta
Hyacinthoides_non_scripta	mito	ctg000038l	16937	1	false	44.09	ctg_fasta
Hyacinthoides_non_scripta	mito	ctg000039l	1605	1	false	45.98	ctg_fasta
Hyacinthoides_non_scripta	mito	ctg000040l	17192	1	false	45.93	ctg_fasta
Hyacinthoides_non_scripta	mito	ctg000041l	1579	1	false	49.84	ctg_fasta
Hyacinthoides_non_scripta	mito	ctg000042l	8252	1	false	45.03	ctg_fasta
Hyacinthoides_non_scripta	mito	ctg000043l	10118	1	false	45.18	ctg_fasta
Hyacinthoides_non_scripta	mito	ctg000044l	9589	1	false	48.58	ctg_fasta
Hyacinthoides_non_scripta	mito	ctg000045l	1391	1	false	44.14	ctg_fasta
Hyacinthoides_non_scripta	mito	ctg000046l	18969	1	false	44.97	ctg_fasta
Hyacinthoides_non_scripta	mito	ctg000047l	20101	1	false	45.5	ctg_fasta
Hyacinthoides_non_scripta	mito	ctg000048l	2059	1	false	45.75	ctg_fasta
Hyacinthoides_non_scripta	mito	ctg000049l	13435	1	false	45.93	ctg_fasta
Hyacinthoides_non_scripta	mito	ctg000050l	11996	1	false	47.03	ctg_fasta
Hyacinthoides_non_scripta	mito	ctg000051l	22689	1	false	46.11	ctg_fasta
Hyacinthoides_non_scripta	mito	ctg000052l	2670	1	false	52.51	ctg_fasta
Hyacinthoides_non_scripta	mito	ctg000053l	5372	1	false	42.37	ctg_fasta
Hyacinthoides_non_scripta	mito	ctg000054l	10628	1	false	46.02	ctg_fasta
Hyacinthoides_non_scripta	mito	ctg000055l	12448	1	false	45.48	ctg_fasta
Hyacinthoides_non_scripta	mito	ctg000056l	2739	1	false	48.81	ctg_fasta
Hyacinthoides_non_scripta	mito	ctg000057l	1311	1	false	47.22	ctg_fasta
Hyacinthoides_non_scripta	mito	ctg000058l	1356	1	false	44.03	ctg_fasta
Hyacinthoides_non_scripta	mito	ctg000059l	1346	1	false	41.16	ctg_fasta
Hyacinthoides_non_scripta	mito	ctg000060l	1345	1	false	44.91	ctg_fasta
Hyacinthoides_non_scripta	mito	ctg000061l	1320	1	false	51.36	ctg_fasta
Hyacinthoides_non_scripta	mito	ctg000062l	1321	1	false	48.9	ctg_fasta
Hyacinthoides_non_scripta	mito	ctg000063l	1347	1	false	44.91	ctg_fasta
Hyacinthoides_non_scripta	mito	ctg000064l	1414	1	false	53.82	ctg_fasta
Hyacinthoides_non_scripta	mito	ctg000065l	1321	1	false	42.85	ctg_fasta
Hyacinthoides_non_scripta	mito	ctg000066l	1381	1	false	45.33	ctg_fasta
Hyacinthoides_non_scripta	mito	ctg000067l	1373	1	false	46.61	ctg_fasta
Hyacinthoides_non_scripta	mito	ctg000068l	1341	1	false	48.77	ctg_fasta
Hyacinthoides_non_scripta	mito	ctg000069l	1382	1	false	44.93	ctg_fasta
Hyacinthoides_non_scripta	mito	ctg000070l	1341	1	false	45.79	ctg_fasta
Hyacinthoides_non_scripta	mito	ctg000071l	1399	1	false	46.75	ctg_fasta
Hyacinthoides_non_scripta	mito	ctg000072l	1339	1	false	46.83	ctg_fasta
Hyacinthoides_non_scripta	mito	ctg000073l	1348	1	false	43.25	ctg_fasta
Hyacinthoides_non_scripta	mito	ctg000074l	1315	1	false	47.91	ctg_fasta
Hydrocotyle_ranunculoides	mito	ctg000001c	447000	8	true	44.83	ctg_fasta
Hydrocotyle_vulgaris	mito	ctg000001c	562522	9	true	44.68	ctg_fasta
Hygrohypnum_duriusculum	mito	ctg000001c	104069	1	true	41.07	ctg_fasta
Hylocomiadelphus_triquetrus	mito	ctg000001c	104225	1	true	40.97	ctg_fasta
Hylocomiastrum_umbratum	mito						no_assembly
Hyocomium_armoricum	mito	ctg000001c	104430	1	true	40.91	ctg_fasta
Hypericum_androsaemum	mito	ctg000001c	138635	1	true	44.26	ctg_fasta
Hypericum_androsaemum	mito	ctg000002c	75572	1	true	43.42	ctg_fasta
Hypericum_androsaemum	mito	ctg000003c	98146	1	true	44.02	ctg_fasta
Hypericum_androsaemum	mito	ctg000004c	103378	1	true	44.14	ctg_fasta
Hypericum_hircinum	mito	ctg000001c	342291	4	true	43.96	ctg_fasta
Hypericum_hircinum	mito	ctg000002c	143819	1	true	44.05	ctg_fasta
Hypericum_hirsutum	mito	ctg000001c	481980	4	true	44.28	ctg_fasta
Hypericum_linariifolium	mito	ctg000001c	364043	1	true	43.72	ctg_fasta
Hypericum_linariifolium	mito	ctg000002c	133112	1	true	44.16	ctg_fasta
Hypericum_maculatum	mito	ctg000001c	429550	1	true	43.86	ctg_fasta
Hypericum_perforatum	mito	ctg000001c	410452	1	true	43.96	ctg_fasta
Hypericum_pulchrum	mito	ctg000001c	217835	4	true	43.76	ctg_fasta
Hypericum_pulchrum	mito	ctg000002c	276516	1	true	44.22	ctg_fasta
Hypericum_tetrapterum	mito	ctg000001c	479678	1	true	43.87	ctg_fasta
Hypnum_andoi	mito	ctg000001l	40736	1	false	40.96	ctg_fasta
Hypnum_andoi	mito	ctg000002l	12608	1	false	42.64	ctg_fasta
Hypnum_andoi	mito	ctg000003l	11648	1	false	38.34	ctg_fasta
Hypnum_cupressiforme	mito	ctg000001c	104123	1	true	41.06	ctg_fasta
Hypnum_jutlandicum	mito						no_assembly
Hypochaeris_maculata	mito	ctg000001l	341879	7	false	45.38	ctg_fasta
Hypochaeris_radicata	mito	ctg000001l	300933	9	false	45.27	ctg_fasta
Hypochaeris_radicata	mito	ctg000002l	24163	1	false	46.19	ctg_fasta
Ilex_aquifolium	mito	ctg000001c	538426	1	true	45.57	ctg_fasta
Impatiens_glandulifera	mito	ctg000001c	52385	4	true	44.71	ctg_fasta
Impatiens_glandulifera	mito	ctg000002c	31226	1	true	45.33	ctg_fasta
Impatiens_glandulifera	mito	ctg000003c	39550	1	true	44.45	ctg_fasta
Impatiens_glandulifera	mito	ctg000004c	27332	1	true	44.26	ctg_fasta
Impatiens_glandulifera	mito	ctg000005c	37112	1	true	43.63	ctg_fasta
Impatiens_glandulifera	mito	ctg000006c	28215	1	true	42.42	ctg_fasta
Impatiens_glandulifera	mito	ctg000007c	25653	1	true	45.0	ctg_fasta
Impatiens_glandulifera	mito	ctg000008c	28349	1	true	44.63	ctg_fasta
Impatiens_glandulifera	mito	ctg000009c	13543	1	true	44.07	ctg_fasta
Impatiens_glandulifera	mito	ctg000010c	12714	1	true	42.38	ctg_fasta
Impatiens_glandulifera	mito	ctg000011c	29328	1	true	43.98	ctg_fasta
Impatiens_glandulifera	mito	ctg000012c	26365	1	true	45.78	ctg_fasta
Impatiens_glandulifera	mito	ctg000013c	22014	1	true	45.4	ctg_fasta
Impatiens_glandulifera	mito	ctg000014c	48106	1	true	44.0	ctg_fasta
Impatiens_glandulifera	mito	ctg000015c	19079	1	true	42.8	ctg_fasta
Impatiens_glandulifera	mito	ctg000016c	24525	1	true	43.65	ctg_fasta
Impatiens_noli_tangere	mito	ctg000001c	25060	1	true	43.85	ctg_fasta
Impatiens_noli_tangere	mito	ctg000002c	50670	1	true	43.6	ctg_fasta
Impatiens_noli_tangere	mito	ctg000003c	38352	1	true	44.55	ctg_fasta
Impatiens_noli_tangere	mito	ctg000004c	28788	1	true	45.45	ctg_fasta
Impatiens_noli_tangere	mito	ctg000005c	27836	1	true	44.06	ctg_fasta
Impatiens_noli_tangere	mito	ctg000006c	20840	1	true	43.74	ctg_fasta
Impatiens_noli_tangere	mito	ctg000007c	35422	1	true	43.37	ctg_fasta
Impatiens_noli_tangere	mito	ctg000008c	22067	1	true	43.67	ctg_fasta
Impatiens_noli_tangere	mito	ctg000009c	25678	1	true	44.82	ctg_fasta
Impatiens_noli_tangere	mito	ctg000010c	30133	1	true	44.09	ctg_fasta
Impatiens_noli_tangere	mito	ctg000011c	23570	1	true	45.52	ctg_fasta
Impatiens_noli_tangere	mito	ctg000012c	11879	1	true	37.97	ctg_fasta
Impatiens_noli_tangere	mito	ctg000013c	21476	1	true	45.41	ctg_fasta
Impatiens_noli_tangere	mito	ctg000014c	18119	1	true	46.79	ctg_fasta
Impatiens_noli_tangere	mito	ctg000015c	16817	1	true	44.5	ctg_fasta
Impatiens_noli_tangere	mito	ctg000016c	23833	1	true	43.22	ctg_fasta
Impatiens_parviflora	mito	ctg000001c	33851	1	true	44.29	ctg_fasta
Impatiens_parviflora	mito	ctg000002c	31257	1	true	45.32	ctg_fasta
Impatiens_parviflora	mito	ctg000003c	39621	1	true	44.48	ctg_fasta
Impatiens_parviflora	mito	ctg000004c	25004	1	true	44.22	ctg_fasta
Impatiens_parviflora	mito	ctg000005c	36608	1	true	43.68	ctg_fasta
Impatiens_parviflora	mito	ctg000006c	19258	1	true	44.74	ctg_fasta
Impatiens_parviflora	mito	ctg000007c	25640	1	true	44.96	ctg_fasta
Impatiens_parviflora	mito	ctg000008c	25030	1	true	44.66	ctg_fasta
Impatiens_parviflora	mito	ctg000009c	25867	1	true	44.69	ctg_fasta
Impatiens_parviflora	mito	ctg000010c	12830	1	true	42.48	ctg_fasta
Impatiens_parviflora	mito	ctg000011c	31408	1	true	44.02	ctg_fasta
Impatiens_parviflora	mito	ctg000012c	26358	1	true	45.74	ctg_fasta
Impatiens_parviflora	mito	ctg000013c	25724	1	true	45.45	ctg_fasta
Impatiens_parviflora	mito	ctg000014c	48131	1	true	43.98	ctg_fasta
Impatiens_parviflora	mito	ctg000015c	19421	1	true	42.63	ctg_fasta
Impatiens_parviflora	mito	ctg000016c	23300	1	true	43.76	ctg_fasta
Inula_conyza	mito	ctg000001c	337014	4	true	45.16	ctg_fasta
Inula_salicina	mito	ctg000001c	369569	4	true	45.08	ctg_fasta
Iris_foetidissima	mito	ctg000001c	427905	6	true	47.11	ctg_fasta
Iris_foetidissima	mito	ctg000002l	17597	1	false	45.6	ctg_fasta
Iris_pseudacorus	mito	ctg000001l	482542	34	false	46.75	ctg_fasta
Isolepis_cernua	mito	ctg000001c	1729071	12	true	40.33	ctg_fasta
Isopterygiella_pulchella	mito	ctg000001c	105047	1	true	41.09	ctg_fasta
Isothecium_holtii	mito	ctg000001c	104585	1	true	41.18	ctg_fasta
Isothecium_myosuroides	mito	ctg000001c	104589	1	true	41.18	ctg_fasta
Jacobaea_erucifolia	mito	ctg000001c	294332	16	true	45.07	ctg_fasta
Jacobaea_erucifolia	mito	ctg000002l	14461	1	false	41.12	ctg_fasta
Jacobaea_maritima	mito	ctg000001c	344125	10	true	44.94	ctg_fasta
Jacobaea_vulgaris	mito	ctg000001c	64307	1	true	45.3	ctg_fasta
Jacobaea_vulgaris	mito	ctg000002c	214289	1	true	44.9	ctg_fasta
Jasione_montana	mito	ctg000001c	321123	2	true	44.05	ctg_fasta
Juglans_regia	mito	ctg000001l	1114314	22	false	44.23	ctg_fasta
Juncus_bufonius	mito	ctg000001c	993689	14	true	45.13	ctg_fasta
Juncus_conglomeratus	mito	ctg000001c	519050	34	true	44.63	ctg_fasta
Juncus_effusus	mito	ctg000001c	519027	4	true	44.63	ctg_fasta
Juncus_gerardii	mito	ctg000001l	797750	3	false	44.28	ctg_fasta
Juncus_inflexus	mito	ctg000001c	796073	4	true	44.2	ctg_fasta
Juncus_squarrosus	mito	ctg000001c	421593	1	true	44.19	ctg_fasta
Juncus_squarrosus	mito	ctg000002c	581007	9	true	44.41	ctg_fasta
Juncus_tenuis	mito	ctg000001c	662075	8	true	44.49	ctg_fasta
Jungermannia_exsertifolia	mito						no_assembly
Kali_turgidum	mito	ctg000001c	189051	1	true	43.82	ctg_fasta
Kalmia_procumbens	mito	ctg000001l	569882	11	false	45.53	ctg_fasta
Kiaeria_blyttii	mito	ctg000001c	106102	1	true	40.12	ctg_fasta
Kiaeria_blyttii	mito	ctg000002l	21954	1	false	32.68	ctg_fasta
Kickxia_elatine	mito	ctg000001l	548542	12	false	45.34	ctg_fasta
Kickxia_elatine	mito	ctg000002l	41704	1	false	43.97	ctg_fasta
Kickxia_elatine	mito	ctg000003c	622850	1	true	44.09	ctg_fasta
Knautia_arvensis	mito	ctg000001c	568734	25	true	45.32	ctg_fasta
Knautia_arvensis	mito	ctg000002c	31651	1	true	44.25	ctg_fasta
Koeleria_macrantha	mito	ctg000001l	436918	22	false	44.76	ctg_fasta
Kurzia_trichoclados	mito	ctg000001c	162903	2	true	46.54	ctg_fasta
Laburnum_anagyroides	mito	ctg000001c	430506	4	true	45.0	ctg_fasta
Lactuca_saligna	mito	ctg000001c	341271	8	true	45.41	ctg_fasta
Lactuca_serriola	mito	ctg000001c	363345	15	true	45.36	ctg_fasta
Lamium_album	mito	ctg000001c	324024	8	true	45.1	ctg_fasta
Lamium_amplexicaule	mito	ctg000001c	309357	8	true	45.14	ctg_fasta
Lamium_galeobdolon	mito	ctg000001c	277798	8	true	44.98	ctg_fasta
Lamium_galeobdolon	mito	ctg000002c	68071	1	true	45.04	ctg_fasta
Lamium_purpureum	mito	ctg000001c	250453	10	true	45.3	ctg_fasta
Lamium_purpureum	mito	ctg000002l	35552	1	false	45.44	ctg_fasta
Lapsana_communis	mito	ctg000001c	312710	10	true	45.16	ctg_fasta
Lathraea_clandestina	mito	ctg000001c	91003	1	true	44.22	ctg_fasta
Lathraea_clandestina	mito	ctg000002c	56476	2	true	43.57	ctg_fasta
Lathraea_clandestina	mito	ctg000003c	63947	1	true	44.5	ctg_fasta
Lathraea_clandestina	mito	ctg000004c	58073	1	true	43.79	ctg_fasta
Lathraea_clandestina	mito	ctg000005c	59203	2	true	45.09	ctg_fasta
Lathraea_clandestina	mito	ctg000006c	51029	1	true	44.39	ctg_fasta
Lathraea_squamaria	mito	ctg000001c	165019	8	true	45.25	ctg_fasta
Lathraea_squamaria	mito	ctg000002c	59597	1	true	43.93	ctg_fasta
Lathraea_squamaria	mito	ctg000003c	81859	4	true	45.26	ctg_fasta
Lathraea_squamaria	mito	ctg000004c	39178	1	true	44.11	ctg_fasta
Lathraea_squamaria	mito	ctg000005c	47588	1	true	44.93	ctg_fasta
Lathyrus_linifolius	mito	ctg000001c	446901	23	true	45.37	ctg_fasta
Lathyrus_nissolia	mito	ctg000001c	413091	4	true	45.03	ctg_fasta
Lathyrus_pratensis	mito	ctg000001c	356433	4	true	45.41	ctg_fasta
Lathyrus_sylvestris	mito	ctg000001c	421759	4	true	45.01	ctg_fasta
Leersia_oryzoides	mito	ctg000001l	391188	7	false	43.82	ctg_fasta
Lemna_japonica	mito	ctg000001l	133763	1	false	46.1	ctg_fasta
Lemna_japonica	mito	ctg000002l	72317	1	false	45.57	ctg_fasta
Lemna_japonica	mito	ctg000003l	72315	1	false	45.58	ctg_fasta
Lemna_japonica	mito	ctg000004l	72313	1	false	45.58	ctg_fasta
Lemna_minuta	mito	ctg000001l	186789	1	false	44.84	ctg_fasta
Lemna_trisulca	mito	ctg000001c	210768	1	true	46.54	ctg_fasta
Leontodon_hispidus	mito	ctg000001c	337791	16	true	45.41	ctg_fasta
Leontodon_hispidus	mito	ctg000002l	18955	1	false	44.72	ctg_fasta
Leontodon_saxatilis	mito	ctg000001c	311554	12	true	45.61	ctg_fasta
Lepidium_campestre	mito	ctg000001c	308009	4	true	44.79	ctg_fasta
Lepidium_didymum	mito	ctg000001c	262678	1	true	44.96	ctg_fasta
Lepidium_draba	mito	ctg000001c	287806	4	true	44.73	ctg_fasta
Lepidium_heterophyllum	mito	ctg000001c	315772	8	true	44.7	ctg_fasta
Lepidium_latifolium	mito	ctg000001c	270156	1	true	44.86	ctg_fasta
Lepidozia_cupressina	mito	ctg000001c	166351	1	true	46.1	ctg_fasta
Lepidozia_reptans	mito	ctg000001c	163629	2	true	45.94	ctg_fasta
Leucanthemum_vulgare	mito	ctg000001c	219867	1	true	45.44	ctg_fasta
Leucobryum_glaucum	mito	ctg000001c	102152	1	true	40.11	ctg_fasta
Leucobryum_juniperoideum	mito	ctg000001c	102180	1	true	40.14	ctg_fasta
Leucobryum_juniperoideum	mito	ctg000002l	343070	1	false	61.45	ctg_fasta
Leucojum_aestivum	mito	ctg000001l	239772	11	false	45.83	ctg_fasta
Leucojum_aestivum	mito	ctg000002c	111724	1	true	46.68	ctg_fasta
Levisticum_officinale	mito	ctg000001c	271847	28	true	45.21	ctg_fasta
Lewinskya_affinis	mito	ctg000001c	104776	1	true	39.78	ctg_fasta
Lewinskya_rupestris	mito	ctg000001c	104802	2	true	39.74	ctg_fasta
Lewinskya_speciosa	mito	ctg000001c	104807	2	true	39.78	ctg_fasta
Ligusticum_scoticum	mito	ctg000001c	245844	11	true	44.81	ctg_fasta
Ligusticum_scoticum	mito	ctg000002c	55047	1	true	44.53	ctg_fasta
Ligustrum_vulgare	mito	ctg000001c	118098	1	true	43.76	ctg_fasta
Ligustrum_vulgare	mito	ctg000002c	844620	1	true	44.66	ctg_fasta
Limonium_binervosum	mito	ctg000001c	181940	1	true	44.58	ctg_fasta
Limonium_binervosum	mito	ctg000002c	113693	1	true	45.56	ctg_fasta
Limosella_aquatica	mito	ctg000001c	674478	4	true	44.96	ctg_fasta
Linaria_purpurea	mito	ctg000001c	466489	1	true	44.25	ctg_fasta
Linaria_repens	mito	ctg000001c	493299	8	true	44.4	ctg_fasta
Linaria_vulgaris	mito	ctg000001c	137353	1	true	44.7	ctg_fasta
Linaria_vulgaris	mito	ctg000002c	326011	4	true	44.48	ctg_fasta
Linnaea_borealis	mito	ctg000001c	686309	4	true	45.29	ctg_fasta
Linum_bienne	mito	ctg000001c	39708	1	true	43.59	ctg_fasta
Linum_bienne	mito	ctg000002c	133573	1	true	44.82	ctg_fasta
Linum_bienne	mito	ctg000003c	40548	1	true	45.39	ctg_fasta
Linum_bienne	mito	ctg000004c	36382	1	true	44.5	ctg_fasta
Linum_bienne	mito	ctg000005c	38073	1	true	45.53	ctg_fasta
Linum_bienne	mito	ctg000006c	44705	1	true	45.83	ctg_fasta
Linum_catharticum	mito	ctg000001c	177147	1	true	44.81	ctg_fasta
Linum_catharticum	mito	ctg000002c	177741	1	true	45.04	ctg_fasta
Linum_catharticum	mito	ctg000003c	141692	2	true	45.37	ctg_fasta
Lithospermum_officinale	mito	ctg000001c	292901	4	true	45.07	ctg_fasta
Littorella_uniflora	mito	ctg000001l	104620	3	false	44.61	ctg_fasta
Littorella_uniflora	mito	ctg000002l	17639	1	false	45.07	ctg_fasta
Littorella_uniflora	mito	ctg000003l	42516	1	false	44.64	ctg_fasta
Littorella_uniflora	mito	ctg000004l	38414	1	false	45.34	ctg_fasta
Littorella_uniflora	mito	ctg000005l	28251	1	false	46.75	ctg_fasta
Littorella_uniflora	mito	ctg000006l	11605	1	false	46.88	ctg_fasta
Littorella_uniflora	mito	ctg000007l	10283	1	false	45.72	ctg_fasta
Littorella_uniflora	mito	ctg000008l	13507	1	false	44.6	ctg_fasta
Lobelia_dortmanna	mito	ctg000001c	496362	34	true	43.41	ctg_fasta
Lobelia_urens	mito	ctg000001c	543772	20	true	43.22	ctg_fasta
Loeskeobryum_brevirostre	mito	ctg000001c	103842	1	true	41.04	ctg_fasta
Logfia_minima	mito	ctg000001c	221920	1	true	45.51	ctg_fasta
Lolium_perenne	mito	ctg000001c	614104	40	true	44.02	ctg_fasta
Lonicera_periclymenum	mito	ctg000001l	897280	3	false	44.84	ctg_fasta
Lonicera_periclymenum	mito	ctg000002c	119905	1	true	44.59	ctg_fasta
Lophocolea_bispinosa	mito	ctg000001l	151277	1	false	45.56	ctg_fasta
Lophocolea_bispinosa	mito	ctg000002c	26978	1	true	29.07	ctg_fasta
Lophozia_ventricosa	mito	ctg000001c	145235	1	true	44.95	ctg_fasta
Lotus_corniculatus	mito	ctg000001c	388921	8	true	45.15	ctg_fasta
Lotus_pedunculatus	mito	ctg000001c	434017	8	true	45.12	ctg_fasta
Lotus_tenuis	mito	ctg000001c	288764	9	true	45.24	ctg_fasta
Lotus_tenuis	mito	ctg000002c	79734	1	true	45.96	ctg_fasta
Ludwigia_grandiflora	mito	ctg000001c	551793	24	true	45.33	ctg_fasta
Ludwigia_grandiflora	mito	ctg000002c	166810	1	true	45.09	ctg_fasta
Lunaria_annua	mito	ctg000001c	101757	1	true	44.79	ctg_fasta
Lunaria_annua	mito	ctg000002c	105848	1	true	45.22	ctg_fasta
Lunaria_annua	mito	ctg000003c	82344	1	true	44.68	ctg_fasta
Lunularia_cruciata	mito	ctg000001c	191349	1	true	42.6	ctg_fasta
Luzula_campestris	mito	ctg000001c	614621	14	true	45.47	ctg_fasta
Luzula_pallescens	mito	ctg000001c	657066	4	true	45.51	ctg_fasta
Luzula_spicata	mito	ctg000001c	375738	4	true	45.62	ctg_fasta
Luzula_spicata	mito	ctg000002c	143576	1	true	45.11	ctg_fasta
Luzula_sylvatica	mito	ctg000001c	633356	14	true	45.59	ctg_fasta
Luzula_sylvatica	mito	ctg000002l	17118	1	false	45.31	ctg_fasta
Lycopodium_clavatum	mito	ctg000001c	445393	4	true	44.45	ctg_fasta
Lycopus_europaeus	mito	ctg000001c	290230	8	true	44.89	ctg_fasta
Lysimachia_nemorum	mito	ctg000001c	352983	1	true	44.58	ctg_fasta
Lysimachia_nemorum	mito	ctg000002c	103468	1	true	45.05	ctg_fasta
Lysimachia_nummularia	mito	ctg000001c	356790	1	true	44.96	ctg_fasta
Lysimachia_thyrsiflora	mito	ctg000001c	119552	1	true	45.07	ctg_fasta
Lysimachia_thyrsiflora	mito	ctg000002c	126390	1	true	44.66	ctg_fasta
Lysimachia_thyrsiflora	mito	ctg000003c	64183	1	true	44.56	ctg_fasta
Lysimachia_vulgaris	mito	ctg000001c	299561	4	true	45.18	ctg_fasta
Lythrum_hyssopifolia	mito	ctg000001c	258348	2	true	45.89	ctg_fasta
Lythrum_salicaria	mito	ctg000001c	316866	1	true	45.17	ctg_fasta
Malus_domestica	mito	ctg000001c	396948	16	true	45.41	ctg_fasta
Malus_sylvestris	mito	ctg000001c	416479	4	true	45.44	ctg_fasta
Malus_x_robusta	mito	ctg000001c	385872	4	true	45.38	ctg_fasta
Malva_arborea	mito	ctg000001c	164700	1	true	45.37	ctg_fasta
Malva_arborea	mito	ctg000002c	246364	6	true	44.51	ctg_fasta
Malva_arborea	mito	ctg000003c	65303	1	true	45.39	ctg_fasta
Malva_arborea	mito	ctg000004c	76335	1	true	44.54	ctg_fasta
Malva_neglecta	mito	ctg000001c	392426	16	true	44.68	ctg_fasta
Malva_neglecta	mito	ctg000002c	164691	1	true	45.36	ctg_fasta
Malva_sylvestris	mito	ctg000001c	559960	18	true	44.93	ctg_fasta
Marchantia_polymorpha	mito	ctg000001c	186299	2	true	42.64	ctg_fasta
Marchantia_quadrata	mito	ctg000001c	189846	1	true	42.82	ctg_fasta
Marsupella_aquatica	mito	ctg000001c	162310	2	true	44.93	ctg_fasta
Marsupella_emarginata	mito	ctg000001c	162572	2	true	44.96	ctg_fasta
Mastigophora_woodsii	mito	ctg000001c	162736	2	true	44.51	ctg_fasta
Mastigophora_woodsii	mito	ctg000002c	26663	1	true	26.16	ctg_fasta
Matricaria_chamomilla	mito	ctg000001c	220249	1	true	45.49	ctg_fasta
Matricaria_discoidea	mito	ctg000001c	223480	2	true	45.46	ctg_fasta
Matthiola_sinuata	mito	ctg000001c	418526	9	true	45.75	ctg_fasta
Meconopsis_cambrica	mito	ctg000001l	168227	27	false	43.92	ctg_fasta
Meconopsis_cambrica	mito	ctg000002l	14833	1	false	44.31	ctg_fasta
Meconopsis_cambrica	mito	ctg000003l	10564	1	false	43.08	ctg_fasta
Meconopsis_cambrica	mito	ctg000004l	19904	1	false	44.55	ctg_fasta
Medicago_arabica	mito	ctg000001c	316686	14	true	44.95	ctg_fasta
Medicago_lupulina	mito	ctg000001c	294123	2	true	45.36	ctg_fasta
Medicago_sativa	mito	ctg000001c	297928	4	true	45.44	ctg_fasta
Meesia_triquetra	mito	ctg000001c	104310	1	true	39.97	ctg_fasta
Melampyrum_pratense	mito	ctg000001c	339334	43	true	44.71	ctg_fasta
Melampyrum_sylvaticum	mito	ctg000001c	287572	25	true	44.44	ctg_fasta
Melampyrum_sylvaticum	mito	ctg000002l	13423	1	false	45.97	ctg_fasta
Melica_uniflora	mito	ctg000001c	654218	24	true	43.56	ctg_fasta
Melilotus_altissimus	mito	ctg000001c	307457	4	true	45.18	ctg_fasta
Melissa_officinalis	mito	ctg000001c	175161	1	true	44.82	ctg_fasta
Melissa_officinalis	mito	ctg000002c	172836	1	true	45.82	ctg_fasta
Melittis_melissophyllum	mito	ctg000001c	366694	4	true	44.58	ctg_fasta
Mentha_aquatica	mito	ctg000001l	292460	35	false	43.89	ctg_fasta
Mentha_aquatica	mito	ctg000002l	12011	1	false	43.08	ctg_fasta
Mentha_arvensis	mito	ctg000001l	339336	48	false	44.04	ctg_fasta
Mercurialis_annua	mito	ctg000001c	428275	3	true	44.07	ctg_fasta
Mercurialis_perennis	mito	ctg000001c	160176	1	true	44.49	ctg_fasta
Mercurialis_perennis	mito	ctg000002c	155128	1	true	45.09	ctg_fasta
Mercurialis_perennis	mito	ctg000003c	89571	1	true	44.75	ctg_fasta
Mesoptychia_bantriensis	mito	ctg000001c	155732	1	true	44.65	ctg_fasta
Mesoptychia_rutheana	mito	ctg000001l	156340	1	false	44.76	ctg_fasta
Metzgeria_conjugata	mito	ctg000001c	171838	2	true	46.67	ctg_fasta
Metzgeria_furcata	mito	ctg000001c	171835	1	true	46.68	ctg_fasta
Metzgeria_furcata	mito	ctg000002l	269750	1	false	69.62	ctg_fasta
Metzgeria_violacea	mito	ctg000001l	170225	1	false	46.45	ctg_fasta
Meum_athamanticum	mito	ctg000001c	395777	28	true	44.91	ctg_fasta
Meum_athamanticum	mito	ctg000002l	24295	1	false	43.93	ctg_fasta
Milium_effusum	mito	ctg000001c	472215	24	true	44.4	ctg_fasta
Mimulus_peregrinus	mito	ctg000001c	271943	1	true	45.15	ctg_fasta
Mimulus_peregrinus	mito	ctg000002c	228988	4	true	45.33	ctg_fasta
Misopates_orontium	mito	ctg000001c	569764	1	true	44.56	ctg_fasta
Mnium_stellare	mito	ctg000001c	100620	2	true	40.12	ctg_fasta
Moehringia_trinervia	mito	ctg000001c	335438	8	true	42.78	ctg_fasta
Molinia_caerulea	mito	ctg000001c	492621	4	true	43.82	ctg_fasta
Mollugo_verticillata	mito	ctg000001c	1616861	27	true	43.17	ctg_fasta
Mollugo_verticillata	mito	ctg000002l	39066	1	false	43.43	ctg_fasta
Mollugo_verticillata	mito	ctg000003l	71775	1	false	43.18	ctg_fasta
Mollugo_verticillata	mito	ctg000004l	71227	1	false	43.83	ctg_fasta
Mollugo_verticillata	mito	ctg000005l	83074	1	false	43.42	ctg_fasta
Monotropa_hypopitys	mito	ctg000001l	939170	13	false	45.46	ctg_fasta
Monotropa_hypopitys	mito	ctg000002c	63542	1	true	45.99	ctg_fasta
Montia_fontana	mito	ctg000001c	407058	4	true	43.48	ctg_fasta
Myosotis_alpestris	mito						no_assembly
Myosotis_ramosissima	mito	ctg000001l	22932	1	false	43.75	ctg_fasta
Myosotis_ramosissima	mito	ctg000002l	12166	1	false	42.13	ctg_fasta
Myosotis_ramosissima	mito	ctg000003l	25433	1	false	35.4	ctg_fasta
Myosotis_ramosissima	mito	ctg000004l	23723	1	false	35.66	ctg_fasta
Myosotis_ramosissima	mito	ctg000005l	10772	1	false	37.95	ctg_fasta
Myosotis_ramosissima	mito	ctg000006l	46833	1	false	35.88	ctg_fasta
Myosotis_ramosissima	mito	ctg000007l	20241	1	false	36.47	ctg_fasta
Myosotis_ramosissima	mito	ctg000008l	17705	1	false	35.93	ctg_fasta
Myosotis_ramosissima	mito	ctg000009l	30560	1	false	38.35	ctg_fasta
Myosotis_sylvatica	mito						no_assembly
Myrica_gale	mito	ctg000001c	486427	1	true	45.39	ctg_fasta
Myriophyllum_alterniflorum	mito	ctg000001c	436554	21	true	44.93	ctg_fasta
Myriophyllum_aquaticum	mito	ctg000001c	483980	16	true	44.9	ctg_fasta
Myriophyllum_aquaticum	mito	ctg000002l	439291	17	false	44.74	ctg_fasta
Myriophyllum_spicatum	mito	ctg000001c	321781	15	true	44.83	ctg_fasta
Myriophyllum_spicatum	mito	ctg000002c	114472	2	true	44.49	ctg_fasta
Myriophyllum_spicatum	mito	ctg000003l	10606	1	false	45.32	ctg_fasta
Myrrhis_odorata	mito	ctg000001c	289039	12	true	44.2	ctg_fasta
Narcissus_pseudonarcissus	mito	ctg000001c	409857	13	true	46.31	ctg_fasta
Narcissus_pseudonarcissus	mito	ctg000002l	24744	1	false	47.22	ctg_fasta
Nardia_scalaris	mito	ctg000001l	160334	1	false	44.73	ctg_fasta
Nardia_scalaris	mito	ctg000002c	28028	1	true	29.47	ctg_fasta
Narthecium_ossifragum	mito	ctg000001c	309187	4	true	46.24	ctg_fasta
Narthecium_ossifragum	mito	ctg000002c	100783	1	true	45.9	ctg_fasta
Nasturtium_officinale	mito	ctg000001c	286925	4	true	44.8	ctg_fasta
Neckera_pumila	mito	ctg000001c	103982	1	true	41.14	ctg_fasta
Neoorthocaulis_attenuatus	mito	ctg000001c	146757	1	true	44.99	ctg_fasta
Neoorthocaulis_floerkei	mito						no_assembly
Neottia_nidus_avis	mito						no_assembly
Neottia_ovata	mito	ctg000001l	11557	1	false	42.77	ctg_fasta
Nigella_damascena	mito	ctg000001l	348369	9	false	46.31	ctg_fasta
Nigella_damascena	mito	ctg000002l	72245	1	false	45.95	ctg_fasta
Nigella_damascena	mito	ctg000003l	194265	5	false	46.51	ctg_fasta
Nigella_damascena	mito	ctg000004c	66620	1	true	47.07	ctg_fasta
Niphotrichum_ericoides	mito	ctg000001c	106602	2	true	39.73	ctg_fasta
Nowellia_curvifolia	mito	ctg000001c	148203	1	true	45.39	ctg_fasta
Nowellia_curvifolia	mito	ctg000002l	99090	4	false	50.68	ctg_fasta
Nuphar_pumila	mito	ctg000001l	520384	5	false	47.72	ctg_fasta
Nuphar_pumila	mito	ctg000002l	65854	1	false	46.88	ctg_fasta
Nymphaea_alba	mito	ctg000001c	321186	6	true	48.34	ctg_fasta
Nymphoides_peltata	mito	ctg000001c	336890	1	true	44.84	ctg_fasta
Odontites_vernus	mito	ctg000001l	522195	11	false	44.73	ctg_fasta
Odontoschisma_sphagni	mito	ctg000001c	154828	2	true	45.68	ctg_fasta
Oedipodium_griffithianum	mito	ctg000001c	121105	1	true	41.91	ctg_fasta
Oenanthe_crocata	mito	ctg000001c	280348	8	true	45.18	ctg_fasta
Oenanthe_crocata	mito	ctg000002c	25876	1	true	45.27	ctg_fasta
Oenanthe_crocata	mito	ctg000003c	37878	1	true	45.25	ctg_fasta
Oenanthe_lachenalii	mito	ctg000001c	325194	20	true	44.9	ctg_fasta
Oenanthe_lachenalii	mito	ctg000002l	14472	1	false	39.73	ctg_fasta
Oenanthe_pimpinelloides	mito	ctg000001c	273691	7	true	45.07	ctg_fasta
Oenanthe_pimpinelloides	mito	ctg000002l	16180	1	false	46.3	ctg_fasta
Oenanthe_pimpinelloides	mito	ctg000003c	61728	2	true	45.53	ctg_fasta
Oenothera_biennis	mito	ctg000001c	429455	4	true	46.68	ctg_fasta
Oligotrichum_hercynicum	mito	ctg000001c	115158	1	true	40.45	ctg_fasta
Onobrychis_viciifolia	mito	ctg000001c	348666	4	true	45.07	ctg_fasta
Onoclea_sensibilis	mito	ctg000001l	10210	1	false	48.96	ctg_fasta
Onoclea_sensibilis	mito	ctg000002l	3426	1	false	48.25	ctg_fasta
Onoclea_sensibilis	mito	ctg000003l	3486	1	false	45.5	ctg_fasta
Onoclea_sensibilis	mito	ctg000004l	5541	1	false	46.92	ctg_fasta
Onoclea_sensibilis	mito	ctg000005l	2120	1	false	43.02	ctg_fasta
Onoclea_sensibilis	mito	ctg000006l	8263	1	false	47.6	ctg_fasta
Onoclea_sensibilis	mito	ctg000007l	1736	1	false	50.86	ctg_fasta
Onoclea_sensibilis	mito	ctg000008l	11795	1	false	50.85	ctg_fasta
Onoclea_sensibilis	mito	ctg000009l	1867	1	false	48.15	ctg_fasta
Onoclea_sensibilis	mito	ctg000010l	5406	1	false	48.21	ctg_fasta
Onoclea_sensibilis	mito	ctg000011l	2152	1	false	50.23	ctg_fasta
Onoclea_sensibilis	mito	ctg000012l	4999	1	false	44.65	ctg_fasta
Onoclea_sensibilis	mito	ctg000013l	6515	1	false	50.04	ctg_fasta
Onoclea_sensibilis	mito	ctg000014l	1645	1	false	48.75	ctg_fasta
Onoclea_sensibilis	mito	ctg000015l	1502	1	false	50.47	ctg_fasta
Onoclea_sensibilis	mito	ctg000016l	2724	1	false	45.04	ctg_fasta
Onoclea_sensibilis	mito	ctg000017l	8847	1	false	46.93	ctg_fasta
Onoclea_sensibilis	mito	ctg000018l	6886	1	false	49.52	ctg_fasta
Onoclea_sensibilis	mito	ctg000019l	3735	1	false	43.48	ctg_fasta
Onoclea_sensibilis	mito	ctg000020l	3412	1	false	44.34	ctg_fasta
Onoclea_sensibilis	mito	ctg000021l	3703	1	false	42.51	ctg_fasta
Onoclea_sensibilis	mito	ctg000022l	4021	1	false	41.11	ctg_fasta
Onoclea_sensibilis	mito	ctg000023l	4848	1	false	47.13	ctg_fasta
Onoclea_sensibilis	mito	ctg000024l	3271	1	false	47.54	ctg_fasta
Onoclea_sensibilis	mito	ctg000025l	9325	1	false	44.31	ctg_fasta
Onoclea_sensibilis	mito	ctg000026l	13184	1	false	49.47	ctg_fasta
Onoclea_sensibilis	mito	ctg000027l	4379	1	false	51.98	ctg_fasta
Onoclea_sensibilis	mito	ctg000028l	4440	1	false	40.25	ctg_fasta
Onoclea_sensibilis	mito	ctg000029l	1566	1	false	49.17	ctg_fasta
Onoclea_sensibilis	mito	ctg000030l	9564	1	false	46.31	ctg_fasta
Onoclea_sensibilis	mito	ctg000031l	14428	1	false	47.26	ctg_fasta
Onoclea_sensibilis	mito	ctg000032l	12681	1	false	44.41	ctg_fasta
Onoclea_sensibilis	mito	ctg000033l	1554	1	false	47.75	ctg_fasta
Onoclea_sensibilis	mito	ctg000034l	4085	1	false	46.02	ctg_fasta
Onoclea_sensibilis	mito	ctg000035l	1810	1	false	50.55	ctg_fasta
Onoclea_sensibilis	mito	ctg000036l	5126	1	false	46.49	ctg_fasta
Onoclea_sensibilis	mito	ctg000037l	1703	1	false	47.33	ctg_fasta
Onoclea_sensibilis	mito	ctg000038l	2879	1	false	44.6	ctg_fasta
Onoclea_sensibilis	mito	ctg000039l	6484	1	false	43.58	ctg_fasta
Onoclea_sensibilis	mito	ctg000040l	6110	1	false	45.27	ctg_fasta
Onoclea_sensibilis	mito	ctg000041l	5256	1	false	49.12	ctg_fasta
Onoclea_sensibilis	mito	ctg000042l	2055	1	false	48.95	ctg_fasta
Onoclea_sensibilis	mito	ctg000043l	3447	1	false	41.4	ctg_fasta
Onoclea_sensibilis	mito	ctg000044l	4634	1	false	40.83	ctg_fasta
Onoclea_sensibilis	mito	ctg000045l	8133	1	false	44.9	ctg_fasta
Onoclea_sensibilis	mito	ctg000046l	10859	1	false	44.95	ctg_fasta
Onoclea_sensibilis	mito	ctg000047l	1356	1	false	48.6	ctg_fasta
Onoclea_sensibilis	mito	ctg000048l	1413	1	false	51.45	ctg_fasta
Onoclea_sensibilis	mito	ctg000049l	1390	1	false	44.17	ctg_fasta
Onoclea_sensibilis	mito	ctg000050l	1390	1	false	47.41	ctg_fasta
Onoclea_sensibilis	mito	ctg000051l	1425	1	false	53.96	ctg_fasta
Onoclea_sensibilis	mito	ctg000052l	1453	1	false	50.52	ctg_fasta
Onoclea_sensibilis	mito	ctg000053l	1391	1	false	50.68	ctg_fasta
Onoclea_sensibilis	mito	ctg000054l	1394	1	false	47.13	ctg_fasta
Onoclea_sensibilis	mito	ctg000055l	1425	1	false	50.81	ctg_fasta
Ononis_reclinata	mito	ctg000001c	124190	1	true	44.61	ctg_fasta
Ononis_reclinata	mito	ctg000002c	194812	1	true	45.28	ctg_fasta
Ononis_repens	mito	ctg000001c	319941	4	true	44.91	ctg_fasta
Onopordum_acanthium	mito	ctg000001c	330915	10	true	45.31	ctg_fasta
Ophioglossum_vulgatum	mito						no_assembly
Ophrys_apifera	mito	ctg000001c	31806	1	true	50.54	ctg_fasta
Ophrys_apifera	mito	ctg000002c	53799	1	true	48.37	ctg_fasta
Ophrys_apifera	mito	ctg000003c	48733	1	true	48.47	ctg_fasta
Ophrys_apifera	mito	ctg000004c	40273	1	true	50.16	ctg_fasta
Ophrys_apifera	mito	ctg000005c	27256	1	true	49.1	ctg_fasta
Ophrys_apifera	mito	ctg000006c	39129	1	true	48.68	ctg_fasta
Ophrys_apifera	mito	ctg000007c	29289	1	true	49.47	ctg_fasta
Ophrys_apifera	mito	ctg000008c	38539	1	true	51.07	ctg_fasta
Ophrys_apifera	mito	ctg000009c	40011	1	true	48.99	ctg_fasta
Ophrys_apifera	mito	ctg000010c	34489	1	true	48.65	ctg_fasta
Ophrys_apifera	mito	ctg000011c	28009	1	true	46.93	ctg_fasta
Ophrys_apifera	mito	ctg000012c	35585	1	true	50.43	ctg_fasta
Ophrys_apifera	mito	ctg000013c	26977	1	true	47.0	ctg_fasta
Ophrys_apifera	mito	ctg000014c	27693	1	true	50.29	ctg_fasta
Ophrys_apifera	mito	ctg000015l	27807	1	false	47.96	ctg_fasta
Ophrys_apifera	mito	ctg000016c	32017	1	true	48.62	ctg_fasta
Ophrys_apifera	mito	ctg000017c	40001	1	true	47.76	ctg_fasta
Orchis_mascula	mito	ctg000001c	65141	1	true	45.41	ctg_fasta
Orchis_mascula	mito	ctg000002c	39624	1	true	46.49	ctg_fasta
Orchis_mascula	mito	ctg000003c	43848	1	true	47.11	ctg_fasta
Orchis_mascula	mito	ctg000004c	63009	1	true	46.93	ctg_fasta
Orchis_mascula	mito	ctg000005c	44310	1	true	45.78	ctg_fasta
Orchis_mascula	mito	ctg000006c	54342	1	true	45.36	ctg_fasta
Orchis_mascula	mito	ctg000007c	53039	1	true	46.81	ctg_fasta
Orchis_mascula	mito	ctg000008c	41227	1	true	46.15	ctg_fasta
Orchis_mascula	mito	ctg000009c	37463	1	true	45.54	ctg_fasta
Orchis_mascula	mito	ctg000010c	54156	1	true	46.95	ctg_fasta
Orchis_mascula	mito	ctg000011c	49450	1	true	46.12	ctg_fasta
Orchis_mascula	mito	ctg000012c	31466	1	true	45.09	ctg_fasta
Orchis_mascula	mito	ctg000013c	40375	1	true	45.85	ctg_fasta
Orchis_mascula	mito	ctg000014c	49694	1	true	45.78	ctg_fasta
Orchis_mascula	mito	ctg000015c	46923	1	true	45.64	ctg_fasta
Oreojuncus_trifidus	mito	ctg000001c	1560720	12	true	43.96	ctg_fasta
Oreojuncus_trifidus	mito	ctg000002c	130852	1	true	43.7	ctg_fasta
Origanum_vulgare	mito	ctg000001l	351070	8	false	45.29	ctg_fasta
Ornithopus_perpusillus	mito	ctg000001c	336144	4	true	45.22	ctg_fasta
Orobanche_alba	mito	ctg000001c	1520260	18	true	45.03	ctg_fasta
Orobanche_hederae	mito	ctg000001c	649844	1	true	45.14	ctg_fasta
Orobanche_hederae	mito	ctg000002c	357076	4	true	45.14	ctg_fasta
Orobanche_hederae	mito	ctg000003c	76213	1	true	45.03	ctg_fasta
Orobanche_hederae	mito	ctg000004c	89388	1	true	45.38	ctg_fasta
Orobanche_hederae	mito	ctg000005c	55997	1	true	45.17	ctg_fasta
Orobanche_minor	mito	ctg000001c	638834	1	true	45.15	ctg_fasta
Orobanche_minor	mito	ctg000002c	315690	1	true	45.29	ctg_fasta
Orobanche_minor	mito	ctg000003c	115739	1	true	45.54	ctg_fasta
Orobanche_minor	mito	ctg000004c	72050	1	true	44.92	ctg_fasta
Orobanche_minor	mito	ctg000005c	52647	1	true	45.37	ctg_fasta
Orontium_aquaticum	mito	ctg000001c	555708	20	true	46.4	ctg_fasta
Orontium_aquaticum	mito	ctg000002c	63432	1	true	46.58	ctg_fasta
Orthothecium_rufescens	mito	ctg000001c	105014	2	true	41.1	ctg_fasta
Orthotrichum_anomalum	mito	ctg000001c	104477	1	true	39.78	ctg_fasta
Orthotrichum_lyellii	mito	ctg000001c	104700	1	true	39.83	ctg_fasta
Orthotrichum_pulchellum	mito	ctg000001c	104769	1	true	39.82	ctg_fasta
Orthotrichum_striatum	mito	ctg000001c	104791	1	true	39.78	ctg_fasta
Oxalis_acetosella	mito	ctg000001c	76653	3	true	44.14	ctg_fasta
Oxalis_acetosella	mito	ctg000002l	266342	4	false	44.32	ctg_fasta
Oxalis_acetosella	mito	ctg000003l	82701	1	false	44.71	ctg_fasta
Oxalis_acetosella	mito	ctg000004l	146187	1	false	43.82	ctg_fasta
Oxalis_acetosella	mito	ctg000005l	11683	1	false	42.28	ctg_fasta
Oxybasis_chenopodioides	mito	ctg000001c	310373	21	true	44.1	ctg_fasta
Oxyria_digyna	mito	ctg000001c	163807	4	true	45.19	ctg_fasta
Oxyria_digyna	mito	ctg000002c	259286	4	true	44.29	ctg_fasta
Oxytropis_halleri	mito	ctg000001c	353506	4	true	44.99	ctg_fasta
Palustriella_falcata	mito	ctg000001c	104111	1	true	40.94	ctg_fasta
Papaver_rhoeas	mito	ctg000001c	197121	16	true	43.74	ctg_fasta
Papaver_somniferum	mito	ctg000001c	155803	8	true	43.77	ctg_fasta
Parietaria_judaica	mito	ctg000001c	215279	1	true	44.58	ctg_fasta
Parietaria_judaica	mito	ctg000002c	107632	1	true	44.14	ctg_fasta
Parietaria_judaica	mito	ctg000003c	112597	1	true	44.73	ctg_fasta
Parnassia_palustris	mito	ctg000001c	162260	18	true	44.24	ctg_fasta
Parnassia_palustris	mito	ctg000002l	18232	1	false	45.18	ctg_fasta
Parnassia_palustris	mito	ctg000003c	34980	1	true	43.96	ctg_fasta
Parnassia_palustris	mito	ctg000004c	22911	1	true	46.94	ctg_fasta
Parnassia_palustris	mito	ctg000005c	15542	1	true	43.25	ctg_fasta
Parnassia_palustris	mito	ctg000006c	40917	1	true	42.93	ctg_fasta
Parnassia_palustris	mito	ctg000007c	16749	1	true	44.47	ctg_fasta
Parnassia_palustris	mito	ctg000008c	15402	1	true	44.67	ctg_fasta
Parnassia_palustris	mito	ctg000009c	30752	1	true	44.56	ctg_fasta
Parnassia_palustris	mito	ctg000010c	15743	1	true	42.91	ctg_fasta
Parnassia_palustris	mito	ctg000011c	22846	1	true	46.35	ctg_fasta
Parnassia_palustris	mito	ctg000012c	18008	1	true	46.71	ctg_fasta
Parnassia_palustris	mito	ctg000013c	14343	1	true	45.33	ctg_fasta
Parthenocissus_inserta	mito	ctg000001c	758988	1	true	44.84	ctg_fasta
Pastinaca_sativa	mito	ctg000001l	228446	13	false	44.89	ctg_fasta
Pastinaca_sativa	mito	ctg000002l	26947	1	false	47.12	ctg_fasta
Pastinaca_sativa	mito	ctg000003l	10758	1	false	41.38	ctg_fasta
Pastinaca_sativa	mito	ctg000004l	26767	2	false	44.83	ctg_fasta
Pastinaca_sativa	mito	ctg000005l	10758	1	false	41.38	ctg_fasta
Paulownia_tomentosa	mito	ctg000001c	877786	8	true	44.76	ctg_fasta
Pedicularis_palustris	mito	ctg000001c	364142	26	true	44.1	ctg_fasta
Pedicularis_sylvatica	mito	ctg000001c	86262	1	true	45.37	ctg_fasta
Pedicularis_sylvatica	mito	ctg000002c	184432	5	true	43.35	ctg_fasta
Pedicularis_sylvatica	mito	ctg000003c	83684	1	true	43.55	ctg_fasta
Pentaglottis_sempervirens	mito	ctg000001c	327469	6	true	45.0	ctg_fasta
Persicaria_amphibia	mito	ctg000001c	397003	12	true	44.45	ctg_fasta
Persicaria_hydropiper	mito	ctg000001c	405624	12	true	44.35	ctg_fasta
Persicaria_maculosa	mito	ctg000001c	405318	14	true	44.35	ctg_fasta
Persicaria_nepalensis	mito	ctg000001c	210352	8	true	43.99	ctg_fasta
Persicaria_nepalensis	mito	ctg000002c	46728	1	true	44.47	ctg_fasta
Persicaria_nepalensis	mito	ctg000003c	44253	1	true	44.03	ctg_fasta
Persicaria_nepalensis	mito	ctg000004c	49708	1	true	43.88	ctg_fasta
Persicaria_nepalensis	mito	ctg000005c	47035	1	true	44.72	ctg_fasta
Petalophyllum_ralfsii	mito	ctg000001c	160125	1	true	47.95	ctg_fasta
Petasites_albus	mito	ctg000001c	107613	1	true	44.85	ctg_fasta
Petasites_albus	mito	ctg000002c	154811	5	true	45.04	ctg_fasta
Petasites_albus	mito	ctg000003c	46654	1	true	45.3	ctg_fasta
Petasites_fragrans	mito	ctg000001c	310129	2	true	45.02	ctg_fasta
Petasites_hybridus	mito	ctg000001c	302336	2	true	44.86	ctg_fasta
Petasites_japonicus	mito	ctg000001c	154839	4	true	44.87	ctg_fasta
Petasites_japonicus	mito	ctg000002c	117303	4	true	45.04	ctg_fasta
Petasites_japonicus	mito	ctg000003c	46638	1	true	45.29	ctg_fasta
Phacelia_tanacetifolia	mito	ctg000001l	10033	7	false	44.86	ctg_fasta
Phaeoceros_laevis	mito	ctg000001l	210129	1	false	44.57	ctg_fasta
Phalaris_arundinacea	mito	ctg000001c	391875	12	true	44.64	ctg_fasta
Phalaris_arundinacea	mito	ctg000002c	108225	1	true	43.88	ctg_fasta
Phegopteris_connectilis	mito	ctg000001l	7824	1	false	49.44	ctg_fasta
Phegopteris_connectilis	mito	ctg000002l	7312	1	false	49.22	ctg_fasta
Phegopteris_connectilis	mito	ctg000003l	6711	1	false	47.33	ctg_fasta
Phegopteris_connectilis	mito	ctg000004l	3906	1	false	48.21	ctg_fasta
Phegopteris_connectilis	mito	ctg000005l	7776	1	false	48.83	ctg_fasta
Phegopteris_connectilis	mito	ctg000006l	5577	1	false	46.12	ctg_fasta
Phegopteris_connectilis	mito	ctg000007l	4026	1	false	51.09	ctg_fasta
Phegopteris_connectilis	mito	ctg000008l	1483	1	false	46.73	ctg_fasta
Phegopteris_connectilis	mito	ctg000009l	3019	1	false	51.28	ctg_fasta
Phegopteris_connectilis	mito	ctg000010l	1752	1	false	52.4	ctg_fasta
Phegopteris_connectilis	mito	ctg000011l	4381	1	false	51.7	ctg_fasta
Phegopteris_connectilis	mito	ctg000012l	4239	1	false	48.64	ctg_fasta
Phegopteris_connectilis	mito	ctg000013l	1890	1	false	48.1	ctg_fasta
Phegopteris_connectilis	mito	ctg000014l	1930	1	false	49.74	ctg_fasta
Phegopteris_connectilis	mito	ctg000015l	1613	1	false	47.99	ctg_fasta
Phegopteris_connectilis	mito	ctg000016l	1613	1	false	47.92	ctg_fasta
Phegopteris_connectilis	mito	ctg000017l	1480	1	false	48.78	ctg_fasta
Phegopteris_connectilis	mito	ctg000018l	7361	1	false	48.85	ctg_fasta
Phegopteris_connectilis	mito	ctg000019l	4081	1	false	47.49	ctg_fasta
Phegopteris_connectilis	mito	ctg000020l	1719	1	false	48.57	ctg_fasta
Phegopteris_connectilis	mito	ctg000021l	2355	1	false	51.55	ctg_fasta
Phegopteris_connectilis	mito	ctg000022l	3422	1	false	47.6	ctg_fasta
Phegopteris_connectilis	mito	ctg000023l	5824	1	false	45.04	ctg_fasta
Phegopteris_connectilis	mito	ctg000024l	10397	1	false	49.42	ctg_fasta
Phegopteris_connectilis	mito	ctg000025l	4784	1	false	46.24	ctg_fasta
Phegopteris_connectilis	mito	ctg000026l	2033	1	false	50.42	ctg_fasta
Phegopteris_connectilis	mito	ctg000027l	5715	1	false	48.24	ctg_fasta
Phegopteris_connectilis	mito	ctg000028l	3329	1	false	47.04	ctg_fasta
Phegopteris_connectilis	mito	ctg000029l	4409	1	false	45.84	ctg_fasta
Phegopteris_connectilis	mito	ctg000030l	9907	1	false	48.76	ctg_fasta
Phegopteris_connectilis	mito	ctg000031l	2872	1	false	48.05	ctg_fasta
Phegopteris_connectilis	mito	ctg000032l	5116	1	false	44.8	ctg_fasta
Phegopteris_connectilis	mito	ctg000033l	7563	1	false	48.35	ctg_fasta
Phegopteris_connectilis	mito	ctg000034l	1733	1	false	50.2	ctg_fasta
Phegopteris_connectilis	mito	ctg000035l	4744	1	false	45.17	ctg_fasta
Phegopteris_connectilis	mito	ctg000036l	2923	1	false	50.29	ctg_fasta
Phegopteris_connectilis	mito	ctg000037l	3862	1	false	47.46	ctg_fasta
Phegopteris_connectilis	mito	ctg000038l	3088	1	false	47.51	ctg_fasta
Phegopteris_connectilis	mito	ctg000039l	4416	1	false	49.73	ctg_fasta
Phegopteris_connectilis	mito	ctg000040l	5865	1	false	47.38	ctg_fasta
Phegopteris_connectilis	mito	ctg000041l	6740	1	false	44.64	ctg_fasta
Phegopteris_connectilis	mito	ctg000042l	2727	1	false	43.38	ctg_fasta
Phegopteris_connectilis	mito	ctg000043l	9602	1	false	47.81	ctg_fasta
Phegopteris_connectilis	mito	ctg000044l	1632	1	false	47.73	ctg_fasta
Phegopteris_connectilis	mito	ctg000045l	4847	1	false	50.77	ctg_fasta
Phegopteris_connectilis	mito	ctg000046l	3362	1	false	50.71	ctg_fasta
Phegopteris_connectilis	mito	ctg000047l	1447	1	false	42.64	ctg_fasta
Phegopteris_connectilis	mito	ctg000048l	1427	1	false	48.35	ctg_fasta
Phegopteris_connectilis	mito	ctg000049l	1419	1	false	46.93	ctg_fasta
Phegopteris_connectilis	mito	ctg000050l	1370	1	false	45.69	ctg_fasta
Phegopteris_connectilis	mito	ctg000051l	1377	1	false	49.16	ctg_fasta
Phegopteris_connectilis	mito	ctg000052l	1457	1	false	42.07	ctg_fasta
Phegopteris_connectilis	mito	ctg000053l	1372	1	false	50.0	ctg_fasta
Phegopteris_connectilis	mito	ctg000054l	1411	1	false	44.51	ctg_fasta
Phegopteris_connectilis	mito	ctg000055l	1415	1	false	45.37	ctg_fasta
Phegopteris_connectilis	mito	ctg000056l	1397	1	false	44.95	ctg_fasta
Phegopteris_connectilis	mito	ctg000057l	1389	1	false	48.81	ctg_fasta
Phegopteris_connectilis	mito	ctg000058l	1408	1	false	49.15	ctg_fasta
Phegopteris_connectilis	mito	ctg000059l	1387	1	false	48.95	ctg_fasta
Phleum_pratense	mito	ctg000001c	564470	21	true	44.34	ctg_fasta
Phragmites_australis	mito	ctg000001c	501143	16	true	43.61	ctg_fasta
Physcomitrium_patens	mito	ctg000001c	105340	1	true	40.57	ctg_fasta
Phyteuma_orbiculare	mito	ctg000001c	140495	1	true	44.35	ctg_fasta
Phyteuma_orbiculare	mito	ctg000002c	70517	1	true	44.91	ctg_fasta
Phyteuma_orbiculare	mito	ctg000003c	69942	1	true	45.09	ctg_fasta
Phyteuma_spicatum	mito	ctg000001c	147669	1	true	44.71	ctg_fasta
Phyteuma_spicatum	mito	ctg000002c	121704	1	true	44.65	ctg_fasta
Phytolacca_acinosa	mito	ctg000001c	496109	16	true	44.13	ctg_fasta
Pilosella_aurantiaca	mito	ctg000001c	363389	12	true	45.13	ctg_fasta
Pilosella_officinarum	mito	ctg000001c	375103	12	true	45.24	ctg_fasta
Pilularia_globulifera	mito	ctg000001l	2010	1	false	46.77	ctg_fasta
Pilularia_globulifera	mito	ctg000002l	9080	1	false	48.46	ctg_fasta
Pilularia_globulifera	mito	ctg000003l	2072	1	false	48.17	ctg_fasta
Pilularia_globulifera	mito	ctg000004l	13262	1	false	47.93	ctg_fasta
Pilularia_globulifera	mito	ctg000005l	1686	1	false	52.37	ctg_fasta
Pilularia_globulifera	mito	ctg000006l	1541	1	false	46.98	ctg_fasta
Pilularia_globulifera	mito	ctg000007l	1461	1	false	50.24	ctg_fasta
Pilularia_globulifera	mito	ctg000008l	6778	1	false	46.41	ctg_fasta
Pilularia_globulifera	mito	ctg000009l	3711	1	false	47.02	ctg_fasta
Pilularia_globulifera	mito	ctg000010l	1556	1	false	51.41	ctg_fasta
Pilularia_globulifera	mito	ctg000011l	3942	1	false	49.62	ctg_fasta
Pilularia_globulifera	mito	ctg000012l	5143	1	false	51.86	ctg_fasta
Pilularia_globulifera	mito	ctg000013l	1786	1	false	47.48	ctg_fasta
Pilularia_globulifera	mito	ctg000014l	6483	1	false	48.03	ctg_fasta
Pilularia_globulifera	mito	ctg000015l	5907	1	false	48.77	ctg_fasta
Pilularia_globulifera	mito	ctg000016l	3450	1	false	45.65	ctg_fasta
Pilularia_globulifera	mito	ctg000017l	12669	1	false	48.61	ctg_fasta
Pilularia_globulifera	mito	ctg000018l	4312	1	false	46.29	ctg_fasta
Pilularia_globulifera	mito	ctg000019l	2499	1	false	45.74	ctg_fasta
Pilularia_globulifera	mito	ctg000020l	1952	1	false	47.59	ctg_fasta
Pilularia_globulifera	mito	ctg000021l	11266	1	false	49.02	ctg_fasta
Pilularia_globulifera	mito	ctg000022l	12828	1	false	49.47	ctg_fasta
Pilularia_globulifera	mito	ctg000023l	5386	1	false	50.06	ctg_fasta
Pilularia_globulifera	mito	ctg000024l	6989	1	false	46.99	ctg_fasta
Pilularia_globulifera	mito	ctg000025l	5458	1	false	47.03	ctg_fasta
Pilularia_globulifera	mito	ctg000026l	3522	1	false	45.74	ctg_fasta
Pilularia_globulifera	mito	ctg000027l	2127	1	false	49.55	ctg_fasta
Pilularia_globulifera	mito	ctg000028l	3304	1	false	45.4	ctg_fasta
Pilularia_globulifera	mito	ctg000029l	9084	1	false	50.32	ctg_fasta
Pilularia_globulifera	mito	ctg000030l	1752	1	false	47.15	ctg_fasta
Pilularia_globulifera	mito	ctg000031l	4399	1	false	46.69	ctg_fasta
Pilularia_globulifera	mito	ctg000032l	3553	1	false	48.27	ctg_fasta
Pilularia_globulifera	mito	ctg000033l	2738	1	false	45.07	ctg_fasta
Pilularia_globulifera	mito	ctg000034l	2995	1	false	47.65	ctg_fasta
Pilularia_globulifera	mito	ctg000035l	3408	1	false	48.53	ctg_fasta
Pilularia_globulifera	mito	ctg000036l	1390	1	false	48.56	ctg_fasta
Pilularia_globulifera	mito	ctg000037l	1414	1	false	45.4	ctg_fasta
Pilularia_globulifera	mito	ctg000038l	1456	1	false	46.57	ctg_fasta
Pilularia_globulifera	mito	ctg000039l	1384	1	false	49.21	ctg_fasta
Pilularia_globulifera	mito	ctg000040l	1408	1	false	49.01	ctg_fasta
Pilularia_globulifera	mito	ctg000041l	1398	1	false	50.21	ctg_fasta
Pilularia_globulifera	mito	ctg000042l	1354	1	false	51.92	ctg_fasta
Pilularia_globulifera	mito	ctg000043l	1406	1	false	46.73	ctg_fasta
Pilularia_globulifera	mito	ctg000044l	1385	1	false	51.62	ctg_fasta
Pilularia_globulifera	mito	ctg000045l	1411	1	false	45.92	ctg_fasta
Pilularia_globulifera	mito	ctg000046l	1410	1	false	45.11	ctg_fasta
Pilularia_globulifera	mito	ctg000047l	1410	1	false	46.17	ctg_fasta
Pilularia_globulifera	mito	ctg000048l	1403	1	false	48.61	ctg_fasta
Pilularia_globulifera	mito	ctg000049l	1401	1	false	47.82	ctg_fasta
Pilularia_globulifera	mito	ctg000050l	1420	1	false	46.13	ctg_fasta
Pilularia_globulifera	mito	ctg000051l	1430	1	false	46.5	ctg_fasta
Pilularia_globulifera	mito	ctg000052l	1404	1	false	47.51	ctg_fasta
Pilularia_globulifera	mito	ctg000053l	1409	1	false	47.55	ctg_fasta
Pilularia_globulifera	mito	ctg000054l	1413	1	false	50.67	ctg_fasta
Pimpinella_saxifraga	mito	ctg000001c	73185	4	true	46.16	ctg_fasta
Pimpinella_saxifraga	mito	ctg000002l	80307	2	false	44.55	ctg_fasta
Pimpinella_saxifraga	mito	ctg000003c	25311	1	true	44.94	ctg_fasta
Pimpinella_saxifraga	mito	ctg000004l	35495	3	false	44.81	ctg_fasta
Pimpinella_saxifraga	mito	ctg000005c	24903	1	true	46.25	ctg_fasta
Pimpinella_saxifraga	mito	ctg000006c	18672	1	true	44.02	ctg_fasta
Pinguicula_vulgaris	mito	ctg000001c	424132	5	true	44.17	ctg_fasta
Plagiochila_asplenioides	mito	ctg000001l	110635	1	false	44.96	ctg_fasta
Plagiochila_asplenioides	mito	ctg000002l	47582	1	false	45.42	ctg_fasta
Plagiochila_carringtonii	mito	ctg000001l	159012	1	false	45.1	ctg_fasta
Plagiothecium_denticulatum	mito	ctg000001c	104744	1	true	41.23	ctg_fasta
Plantago_coronopus	mito	ctg000001l	328440	3	false	34.3	ctg_fasta
Plantago_coronopus	mito	ctg000002l	152208	1	false	33.75	ctg_fasta
Plantago_coronopus	mito	ctg000003l	203249	1	false	32.49	ctg_fasta
Plantago_lanceolata	mito	ctg000001c	145580	4	true	39.23	ctg_fasta
Plantago_lanceolata	mito	ctg000002c	60696	1	true	39.69	ctg_fasta
Plantago_lanceolata	mito	ctg000003c	55878	1	true	38.4	ctg_fasta
Plantago_lanceolata	mito	ctg000004c	56834	1	true	38.52	ctg_fasta
Plantago_lanceolata	mito	ctg000005c	68060	1	true	38.95	ctg_fasta
Plantago_lanceolata	mito	ctg000006c	116534	4	true	38.91	ctg_fasta
Plantago_lanceolata	mito	ctg000007c	222965	1	true	38.38	ctg_fasta
Plantago_lanceolata	mito	ctg000008c	54376	1	true	38.24	ctg_fasta
Plantago_lanceolata	mito	ctg000009c	71393	1	true	39.63	ctg_fasta
Plantago_lanceolata	mito	ctg000010c	53506	1	true	39.29	ctg_fasta
Plantago_lanceolata	mito	ctg000011c	50909	1	true	38.83	ctg_fasta
Plantago_lanceolata	mito	ctg000012c	50710	1	true	38.86	ctg_fasta
Plantago_lanceolata	mito	ctg000013c	39430	1	true	38.33	ctg_fasta
Plantago_lanceolata	mito	ctg000014c	88283	1	true	39.27	ctg_fasta
Plantago_lanceolata	mito	ctg000015c	77255	1	true	39.56	ctg_fasta
Plantago_lanceolata	mito	ctg000016c	78008	1	true	39.54	ctg_fasta
Plantago_lanceolata	mito	ctg000017c	80824	1	true	39.83	ctg_fasta
Plantago_lanceolata	mito	ctg000018c	44123	1	true	38.15	ctg_fasta
Plantago_major	mito	ctg000001c	605673	8	true	30.94	ctg_fasta
Plantago_maritima	mito	ctg000001l	40752	1	false	34.07	ctg_fasta
Plantago_maritima	mito	ctg000002l	21778	1	false	37.68	ctg_fasta
Plantago_maritima	mito	ctg000003l	10525	1	false	38.69	ctg_fasta
Plantago_maritima	mito	ctg000004l	20460	1	false	33.41	ctg_fasta
Plantago_maritima	mito	ctg000005l	14952	1	false	34.18	ctg_fasta
Plantago_maritima	mito	ctg000006l	16723	1	false	39.49	ctg_fasta
Plantago_maritima	mito	ctg000007l	65680	1	false	33.82	ctg_fasta
Plantago_maritima	mito	ctg000008l	2661	1	false	32.62	ctg_fasta
Plantago_maritima	mito	ctg000009l	7851	1	false	38.96	ctg_fasta
Plantago_maritima	mito	ctg000010l	3080	1	false	40.88	ctg_fasta
Plantago_maritima	mito	ctg000011l	3913	1	false	38.1	ctg_fasta
Plantago_maritima	mito	ctg000012l	41541	1	false	36.03	ctg_fasta
Plantago_maritima	mito	ctg000013l	2047	1	false	40.5	ctg_fasta
Plantago_maritima	mito	ctg000014l	1746	1	false	41.92	ctg_fasta
Plantago_maritima	mito	ctg000015l	9795	1	false	41.54	ctg_fasta
Plantago_maritima	mito	ctg000016l	62332	1	false	34.66	ctg_fasta
Plantago_maritima	mito	ctg000017l	28226	1	false	34.31	ctg_fasta
Plantago_maritima	mito	ctg000018l	11206	1	false	40.5	ctg_fasta
Plantago_maritima	mito	ctg000019l	32247	1	false	35.35	ctg_fasta
Plantago_maritima	mito	ctg000020l	12747	1	false	30.98	ctg_fasta
Plantago_maritima	mito	ctg000021l	45594	1	false	35.54	ctg_fasta
Plantago_maritima	mito	ctg000022l	30888	1	false	36.57	ctg_fasta
Plantago_maritima	mito	ctg000023l	45883	1	false	36.26	ctg_fasta
Plantago_maritima	mito	ctg000024l	6441	1	false	41.34	ctg_fasta
Plantago_maritima	mito	ctg000025l	23289	1	false	35.03	ctg_fasta
Plantago_maritima	mito	ctg000026l	31419	1	false	35.09	ctg_fasta
Plantago_maritima	mito	ctg000027l	58098	1	false	34.98	ctg_fasta
Plantago_maritima	mito	ctg000028l	15863	1	false	36.78	ctg_fasta
Plantago_maritima	mito	ctg000029l	9507	1	false	36.48	ctg_fasta
Plantago_maritima	mito	ctg000030l	24370	1	false	33.82	ctg_fasta
Plantago_maritima	mito	ctg000031l	8839	1	false	43.44	ctg_fasta
Plantago_maritima	mito	ctg000032l	14291	1	false	31.92	ctg_fasta
Plantago_maritima	mito	ctg000033l	8959	1	false	37.57	ctg_fasta
Plantago_maritima	mito	ctg000034l	58443	1	false	33.97	ctg_fasta
Plantago_maritima	mito	ctg000035l	22826	1	false	34.85	ctg_fasta
Plantago_maritima	mito	ctg000036l	2017	1	false	39.41	ctg_fasta
Plantago_maritima	mito	ctg000037l	18899	1	false	35.74	ctg_fasta
Plantago_maritima	mito	ctg000038l	35460	1	false	35.85	ctg_fasta
Plantago_maritima	mito	ctg000039l	50692	1	false	33.61	ctg_fasta
Plantago_maritima	mito	ctg000040l	275863	1	false	33.26	ctg_fasta
Plantago_maritima	mito	ctg000041l	72975	1	false	35.67	ctg_fasta
Plantago_maritima	mito	ctg000042l	32207	1	false	33.25	ctg_fasta
Plantago_maritima	mito	ctg000043l	3006	1	false	33.73	ctg_fasta
Plantago_maritima	mito	ctg000044l	29275	1	false	33.94	ctg_fasta
Plantago_maritima	mito	ctg000045l	22560	1	false	31.29	ctg_fasta
Plantago_maritima	mito	ctg000046l	19011	1	false	35.52	ctg_fasta
Plantago_maritima	mito	ctg000047l	2156	1	false	42.3	ctg_fasta
Plantago_maritima	mito	ctg000048l	30843	1	false	34.89	ctg_fasta
Plantago_maritima	mito	ctg000049l	20257	1	false	33.72	ctg_fasta
Plantago_maritima	mito	ctg000050l	60753	1	false	33.48	ctg_fasta
Plantago_maritima	mito	ctg000051l	12092	1	false	38.31	ctg_fasta
Plantago_maritima	mito	ctg000052l	37347	1	false	35.66	ctg_fasta
Plantago_maritima	mito	ctg000053l	13847	1	false	32.65	ctg_fasta
Plantago_maritima	mito	ctg000054l	68354	1	false	34.44	ctg_fasta
Plantago_maritima	mito	ctg000055l	26452	1	false	33.33	ctg_fasta
Plantago_maritima	mito	ctg000056l	75985	1	false	33.53	ctg_fasta
Plantago_maritima	mito	ctg000057l	8729	1	false	40.66	ctg_fasta
Plantago_maritima	mito	ctg000058l	67493	1	false	37.96	ctg_fasta
Plantago_maritima	mito	ctg000059l	3433	1	false	38.48	ctg_fasta
Plantago_maritima	mito	ctg000060l	30459	1	false	32.64	ctg_fasta
Plantago_maritima	mito	ctg000061l	65306	1	false	33.99	ctg_fasta
Plantago_maritima	mito	ctg000062l	10987	1	false	33.38	ctg_fasta
Plantago_maritima	mito	ctg000063l	10580	1	false	35.86	ctg_fasta
Plantago_maritima	mito	ctg000064l	66286	1	false	34.77	ctg_fasta
Plantago_maritima	mito	ctg000065l	14527	1	false	38.29	ctg_fasta
Plantago_maritima	mito	ctg000066l	9182	1	false	37.52	ctg_fasta
Plantago_maritima	mito	ctg000067l	3552	1	false	37.02	ctg_fasta
Plantago_maritima	mito	ctg000068l	55090	1	false	32.02	ctg_fasta
Plantago_maritima	mito	ctg000069l	42986	1	false	34.75	ctg_fasta
Plantago_maritima	mito	ctg000070l	21695	1	false	31.29	ctg_fasta
Plantago_maritima	mito	ctg000071l	4578	1	false	40.0	ctg_fasta
Plantago_maritima	mito	ctg000072l	15353	1	false	39.67	ctg_fasta
Plantago_maritima	mito	ctg000073l	35521	1	false	33.75	ctg_fasta
Plantago_maritima	mito	ctg000074l	72511	1	false	33.69	ctg_fasta
Plantago_maritima	mito	ctg000075l	106946	1	false	33.4	ctg_fasta
Plantago_maritima	mito	ctg000076l	13594	1	false	37.97	ctg_fasta
Plantago_maritima	mito	ctg000077l	23077	1	false	32.04	ctg_fasta
Plantago_maritima	mito	ctg000078l	18637	1	false	32.09	ctg_fasta
Plantago_maritima	mito	ctg000079l	56479	1	false	34.34	ctg_fasta
Plantago_maritima	mito	ctg000080l	17125	1	false	40.4	ctg_fasta
Plantago_maritima	mito	ctg000081l	41052	1	false	34.06	ctg_fasta
Plantago_maritima	mito	ctg000082l	5345	1	false	37.36	ctg_fasta
Plantago_maritima	mito	ctg000083l	18341	1	false	38.44	ctg_fasta
Plantago_maritima	mito	ctg000084l	1562	1	false	29.64	ctg_fasta
Plantago_maritima	mito	ctg000085l	1406	1	false	49.08	ctg_fasta
Plantago_maritima	mito	ctg000086l	1393	1	false	48.17	ctg_fasta
Plantago_maritima	mito	ctg000087l	1429	1	false	41.01	ctg_fasta
Plantago_maritima	mito	ctg000088l	1409	1	false	42.58	ctg_fasta
Plantago_maritima	mito	ctg000089l	1377	1	false	47.28	ctg_fasta
Plantago_maritima	mito	ctg000090l	1419	1	false	38.41	ctg_fasta
Plantago_maritima	mito	ctg000091l	1481	1	false	36.33	ctg_fasta
Platanus_orientalis	mito	ctg000001c	481787	1	true	46.64	ctg_fasta
Platanus_orientalis	mito	ctg000002c	105835	1	true	45.61	ctg_fasta
Platanus_x_hispanica	mito	ctg000001c	481787	1	true	46.64	ctg_fasta
Platanus_x_hispanica	mito	ctg000002c	105835	1	true	45.61	ctg_fasta
Pleuridium_subulatum	mito	ctg000001c	105811	1	true	39.93	ctg_fasta
Pleuridium_subulatum	mito	ctg000002c	32769	1	true	28.74	ctg_fasta
Poa_alpina	mito	ctg000001c	553765	12	true	44.11	ctg_fasta
Poa_chaixii	mito	ctg000001c	481622	18	true	44.37	ctg_fasta
Poa_infirma	mito	ctg000001l	431067	23	false	44.38	ctg_fasta
Poa_infirma	mito	ctg000002l	34868	1	false	43.44	ctg_fasta
Poa_infirma	mito	ctg000003l	48712	1	false	43.29	ctg_fasta
Poa_nemoralis	mito	ctg000001c	555733	18	true	44.15	ctg_fasta
Poa_trivialis	mito	ctg000001c	219783	1	true	45.43	ctg_fasta
Poa_trivialis	mito	ctg000002c	528399	14	true	44.25	ctg_fasta
Poa_trivialis	mito	ctg000003l	17384	1	false	42.92	ctg_fasta
Pogonatum_aloides	mito	ctg000001c	114478	1	true	40.98	ctg_fasta
Pogonatum_aloides	mito	ctg000002l	412539	1	false	63.92	ctg_fasta
Pohlia_annotina	mito	ctg000001c	100037	1	true	39.34	ctg_fasta
Pohlia_cruda	mito	ctg000001c	100079	1	true	39.64	ctg_fasta
Pohlia_nutans	mito	ctg000001c	99734	1	true	39.61	ctg_fasta
Pohlia_wahlenbergii	mito	ctg000001c	100199	2	true	39.49	ctg_fasta
Polygala_serpyllifolia	mito	ctg000001c	168627	4	true	45.1	ctg_fasta
Polygala_serpyllifolia	mito	ctg000002c	89226	1	true	43.76	ctg_fasta
Polygala_serpyllifolia	mito	ctg000003c	66858	1	true	45.1	ctg_fasta
Polygala_vulgaris	mito	ctg000001c	335927	14	true	44.72	ctg_fasta
Polygonum_aviculare	mito	ctg000001c	333387	1	true	44.54	ctg_fasta
Polygonum_maritimum	mito	ctg000001c	352405	8	true	44.51	ctg_fasta
Polypodium_vulgare	mito	ctg000001l	8354	1	false	50.86	ctg_fasta
Polypodium_vulgare	mito	ctg000002l	10556	1	false	49.28	ctg_fasta
Polypodium_vulgare	mito	ctg000003l	21112	1	false	46.72	ctg_fasta
Polypodium_vulgare	mito	ctg000004l	19212	1	false	48.43	ctg_fasta
Polypodium_vulgare	mito	ctg000005l	5968	1	false	48.66	ctg_fasta
Polypodium_vulgare	mito	ctg000006l	4571	1	false	46.51	ctg_fasta
Polypodium_vulgare	mito	ctg000007l	9458	1	false	50.04	ctg_fasta
Polypodium_vulgare	mito	ctg000008l	1829	1	false	49.1	ctg_fasta
Polypodium_vulgare	mito	ctg000009l	6167	1	false	48.27	ctg_fasta
Polypodium_vulgare	mito	ctg000010l	3240	1	false	49.91	ctg_fasta
Polypodium_vulgare	mito	ctg000011l	4963	1	false	46.75	ctg_fasta
Polypodium_vulgare	mito	ctg000012l	3770	1	false	48.91	ctg_fasta
Polypodium_vulgare	mito	ctg000013l	3238	1	false	51.82	ctg_fasta
Polypodium_vulgare	mito	ctg000014l	1550	1	false	49.61	ctg_fasta
Polypodium_vulgare	mito	ctg000015l	3490	1	false	47.22	ctg_fasta
Polypodium_vulgare	mito	ctg000016l	4406	1	false	46.71	ctg_fasta
Polypodium_vulgare	mito	ctg000017l	2972	1	false	51.51	ctg_fasta
Polypodium_vulgare	mito	ctg000018l	2721	1	false	41.93	ctg_fasta
Polypodium_vulgare	mito	ctg000019l	9073	1	false	46.94	ctg_fasta
Polypodium_vulgare	mito	ctg000020l	1585	1	false	51.55	ctg_fasta
Polypodium_vulgare	mito	ctg000021l	7229	1	false	41.62	ctg_fasta
Polypodium_vulgare	mito	ctg000022l	2556	1	false	46.52	ctg_fasta
Polypodium_vulgare	mito	ctg000023l	1527	1	false	43.75	ctg_fasta
Polypodium_vulgare	mito	ctg000024l	1526	1	false	43.58	ctg_fasta
Polypodium_vulgare	mito	ctg000025l	2358	1	false	44.78	ctg_fasta
Polypodium_vulgare	mito	ctg000026l	6530	1	false	49.57	ctg_fasta
Polypodium_vulgare	mito	ctg000027l	1553	1	false	47.52	ctg_fasta
Polypodium_vulgare	mito	ctg000028l	6343	1	false	46.93	ctg_fasta
Polypodium_vulgare	mito	ctg000029l	3889	1	false	50.84	ctg_fasta
Polypodium_vulgare	mito	ctg000030l	9152	1	false	47.54	ctg_fasta
Polypodium_vulgare	mito	ctg000031l	11700	1	false	45.77	ctg_fasta
Polypodium_vulgare	mito	ctg000032l	3895	1	false	47.45	ctg_fasta
Polypodium_vulgare	mito	ctg000033l	4996	1	false	41.47	ctg_fasta
Polypodium_vulgare	mito	ctg000034l	3768	1	false	43.44	ctg_fasta
Polypodium_vulgare	mito	ctg000035l	5446	1	false	42.4	ctg_fasta
Polypodium_vulgare	mito	ctg000036l	2161	1	false	44.61	ctg_fasta
Polypodium_vulgare	mito	ctg000037l	3411	1	false	43.33	ctg_fasta
Polypodium_vulgare	mito	ctg000038l	4548	1	false	42.57	ctg_fasta
Polypodium_vulgare	mito	ctg000039l	3130	1	false	43.58	ctg_fasta
Polypodium_vulgare	mito	ctg000040l	12346	1	false	48.32	ctg_fasta
Polypodium_vulgare	mito	ctg000041l	2406	1	false	47.38	ctg_fasta
Polypodium_vulgare	mito	ctg000042l	12346	1	false	48.2	ctg_fasta
Polypodium_vulgare	mito	ctg000043l	1503	1	false	42.18	ctg_fasta
Polypodium_vulgare	mito	ctg000044l	2603	1	false	48.67	ctg_fasta
Polypodium_vulgare	mito	ctg000045l	4160	1	false	49.33	ctg_fasta
Polypodium_vulgare	mito	ctg000046l	4314	1	false	44.81	ctg_fasta
Polypodium_vulgare	mito	ctg000047l	1718	1	false	48.78	ctg_fasta
Polypodium_vulgare	mito	ctg000048l	1713	1	false	48.74	ctg_fasta
Polypodium_vulgare	mito	ctg000049l	13601	1	false	46.65	ctg_fasta
Polypodium_vulgare	mito	ctg000050l	4673	1	false	47.61	ctg_fasta
Polypodium_vulgare	mito	ctg000051l	1851	1	false	44.41	ctg_fasta
Polypodium_vulgare	mito	ctg000052l	9402	1	false	48.99	ctg_fasta
Polypodium_vulgare	mito	ctg000053l	4350	1	false	46.87	ctg_fasta
Polypodium_vulgare	mito	ctg000054l	2991	1	false	46.61	ctg_fasta
Polypodium_vulgare	mito	ctg000055l	6719	1	false	52.02	ctg_fasta
Polypodium_vulgare	mito	ctg000056l	7687	1	false	46.87	ctg_fasta
Polypodium_vulgare	mito	ctg000057l	1793	1	false	47.13	ctg_fasta
Polypodium_vulgare	mito	ctg000058l	3934	1	false	43.34	ctg_fasta
Polypodium_vulgare	mito	ctg000059l	2981	1	false	47.97	ctg_fasta
Polypodium_vulgare	mito	ctg000060l	2274	1	false	50.44	ctg_fasta
Polypodium_vulgare	mito	ctg000061l	4844	1	false	47.65	ctg_fasta
Polypodium_vulgare	mito	ctg000062l	1466	1	false	51.3	ctg_fasta
Polypodium_vulgare	mito	ctg000063l	1418	1	false	49.58	ctg_fasta
Polypodium_vulgare	mito	ctg000064l	1379	1	false	48.95	ctg_fasta
Polypodium_vulgare	mito	ctg000065l	1377	1	false	47.35	ctg_fasta
Polypodium_vulgare	mito	ctg000066l	1370	1	false	48.32	ctg_fasta
Polypodium_vulgare	mito	ctg000067l	1468	1	false	51.36	ctg_fasta
Polypodium_vulgare	mito	ctg000068l	1404	1	false	51.71	ctg_fasta
Polypodium_vulgare	mito	ctg000069l	1364	1	false	49.27	ctg_fasta
Polypodium_vulgare	mito	ctg000070l	1453	1	false	44.39	ctg_fasta
Polypogon_viridis	mito	ctg000001c	610724	14	true	44.17	ctg_fasta
Polystichum_lonchitis	mito	ctg000001l	8967	1	false	45.8	ctg_fasta
Polystichum_lonchitis	mito	ctg000002l	1897	1	false	50.4	ctg_fasta
Polystichum_lonchitis	mito	ctg000003l	2735	1	false	48.26	ctg_fasta
Polystichum_lonchitis	mito	ctg000004l	4005	1	false	46.89	ctg_fasta
Polystichum_lonchitis	mito	ctg000005l	7777	1	false	45.96	ctg_fasta
Polystichum_lonchitis	mito	ctg000006l	1381	1	false	50.69	ctg_fasta
Polystichum_lonchitis	mito	ctg000007l	1410	1	false	50.71	ctg_fasta
Polystichum_lonchitis	mito	ctg000008l	1446	1	false	52.21	ctg_fasta
Polystichum_lonchitis	mito	ctg000009l	3194	1	false	50.44	ctg_fasta
Polystichum_lonchitis	mito	ctg000010l	2270	1	false	50.35	ctg_fasta
Polystichum_lonchitis	mito	ctg000011l	8128	1	false	44.49	ctg_fasta
Polystichum_lonchitis	mito	ctg000012l	1426	1	false	52.59	ctg_fasta
Polystichum_lonchitis	mito	ctg000013l	5239	1	false	47.28	ctg_fasta
Polystichum_lonchitis	mito	ctg000014l	3949	1	false	46.67	ctg_fasta
Polystichum_lonchitis	mito	ctg000015l	2011	1	false	52.86	ctg_fasta
Polystichum_lonchitis	mito	ctg000016l	2013	1	false	52.81	ctg_fasta
Polystichum_lonchitis	mito	ctg000017l	1836	1	false	52.67	ctg_fasta
Polystichum_lonchitis	mito	ctg000018l	1611	1	false	46.93	ctg_fasta
Polystichum_lonchitis	mito	ctg000019l	1411	1	false	49.54	ctg_fasta
Polystichum_lonchitis	mito	ctg000020l	2017	1	false	46.11	ctg_fasta
Polystichum_lonchitis	mito	ctg000021l	7288	1	false	47.89	ctg_fasta
Polystichum_lonchitis	mito	ctg000022l	2154	1	false	50.65	ctg_fasta
Polystichum_lonchitis	mito	ctg000023l	2164	1	false	50.69	ctg_fasta
Polystichum_lonchitis	mito	ctg000024l	2364	1	false	51.14	ctg_fasta
Polystichum_lonchitis	mito	ctg000025l	1421	1	false	52.57	ctg_fasta
Polystichum_lonchitis	mito	ctg000026l	2112	1	false	50.24	ctg_fasta
Polystichum_lonchitis	mito	ctg000027l	9755	1	false	48.15	ctg_fasta
Polystichum_lonchitis	mito	ctg000028l	2000	1	false	48.35	ctg_fasta
Polystichum_lonchitis	mito	ctg000029l	10695	1	false	47.95	ctg_fasta
Polystichum_lonchitis	mito	ctg000030l	2159	1	false	50.67	ctg_fasta
Polystichum_lonchitis	mito	ctg000031l	3925	1	false	47.06	ctg_fasta
Polystichum_lonchitis	mito	ctg000032l	1544	1	false	45.4	ctg_fasta
Polystichum_lonchitis	mito	ctg000033l	15460	1	false	48.44	ctg_fasta
Polystichum_lonchitis	mito	ctg000034l	2337	1	false	47.63	ctg_fasta
Polystichum_lonchitis	mito	ctg000035l	6994	1	false	51.37	ctg_fasta
Polystichum_lonchitis	mito	ctg000036l	6922	1	false	47.37	ctg_fasta
Polystichum_lonchitis	mito	ctg000037l	5524	1	false	49.75	ctg_fasta
Polystichum_lonchitis	mito	ctg000038l	3090	1	false	43.5	ctg_fasta
Polystichum_lonchitis	mito	ctg000039l	1454	1	false	49.59	ctg_fasta
Polystichum_lonchitis	mito	ctg000040l	1449	1	false	49.55	ctg_fasta
Polystichum_lonchitis	mito	ctg000041l	2283	1	false	51.77	ctg_fasta
Polystichum_lonchitis	mito	ctg000042l	2293	1	false	51.77	ctg_fasta
Polystichum_lonchitis	mito	ctg000043l	4443	1	false	47.96	ctg_fasta
Polystichum_lonchitis	mito	ctg000044l	13315	1	false	50.02	ctg_fasta
Polystichum_lonchitis	mito	ctg000045l	2337	1	false	41.25	ctg_fasta
Polystichum_lonchitis	mito	ctg000046l	7972	1	false	43.95	ctg_fasta
Polystichum_lonchitis	mito	ctg000047l	1723	1	false	48.75	ctg_fasta
Polystichum_lonchitis	mito	ctg000048l	1581	1	false	45.22	ctg_fasta
Polystichum_lonchitis	mito	ctg000049l	4003	1	false	45.02	ctg_fasta
Polystichum_lonchitis	mito	ctg000050l	9160	1	false	48.71	ctg_fasta
Polystichum_lonchitis	mito	ctg000051l	11699	1	false	45.98	ctg_fasta
Polystichum_lonchitis	mito	ctg000052l	9113	1	false	43.55	ctg_fasta
Polystichum_lonchitis	mito	ctg000053l	2149	1	false	48.21	ctg_fasta
Polystichum_lonchitis	mito	ctg000054l	1405	1	false	48.97	ctg_fasta
Polystichum_lonchitis	mito	ctg000055l	1404	1	false	48.93	ctg_fasta
Polystichum_lonchitis	mito	ctg000056l	1346	1	false	52.23	ctg_fasta
Polystichum_lonchitis	mito	ctg000057l	1384	1	false	49.42	ctg_fasta
Polystichum_lonchitis	mito	ctg000058l	1394	1	false	48.85	ctg_fasta
Polystichum_lonchitis	mito	ctg000059l	1336	1	false	51.35	ctg_fasta
Polystichum_lonchitis	mito	ctg000060l	1362	1	false	52.35	ctg_fasta
Polystichum_lonchitis	mito	ctg000061l	1316	1	false	53.8	ctg_fasta
Polystichum_lonchitis	mito	ctg000062l	1365	1	false	52.45	ctg_fasta
Polystichum_lonchitis	mito	ctg000063l	1320	1	false	53.26	ctg_fasta
Polystichum_lonchitis	mito	ctg000064l	1320	1	false	52.8	ctg_fasta
Polystichum_lonchitis	mito	ctg000065l	1389	1	false	48.38	ctg_fasta
Polystichum_lonchitis	mito	ctg000066l	1405	1	false	48.9	ctg_fasta
Polystichum_lonchitis	mito	ctg000067l	1373	1	false	48.94	ctg_fasta
Polystichum_lonchitis	mito	ctg000068l	1405	1	false	49.04	ctg_fasta
Polystichum_lonchitis	mito	ctg000069l	1401	1	false	48.97	ctg_fasta
Polystichum_lonchitis	mito	ctg000070l	1354	1	false	47.64	ctg_fasta
Polystichum_lonchitis	mito	ctg000071l	1402	1	false	49.0	ctg_fasta
Polystichum_lonchitis	mito	ctg000072l	1385	1	false	48.3	ctg_fasta
Polystichum_setiferum	mito	ctg000001l	4886	1	false	50.82	ctg_fasta
Polystichum_setiferum	mito	ctg000002l	7499	1	false	44.91	ctg_fasta
Polystichum_setiferum	mito	ctg000003l	7131	1	false	47.37	ctg_fasta
Polystichum_setiferum	mito	ctg000004l	2152	1	false	48.42	ctg_fasta
Polystichum_setiferum	mito	ctg000005l	2856	1	false	44.89	ctg_fasta
Polystichum_setiferum	mito	ctg000006l	4851	1	false	46.16	ctg_fasta
Polystichum_setiferum	mito	ctg000007l	2491	1	false	53.51	ctg_fasta
Polystichum_setiferum	mito	ctg000008l	1613	1	false	47.24	ctg_fasta
Polystichum_setiferum	mito	ctg000009l	3524	1	false	47.45	ctg_fasta
Polystichum_setiferum	mito	ctg000010l	8309	1	false	48.47	ctg_fasta
Polystichum_setiferum	mito	ctg000011l	1461	1	false	50.24	ctg_fasta
Polystichum_setiferum	mito	ctg000012l	2905	1	false	47.85	ctg_fasta
Polystichum_setiferum	mito	ctg000013l	9404	1	false	48.48	ctg_fasta
Polystichum_setiferum	mito	ctg000014l	4705	1	false	47.23	ctg_fasta
Polystichum_setiferum	mito	ctg000015l	5110	1	false	48.4	ctg_fasta
Polystichum_setiferum	mito	ctg000016l	9354	1	false	44.51	ctg_fasta
Polystichum_setiferum	mito	ctg000017l	3966	1	false	52.85	ctg_fasta
Polystichum_setiferum	mito	ctg000018l	11597	1	false	48.8	ctg_fasta
Polystichum_setiferum	mito	ctg000019l	2332	1	false	48.58	ctg_fasta
Polystichum_setiferum	mito	ctg000020l	13353	1	false	48.28	ctg_fasta
Polystichum_setiferum	mito	ctg000021l	7123	1	false	46.23	ctg_fasta
Polystichum_setiferum	mito	ctg000022l	1718	1	false	48.54	ctg_fasta
Polystichum_setiferum	mito	ctg000023l	6845	1	false	45.27	ctg_fasta
Polystichum_setiferum	mito	ctg000024l	3578	1	false	49.41	ctg_fasta
Polystichum_setiferum	mito	ctg000025l	12957	1	false	50.66	ctg_fasta
Polystichum_setiferum	mito	ctg000026l	2037	1	false	50.76	ctg_fasta
Polystichum_setiferum	mito	ctg000027l	3624	1	false	46.41	ctg_fasta
Polystichum_setiferum	mito	ctg000028l	1890	1	false	50.63	ctg_fasta
Polystichum_setiferum	mito	ctg000029l	7273	1	false	45.7	ctg_fasta
Polystichum_setiferum	mito	ctg000030l	1911	1	false	47.04	ctg_fasta
Polystichum_setiferum	mito	ctg000031l	6735	1	false	49.04	ctg_fasta
Polystichum_setiferum	mito	ctg000032l	2311	1	false	50.58	ctg_fasta
Polystichum_setiferum	mito	ctg000033l	3172	1	false	48.52	ctg_fasta
Polystichum_setiferum	mito	ctg000034l	4759	1	false	46.75	ctg_fasta
Polystichum_setiferum	mito	ctg000035l	6069	1	false	49.91	ctg_fasta
Polystichum_setiferum	mito	ctg000036l	2005	1	false	51.82	ctg_fasta
Polystichum_setiferum	mito	ctg000037l	2053	1	false	48.12	ctg_fasta
Polystichum_setiferum	mito	ctg000038l	13113	1	false	45.25	ctg_fasta
Polystichum_setiferum	mito	ctg000039l	2433	1	false	47.27	ctg_fasta
Polystichum_setiferum	mito	ctg000040l	1444	1	false	52.01	ctg_fasta
Polystichum_setiferum	mito	ctg000041l	2929	1	false	49.71	ctg_fasta
Polystichum_setiferum	mito	ctg000042l	2348	1	false	49.96	ctg_fasta
Polystichum_setiferum	mito	ctg000043l	4168	1	false	46.02	ctg_fasta
Polystichum_setiferum	mito	ctg000044l	5871	1	false	41.53	ctg_fasta
Polystichum_setiferum	mito	ctg000045l	5901	1	false	48.64	ctg_fasta
Polystichum_setiferum	mito	ctg000046l	1599	1	false	51.84	ctg_fasta
Polystichum_setiferum	mito	ctg000047l	1675	1	false	50.33	ctg_fasta
Polystichum_setiferum	mito	ctg000048l	4456	1	false	50.02	ctg_fasta
Polystichum_setiferum	mito	ctg000049l	3249	1	false	49.62	ctg_fasta
Polystichum_setiferum	mito	ctg000050l	9839	1	false	48.4	ctg_fasta
Polystichum_setiferum	mito	ctg000051l	7159	1	false	44.62	ctg_fasta
Polystichum_setiferum	mito	ctg000052l	2176	1	false	46.23	ctg_fasta
Polystichum_setiferum	mito	ctg000053l	1426	1	false	48.46	ctg_fasta
Polystichum_setiferum	mito	ctg000054l	1411	1	false	48.76	ctg_fasta
Polystichum_setiferum	mito	ctg000055l	1366	1	false	47.58	ctg_fasta
Polystichum_setiferum	mito	ctg000056l	1451	1	false	52.65	ctg_fasta
Polystichum_setiferum	mito	ctg000057l	1424	1	false	52.18	ctg_fasta
Polystichum_setiferum	mito	ctg000058l	1413	1	false	51.31	ctg_fasta
Polystichum_setiferum	mito	ctg000059l	1400	1	false	51.14	ctg_fasta
Polystichum_setiferum	mito	ctg000060l	1400	1	false	51.07	ctg_fasta
Polystichum_setiferum	mito	ctg000061l	1378	1	false	50.44	ctg_fasta
Polystichum_setiferum	mito	ctg000062l	1412	1	false	47.66	ctg_fasta
Polystichum_setiferum	mito	ctg000063l	1422	1	false	48.8	ctg_fasta
Polytrichastrum_sexangulare	mito	ctg000001c	114905	1	true	40.58	ctg_fasta
Polytrichum_commune	mito	ctg000001c	114830	1	true	40.48	ctg_fasta
Polytrichum_formosum	mito	ctg000001c	114806	1	true	40.38	ctg_fasta
Polytrichum_juniperinum	mito	ctg000001c	114874	2	true	40.46	ctg_fasta
Polytrichum_piliferum	mito	ctg000001c	114404	1	true	40.46	ctg_fasta
Polytrichum_strictum	mito	ctg000001c	114872	2	true	40.46	ctg_fasta
Pontederia_cordata	mito	ctg000001c	280467	2	true	47.34	ctg_fasta
Populus_alba	mito	ctg000001c	838648	1	true	44.82	ctg_fasta
Populus_nigra	mito	ctg000001c	281852	1	true	44.66	ctg_fasta
Populus_nigra	mito	ctg000002c	335571	1	true	45.02	ctg_fasta
Populus_nigra	mito	ctg000003c	186146	1	true	44.78	ctg_fasta
Populus_tremula	mito	ctg000001c	783337	1	true	44.74	ctg_fasta
Porella_arboris_vitae	mito	ctg000001c	179049	1	true	44.82	ctg_fasta
Porella_cordaeana	mito	ctg000001c	178604	2	true	44.83	ctg_fasta
Potamogeton_alpinus	mito	ctg000001c	264943	4	true	47.67	ctg_fasta
Potamogeton_berchtoldii	mito	ctg000001c	244358	4	true	47.69	ctg_fasta
Potamogeton_coloratus	mito	ctg000001l	258488	1	false	47.54	ctg_fasta
Potamogeton_compressus	mito	ctg000001c	244461	4	true	47.71	ctg_fasta
Potamogeton_epihydrus	mito	ctg000001c	244229	4	true	47.71	ctg_fasta
Potamogeton_epihydrus	mito	ctg000002l	253169	1	false	38.75	ctg_fasta
Potamogeton_friesii	mito						no_assembly
Potamogeton_gramineus	mito						no_assembly
Potamogeton_lucens	mito	ctg000001c	248602	4	true	47.75	ctg_fasta
Potamogeton_natans	mito	ctg000001c	264024	4	true	47.7	ctg_fasta
Potamogeton_nodosus	mito	ctg000001c	252769	6	true	47.8	ctg_fasta
Potamogeton_obtusifolius	mito	ctg000001c	244979	4	true	47.69	ctg_fasta
Potamogeton_perfoliatus	mito	ctg000001c	255754	4	true	47.89	ctg_fasta
Potamogeton_polygonifolius	mito	ctg000001l	376954	22	false	44.04	ctg_fasta
Potamogeton_polygonifolius	mito	ctg000002c	259901	2	true	47.54	ctg_fasta
Potamogeton_praelongus	mito	ctg000001c	284359	4	true	47.43	ctg_fasta
Potamogeton_pusillus	mito	ctg000001c	242422	4	true	47.71	ctg_fasta
Potamogeton_rutilus	mito	ctg000001c	242391	4	true	47.7	ctg_fasta
Potamogeton_trichoides	mito	ctg000001c	245087	4	true	47.71	ctg_fasta
Potentilla_anglica	mito	ctg000001c	350461	4	true	44.71	ctg_fasta
Potentilla_anserina	mito	ctg000001c	294593	4	true	44.48	ctg_fasta
Potentilla_crantzii	mito	ctg000001c	411329	8	true	44.31	ctg_fasta
Potentilla_erecta	mito	ctg000001c	269300	4	true	44.53	ctg_fasta
Potentilla_erecta	mito	ctg000002c	108538	2	true	45.6	ctg_fasta
Potentilla_indica	mito	ctg000001c	435443	4	true	44.22	ctg_fasta
Potentilla_reptans	mito	ctg000001c	350448	4	true	44.71	ctg_fasta
Potentilla_sterilis	mito	ctg000001c	449910	6	true	44.38	ctg_fasta
Potentilla_verna	mito	ctg000001c	369701	6	true	44.56	ctg_fasta
Poterium_sanguisorba	mito	ctg000001c	346315	6	true	45.36	ctg_fasta
Primula_farinosa	mito	ctg000001c	346315	6	true	45.36	ctg_fasta
Primula_scotica	mito	ctg000001c	361600	14	true	45.35	ctg_fasta
Primula_veris	mito	ctg000001c	326209	6	true	45.37	ctg_fasta
Primula_vulgaris	mito	ctg000001c	328664	8	true	45.36	ctg_fasta
Prunella_vulgaris	mito	ctg000001l	293375	3	false	43.96	ctg_fasta
Prunus_avium	mito	ctg000001c	281095	1	true	45.94	ctg_fasta
Prunus_avium	mito	ctg000002c	163463	1	true	45.08	ctg_fasta
Prunus_domestica	mito	ctg000001c	477271	2	true	45.47	ctg_fasta
Prunus_laurocerasus	mito	ctg000001c	327423	2	true	45.58	ctg_fasta
Prunus_laurocerasus	mito	ctg000002c	260784	4	true	44.88	ctg_fasta
Prunus_lusitanica	mito	ctg000001c	509205	10	true	45.31	ctg_fasta
Prunus_padus	mito	ctg000001c	280280	4	true	45.47	ctg_fasta
Prunus_padus	mito	ctg000002c	155921	1	true	45.73	ctg_fasta
Prunus_spinosa	mito	ctg000001c	477416	1	true	45.47	ctg_fasta
Pseudisothecium_interludens	mito	ctg000001c	104588	1	true	41.18	ctg_fasta
Pseudobryum_cinclidioides	mito	ctg000001c	100146	1	true	39.83	ctg_fasta
Pseudofumaria_lutea	mito	ctg000001c	639090	4	true	45.73	ctg_fasta
Pseudognaphalium_luteoalbum	mito	ctg000001c	241679	4	true	45.36	ctg_fasta
Pseudoscleropodium_purum	mito	ctg000001c	104998	1	true	41.02	ctg_fasta
Pseudotaxiphyllum_elegans	mito	ctg000001c	104972	2	true	41.03	ctg_fasta
Pseudotsuga_menziesii	mito						no_assembly
Pteridium_aquilinum	mito	ctg000001l	14051	1	false	49.73	ctg_fasta
Pteridium_aquilinum	mito	ctg000002l	5039	1	false	47.27	ctg_fasta
Pteridium_aquilinum	mito	ctg000003l	2816	1	false	48.26	ctg_fasta
Pteridium_aquilinum	mito	ctg000004l	5893	1	false	48.77	ctg_fasta
Pteridium_aquilinum	mito	ctg000005l	4692	1	false	51.58	ctg_fasta
Pteridium_aquilinum	mito	ctg000006l	5592	1	false	44.76	ctg_fasta
Pteridium_aquilinum	mito	ctg000007l	6660	1	false	48.39	ctg_fasta
Pteridium_aquilinum	mito	ctg000008l	5301	1	false	46.26	ctg_fasta
Pteridium_aquilinum	mito	ctg000009l	13473	1	false	48.91	ctg_fasta
Pteridium_aquilinum	mito	ctg000010l	7000	1	false	49.69	ctg_fasta
Pteridium_aquilinum	mito	ctg000011l	2705	1	false	43.48	ctg_fasta
Pteridium_aquilinum	mito	ctg000012l	1589	1	false	50.47	ctg_fasta
Pteridium_aquilinum	mito	ctg000013l	1684	1	false	49.41	ctg_fasta
Pteridium_aquilinum	mito	ctg000014l	1588	1	false	50.31	ctg_fasta
Pteridium_aquilinum	mito	ctg000015l	1664	1	false	51.8	ctg_fasta
Pteridium_aquilinum	mito	ctg000016l	9701	1	false	41.62	ctg_fasta
Pteridium_aquilinum	mito	ctg000017l	2134	1	false	50.05	ctg_fasta
Pteridium_aquilinum	mito	ctg000018l	1683	1	false	49.32	ctg_fasta
Pteridium_aquilinum	mito	ctg000019l	3598	1	false	50.56	ctg_fasta
Pteridium_aquilinum	mito	ctg000020l	15686	1	false	45.45	ctg_fasta
Pteridium_aquilinum	mito	ctg000021l	3293	1	false	51.87	ctg_fasta
Pteridium_aquilinum	mito	ctg000022l	8934	1	false	48.58	ctg_fasta
Pteridium_aquilinum	mito	ctg000023l	11515	1	false	49.93	ctg_fasta
Pteridium_aquilinum	mito	ctg000024l	7276	1	false	47.33	ctg_fasta
Pteridium_aquilinum	mito	ctg000025l	2098	1	false	48.9	ctg_fasta
Pteridium_aquilinum	mito	ctg000026l	1615	1	false	47.99	ctg_fasta
Pteridium_aquilinum	mito	ctg000027l	1635	1	false	47.95	ctg_fasta
Pteridium_aquilinum	mito	ctg000028l	3453	1	false	52.59	ctg_fasta
Pteridium_aquilinum	mito	ctg000029l	8124	1	false	47.87	ctg_fasta
Pteridium_aquilinum	mito	ctg000030l	2606	1	false	45.66	ctg_fasta
Pteridium_aquilinum	mito	ctg000031l	1636	1	false	48.11	ctg_fasta
Pteridium_aquilinum	mito	ctg000032l	1386	1	false	47.84	ctg_fasta
Pteridium_aquilinum	mito	ctg000033l	1385	1	false	48.01	ctg_fasta
Pteridium_aquilinum	mito	ctg000034l	1468	1	false	52.18	ctg_fasta
Pteridium_aquilinum	mito	ctg000035l	1404	1	false	52.07	ctg_fasta
Pteridium_aquilinum	mito	ctg000036l	1400	1	false	51.21	ctg_fasta
Pteridium_aquilinum	mito	ctg000037l	1380	1	false	51.81	ctg_fasta
Pteridium_aquilinum	mito	ctg000038l	1415	1	false	52.01	ctg_fasta
Pteridium_aquilinum	mito	ctg000039l	1432	1	false	51.61	ctg_fasta
Pteridium_aquilinum	mito	ctg000040l	1423	1	false	49.26	ctg_fasta
Pteridium_aquilinum	mito	ctg000041l	1422	1	false	49.09	ctg_fasta
Pteridium_aquilinum	mito	ctg000042l	1417	1	false	52.72	ctg_fasta
Pteridium_aquilinum	mito	ctg000043l	1384	1	false	47.83	ctg_fasta
Pteridium_aquilinum	mito	ctg000044l	1370	1	false	48.18	ctg_fasta
Pteridium_aquilinum	mito	ctg000045l	1435	1	false	49.83	ctg_fasta
Pteridium_aquilinum	mito	ctg000046l	1399	1	false	51.04	ctg_fasta
Pteridium_aquilinum	mito	ctg000047l	1349	1	false	50.63	ctg_fasta
Pteridium_aquilinum	mito	ctg000048l	1406	1	false	49.5	ctg_fasta
Pteridium_aquilinum	mito	ctg000049l	1405	1	false	49.61	ctg_fasta
Pteridium_aquilinum	mito	ctg000050l	1419	1	false	51.37	ctg_fasta
Pteridium_aquilinum	mito	ctg000051l	1434	1	false	49.65	ctg_fasta
Pteridium_aquilinum	mito	ctg000052l	1416	1	false	52.19	ctg_fasta
Pteridium_aquilinum	mito	ctg000053l	1482	1	false	49.33	ctg_fasta
Pteridium_aquilinum	mito	ctg000054l	1481	1	false	49.22	ctg_fasta
Pteridium_aquilinum	mito	ctg000055l	1482	1	false	49.39	ctg_fasta
Pteridium_aquilinum	mito	ctg000056l	1396	1	false	49.21	ctg_fasta
Pteridium_aquilinum	mito	ctg000057l	1397	1	false	49.39	ctg_fasta
Pteridium_aquilinum	mito	ctg000058l	1411	1	false	49.26	ctg_fasta
Pteridium_aquilinum	mito	ctg000059l	1433	1	false	51.36	ctg_fasta
Pteridium_aquilinum	mito	ctg000060l	1363	1	false	41.89	ctg_fasta
Pteridium_aquilinum	mito	ctg000061l	1364	1	false	42.08	ctg_fasta
Pterigynandrum_filiforme	mito	ctg000001c	105173	2	true	40.91	ctg_fasta
Ptilidium_ciliare	mito	ctg000001c	179562	1	true	44.82	ctg_fasta
Ptilium_crista_castrensis	mito	ctg000001c	104497	2	true	41.06	ctg_fasta
Ptychomitrium_polyphyllum	mito	ctg000001c	101935	1	true	39.65	ctg_fasta
Ptychostomum_cyclophyllum	mito	ctg000001c	99358	2	true	39.32	ctg_fasta
Ptychostomum_pallens	mito	ctg000001c	99293	1	true	39.33	ctg_fasta
Puccinellia_maritima	mito	ctg000001c	502932	24	true	44.33	ctg_fasta
Pulicaria_dysenterica	mito	ctg000001c	374392	11	true	45.0	ctg_fasta
Pulicaria_vulgaris	mito	ctg000001c	137558	4	true	44.73	ctg_fasta
Pulicaria_vulgaris	mito	ctg000002c	202098	4	true	45.54	ctg_fasta
Pyrola_rotundifolia	mito	ctg000001l	711537	20	false	45.15	ctg_fasta
Pyrola_rotundifolia	mito	ctg000002l	25773	1	false	45.42	ctg_fasta
Pyrola_rotundifolia	mito	ctg000003l	48893	1	false	45.64	ctg_fasta
Pyrus_communis	mito	ctg000001c	260343	1	true	45.13	ctg_fasta
Pyrus_communis	mito	ctg000002c	183187	1	true	45.42	ctg_fasta
Quercus_cerris	mito	ctg000001l	380468	5	false	45.75	ctg_fasta
Quercus_cerris	mito	ctg000002l	15003	1	false	44.68	ctg_fasta
Quercus_cerris	mito	ctg000003l	925073	27	false	44.97	ctg_fasta
Quercus_cerris	mito	ctg000004l	56456	1	false	45.09	ctg_fasta
Quercus_cerris	mito	ctg000005l	48236	1	false	45.04	ctg_fasta
Quercus_cerris	mito	ctg000006l	14371	1	false	42.72	ctg_fasta
Quercus_cerris	mito	ctg000007c	78906	1	true	43.97	ctg_fasta
Quercus_ilex	mito	ctg000001l	517113	15	false	45.85	ctg_fasta
Quercus_ilex	mito	ctg000002l	28180	1	false	45.38	ctg_fasta
Quercus_petraea	mito	ctg000001c	349290	9	true	46.09	ctg_fasta
Quercus_petraea	mito	ctg000002l	30423	1	false	43.74	ctg_fasta
Quercus_robur	mito	ctg000001c	390899	12	true	45.92	ctg_fasta
Racomitrium_heterostichum	mito	ctg000001c	106122	1	true	39.74	ctg_fasta
Radula_complanata	mito	ctg000001c	145033	1	true	43.46	ctg_fasta
Ranunculus_acris	mito	ctg000001l	160718	2	false	45.51	ctg_fasta
Ranunculus_acris	mito	ctg000002l	14258	1	false	44.19	ctg_fasta
Ranunculus_acris	mito	ctg000003l	104232	1	false	44.72	ctg_fasta
Ranunculus_acris	mito	ctg000004l	33585	1	false	44.28	ctg_fasta
Ranunculus_acris	mito	ctg000005l	15430	1	false	44.76	ctg_fasta
Ranunculus_acris	mito	ctg000006l	12857	1	false	46.67	ctg_fasta
Ranunculus_acris	mito	ctg000007l	61826	1	false	44.9	ctg_fasta
Ranunculus_acris	mito	ctg000008l	38798	1	false	46.71	ctg_fasta
Ranunculus_acris	mito	ctg000009l	11573	1	false	47.07	ctg_fasta
Ranunculus_acris	mito	ctg000010l	84061	1	false	45.48	ctg_fasta
Ranunculus_auricomus	mito	ctg000001l	554065	17	false	46.24	ctg_fasta
Ranunculus_auricomus	mito	ctg000002l	51060	1	false	45.52	ctg_fasta
Ranunculus_auricomus	mito	ctg000003c	75587	1	true	46.37	ctg_fasta
Ranunculus_bulbosus	mito	ctg000001c	600228	11	true	45.56	ctg_fasta
Ranunculus_bulbosus	mito	ctg000002c	62703	1	true	46.25	ctg_fasta
Ranunculus_bulbosus	mito	ctg000003l	159823	1	false	45.91	ctg_fasta
Ranunculus_bulbosus	mito	ctg000004l	37951	1	false	45.05	ctg_fasta
Ranunculus_flammula	mito	ctg000001l	922828	17	false	45.73	ctg_fasta
Ranunculus_flammula	mito	ctg000002l	36405	1	false	45.71	ctg_fasta
Ranunculus_omiophyllus	mito						no_assembly
Ranunculus_repens	mito	ctg000001c	478838	6	true	45.86	ctg_fasta
Ranunculus_repens	mito	ctg000002c	118306	1	true	46.0	ctg_fasta
Ranunculus_repens	mito	ctg000003l	13004	1	false	46.75	ctg_fasta
Ranunculus_repens	mito	ctg000004c	179026	4	true	45.98	ctg_fasta
Ranunculus_repens	mito	ctg000005c	83397	1	true	45.72	ctg_fasta
Ranunculus_sardous	mito	ctg000001c	726071	9	true	45.73	ctg_fasta
Ranunculus_sardous	mito	ctg000002c	109849	1	true	46.05	ctg_fasta
Ranunculus_sardous	mito	ctg000003l	20456	1	false	45.67	ctg_fasta
Ranunculus_sceleratus	mito	ctg000001l	729527	14	false	45.97	ctg_fasta
Ranunculus_sceleratus	mito	ctg000002l	113657	1	false	46.11	ctg_fasta
Ranunculus_sceleratus	mito	ctg000003l	21460	1	false	44.21	ctg_fasta
Raphanus_raphanistrum	mito	ctg000001c	186238	13	true	45.11	ctg_fasta
Raphanus_raphanistrum	mito	ctg000002c	56666	2	true	45.76	ctg_fasta
Reseda_lutea	mito	ctg000001c	173858	1	true	45.46	ctg_fasta
Reseda_lutea	mito	ctg000002c	473004	5	true	44.82	ctg_fasta
Reseda_luteola	mito	ctg000001c	515708	18	true	44.97	ctg_fasta
Reseda_luteola	mito	ctg000002c	88854	1	true	45.36	ctg_fasta
Reynoutria_japonica	mito	ctg000001c	360510	11	true	44.38	ctg_fasta
Rhabdoweisia_crispata	mito	ctg000001c	105627	1	true	39.78	ctg_fasta
Rhamnus_cathartica	mito	ctg000001l	533170	23	false	45.12	ctg_fasta
Rhinanthus_minor	mito	ctg000001c	74526	1	true	43.59	ctg_fasta
Rhinanthus_minor	mito	ctg000002c	37995	1	true	44.74	ctg_fasta
Rhinanthus_minor	mito	ctg000003c	60302	5	true	44.58	ctg_fasta
Rhinanthus_minor	mito	ctg000004c	29938	2	true	45.0	ctg_fasta
Rhinanthus_minor	mito	ctg000005c	43573	1	true	44.67	ctg_fasta
Rhinanthus_minor	mito	ctg000006c	62479	1	true	44.58	ctg_fasta
Rhinanthus_minor	mito	ctg000007c	25829	1	true	43.59	ctg_fasta
Rhodiola_rosea	mito	ctg000001c	256842	19	true	44.3	ctg_fasta
Rhodiola_rosea	mito	ctg000002l	22650	1	false	37.35	ctg_fasta
Rhodobryum_roseum	mito	ctg000001c	102623	1	true	39.72	ctg_fasta
Rhododendron_ponticum	mito	ctg000001l	918612	7	false	45.64	ctg_fasta
Rhododendron_ponticum	mito	ctg000002l	40709	1	false	45.17	ctg_fasta
Rhynchospora_alba	mito	ctg000001c	1152487	37	true	42.34	ctg_fasta
Rhynchospora_alba	mito	ctg000002l	17595	1	false	41.65	ctg_fasta
Rhynchospora_alba	mito	ctg000003l	48357	1	false	41.51	ctg_fasta
Rhynchospora_alba	mito	ctg000004l	15585	1	false	42.86	ctg_fasta
Rhynchostegiella_tenella	mito	ctg000001c	104512	1	true	41.06	ctg_fasta
Rhynchostegium_confertum	mito	ctg000001c	104676	1	true	40.95	ctg_fasta
Rhynchostegium_megapolitanum	mito	ctg000001c	104537	1	true	40.93	ctg_fasta
Rhynchostegium_riparioides	mito						no_assembly
Rhytidiadelphus_loreus	mito	ctg000001c	104814	1	true	40.92	ctg_fasta
Rhytidium_rugosum	mito	ctg000001c	104250	1	true	41.05	ctg_fasta
Ribes_nigrum	mito	ctg000001c	303862	1	true	45.97	ctg_fasta
Ribes_nigrum	mito	ctg000002c	146359	1	true	45.52	ctg_fasta
Ribes_rubrum	mito	ctg000001c	531837	14	true	45.64	ctg_fasta
Riccardia_palmata	mito	ctg000001c	149408	4	true	46.4	ctg_fasta
Riccia_beyrichiana	mito	ctg000001c	187413	1	true	42.61	ctg_fasta
Riccia_sorocarpa	mito	ctg000001c	187397	1	true	42.61	ctg_fasta
Robinia_pseudoacacia	mito	ctg000001c	401153	2	true	45.24	ctg_fasta
Rorippa_islandica	mito	ctg000001c	254373	1	true	44.98	ctg_fasta
Rorippa_sylvestris	mito	ctg000001c	189014	1	true	44.83	ctg_fasta
Rorippa_sylvestris	mito	ctg000002c	64997	1	true	45.25	ctg_fasta
Rosa_agrestis	mito	ctg000001c	271191	1	true	45.39	ctg_fasta
Rosa_canina	mito	ctg000001c	273192	4	true	45.57	ctg_fasta
Rosa_rubiginosa	mito	ctg000001c	271191	2	true	45.39	ctg_fasta
Rosa_rugosa	mito	ctg000001c	302780	1	true	45.23	ctg_fasta
Rosa_spinosissima	mito	ctg000001c	290803	4	true	45.24	ctg_fasta
Rosulabryum_capillare	mito	ctg000001c	100034	1	true	39.28	ctg_fasta
Rubus_caesius	mito	ctg000001c	423344	8	true	44.17	ctg_fasta
Rubus_chamaemorus	mito	ctg000001c	207293	1	true	44.92	ctg_fasta
Rubus_chamaemorus	mito	ctg000002c	148841	1	true	44.15	ctg_fasta
Rubus_idaeus	mito	ctg000001c	406480	4	true	44.42	ctg_fasta
Rubus_saxatilis	mito	ctg000001c	382071	4	true	44.71	ctg_fasta
Rumex_acetosa	mito	ctg000001c	46198	1	true	43.64	ctg_fasta
Rumex_acetosa	mito	ctg000002c	41624	1	true	43.68	ctg_fasta
Rumex_acetosa	mito	ctg000003c	50397	1	true	45.63	ctg_fasta
Rumex_acetosa	mito	ctg000004c	44664	1	true	43.37	ctg_fasta
Rumex_acetosa	mito	ctg000005c	72764	1	true	45.28	ctg_fasta
Rumex_acetosa	mito	ctg000006c	44629	1	true	44.48	ctg_fasta
Rumex_acetosa	mito	ctg000007c	40893	1	true	43.05	ctg_fasta
Rumex_acetosella	mito	ctg000001c	84450	1	true	44.07	ctg_fasta
Rumex_acetosella	mito	ctg000002c	63817	1	true	43.37	ctg_fasta
Rumex_acetosella	mito	ctg000003c	28725	1	true	41.77	ctg_fasta
Rumex_acetosella	mito	ctg000004c	30936	1	true	43.39	ctg_fasta
Rumex_acetosella	mito	ctg000005l	52837	8	false	42.64	ctg_fasta
Rumex_acetosella	mito	ctg000006c	40319	1	true	44.27	ctg_fasta
Rumex_acetosella	mito	ctg000007c	32435	1	true	44.8	ctg_fasta
Rumex_hydrolapathum	mito	ctg000001l	402532	9	false	44.05	ctg_fasta
Rumex_obtusifolius	mito	ctg000001c	430411	23	true	44.05	ctg_fasta
Rumex_sanguineus	mito	ctg000001l	435174	18	false	44.2	ctg_fasta
Rumex_sanguineus	mito	ctg000002l	413126	22	false	43.83	ctg_fasta
Ruppia_maritima	mito	ctg000001c	256613	8	true	49.64	ctg_fasta
Ruscus_aculeatus	mito						no_assembly
Sabulina_verna	mito	ctg000001c	377694	12	true	44.16	ctg_fasta
Saccogyna_viticulosa	mito	ctg000001c	164434	1	true	45.09	ctg_fasta
Sagina_nodosa	mito						no_assembly
Sagina_procumbens	mito	ctg000001c	692100	27	true	37.98	ctg_fasta
Sagina_procumbens	mito	ctg000002c	124045	4	true	38.12	ctg_fasta
Sagina_procumbens	mito	ctg000003c	39603	2	true	38.16	ctg_fasta
Salicornia_ramosissima	mito	ctg000001c	328550	16	true	44.07	ctg_fasta
Salix_alba	mito	ctg000001c	754609	1	true	44.79	ctg_fasta
Salix_arbuscula	mito	ctg000001c	446469	1	true	45.16	ctg_fasta
Salix_arbuscula	mito	ctg000002c	178109	1	true	44.6	ctg_fasta
Salix_aurita	mito	ctg000001c	640503	4	true	44.97	ctg_fasta
Salix_caprea	mito	ctg000001c	473774	2	true	44.87	ctg_fasta
Salix_caprea	mito	ctg000002c	132254	1	true	45.39	ctg_fasta
Salix_cinerea	mito	ctg000001c	686789	6	true	44.9	ctg_fasta
Salix_euxina	mito	ctg000001c	754598	1	true	44.79	ctg_fasta
Salix_herbacea	mito	ctg000001c	692630	7	true	44.99	ctg_fasta
Salix_lanata	mito	ctg000001c	659043	4	true	44.92	ctg_fasta
Salix_lapponum	mito	ctg000001c	595303	4	true	44.97	ctg_fasta
Salix_myrsinifolia	mito	ctg000001c	629465	1	true	44.99	ctg_fasta
Salix_pentandra	mito	ctg000001c	754545	2	true	44.79	ctg_fasta
Salix_phylicifolia	mito	ctg000001c	293532	4	true	45.23	ctg_fasta
Salix_purpurea	mito	ctg000001c	642558	4	true	45.0	ctg_fasta
Salix_repens	mito	ctg000001c	645969	4	true	45.01	ctg_fasta
Salix_reticulata	mito	ctg000001c	643145	4	true	44.95	ctg_fasta
Salix_triandra	mito	ctg000001c	762701	1	true	44.79	ctg_fasta
Salix_viminalis	mito	ctg000001c	344909	4	true	45.05	ctg_fasta
Salix_viminalis	mito	ctg000002c	318432	1	true	44.9	ctg_fasta
Salvia_pratensis	mito	ctg000001c	341335	32	true	44.81	ctg_fasta
Salvia_verbenaca	mito	ctg000001c	183072	6	true	45.58	ctg_fasta
Salvia_verbenaca	mito	ctg000002c	110230	1	true	44.39	ctg_fasta
Sambucus_ebulus	mito	ctg000001c	675262	8	true	45.66	ctg_fasta
Sambucus_nigra	mito	ctg000001c	724114	6	true	45.76	ctg_fasta
Samolus_valerandi	mito	ctg000001c	431154	4	true	45.18	ctg_fasta
Sanguisorba_minor	mito	ctg000001l	280105	19	false	44.34	ctg_fasta
Sanguisorba_minor	mito	ctg000002c	286802	17	true	44.31	ctg_fasta
Sanicula_europaea	mito	ctg000001c	299043	17	true	44.9	ctg_fasta
Saponaria_officinalis	mito	ctg000001l	371909	17	false	43.93	ctg_fasta
Sarmentypnum_exannulatum	mito	ctg000001c	104610	1	true	40.89	ctg_fasta
Sarmentypnum_sarmentosum	mito	ctg000001c	105307	1	true	41.01	ctg_fasta
Sarracenia_purpurea	mito	ctg000001c	695612	14	true	45.49	ctg_fasta
Saxifraga_aizoides	mito	ctg000001c	545893	4	true	44.94	ctg_fasta
Saxifraga_aizoides	mito	ctg000002c	76077	1	true	44.75	ctg_fasta
Saxifraga_cernua	mito	ctg000001c	510534	14	true	45.03	ctg_fasta
Saxifraga_cernua	mito	ctg000002c	70094	1	true	44.15	ctg_fasta
Saxifraga_cernua	mito	ctg000003c	41745	1	true	45.08	ctg_fasta
Saxifraga_cernua	mito	ctg000004c	32010	1	true	44.35	ctg_fasta
Saxifraga_cernua	mito	ctg000005c	21351	1	true	45.76	ctg_fasta
Saxifraga_cespitosa	mito	ctg000001c	483761	6	true	44.37	ctg_fasta
Saxifraga_hirsuta	mito	ctg000001c	455954	4	true	44.73	ctg_fasta
Saxifraga_hypnoides	mito	ctg000001c	300896	8	true	44.38	ctg_fasta
Saxifraga_hypnoides	mito	ctg000002c	141653	2	true	44.18	ctg_fasta
Saxifraga_hypnoides	mito	ctg000003c	124925	1	true	43.81	ctg_fasta
Saxifraga_oppositifolia	mito	ctg000001l	426377	20	false	44.8	ctg_fasta
Saxifraga_oppositifolia	mito	ctg000002l	19638	1	false	46.11	ctg_fasta
Saxifraga_oppositifolia	mito	ctg000003c	76752	1	true	44.62	ctg_fasta
Saxifraga_tridactylites	mito	ctg000001c	291327	4	true	44.98	ctg_fasta
Scabiosa_columbaria	mito	ctg000001c	488867	37	true	45.08	ctg_fasta
Scabiosa_columbaria	mito	ctg000002l	10139	1	false	39.8	ctg_fasta
Scabiosa_columbaria	mito	ctg000003l	10036	1	false	44.37	ctg_fasta
Scabiosa_columbaria	mito	ctg000004l	22960	1	false	44.9	ctg_fasta
Scapania_compacta	mito	ctg000001c	142609	2	true	45.03	ctg_fasta
Scapania_gracilis	mito	ctg000001c	143046	1	true	44.94	ctg_fasta
Scapania_irrigua	mito	ctg000001l	139783	1	false	44.96	ctg_fasta
Scapania_ornithopodioides	mito	ctg000001c	143038	1	true	45.08	ctg_fasta
Scapania_uliginosa	mito	ctg000001c	141352	1	true	45.02	ctg_fasta
Scapania_undulata	mito	ctg000001c	141178	1	true	45.0	ctg_fasta
Scheuchzeria_palustris	mito	ctg000001c	420724	2	true	47.33	ctg_fasta
Schistidium_strictum	mito	ctg000001c	106235	1	true	39.6	ctg_fasta
Schoenoplectus_lacustris	mito	ctg000001l	2129711	26	false	42.69	ctg_fasta
Schoenoplectus_lacustris	mito	ctg000002l	28661	1	false	42.41	ctg_fasta
Schoenoplectus_tabernaemontani	mito	ctg000001c	1422393	34	true	42.63	ctg_fasta
Schoenoplectus_tabernaemontani	mito	ctg000002c	424244	6	true	42.76	ctg_fasta
Schoenoplectus_tabernaemontani	mito	ctg000003l	90206	1	false	42.14	ctg_fasta
Schoenoplectus_tabernaemontani	mito	ctg000004l	10836	1	false	43.44	ctg_fasta
Schoenoplectus_tabernaemontani	mito	ctg000005l	233174	1	false	43.06	ctg_fasta
Schoenoplectus_triqueter	mito	ctg000001l	1465842	23	false	42.7	ctg_fasta
Schoenoplectus_triqueter	mito	ctg000002l	75779	1	false	42.4	ctg_fasta
Schoenoplectus_triqueter	mito	ctg000003l	57018	1	false	42.16	ctg_fasta
Schoenoplectus_triqueter	mito	ctg000004l	51388	1	false	41.84	ctg_fasta
Schoenus_ferrugineus	mito	ctg000001c	1427456	21	true	41.97	ctg_fasta
Schoenus_ferrugineus	mito	ctg000002c	146690	3	true	42.06	ctg_fasta
Schoenus_ferrugineus	mito	ctg000003c	277051	3	true	41.79	ctg_fasta
Schoenus_ferrugineus	mito	ctg000004c	123418	1	true	42.17	ctg_fasta
Schoenus_ferrugineus	mito	ctg000005l	38738	1	false	43.11	ctg_fasta
Schoenus_ferrugineus	mito	ctg000006l	90594	1	false	42.52	ctg_fasta
Schoenus_ferrugineus	mito	ctg000007l	14874	1	false	41.33	ctg_fasta
Schoenus_ferrugineus	mito	ctg000008l	57524	1	false	42.95	ctg_fasta
Schoenus_ferrugineus	mito	ctg000009l	40374	1	false	41.03	ctg_fasta
Schoenus_nigricans	mito	ctg000001l	1236502	29	false	42.08	ctg_fasta
Schoenus_nigricans	mito	ctg000002l	89476	1	false	41.73	ctg_fasta
Schoenus_nigricans	mito	ctg000003l	224810	1	false	41.75	ctg_fasta
Schoenus_nigricans	mito	ctg000004l	52535	1	false	41.87	ctg_fasta
Schoenus_nigricans	mito	ctg000005l	70215	1	false	42.44	ctg_fasta
Scilla_verna	mito	ctg000001c	385499	33	true	47.1	ctg_fasta
Scilla_verna	mito	ctg000002c	64701	2	true	46.44	ctg_fasta
Scirpus_sylvaticus	mito	ctg000001c	1363674	17	true	41.05	ctg_fasta
Scirpus_sylvaticus	mito	ctg000002c	591549	6	true	41.08	ctg_fasta
Scirpus_sylvaticus	mito	ctg000003l	97552	1	false	41.11	ctg_fasta
Scirpus_sylvaticus	mito	ctg000004l	10251	1	false	41.21	ctg_fasta
Scirpus_sylvaticus	mito	ctg000005l	64979	1	false	41.54	ctg_fasta
Sciuro_hypnum_glaciale	mito	ctg000001c	104388	2	true	41.04	ctg_fasta
Sciuro_hypnum_plumosum	mito	ctg000001c	104610	1	true	40.89	ctg_fasta
Scleranthus_perennis	mito	ctg000001l	7176	1	false	42.68	ctg_fasta
Scleranthus_perennis	mito	ctg000002l	7375	1	false	43.96	ctg_fasta
Scleranthus_perennis	mito	ctg000003l	7063	1	false	44.39	ctg_fasta
Scleranthus_perennis	mito	ctg000004l	3418	1	false	43.12	ctg_fasta
Scleranthus_perennis	mito	ctg000005l	11209	1	false	44.7	ctg_fasta
Scleranthus_perennis	mito	ctg000006l	6311	1	false	43.26	ctg_fasta
Scleranthus_perennis	mito	ctg000007l	1828	1	false	41.36	ctg_fasta
Scleranthus_perennis	mito	ctg000008l	2160	1	false	43.7	ctg_fasta
Scleranthus_perennis	mito	ctg000009l	1620	1	false	39.75	ctg_fasta
Scleranthus_perennis	mito	ctg000010l	1868	1	false	41.22	ctg_fasta
Scleranthus_perennis	mito	ctg000011l	1765	1	false	39.72	ctg_fasta
Scleranthus_perennis	mito	ctg000012l	7184	1	false	43.71	ctg_fasta
Scleranthus_perennis	mito	ctg000013l	7004	1	false	45.3	ctg_fasta
Scleranthus_perennis	mito	ctg000014l	1449	1	false	44.51	ctg_fasta
Scleranthus_perennis	mito	ctg000015l	10295	1	false	42.9	ctg_fasta
Scleranthus_perennis	mito	ctg000016l	3629	1	false	42.6	ctg_fasta
Scleranthus_perennis	mito	ctg000017l	1527	1	false	40.86	ctg_fasta
Scleranthus_perennis	mito	ctg000018l	10773	1	false	44.74	ctg_fasta
Scleranthus_perennis	mito	ctg000019l	19285	1	false	44.97	ctg_fasta
Scleranthus_perennis	mito	ctg000020l	7292	1	false	44.36	ctg_fasta
Scleranthus_perennis	mito	ctg000021l	3360	1	false	50.18	ctg_fasta
Scleranthus_perennis	mito	ctg000022l	1836	1	false	40.09	ctg_fasta
Scleranthus_perennis	mito	ctg000023l	8270	1	false	42.93	ctg_fasta
Scleranthus_perennis	mito	ctg000024l	23651	1	false	42.73	ctg_fasta
Scleranthus_perennis	mito	ctg000025l	2429	1	false	40.14	ctg_fasta
Scleranthus_perennis	mito	ctg000026l	9248	1	false	43.62	ctg_fasta
Scleranthus_perennis	mito	ctg000027l	6733	1	false	41.84	ctg_fasta
Scleranthus_perennis	mito	ctg000028l	1538	1	false	42.0	ctg_fasta
Scleranthus_perennis	mito	ctg000029l	20219	1	false	43.37	ctg_fasta
Scleranthus_perennis	mito	ctg000030l	10105	1	false	42.8	ctg_fasta
Scleranthus_perennis	mito	ctg000031l	1495	1	false	39.26	ctg_fasta
Scleranthus_perennis	mito	ctg000032l	16189	1	false	42.75	ctg_fasta
Scleranthus_perennis	mito	ctg000033l	2118	1	false	44.0	ctg_fasta
Scleranthus_perennis	mito	ctg000034l	2028	1	false	48.08	ctg_fasta
Scleranthus_perennis	mito	ctg000035l	1943	1	false	44.11	ctg_fasta
Scleranthus_perennis	mito	ctg000036l	1871	1	false	42.12	ctg_fasta
Scleranthus_perennis	mito	ctg000037l	2085	1	false	52.85	ctg_fasta
Scleranthus_perennis	mito	ctg000038l	3440	1	false	42.03	ctg_fasta
Scleranthus_perennis	mito	ctg000039l	2132	1	false	49.02	ctg_fasta
Scleranthus_perennis	mito	ctg000040l	5832	1	false	48.39	ctg_fasta
Scleranthus_perennis	mito	ctg000041l	1375	1	false	43.35	ctg_fasta
Scleranthus_perennis	mito	ctg000042l	1476	1	false	39.91	ctg_fasta
Scleranthus_perennis	mito	ctg000043l	1496	1	false	39.17	ctg_fasta
Scleranthus_perennis	mito	ctg000044l	1409	1	false	40.95	ctg_fasta
Scleranthus_perennis	mito	ctg000045l	1398	1	false	40.56	ctg_fasta
Scleranthus_perennis	mito	ctg000046l	1397	1	false	40.94	ctg_fasta
Scleranthus_perennis	mito	ctg000047l	1486	1	false	39.64	ctg_fasta
Scleranthus_perennis	mito	ctg000048l	1415	1	false	44.52	ctg_fasta
Scleranthus_perennis	mito	ctg000049l	1419	1	false	40.24	ctg_fasta
Scleranthus_perennis	mito	ctg000050l	1481	1	false	40.45	ctg_fasta
Scleranthus_perennis	mito	ctg000051l	1421	1	false	40.89	ctg_fasta
Scleranthus_perennis	mito	ctg000052l	1421	1	false	41.1	ctg_fasta
Scleranthus_perennis	mito	ctg000053l	1406	1	false	43.81	ctg_fasta
Scleranthus_perennis	mito	ctg000054l	1421	1	false	43.63	ctg_fasta
Scleranthus_perennis	mito	ctg000055l	1427	1	false	41.91	ctg_fasta
Scleranthus_perennis	mito	ctg000056l	1449	1	false	39.82	ctg_fasta
Scleranthus_perennis	mito	ctg000057l	1413	1	false	43.74	ctg_fasta
Scleranthus_perennis	mito	ctg000058l	1435	1	false	39.72	ctg_fasta
Scleranthus_perennis	mito	ctg000059l	1413	1	false	41.76	ctg_fasta
Scleranthus_perennis	mito	ctg000060l	1432	1	false	40.01	ctg_fasta
Scleranthus_perennis	mito	ctg000061l	1469	1	false	41.18	ctg_fasta
Scleranthus_perennis	mito	ctg000062l	1439	1	false	40.1	ctg_fasta
Scorpidium_scorpioides	mito	ctg000001c	104565	1	true	41.34	ctg_fasta
Scorzonera_humilis	mito	ctg000001c	360332	18	true	45.32	ctg_fasta
Scorzonera_humilis	mito	ctg000002l	21844	1	false	44.8	ctg_fasta
Scorzoneroides_autumnalis	mito	ctg000001l	351070	8	false	45.29	ctg_fasta
Scorzoneroides_autumnalis	mito	ctg000002l	261689	24	false	43.35	ctg_fasta
Scorzoneroides_autumnalis	mito	ctg000003l	12855	1	false	42.79	ctg_fasta
Scorzoneroides_autumnalis	mito	ctg000004l	21803	1	false	44.12	ctg_fasta
Scorzoneroides_autumnalis	mito	ctg000005l	15696	1	false	45.27	ctg_fasta
Scorzoneroides_autumnalis	mito	ctg000006l	40149	1	false	42.69	ctg_fasta
Scrophularia_auriculata	mito	ctg000001l	859443	5	false	44.73	ctg_fasta
Scrophularia_umbrosa	mito	ctg000001c	787095	8	true	45.04	ctg_fasta
Scrophularia_vernalis	mito	ctg000001l	604501	3	false	45.43	ctg_fasta
Scrophularia_vernalis	mito	ctg000002c	242133	1	true	45.13	ctg_fasta
Scrophularia_vernalis	mito	ctg000003c	125799	1	true	45.11	ctg_fasta
Scrophularia_vernalis	mito	ctg000004c	54475	1	true	44.71	ctg_fasta
Scutellaria_galericulata	mito	ctg000001c	326510	1	true	45.45	ctg_fasta
Scutellaria_minor	mito	ctg000001c	376641	8	true	45.3	ctg_fasta
Sedum_acre	mito	ctg000001c	123914	1	true	44.4	ctg_fasta
Sedum_acre	mito	ctg000002c	80123	1	true	44.68	ctg_fasta
Sedum_album	mito	ctg000001c	196470	1	true	45.3	ctg_fasta
Sedum_anglicum	mito	ctg000001c	210785	8	true	44.99	ctg_fasta
Sedum_anglicum	mito	ctg000002l	12552	1	false	46.4	ctg_fasta
Selaginella_selaginoides	mito	ctg000001l	16457	1	false	56.13	ctg_fasta
Selaginella_selaginoides	mito	ctg000002l	3938	1	false	55.84	ctg_fasta
Selaginella_selaginoides	mito	ctg000003l	10083	1	false	58.68	ctg_fasta
Selaginella_selaginoides	mito	ctg000004l	4357	1	false	59.97	ctg_fasta
Selaginella_selaginoides	mito	ctg000005l	3607	1	false	53.53	ctg_fasta
Selaginella_selaginoides	mito	ctg000006l	1620	1	false	56.23	ctg_fasta
Selaginella_selaginoides	mito	ctg000007l	1553	1	false	56.86	ctg_fasta
Selaginella_selaginoides	mito	ctg000008l	2422	1	false	56.07	ctg_fasta
Selaginella_selaginoides	mito	ctg000009l	4195	1	false	60.43	ctg_fasta
Selaginella_selaginoides	mito	ctg000010l	1400	1	false	53.93	ctg_fasta
Selaginella_selaginoides	mito	ctg000011l	1595	1	false	56.36	ctg_fasta
Selaginella_selaginoides	mito	ctg000012l	2296	1	false	55.57	ctg_fasta
Selaginella_selaginoides	mito	ctg000013l	2296	1	false	55.62	ctg_fasta
Selaginella_selaginoides	mito	ctg000014l	1461	1	false	52.09	ctg_fasta
Selaginella_selaginoides	mito	ctg000015l	1347	1	false	51.15	ctg_fasta
Selaginella_selaginoides	mito	ctg000016l	1417	1	false	53.28	ctg_fasta
Selaginella_selaginoides	mito	ctg000017l	2195	1	false	55.44	ctg_fasta
Selaginella_selaginoides	mito	ctg000018l	2687	1	false	55.9	ctg_fasta
Selaginella_selaginoides	mito	ctg000019l	2016	1	false	55.41	ctg_fasta
Selaginella_selaginoides	mito	ctg000020l	2014	1	false	55.31	ctg_fasta
Selaginella_selaginoides	mito	ctg000021l	1620	1	false	55.56	ctg_fasta
Selaginella_selaginoides	mito	ctg000022l	2294	1	false	55.67	ctg_fasta
Selaginella_selaginoides	mito	ctg000023l	2032	1	false	60.83	ctg_fasta
Selaginella_selaginoides	mito	ctg000024l	1930	1	false	58.13	ctg_fasta
Selaginella_selaginoides	mito	ctg000025l	2031	1	false	60.86	ctg_fasta
Selaginella_selaginoides	mito	ctg000026l	2134	1	false	60.87	ctg_fasta
Selaginella_selaginoides	mito	ctg000027l	1670	1	false	60.48	ctg_fasta
Selaginella_selaginoides	mito	ctg000028l	1465	1	false	52.08	ctg_fasta
Selaginella_selaginoides	mito	ctg000029l	1463	1	false	52.08	ctg_fasta
Selaginella_selaginoides	mito	ctg000030l	1465	1	false	52.08	ctg_fasta
Selaginella_selaginoides	mito	ctg000031l	1467	1	false	52.01	ctg_fasta
Selaginella_selaginoides	mito	ctg000032l	1461	1	false	52.09	ctg_fasta
Selaginella_selaginoides	mito	ctg000033l	2610	1	false	55.75	ctg_fasta
Selaginella_selaginoides	mito	ctg000034l	2159	1	false	55.44	ctg_fasta
Selaginella_selaginoides	mito	ctg000035l	1421	1	false	58.55	ctg_fasta
Selaginella_selaginoides	mito	ctg000036l	1416	1	false	58.69	ctg_fasta
Selaginella_selaginoides	mito	ctg000037l	1501	1	false	56.36	ctg_fasta
Selaginella_selaginoides	mito	ctg000038l	1501	1	false	56.36	ctg_fasta
Selaginella_selaginoides	mito	ctg000039l	1929	1	false	58.16	ctg_fasta
Selaginella_selaginoides	mito	ctg000040l	1683	1	false	54.55	ctg_fasta
Selaginella_selaginoides	mito	ctg000041l	1679	1	false	54.56	ctg_fasta
Selaginella_selaginoides	mito	ctg000042l	1679	1	false	54.56	ctg_fasta
Selaginella_selaginoides	mito	ctg000043l	1677	1	false	54.62	ctg_fasta
Selaginella_selaginoides	mito	ctg000044l	1494	1	false	52.54	ctg_fasta
Selaginella_selaginoides	mito	ctg000045l	1494	1	false	52.54	ctg_fasta
Selaginella_selaginoides	mito	ctg000046l	2405	1	false	55.3	ctg_fasta
Selaginella_selaginoides	mito	ctg000047l	2416	1	false	57.62	ctg_fasta
Selaginella_selaginoides	mito	ctg000048l	2101	1	false	56.69	ctg_fasta
Selaginella_selaginoides	mito	ctg000049l	2110	1	false	56.59	ctg_fasta
Selaginella_selaginoides	mito	ctg000050l	2107	1	false	56.62	ctg_fasta
Selaginella_selaginoides	mito	ctg000051l	2104	1	false	56.65	ctg_fasta
Selaginella_selaginoides	mito	ctg000052l	1941	1	false	54.87	ctg_fasta
Selaginella_selaginoides	mito	ctg000053l	2538	1	false	55.95	ctg_fasta
Selaginella_selaginoides	mito	ctg000054l	2530	1	false	55.97	ctg_fasta
Selaginella_selaginoides	mito	ctg000055l	4570	1	false	61.05	ctg_fasta
Selaginella_selaginoides	mito	ctg000056l	3023	1	false	56.53	ctg_fasta
Selaginella_selaginoides	mito	ctg000057l	1500	1	false	56.4	ctg_fasta
Selaginella_selaginoides	mito	ctg000058l	3047	1	false	51.39	ctg_fasta
Selaginella_selaginoides	mito	ctg000059l	2275	1	false	55.43	ctg_fasta
Selaginella_selaginoides	mito	ctg000060l	2281	1	false	55.37	ctg_fasta
Selaginella_selaginoides	mito	ctg000061l	2284	1	false	55.34	ctg_fasta
Selaginella_selaginoides	mito	ctg000062l	3781	1	false	58.56	ctg_fasta
Selaginella_selaginoides	mito	ctg000063l	2098	1	false	55.34	ctg_fasta
Selaginella_selaginoides	mito	ctg000064l	1761	1	false	55.03	ctg_fasta
Selaginella_selaginoides	mito	ctg000065l	2321	1	false	55.54	ctg_fasta
Selaginella_selaginoides	mito	ctg000066l	2317	1	false	55.46	ctg_fasta
Selaginella_selaginoides	mito	ctg000067l	1761	1	false	55.08	ctg_fasta
Selaginella_selaginoides	mito	ctg000068l	2056	1	false	57.3	ctg_fasta
Selaginella_selaginoides	mito	ctg000069l	2048	1	false	57.37	ctg_fasta
Selaginella_selaginoides	mito	ctg000070l	2389	1	false	56.63	ctg_fasta
Selaginella_selaginoides	mito	ctg000071l	1763	1	false	54.91	ctg_fasta
Selaginella_selaginoides	mito	ctg000072l	2393	1	false	56.75	ctg_fasta
Selaginella_selaginoides	mito	ctg000073l	2094	1	false	55.4	ctg_fasta
Selaginella_selaginoides	mito	ctg000074l	1663	1	false	56.76	ctg_fasta
Selaginella_selaginoides	mito	ctg000075l	1665	1	false	56.76	ctg_fasta
Selaginella_selaginoides	mito	ctg000076l	1665	1	false	56.76	ctg_fasta
Selaginella_selaginoides	mito	ctg000077l	2541	1	false	63.68	ctg_fasta
Selaginella_selaginoides	mito	ctg000078l	2564	1	false	63.69	ctg_fasta
Selaginella_selaginoides	mito	ctg000079l	6368	1	false	58.76	ctg_fasta
Selaginella_selaginoides	mito	ctg000080l	1305	1	false	56.78	ctg_fasta
Selaginella_selaginoides	mito	ctg000081l	1318	1	false	54.17	ctg_fasta
Selaginella_selaginoides	mito	ctg000082l	1290	1	false	51.09	ctg_fasta
Selaginella_selaginoides	mito	ctg000083l	1328	1	false	54.37	ctg_fasta
Selaginella_selaginoides	mito	ctg000084l	1420	1	false	58.03	ctg_fasta
Selaginella_selaginoides	mito	ctg000085l	1342	1	false	54.25	ctg_fasta
Selaginella_selaginoides	mito	ctg000086l	1438	1	false	57.72	ctg_fasta
Selaginella_selaginoides	mito	ctg000087l	1294	1	false	52.01	ctg_fasta
Selaginella_selaginoides	mito	ctg000088l	1294	1	false	51.93	ctg_fasta
Selaginella_selaginoides	mito	ctg000089l	1294	1	false	52.01	ctg_fasta
Selaginella_selaginoides	mito	ctg000090l	1352	1	false	55.84	ctg_fasta
Selaginella_selaginoides	mito	ctg000091l	1251	1	false	53.96	ctg_fasta
Selaginella_selaginoides	mito	ctg000092l	1272	1	false	52.67	ctg_fasta
Selaginella_selaginoides	mito	ctg000093l	1274	1	false	52.59	ctg_fasta
Selaginella_selaginoides	mito	ctg000094l	1346	1	false	54.38	ctg_fasta
Selaginella_selaginoides	mito	ctg000095l	1419	1	false	58.14	ctg_fasta
Selaginella_selaginoides	mito	ctg000096l	1344	1	false	54.39	ctg_fasta
Selaginella_selaginoides	mito	ctg000097l	1280	1	false	47.97	ctg_fasta
Selaginella_selaginoides	mito	ctg000098l	1415	1	false	61.06	ctg_fasta
Selaginella_selaginoides	mito	ctg000099l	1438	1	false	57.93	ctg_fasta
Selaginella_selaginoides	mito	ctg000100l	1388	1	false	54.18	ctg_fasta
Selaginella_selaginoides	mito	ctg000101l	1321	1	false	58.29	ctg_fasta
Selaginella_selaginoides	mito	ctg000102l	1266	1	false	54.11	ctg_fasta
Selaginella_selaginoides	mito	ctg000103l	1275	1	false	53.1	ctg_fasta
Selaginella_selaginoides	mito	ctg000104l	1349	1	false	56.26	ctg_fasta
Selaginella_selaginoides	mito	ctg000105l	1276	1	false	52.98	ctg_fasta
Selaginella_selaginoides	mito	ctg000106l	1267	1	false	54.14	ctg_fasta
Selaginella_selaginoides	mito	ctg000107l	1256	1	false	51.59	ctg_fasta
Selaginella_selaginoides	mito	ctg000108l	1302	1	false	53.69	ctg_fasta
Selaginella_selaginoides	mito	ctg000109l	1416	1	false	61.16	ctg_fasta
Selaginella_selaginoides	mito	ctg000110l	1413	1	false	61.22	ctg_fasta
Selaginella_selaginoides	mito	ctg000111l	1387	1	false	56.24	ctg_fasta
Selaginella_selaginoides	mito	ctg000112l	1378	1	false	59.87	ctg_fasta
Selaginella_selaginoides	mito	ctg000113l	1380	1	false	59.78	ctg_fasta
Selaginella_selaginoides	mito	ctg000114l	1251	1	false	54.04	ctg_fasta
Selaginella_selaginoides	mito	ctg000115l	1396	1	false	57.66	ctg_fasta
Selaginella_selaginoides	mito	ctg000116l	1332	1	false	53.23	ctg_fasta
Selaginella_selaginoides	mito	ctg000117l	1323	1	false	57.37	ctg_fasta
Selaginella_selaginoides	mito	ctg000118l	1451	1	false	57.34	ctg_fasta
Selaginella_selaginoides	mito	ctg000119l	1464	1	false	57.72	ctg_fasta
Selaginella_selaginoides	mito	ctg000120l	1278	1	false	48.12	ctg_fasta
Selaginella_selaginoides	mito	ctg000121l	1434	1	false	56.97	ctg_fasta
Selaginella_selaginoides	mito	ctg000122l	1369	1	false	59.82	ctg_fasta
Selaginella_selaginoides	mito	ctg000123l	1344	1	false	54.54	ctg_fasta
Selaginella_selaginoides	mito	ctg000124l	1369	1	false	59.75	ctg_fasta
Selaginella_selaginoides	mito	ctg000125l	1369	1	false	59.75	ctg_fasta
Selaginella_selaginoides	mito	ctg000126l	1289	1	false	54.93	ctg_fasta
Selaginella_selaginoides	mito	ctg000127l	1385	1	false	55.6	ctg_fasta
Selaginella_selaginoides	mito	ctg000128l	1323	1	false	57.37	ctg_fasta
Selaginella_selaginoides	mito	ctg000129l	1323	1	false	57.37	ctg_fasta
Selaginella_selaginoides	mito	ctg000130l	1325	1	false	57.28	ctg_fasta
Selaginella_selaginoides	mito	ctg000131l	1323	1	false	57.37	ctg_fasta
Senecio_eboracensis	mito	ctg000001c	275298	6	true	45.07	ctg_fasta
Senecio_eboracensis	mito	ctg000002l	16909	1	false	44.78	ctg_fasta
Senecio_squalidus	mito	ctg000001c	426188	18	true	44.81	ctg_fasta
Senecio_sylvaticus	mito	ctg000001c	270089	4	true	45.38	ctg_fasta
Senecio_viscosus	mito	ctg000001l	317357	7	false	44.93	ctg_fasta
Senecio_vulgaris	mito	ctg000001c	308355	4	true	45.07	ctg_fasta
Sesleria_caerulea	mito	ctg000001c	501953	11	true	44.28	ctg_fasta
Sesleria_caerulea	mito	ctg000002l	19226	1	false	46.23	ctg_fasta
Sesleria_caerulea	mito	ctg000003c	100647	1	true	43.78	ctg_fasta
Sherardia_arvensis	mito	ctg000001c	191917	2	true	43.2	ctg_fasta
Sibbaldia_procumbens	mito	ctg000001c	242415	1	true	45.24	ctg_fasta
Sibthorpia_europaea	mito	ctg000001c	340822	11	true	44.48	ctg_fasta
Silaum_silaus	mito	ctg000001l	122034	5	false	45.3	ctg_fasta
Silaum_silaus	mito	ctg000002l	11153	1	false	43.15	ctg_fasta
Silaum_silaus	mito	ctg000003l	36247	1	false	44.52	ctg_fasta
Silaum_silaus	mito	ctg000004l	74327	4	false	45.47	ctg_fasta
Silaum_silaus	mito	ctg000005c	37839	1	true	45.17	ctg_fasta
Silene_acaulis	mito	ctg000001c	1438165	56	true	42.66	ctg_fasta
Silene_acaulis	mito	ctg000002l	36745	1	false	42.43	ctg_fasta
Silene_acaulis	mito	ctg000003c	177813	1	true	42.13	ctg_fasta
Silene_acaulis	mito	ctg000004c	34547	1	true	42.17	ctg_fasta
Silene_acaulis	mito	ctg000005c	31758	1	true	44.05	ctg_fasta
Silene_dioica	mito						no_assembly
Silene_flos_cuculi	mito						no_assembly
Silene_latifolia	mito	ctg000001l	304470	20	false	42.37	ctg_fasta
Silene_uniflora	mito	ctg000001l	36358	1	false	43.31	ctg_fasta
Silene_uniflora	mito	ctg000002l	11108	1	false	40.07	ctg_fasta
Silene_uniflora	mito	ctg000003l	1584	1	false	39.58	ctg_fasta
Silene_uniflora	mito	ctg000004l	12594	1	false	44.46	ctg_fasta
Silene_uniflora	mito	ctg000005l	2140	1	false	42.01	ctg_fasta
Silene_uniflora	mito	ctg000006l	1757	1	false	44.74	ctg_fasta
Silene_uniflora	mito	ctg000007l	1953	1	false	43.42	ctg_fasta
Silene_uniflora	mito	ctg000008l	2195	1	false	40.55	ctg_fasta
Silene_uniflora	mito	ctg000009l	2193	1	false	40.58	ctg_fasta
Silene_uniflora	mito	ctg000010l	3964	1	false	43.34	ctg_fasta
Silene_uniflora	mito	ctg000011l	9773	1	false	41.48	ctg_fasta
Silene_uniflora	mito	ctg000012l	1543	1	false	36.16	ctg_fasta
Silene_uniflora	mito	ctg000013l	1766	1	false	36.35	ctg_fasta
Silene_uniflora	mito	ctg000014l	2624	1	false	40.7	ctg_fasta
Silene_uniflora	mito	ctg000015l	3267	1	false	39.64	ctg_fasta
Silene_uniflora	mito	ctg000016l	1663	1	false	36.98	ctg_fasta
Silene_uniflora	mito	ctg000017l	3684	1	false	44.14	ctg_fasta
Silene_uniflora	mito	ctg000018l	19184	1	false	43.2	ctg_fasta
Silene_uniflora	mito	ctg000019l	3912	1	false	44.94	ctg_fasta
Silene_uniflora	mito	ctg000020l	4165	1	false	43.17	ctg_fasta
Silene_uniflora	mito	ctg000021l	1485	1	false	41.28	ctg_fasta
Silene_uniflora	mito	ctg000022l	1487	1	false	40.82	ctg_fasta
Silene_uniflora	mito	ctg000023l	2217	1	false	38.16	ctg_fasta
Silene_uniflora	mito	ctg000024l	2279	1	false	40.37	ctg_fasta
Silene_uniflora	mito	ctg000025l	2253	1	false	43.19	ctg_fasta
Silene_uniflora	mito	ctg000026l	5334	1	false	42.5	ctg_fasta
Silene_uniflora	mito	ctg000027l	1585	1	false	36.53	ctg_fasta
Silene_uniflora	mito	ctg000028l	6166	1	false	46.19	ctg_fasta
Silene_uniflora	mito	ctg000029l	17429	1	false	41.88	ctg_fasta
Silene_uniflora	mito	ctg000030l	11950	1	false	42.37	ctg_fasta
Silene_uniflora	mito	ctg000031l	1660	1	false	42.17	ctg_fasta
Silene_uniflora	mito	ctg000032l	6096	1	false	43.55	ctg_fasta
Silene_uniflora	mito	ctg000033l	12933	1	false	41.48	ctg_fasta
Silene_uniflora	mito	ctg000034l	1987	1	false	40.01	ctg_fasta
Silene_uniflora	mito	ctg000035l	1483	1	false	38.98	ctg_fasta
Silene_uniflora	mito	ctg000036l	2511	1	false	37.75	ctg_fasta
Silene_uniflora	mito	ctg000037l	3092	1	false	43.43	ctg_fasta
Silene_uniflora	mito	ctg000038l	1787	1	false	38.95	ctg_fasta
Silene_uniflora	mito	ctg000039l	1922	1	false	39.39	ctg_fasta
Silene_uniflora	mito	ctg000040l	1578	1	false	42.21	ctg_fasta
Silene_uniflora	mito	ctg000041l	4985	1	false	43.07	ctg_fasta
Silene_uniflora	mito	ctg000042l	3999	1	false	36.18	ctg_fasta
Silene_uniflora	mito	ctg000043l	8933	1	false	41.54	ctg_fasta
Silene_uniflora	mito	ctg000044l	1499	1	false	36.22	ctg_fasta
Silene_uniflora	mito	ctg000045l	9084	1	false	40.03	ctg_fasta
Silene_uniflora	mito	ctg000046l	1698	1	false	45.82	ctg_fasta
Silene_uniflora	mito	ctg000047l	1400	1	false	41.21	ctg_fasta
Silene_uniflora	mito	ctg000048l	6283	1	false	43.15	ctg_fasta
Silene_uniflora	mito	ctg000049l	15773	1	false	41.16	ctg_fasta
Silene_uniflora	mito	ctg000050l	7855	1	false	41.54	ctg_fasta
Silene_uniflora	mito	ctg000051l	6796	1	false	41.55	ctg_fasta
Silene_uniflora	mito	ctg000052l	13314	1	false	43.77	ctg_fasta
Silene_uniflora	mito	ctg000053l	15121	1	false	42.95	ctg_fasta
Silene_uniflora	mito	ctg000054l	1429	1	false	43.11	ctg_fasta
Silene_uniflora	mito	ctg000055l	10142	1	false	42.32	ctg_fasta
Silene_uniflora	mito	ctg000056l	1358	1	false	44.18	ctg_fasta
Silene_uniflora	mito	ctg000057l	4061	1	false	41.57	ctg_fasta
Silene_uniflora	mito	ctg000058l	18733	1	false	41.83	ctg_fasta
Silene_uniflora	mito	ctg000059l	5831	1	false	39.24	ctg_fasta
Silene_uniflora	mito	ctg000060l	5272	1	false	44.75	ctg_fasta
Silene_uniflora	mito	ctg000061l	3142	1	false	39.24	ctg_fasta
Silene_uniflora	mito	ctg000062l	2253	1	false	40.26	ctg_fasta
Silene_uniflora	mito	ctg000063l	3971	1	false	41.48	ctg_fasta
Silene_uniflora	mito	ctg000064l	3353	1	false	47.39	ctg_fasta
Silene_uniflora	mito	ctg000065l	4036	1	false	44.25	ctg_fasta
Silene_uniflora	mito	ctg000066l	3671	1	false	42.52	ctg_fasta
Silene_uniflora	mito	ctg000067l	6700	1	false	41.76	ctg_fasta
Silene_uniflora	mito	ctg000068l	1746	1	false	40.09	ctg_fasta
Silene_uniflora	mito	ctg000069l	2024	1	false	40.42	ctg_fasta
Silene_uniflora	mito	ctg000070l	16921	1	false	40.96	ctg_fasta
Silene_uniflora	mito	ctg000071l	3780	1	false	46.85	ctg_fasta
Silene_uniflora	mito	ctg000072l	2250	1	false	40.93	ctg_fasta
Silene_uniflora	mito	ctg000073l	1462	1	false	44.19	ctg_fasta
Silene_uniflora	mito	ctg000074l	1363	1	false	44.61	ctg_fasta
Silene_uniflora	mito	ctg000075l	1428	1	false	40.06	ctg_fasta
Silene_uniflora	mito	ctg000076l	1423	1	false	39.92	ctg_fasta
Silene_uniflora	mito	ctg000077l	1487	1	false	38.87	ctg_fasta
Silene_uniflora	mito	ctg000078l	1502	1	false	37.08	ctg_fasta
Silene_uniflora	mito	ctg000079l	1530	1	false	35.62	ctg_fasta
Silene_uniflora	mito	ctg000080l	1436	1	false	42.06	ctg_fasta
Silene_uniflora	mito	ctg000081l	1456	1	false	38.74	ctg_fasta
Silene_uniflora	mito	ctg000082l	1483	1	false	33.51	ctg_fasta
Silene_uniflora	mito	ctg000083l	1408	1	false	42.47	ctg_fasta
Silene_uniflora	mito	ctg000084l	1512	1	false	38.43	ctg_fasta
Silene_uniflora	mito	ctg000085l	1520	1	false	37.57	ctg_fasta
Silene_uniflora	mito	ctg000086l	1510	1	false	38.01	ctg_fasta
Silene_uniflora	mito	ctg000087l	1504	1	false	36.44	ctg_fasta
Silene_uniflora	mito	ctg000088l	1493	1	false	37.64	ctg_fasta
Silene_uniflora	mito	ctg000089l	1493	1	false	36.91	ctg_fasta
Silene_uniflora	mito	ctg000090l	1463	1	false	37.18	ctg_fasta
Silene_uniflora	mito	ctg000091l	1443	1	false	43.17	ctg_fasta
Silene_uniflora	mito	ctg000092l	1541	1	false	36.08	ctg_fasta
Silene_uniflora	mito	ctg000093l	1497	1	false	36.87	ctg_fasta
Silene_uniflora	mito	ctg000094l	1378	1	false	42.38	ctg_fasta
Silene_uniflora	mito	ctg000095l	1480	1	false	37.16	ctg_fasta
Silene_uniflora	mito	ctg000096l	1487	1	false	39.95	ctg_fasta
Silene_uniflora	mito	ctg000097l	1495	1	false	40.54	ctg_fasta
Silene_uniflora	mito	ctg000098l	1474	1	false	39.48	ctg_fasta
Silene_uniflora	mito	ctg000099l	1390	1	false	45.54	ctg_fasta
Silene_uniflora	mito	ctg000100l	1474	1	false	42.74	ctg_fasta
Silene_uniflora	mito	ctg000101l	1497	1	false	41.15	ctg_fasta
Silene_uniflora	mito	ctg000102l	1452	1	false	42.91	ctg_fasta
Silene_uniflora	mito	ctg000103l	1415	1	false	45.65	ctg_fasta
Silene_uniflora	mito	ctg000104l	1499	1	false	40.56	ctg_fasta
Silene_uniflora	mito	ctg000105l	1402	1	false	40.37	ctg_fasta
Silene_uniflora	mito	ctg000106l	1408	1	false	41.97	ctg_fasta
Silene_uniflora	mito	ctg000107l	1507	1	false	39.02	ctg_fasta
Silene_uniflora	mito	ctg000108l	1524	1	false	39.37	ctg_fasta
Silene_uniflora	mito	ctg000109l	1500	1	false	32.87	ctg_fasta
Silene_uniflora	mito	ctg000110l	1376	1	false	42.88	ctg_fasta
Silene_uniflora	mito	ctg000111l	1477	1	false	38.59	ctg_fasta
Silene_uniflora	mito	ctg000112l	1492	1	false	36.93	ctg_fasta
Silene_uniflora	mito	ctg000113l	1548	1	false	35.53	ctg_fasta
Silene_uniflora	mito	ctg000114l	1416	1	false	40.61	ctg_fasta
Silene_uniflora	mito	ctg000115l	1350	1	false	41.41	ctg_fasta
Silene_uniflora	mito	ctg000116l	1490	1	false	43.15	ctg_fasta
Silene_uniflora	mito	ctg000117l	1562	1	false	38.09	ctg_fasta
Silene_uniflora	mito	ctg000118l	1521	1	false	40.63	ctg_fasta
Silene_uniflora	mito	ctg000119l	1382	1	false	43.85	ctg_fasta
Silene_vulgaris	mito	ctg000001l	149297	15	false	42.35	ctg_fasta
Silene_vulgaris	mito	ctg000002l	16672	1	false	41.25	ctg_fasta
Silene_vulgaris	mito	ctg000003l	17180	1	false	42.33	ctg_fasta
Silene_vulgaris	mito	ctg000004l	14059	1	false	43.23	ctg_fasta
Silene_vulgaris	mito	ctg000005l	11758	1	false	42.99	ctg_fasta
Silene_vulgaris	mito	ctg000006l	11781	1	false	40.47	ctg_fasta
Silene_vulgaris	mito	ctg000007c	18028	2	true	41.68	ctg_fasta
Silene_vulgaris	mito	ctg000008l	21452	1	false	40.81	ctg_fasta
Silene_vulgaris	mito	ctg000009l	11677	1	false	36.61	ctg_fasta
Silene_vulgaris	mito	ctg000010l	14894	1	false	42.04	ctg_fasta
Silene_vulgaris	mito	ctg000011c	4168	1	true	45.71	ctg_fasta
Silene_vulgaris	mito	ctg000012l	29954	1	false	42.97	ctg_fasta
Silene_vulgaris	mito	ctg000013c	9492	1	true	43.83	ctg_fasta
Sinapis_arvensis	mito	ctg000001c	240033	12	true	45.22	ctg_fasta
Sisymbrium_altissimum	mito	ctg000001c	314581	1	true	45.0	ctg_fasta
Sisymbrium_officinale	mito	ctg000001c	283896	8	true	44.95	ctg_fasta
Sisyrinchium_bermudianum	mito	ctg000001c	256296	6	true	46.31	ctg_fasta
Sium_latifolium	mito	ctg000001c	338839	9	true	44.8	ctg_fasta
Smyrnium_perfoliatum	mito	ctg000001l	9048	1	false	34.79	ctg_fasta
Smyrnium_perfoliatum	mito	ctg000002l	5803	1	false	44.13	ctg_fasta
Smyrnium_perfoliatum	mito	ctg000003l	1616	1	false	40.9	ctg_fasta
Smyrnium_perfoliatum	mito	ctg000004l	1798	1	false	42.21	ctg_fasta
Smyrnium_perfoliatum	mito	ctg000005l	1562	1	false	42.06	ctg_fasta
Smyrnium_perfoliatum	mito	ctg000006l	7623	1	false	45.11	ctg_fasta
Smyrnium_perfoliatum	mito	ctg000007l	9264	1	false	43.49	ctg_fasta
Smyrnium_perfoliatum	mito	ctg000008l	6539	1	false	46.18	ctg_fasta
Smyrnium_perfoliatum	mito	ctg000009l	1498	1	false	41.19	ctg_fasta
Smyrnium_perfoliatum	mito	ctg000010l	1307	1	false	39.94	ctg_fasta
Smyrnium_perfoliatum	mito	ctg000011l	1460	1	false	40.96	ctg_fasta
Smyrnium_perfoliatum	mito	ctg000012l	1443	1	false	40.12	ctg_fasta
Smyrnium_perfoliatum	mito	ctg000013l	1454	1	false	42.16	ctg_fasta
Smyrnium_perfoliatum	mito	ctg000014l	1584	1	false	43.5	ctg_fasta
Smyrnium_perfoliatum	mito	ctg000015l	8104	1	false	42.32	ctg_fasta
Smyrnium_perfoliatum	mito	ctg000016l	10301	1	false	46.0	ctg_fasta
Smyrnium_perfoliatum	mito	ctg000017l	1556	1	false	40.49	ctg_fasta
Smyrnium_perfoliatum	mito	ctg000018l	17820	1	false	46.34	ctg_fasta
Smyrnium_perfoliatum	mito	ctg000019l	6905	1	false	45.73	ctg_fasta
Smyrnium_perfoliatum	mito	ctg000020l	9266	1	false	37.89	ctg_fasta
Smyrnium_perfoliatum	mito	ctg000021l	1326	1	false	40.5	ctg_fasta
Smyrnium_perfoliatum	mito	ctg000022l	1298	1	false	39.45	ctg_fasta
Smyrnium_perfoliatum	mito	ctg000023l	10879	1	false	42.57	ctg_fasta
Smyrnium_perfoliatum	mito	ctg000024l	1413	1	false	41.05	ctg_fasta
Smyrnium_perfoliatum	mito	ctg000025l	1455	1	false	41.24	ctg_fasta
Smyrnium_perfoliatum	mito	ctg000026l	1356	1	false	38.94	ctg_fasta
Smyrnium_perfoliatum	mito	ctg000027l	1758	1	false	41.52	ctg_fasta
Smyrnium_perfoliatum	mito	ctg000028l	1422	1	false	43.6	ctg_fasta
Smyrnium_perfoliatum	mito	ctg000029l	1442	1	false	44.8	ctg_fasta
Smyrnium_perfoliatum	mito	ctg000030l	21444	1	false	41.51	ctg_fasta
Smyrnium_perfoliatum	mito	ctg000031l	5871	1	false	46.53	ctg_fasta
Smyrnium_perfoliatum	mito	ctg000032l	1734	1	false	44.06	ctg_fasta
Smyrnium_perfoliatum	mito	ctg000033l	1916	1	false	44.99	ctg_fasta
Smyrnium_perfoliatum	mito	ctg000034l	1465	1	false	42.53	ctg_fasta
Smyrnium_perfoliatum	mito	ctg000035l	1305	1	false	41.3	ctg_fasta
Smyrnium_perfoliatum	mito	ctg000036l	2763	1	false	43.29	ctg_fasta
Smyrnium_perfoliatum	mito	ctg000037l	1746	1	false	41.64	ctg_fasta
Smyrnium_perfoliatum	mito	ctg000038l	1495	1	false	42.61	ctg_fasta
Smyrnium_perfoliatum	mito	ctg000039l	1716	1	false	41.72	ctg_fasta
Smyrnium_perfoliatum	mito	ctg000040l	6929	1	false	37.75	ctg_fasta
Smyrnium_perfoliatum	mito	ctg000041l	1650	1	false	42.24	ctg_fasta
Smyrnium_perfoliatum	mito	ctg000042l	11099	1	false	43.61	ctg_fasta
Smyrnium_perfoliatum	mito	ctg000043l	1641	1	false	45.22	ctg_fasta
Smyrnium_perfoliatum	mito	ctg000044l	9376	1	false	43.68	ctg_fasta
Smyrnium_perfoliatum	mito	ctg000045l	14164	1	false	43.68	ctg_fasta
Smyrnium_perfoliatum	mito	ctg000046l	1733	1	false	44.26	ctg_fasta
Smyrnium_perfoliatum	mito	ctg000047l	1819	1	false	40.68	ctg_fasta
Smyrnium_perfoliatum	mito	ctg000048l	14731	1	false	46.84	ctg_fasta
Smyrnium_perfoliatum	mito	ctg000049l	13962	1	false	45.76	ctg_fasta
Smyrnium_perfoliatum	mito	ctg000050l	10794	1	false	47.2	ctg_fasta
Smyrnium_perfoliatum	mito	ctg000051l	1534	1	false	42.24	ctg_fasta
Smyrnium_perfoliatum	mito	ctg000052l	10204	1	false	46.2	ctg_fasta
Smyrnium_perfoliatum	mito	ctg000053l	6850	1	false	44.07	ctg_fasta
Smyrnium_perfoliatum	mito	ctg000054l	1667	1	false	42.11	ctg_fasta
Smyrnium_perfoliatum	mito	ctg000055l	18267	1	false	45.83	ctg_fasta
Smyrnium_perfoliatum	mito	ctg000056l	5881	1	false	40.93	ctg_fasta
Smyrnium_perfoliatum	mito	ctg000057l	2395	1	false	43.42	ctg_fasta
Smyrnium_perfoliatum	mito	ctg000058l	7624	1	false	43.02	ctg_fasta
Smyrnium_perfoliatum	mito	ctg000059l	6660	1	false	46.2	ctg_fasta
Smyrnium_perfoliatum	mito	ctg000060l	1646	1	false	49.94	ctg_fasta
Smyrnium_perfoliatum	mito	ctg000061l	5156	1	false	47.91	ctg_fasta
Smyrnium_perfoliatum	mito	ctg000062l	6288	1	false	39.07	ctg_fasta
Smyrnium_perfoliatum	mito	ctg000063l	1590	1	false	38.05	ctg_fasta
Smyrnium_perfoliatum	mito	ctg000064l	7816	1	false	44.15	ctg_fasta
Smyrnium_perfoliatum	mito	ctg000065l	2305	1	false	48.55	ctg_fasta
Smyrnium_perfoliatum	mito	ctg000066l	7963	1	false	45.94	ctg_fasta
Smyrnium_perfoliatum	mito	ctg000067l	1645	1	false	42.74	ctg_fasta
Smyrnium_perfoliatum	mito	ctg000068l	1578	1	false	47.97	ctg_fasta
Smyrnium_perfoliatum	mito	ctg000069l	1369	1	false	41.49	ctg_fasta
Smyrnium_perfoliatum	mito	ctg000070l	10405	1	false	44.6	ctg_fasta
Smyrnium_perfoliatum	mito	ctg000071l	16025	1	false	44.56	ctg_fasta
Smyrnium_perfoliatum	mito	ctg000072l	15852	1	false	46.86	ctg_fasta
Smyrnium_perfoliatum	mito	ctg000073l	1311	1	false	38.14	ctg_fasta
Smyrnium_perfoliatum	mito	ctg000074l	1325	1	false	40.0	ctg_fasta
Smyrnium_perfoliatum	mito	ctg000075l	1344	1	false	41.0	ctg_fasta
Smyrnium_perfoliatum	mito	ctg000076l	1429	1	false	44.93	ctg_fasta
Smyrnium_perfoliatum	mito	ctg000077l	1381	1	false	41.93	ctg_fasta
Smyrnium_perfoliatum	mito	ctg000078l	1428	1	false	44.54	ctg_fasta
Smyrnium_perfoliatum	mito	ctg000079l	1286	1	false	39.97	ctg_fasta
Smyrnium_perfoliatum	mito	ctg000080l	1326	1	false	41.63	ctg_fasta
Smyrnium_perfoliatum	mito	ctg000081l	1351	1	false	44.12	ctg_fasta
Smyrnium_perfoliatum	mito	ctg000082l	1295	1	false	41.24	ctg_fasta
Smyrnium_perfoliatum	mito	ctg000083l	1328	1	false	42.02	ctg_fasta
Smyrnium_perfoliatum	mito	ctg000084l	1285	1	false	39.92	ctg_fasta
Smyrnium_perfoliatum	mito	ctg000085l	1322	1	false	41.68	ctg_fasta
Smyrnium_perfoliatum	mito	ctg000086l	1281	1	false	39.03	ctg_fasta
Smyrnium_perfoliatum	mito	ctg000087l	1290	1	false	41.4	ctg_fasta
Smyrnium_perfoliatum	mito	ctg000088l	1286	1	false	39.04	ctg_fasta
Smyrnium_perfoliatum	mito	ctg000089l	1315	1	false	40.46	ctg_fasta
Smyrnium_perfoliatum	mito	ctg000090l	1280	1	false	38.28	ctg_fasta
Smyrnium_perfoliatum	mito	ctg000091l	1300	1	false	38.62	ctg_fasta
Smyrnium_perfoliatum	mito	ctg000092l	1269	1	false	39.4	ctg_fasta
Smyrnium_perfoliatum	mito	ctg000093l	1312	1	false	40.62	ctg_fasta
Smyrnium_perfoliatum	mito	ctg000094l	1305	1	false	40.38	ctg_fasta
Smyrnium_perfoliatum	mito	ctg000095l	1286	1	false	39.81	ctg_fasta
Smyrnium_perfoliatum	mito	ctg000096l	1284	1	false	40.58	ctg_fasta
Smyrnium_perfoliatum	mito	ctg000097l	1285	1	false	40.86	ctg_fasta
Smyrnium_perfoliatum	mito	ctg000098l	1301	1	false	42.35	ctg_fasta
Smyrnium_perfoliatum	mito	ctg000099l	1282	1	false	37.99	ctg_fasta
Smyrnium_perfoliatum	mito	ctg000100l	1306	1	false	38.97	ctg_fasta
Smyrnium_perfoliatum	mito	ctg000101l	1330	1	false	39.1	ctg_fasta
Smyrnium_perfoliatum	mito	ctg000102l	1438	1	false	42.84	ctg_fasta
Smyrnium_perfoliatum	mito	ctg000103l	1434	1	false	44.14	ctg_fasta
Smyrnium_perfoliatum	mito	ctg000104l	1383	1	false	44.83	ctg_fasta
Smyrnium_perfoliatum	mito	ctg000105l	1369	1	false	43.83	ctg_fasta
Smyrnium_perfoliatum	mito	ctg000106l	1369	1	false	43.83	ctg_fasta
Smyrnium_perfoliatum	mito	ctg000107l	1411	1	false	44.08	ctg_fasta
Smyrnium_perfoliatum	mito	ctg000108l	1380	1	false	39.64	ctg_fasta
Smyrnium_perfoliatum	mito	ctg000109l	1358	1	false	43.3	ctg_fasta
Smyrnium_perfoliatum	mito	ctg000110l	1436	1	false	43.45	ctg_fasta
Smyrnium_perfoliatum	mito	ctg000111l	1395	1	false	45.88	ctg_fasta
Smyrnium_perfoliatum	mito	ctg000112l	1344	1	false	41.96	ctg_fasta
Smyrnium_perfoliatum	mito	ctg000113l	1361	1	false	43.5	ctg_fasta
Smyrnium_perfoliatum	mito	ctg000114l	1427	1	false	43.59	ctg_fasta
Smyrnium_perfoliatum	mito	ctg000115l	1304	1	false	39.34	ctg_fasta
Smyrnium_perfoliatum	mito	ctg000116l	1315	1	false	38.94	ctg_fasta
Smyrnium_perfoliatum	mito	ctg000117l	1326	1	false	41.78	ctg_fasta
Smyrnium_perfoliatum	mito	ctg000118l	1309	1	false	39.04	ctg_fasta
Smyrnium_perfoliatum	mito	ctg000119l	1321	1	false	39.82	ctg_fasta
Smyrnium_perfoliatum	mito	ctg000120l	1304	1	false	38.96	ctg_fasta
Smyrnium_perfoliatum	mito	ctg000121l	1300	1	false	39.15	ctg_fasta
Smyrnium_perfoliatum	mito	ctg000122l	1295	1	false	40.15	ctg_fasta
Smyrnium_perfoliatum	mito	ctg000123l	1298	1	false	38.83	ctg_fasta
Smyrnium_perfoliatum	mito	ctg000124l	1271	1	false	39.5	ctg_fasta
Smyrnium_perfoliatum	mito	ctg000125l	1316	1	false	39.74	ctg_fasta
Smyrnium_perfoliatum	mito	ctg000126l	1290	1	false	39.69	ctg_fasta
Smyrnium_perfoliatum	mito	ctg000127l	1349	1	false	43.07	ctg_fasta
Smyrnium_perfoliatum	mito	ctg000128l	1335	1	false	42.85	ctg_fasta
Smyrnium_perfoliatum	mito	ctg000129l	1320	1	false	42.05	ctg_fasta
Smyrnium_perfoliatum	mito	ctg000130l	1336	1	false	41.62	ctg_fasta
Smyrnium_perfoliatum	mito	ctg000131l	1355	1	false	40.74	ctg_fasta
Smyrnium_perfoliatum	mito	ctg000132l	1351	1	false	42.41	ctg_fasta
Smyrnium_perfoliatum	mito	ctg000133l	1352	1	false	42.23	ctg_fasta
Smyrnium_perfoliatum	mito	ctg000134l	1358	1	false	44.4	ctg_fasta
Smyrnium_perfoliatum	mito	ctg000135l	1290	1	false	38.84	ctg_fasta
Smyrnium_perfoliatum	mito	ctg000136l	1308	1	false	38.99	ctg_fasta
Smyrnium_perfoliatum	mito	ctg000137l	1272	1	false	39.47	ctg_fasta
Smyrnium_perfoliatum	mito	ctg000138l	1291	1	false	39.97	ctg_fasta
Smyrnium_perfoliatum	mito	ctg000139l	1313	1	false	40.21	ctg_fasta
Smyrnium_perfoliatum	mito	ctg000140l	1312	1	false	40.17	ctg_fasta
Smyrnium_perfoliatum	mito	ctg000141l	1297	1	false	40.02	ctg_fasta
Smyrnium_perfoliatum	mito	ctg000142l	1398	1	false	44.06	ctg_fasta
Smyrnium_perfoliatum	mito	ctg000143l	1298	1	false	41.76	ctg_fasta
Smyrnium_perfoliatum	mito	ctg000144l	1328	1	false	42.39	ctg_fasta
Smyrnium_perfoliatum	mito	ctg000145l	1430	1	false	48.81	ctg_fasta
Smyrnium_perfoliatum	mito	ctg000146l	1353	1	false	43.68	ctg_fasta
Smyrnium_perfoliatum	mito	ctg000147l	1349	1	false	43.66	ctg_fasta
Smyrnium_perfoliatum	mito	ctg000148l	1284	1	false	40.26	ctg_fasta
Smyrnium_perfoliatum	mito	ctg000149l	1320	1	false	40.0	ctg_fasta
Smyrnium_perfoliatum	mito	ctg000150l	1329	1	false	40.26	ctg_fasta
Smyrnium_perfoliatum	mito	ctg000151l	1331	1	false	39.82	ctg_fasta
Smyrnium_perfoliatum	mito	ctg000152l	1419	1	false	43.41	ctg_fasta
Smyrnium_perfoliatum	mito	ctg000153l	1301	1	false	41.58	ctg_fasta
Smyrnium_perfoliatum	mito	ctg000154l	1404	1	false	46.23	ctg_fasta
Smyrnium_perfoliatum	mito	ctg000155l	1314	1	false	43.68	ctg_fasta
Smyrnium_perfoliatum	mito	ctg000156l	1354	1	false	43.57	ctg_fasta
Smyrnium_perfoliatum	mito	ctg000157l	1342	1	false	42.77	ctg_fasta
Smyrnium_perfoliatum	mito	ctg000158l	1374	1	false	44.32	ctg_fasta
Smyrnium_perfoliatum	mito	ctg000159l	11541	1	false	45.68	ctg_fasta
Solanum_crispum	mito	ctg000001l	479252	11	false	44.83	ctg_fasta
Solanum_dulcamara	mito	ctg000001c	402132	12	true	44.84	ctg_fasta
Solanum_dulcamara	mito	ctg000002c	56256	1	true	44.91	ctg_fasta
Soleirolia_soleirolii	mito	ctg000001l	59177	1	false	43.12	ctg_fasta
Soleirolia_soleirolii	mito	ctg000002l	1948	1	false	43.84	ctg_fasta
Soleirolia_soleirolii	mito	ctg000003l	3121	1	false	43.54	ctg_fasta
Soleirolia_soleirolii	mito	ctg000004l	48322	1	false	44.69	ctg_fasta
Soleirolia_soleirolii	mito	ctg000005l	23545	1	false	43.36	ctg_fasta
Soleirolia_soleirolii	mito	ctg000006l	6342	1	false	41.09	ctg_fasta
Soleirolia_soleirolii	mito	ctg000007l	2015	1	false	44.96	ctg_fasta
Soleirolia_soleirolii	mito	ctg000008l	16723	1	false	44.06	ctg_fasta
Soleirolia_soleirolii	mito	ctg000009l	25026	1	false	45.04	ctg_fasta
Soleirolia_soleirolii	mito	ctg000010l	1490	1	false	43.56	ctg_fasta
Soleirolia_soleirolii	mito	ctg000011l	10929	1	false	43.28	ctg_fasta
Soleirolia_soleirolii	mito	ctg000012l	30638	1	false	43.78	ctg_fasta
Soleirolia_soleirolii	mito	ctg000013l	4558	1	false	43.22	ctg_fasta
Soleirolia_soleirolii	mito	ctg000014l	13026	1	false	41.52	ctg_fasta
Soleirolia_soleirolii	mito	ctg000015l	1959	1	false	44.16	ctg_fasta
Soleirolia_soleirolii	mito	ctg000016l	6471	1	false	43.22	ctg_fasta
Soleirolia_soleirolii	mito	ctg000017l	8411	1	false	44.81	ctg_fasta
Soleirolia_soleirolii	mito	ctg000018l	1698	1	false	45.11	ctg_fasta
Soleirolia_soleirolii	mito	ctg000019l	1639	1	false	44.84	ctg_fasta
Soleirolia_soleirolii	mito	ctg000020l	1796	1	false	43.88	ctg_fasta
Soleirolia_soleirolii	mito	ctg000021l	1859	1	false	45.4	ctg_fasta
Soleirolia_soleirolii	mito	ctg000022l	1598	1	false	42.49	ctg_fasta
Soleirolia_soleirolii	mito	ctg000023l	1781	1	false	42.84	ctg_fasta
Soleirolia_soleirolii	mito	ctg000024l	3922	1	false	48.09	ctg_fasta
Soleirolia_soleirolii	mito	ctg000025l	39731	1	false	44.61	ctg_fasta
Soleirolia_soleirolii	mito	ctg000026l	42078	1	false	42.44	ctg_fasta
Soleirolia_soleirolii	mito	ctg000027l	2114	1	false	44.65	ctg_fasta
Soleirolia_soleirolii	mito	ctg000028l	14947	1	false	44.16	ctg_fasta
Soleirolia_soleirolii	mito	ctg000029l	1456	1	false	39.63	ctg_fasta
Soleirolia_soleirolii	mito	ctg000030l	1729	1	false	41.99	ctg_fasta
Soleirolia_soleirolii	mito	ctg000031l	9747	1	false	45.36	ctg_fasta
Soleirolia_soleirolii	mito	ctg000032l	5295	1	false	35.18	ctg_fasta
Soleirolia_soleirolii	mito	ctg000033l	2859	1	false	42.92	ctg_fasta
Soleirolia_soleirolii	mito	ctg000034l	1633	1	false	41.33	ctg_fasta
Soleirolia_soleirolii	mito	ctg000035l	29338	1	false	41.74	ctg_fasta
Soleirolia_soleirolii	mito	ctg000036l	1412	1	false	42.49	ctg_fasta
Soleirolia_soleirolii	mito	ctg000037l	1404	1	false	38.68	ctg_fasta
Soleirolia_soleirolii	mito	ctg000038l	1395	1	false	38.42	ctg_fasta
Soleirolia_soleirolii	mito	ctg000039l	1391	1	false	48.81	ctg_fasta
Soleirolia_soleirolii	mito	ctg000040l	1457	1	false	44.47	ctg_fasta
Soleirolia_soleirolii	mito	ctg000041l	1426	1	false	40.81	ctg_fasta
Soleirolia_soleirolii	mito	ctg000042l	1423	1	false	38.37	ctg_fasta
Soleirolia_soleirolii	mito	ctg000043l	1399	1	false	46.68	ctg_fasta
Soleirolia_soleirolii	mito	ctg000044l	1460	1	false	42.05	ctg_fasta
Soleirolia_soleirolii	mito	ctg000045l	1437	1	false	44.19	ctg_fasta
Soleirolia_soleirolii	mito	ctg000046l	1394	1	false	38.38	ctg_fasta
Soleirolia_soleirolii	mito	ctg000047l	1416	1	false	40.18	ctg_fasta
Soleirolia_soleirolii	mito	ctg000048l	1409	1	false	42.87	ctg_fasta
Soleirolia_soleirolii	mito	ctg000049l	1463	1	false	42.24	ctg_fasta
Soleirolia_soleirolii	mito	ctg000050l	1433	1	false	39.57	ctg_fasta
Soleirolia_soleirolii	mito	ctg000051l	1417	1	false	39.24	ctg_fasta
Soleirolia_soleirolii	mito	ctg000052l	1456	1	false	41.14	ctg_fasta
Solenostoma_gracillimum	mito	ctg000001c	157894	1	true	44.68	ctg_fasta
Solenostoma_gracillimum	mito	ctg000002c	33072	1	true	26.78	ctg_fasta
Solenostoma_gracillimum	mito	ctg000003c	32687	1	true	26.97	ctg_fasta
Solidago_canadensis	mito	ctg000001c	277775	4	true	45.26	ctg_fasta
Solidago_virgaurea	mito	ctg000001c	293532	4	true	45.23	ctg_fasta
Sonchus_arvensis	mito	ctg000001l	629007	1	false	44.98	ctg_fasta
Sonchus_asper	mito	ctg000001c	356781	14	true	45.42	ctg_fasta
Sonchus_oleraceus	mito	ctg000001c	356777	14	true	45.42	ctg_fasta
Sorbus_bristoliensis	mito	ctg000001c	386758	1	true	45.31	ctg_fasta
Sorbus_cuneifolia	mito	ctg000001c	388833	1	true	45.35	ctg_fasta
Sorbus_devoniensis	mito	ctg000001c	386758	1	true	45.31	ctg_fasta
Sorbus_hibernica	mito	ctg000001c	430287	4	true	45.34	ctg_fasta
Southbya_tophacea	mito	ctg000001l	164460	1	false	45.39	ctg_fasta
Sparganium_angustifolium	mito	ctg000001c	132581	1	true	46.67	ctg_fasta
Sparganium_angustifolium	mito	ctg000002c	183932	1	true	46.33	ctg_fasta
Sparganium_angustifolium	mito	ctg000003c	114809	1	true	46.32	ctg_fasta
Sparganium_emersum	mito	ctg000001c	132607	1	true	46.66	ctg_fasta
Sparganium_emersum	mito	ctg000002c	171926	1	true	46.36	ctg_fasta
Sparganium_emersum	mito	ctg000003c	114792	1	true	46.31	ctg_fasta
Sparganium_erectum	mito	ctg000001c	240150	1	true	46.77	ctg_fasta
Sparganium_erectum	mito	ctg000002c	128682	1	true	46.18	ctg_fasta
Sparganium_erectum	mito	ctg000003c	66678	1	true	45.41	ctg_fasta
Sparganium_natans	mito	ctg000001c	132593	1	true	46.6	ctg_fasta
Sparganium_natans	mito	ctg000002c	155988	1	true	46.64	ctg_fasta
Sparganium_natans	mito	ctg000003c	141982	1	true	46.07	ctg_fasta
Spergula_arvensis	mito	ctg000001c	337064	8	true	44.21	ctg_fasta
Spergularia_bocconei	mito	ctg000001c	327068	20	true	44.36	ctg_fasta
Spergularia_marina	mito	ctg000001c	327068	18	true	44.36	ctg_fasta
Spergularia_media	mito	ctg000001c	323472	23	true	44.24	ctg_fasta
Spergularia_rubra	mito	ctg000001c	290715	15	true	44.49	ctg_fasta
Sphagnum_angustifolium	mito						no_assembly
Sphagnum_capillifolium	mito	ctg000001c	141761	1	true	39.04	ctg_fasta
Sphagnum_compactum	mito	ctg000001c	141152	1	true	39.03	ctg_fasta
Sphagnum_contortum	mito	ctg000001c	141702	1	true	39.0	ctg_fasta
Sphagnum_fallax	mito	ctg000001c	141539	1	true	39.02	ctg_fasta
Sphagnum_fimbriatum	mito	ctg000001c	141444	1	true	39.04	ctg_fasta
Sphagnum_girgensohnii	mito	ctg000001c	141421	1	true	39.02	ctg_fasta
Sphagnum_inundatum	mito	ctg000001c	138960	1	true	38.9	ctg_fasta
Sphagnum_lindbergii	mito	ctg000001c	141744	1	true	39.08	ctg_fasta
Sphagnum_medium	mito	ctg000001c	141224	1	true	38.96	ctg_fasta
Sphagnum_palustre	mito	ctg000001c	141297	1	true	38.99	ctg_fasta
Sphagnum_papillosum	mito	ctg000001c	141296	1	true	39.0	ctg_fasta
Sphagnum_riparium	mito	ctg000001c	141773	1	true	39.03	ctg_fasta
Sphagnum_rubellum	mito	ctg000001c	141741	1	true	39.03	ctg_fasta
Sphagnum_squarrosum	mito	ctg000001c	141700	1	true	39.04	ctg_fasta
Sphagnum_tenellum	mito	ctg000001c	141305	1	true	39.0	ctg_fasta
Sphagnum_teres	mito	ctg000001c	141745	1	true	39.08	ctg_fasta
Spinacia_oleracea	mito	ctg000001c	329669	4	true	43.41	ctg_fasta
Spiraea_salicifolia	mito	ctg000001c	313442	8	true	45.4	ctg_fasta
Spirodela_polyrhiza	mito	ctg000001c	229417	2	true	45.71	ctg_fasta
Splachnum_sphaericum	mito	ctg000001c	104494	1	true	39.97	ctg_fasta
Stachys_alpina	mito	ctg000001l	173638	2	false	44.52	ctg_fasta
Stachys_alpina	mito	ctg000002c	77786	1	true	45.0	ctg_fasta
Stachys_alpina	mito	ctg000003c	47760	1	true	43.99	ctg_fasta
Stachys_alpina	mito	ctg000004c	58929	1	true	45.37	ctg_fasta
Stachys_palustris	mito	ctg000001c	240172	4	true	44.93	ctg_fasta
Stachys_palustris	mito	ctg000002c	103829	1	true	44.87	ctg_fasta
Stachys_sylvatica	mito	ctg000001c	228960	1	true	45.43	ctg_fasta
Stellaria_alsine	mito	ctg000001l	3766	3	false	38.45	ctg_fasta
Stellaria_alsine	mito	ctg000002l	2458	2	false	40.48	ctg_fasta
Stellaria_alsine	mito	ctg000003l	3753	3	false	37.54	ctg_fasta
Stellaria_graminea	mito	ctg000001l	1974	2	false	41.95	ctg_fasta
Stellaria_graminea	mito	ctg000002l	1971	2	false	41.91	ctg_fasta
Stellaria_graminea	mito	ctg000003l	1909	2	false	40.75	ctg_fasta
Stellaria_graminea	mito	ctg000004l	1919	2	false	40.7	ctg_fasta
Stellaria_holostea	mito						no_assembly
Stellaria_media	mito	ctg000001c	515344	16	true	44.38	ctg_fasta
Stellaria_palustris	mito	ctg000001l	5243	4	false	44.92	ctg_fasta
Stereodon_callichrous	mito	ctg000001c	103943	1	true	41.1	ctg_fasta
Straminergon_stramineum	mito	ctg000001c	104602	1	true	40.89	ctg_fasta
Struthiopteris_spicant	mito	ctg000001l	4723	1	false	49.86	ctg_fasta
Struthiopteris_spicant	mito	ctg000002l	8888	1	false	50.34	ctg_fasta
Struthiopteris_spicant	mito	ctg000003l	1934	1	false	44.67	ctg_fasta
Struthiopteris_spicant	mito	ctg000004l	7600	1	false	47.37	ctg_fasta
Struthiopteris_spicant	mito	ctg000005l	12346	1	false	47.68	ctg_fasta
Struthiopteris_spicant	mito	ctg000006l	2880	1	false	46.94	ctg_fasta
Struthiopteris_spicant	mito	ctg000007l	6725	1	false	49.0	ctg_fasta
Struthiopteris_spicant	mito	ctg000008l	1757	1	false	47.35	ctg_fasta
Struthiopteris_spicant	mito	ctg000009l	1738	1	false	44.88	ctg_fasta
Struthiopteris_spicant	mito	ctg000010l	12479	1	false	49.07	ctg_fasta
Struthiopteris_spicant	mito	ctg000011l	3730	1	false	46.97	ctg_fasta
Struthiopteris_spicant	mito	ctg000012l	2283	1	false	45.07	ctg_fasta
Struthiopteris_spicant	mito	ctg000013l	1909	1	false	48.4	ctg_fasta
Struthiopteris_spicant	mito	ctg000014l	1635	1	false	49.48	ctg_fasta
Struthiopteris_spicant	mito	ctg000015l	2451	1	false	48.55	ctg_fasta
Struthiopteris_spicant	mito	ctg000016l	6200	1	false	43.94	ctg_fasta
Struthiopteris_spicant	mito	ctg000017l	10178	1	false	48.87	ctg_fasta
Struthiopteris_spicant	mito	ctg000018l	12986	1	false	48.78	ctg_fasta
Struthiopteris_spicant	mito	ctg000019l	16630	1	false	48.12	ctg_fasta
Struthiopteris_spicant	mito	ctg000020l	5543	1	false	46.67	ctg_fasta
Struthiopteris_spicant	mito	ctg000021l	4341	1	false	47.39	ctg_fasta
Struthiopteris_spicant	mito	ctg000022l	4020	1	false	42.89	ctg_fasta
Struthiopteris_spicant	mito	ctg000023l	2744	1	false	48.0	ctg_fasta
Struthiopteris_spicant	mito	ctg000024l	4845	1	false	49.87	ctg_fasta
Struthiopteris_spicant	mito	ctg000025l	4262	1	false	46.41	ctg_fasta
Struthiopteris_spicant	mito	ctg000026l	2801	1	false	44.2	ctg_fasta
Struthiopteris_spicant	mito	ctg000027l	5139	1	false	49.17	ctg_fasta
Struthiopteris_spicant	mito	ctg000028l	5532	1	false	46.15	ctg_fasta
Struthiopteris_spicant	mito	ctg000029l	2472	1	false	47.94	ctg_fasta
Struthiopteris_spicant	mito	ctg000030l	9982	1	false	48.39	ctg_fasta
Struthiopteris_spicant	mito	ctg000031l	2868	1	false	49.55	ctg_fasta
Struthiopteris_spicant	mito	ctg000032l	6918	1	false	50.36	ctg_fasta
Struthiopteris_spicant	mito	ctg000033l	1461	1	false	45.52	ctg_fasta
Struthiopteris_spicant	mito	ctg000034l	1386	1	false	47.4	ctg_fasta
Struthiopteris_spicant	mito	ctg000035l	1422	1	false	47.05	ctg_fasta
Struthiopteris_spicant	mito	ctg000036l	1458	1	false	47.39	ctg_fasta
Struthiopteris_spicant	mito	ctg000037l	1385	1	false	46.5	ctg_fasta
Struthiopteris_spicant	mito	ctg000038l	1416	1	false	43.36	ctg_fasta
Stuckenia_filiformis	mito	ctg000001l	145508	3	false	47.15	ctg_fasta
Stuckenia_filiformis	mito	ctg000002l	31065	1	false	46.56	ctg_fasta
Stuckenia_filiformis	mito	ctg000003l	39076	1	false	48.15	ctg_fasta
Stuckenia_filiformis	mito	ctg000004l	34850	1	false	48.28	ctg_fasta
Stuckenia_pectinata	mito	ctg000001c	271115	8	true	47.72	ctg_fasta
Suaeda_maritima	mito	ctg000001c	615653	19	true	43.73	ctg_fasta
Suaeda_vera	mito	ctg000001l	564282	15	false	44.49	ctg_fasta
Suaeda_vera	mito	ctg000002l	42934	1	false	44.4	ctg_fasta
Suaeda_vera	mito	ctg000003l	24774	1	false	45.29	ctg_fasta
Succisa_pratensis	mito	ctg000001l	417080	10	false	45.56	ctg_fasta
Succisa_pratensis	mito	ctg000002l	10302	1	false	45.81	ctg_fasta
Succisa_pratensis	mito	ctg000003l	15824	1	false	44.54	ctg_fasta
Succisa_pratensis	mito	ctg000004l	44405	1	false	45.73	ctg_fasta
Succisa_pratensis	mito	ctg000005c	63249	1	true	43.76	ctg_fasta
Symphytum_tuberosum	mito	ctg000001c	356579	7	true	44.95	ctg_fasta
Syntrichia_ruraliformis	mito	ctg000001c	106092	1	true	39.58	ctg_fasta
Syringa_vulgaris	mito	ctg000001c	890456	8	true	44.63	ctg_fasta
Tamarix_gallica	mito	ctg000001c	483720	12	true	44.75	ctg_fasta
Tanacetum_parthenium	mito	ctg000001c	220023	2	true	45.29	ctg_fasta
Tanacetum_vulgare	mito	ctg000001c	226965	1	true	45.4	ctg_fasta
Tellima_grandiflora	mito	ctg000001c	552762	9	true	45.67	ctg_fasta
Tephroseris_palustris	mito	ctg000001l	299905	3	false	45.32	ctg_fasta
Tetraplodon_mnioides	mito	ctg000001c	104978	1	true	39.98	ctg_fasta
Teucrium_botrys	mito	ctg000001c	63131	4	true	45.09	ctg_fasta
Teucrium_botrys	mito	ctg000002l	56181	1	false	43.87	ctg_fasta
Teucrium_botrys	mito	ctg000003c	68407	1	true	45.04	ctg_fasta
Teucrium_botrys	mito	ctg000004c	28571	1	true	45.06	ctg_fasta
Teucrium_botrys	mito	ctg000005c	23790	1	true	44.96	ctg_fasta
Teucrium_botrys	mito	ctg000006c	30638	1	true	46.63	ctg_fasta
Teucrium_botrys	mito	ctg000007c	36533	1	true	44.84	ctg_fasta
Teucrium_botrys	mito	ctg000008c	41814	1	true	45.71	ctg_fasta
Teucrium_botrys	mito	ctg000009c	23668	1	true	44.66	ctg_fasta
Teucrium_botrys	mito	ctg000010c	31017	1	true	44.61	ctg_fasta
Teucrium_botrys	mito	ctg000011c	19770	1	true	45.06	ctg_fasta
Teucrium_chamaedrys	mito	ctg000001c	153320	8	true	44.81	ctg_fasta
Teucrium_chamaedrys	mito	ctg000002c	38615	2	true	45.29	ctg_fasta
Teucrium_chamaedrys	mito	ctg000003c	79424	6	true	44.83	ctg_fasta
Teucrium_chamaedrys	mito	ctg000004c	56988	2	true	46.11	ctg_fasta
Teucrium_chamaedrys	mito	ctg000005c	87434	4	true	45.05	ctg_fasta
Teucrium_chamaedrys	mito	ctg000006c	25662	1	true	44.87	ctg_fasta
Teucrium_chamaedrys	mito	ctg000007c	26612	1	true	44.72	ctg_fasta
Teucrium_scorodonia	mito	ctg000001c	405728	34	true	45.12	ctg_fasta
Teucrium_scorodonia	mito	ctg000002l	41921	1	false	44.59	ctg_fasta
Teucrium_scorodonia	mito	ctg000003c	45028	2	true	45.75	ctg_fasta
Teucrium_scorodonia	mito	ctg000004c	32395	1	true	44.65	ctg_fasta
Thalictrum_alpinum	mito	ctg000001c	358192	11	true	46.41	ctg_fasta
Thalictrum_alpinum	mito	ctg000002l	24305	1	false	45.85	ctg_fasta
Thalictrum_alpinum	mito	ctg000003l	34075	1	false	46.75	ctg_fasta
Thalictrum_flavum	mito	ctg000001c	454947	4	true	46.19	ctg_fasta
Thalictrum_minus	mito	ctg000001c	427672	4	true	46.4	ctg_fasta
Thamnobryum_alopecurum	mito	ctg000001c	104219	1	true	41.19	ctg_fasta
Thelypteris_palustris	mito	ctg000001l	1545	1	false	47.31	ctg_fasta
Thelypteris_palustris	mito	ctg000002l	14260	1	false	49.25	ctg_fasta
Thelypteris_palustris	mito	ctg000003l	2800	1	false	46.43	ctg_fasta
Thelypteris_palustris	mito	ctg000004l	5634	1	false	51.42	ctg_fasta
Thelypteris_palustris	mito	ctg000005l	6176	1	false	45.9	ctg_fasta
Thelypteris_palustris	mito	ctg000006l	1644	1	false	48.54	ctg_fasta
Thelypteris_palustris	mito	ctg000007l	1716	1	false	45.4	ctg_fasta
Thelypteris_palustris	mito	ctg000008l	1737	1	false	50.78	ctg_fasta
Thelypteris_palustris	mito	ctg000009l	9082	1	false	49.41	ctg_fasta
Thelypteris_palustris	mito	ctg000010l	1584	1	false	49.37	ctg_fasta
Thelypteris_palustris	mito	ctg000011l	6175	1	false	45.49	ctg_fasta
Thelypteris_palustris	mito	ctg000012l	2007	1	false	49.23	ctg_fasta
Thelypteris_palustris	mito	ctg000013l	6434	1	false	51.49	ctg_fasta
Thelypteris_palustris	mito	ctg000014l	3654	1	false	51.12	ctg_fasta
Thelypteris_palustris	mito	ctg000015l	8892	1	false	49.22	ctg_fasta
Thelypteris_palustris	mito	ctg000016l	2342	1	false	50.43	ctg_fasta
Thelypteris_palustris	mito	ctg000017l	1627	1	false	48.31	ctg_fasta
Thelypteris_palustris	mito	ctg000018l	2520	1	false	49.48	ctg_fasta
Thelypteris_palustris	mito	ctg000019l	5151	1	false	48.01	ctg_fasta
Thelypteris_palustris	mito	ctg000020l	8942	1	false	48.74	ctg_fasta
Thelypteris_palustris	mito	ctg000021l	6437	1	false	45.36	ctg_fasta
Thelypteris_palustris	mito	ctg000022l	11755	1	false	47.97	ctg_fasta
Thelypteris_palustris	mito	ctg000023l	4809	1	false	47.29	ctg_fasta
Thelypteris_palustris	mito	ctg000024l	4930	1	false	47.22	ctg_fasta
Thelypteris_palustris	mito	ctg000025l	1509	1	false	48.05	ctg_fasta
Thelypteris_palustris	mito	ctg000026l	3453	1	false	49.78	ctg_fasta
Thelypteris_palustris	mito	ctg000027l	4913	1	false	46.94	ctg_fasta
Thelypteris_palustris	mito	ctg000028l	2357	1	false	52.4	ctg_fasta
Thelypteris_palustris	mito	ctg000029l	3640	1	false	44.31	ctg_fasta
Thelypteris_palustris	mito	ctg000030l	1600	1	false	49.62	ctg_fasta
Thelypteris_palustris	mito	ctg000031l	3037	1	false	44.72	ctg_fasta
Thelypteris_palustris	mito	ctg000032l	1630	1	false	46.44	ctg_fasta
Thelypteris_palustris	mito	ctg000033l	4519	1	false	47.51	ctg_fasta
Thelypteris_palustris	mito	ctg000034l	1644	1	false	49.09	ctg_fasta
Thelypteris_palustris	mito	ctg000035l	1738	1	false	47.07	ctg_fasta
Thelypteris_palustris	mito	ctg000036l	4261	1	false	44.57	ctg_fasta
Thelypteris_palustris	mito	ctg000037l	4354	1	false	44.46	ctg_fasta
Thelypteris_palustris	mito	ctg000038l	11839	1	false	47.89	ctg_fasta
Thelypteris_palustris	mito	ctg000039l	7771	1	false	47.29	ctg_fasta
Thelypteris_palustris	mito	ctg000040l	1771	1	false	44.78	ctg_fasta
Thelypteris_palustris	mito	ctg000041l	7096	1	false	44.86	ctg_fasta
Thelypteris_palustris	mito	ctg000042l	3888	1	false	50.57	ctg_fasta
Thelypteris_palustris	mito	ctg000043l	4500	1	false	51.13	ctg_fasta
Thelypteris_palustris	mito	ctg000044l	6343	1	false	48.05	ctg_fasta
Thelypteris_palustris	mito	ctg000045l	1387	1	false	49.39	ctg_fasta
Thelypteris_palustris	mito	ctg000046l	1401	1	false	48.54	ctg_fasta
Thelypteris_palustris	mito	ctg000047l	1368	1	false	51.46	ctg_fasta
Thelypteris_palustris	mito	ctg000048l	1332	1	false	48.87	ctg_fasta
Thelypteris_palustris	mito	ctg000049l	1386	1	false	49.78	ctg_fasta
Thelypteris_palustris	mito	ctg000050l	1445	1	false	47.82	ctg_fasta
Thelypteris_palustris	mito	ctg000051l	1384	1	false	51.23	ctg_fasta
Thelypteris_palustris	mito	ctg000052l	1466	1	false	46.66	ctg_fasta
Thelypteris_palustris	mito	ctg000053l	1451	1	false	49.9	ctg_fasta
Thelypteris_palustris	mito	ctg000054l	1415	1	false	49.05	ctg_fasta
Thelypteris_palustris	mito	ctg000055l	1433	1	false	45.64	ctg_fasta
Thelypteris_palustris	mito	ctg000056l	1441	1	false	46.08	ctg_fasta
Thuidium_delicatulum	mito	ctg000001c	103216	1	true	41.06	ctg_fasta
Thuidium_tamariscinum	mito	ctg000001c	103123	1	true	41.05	ctg_fasta
Thymus_drucei	mito	ctg000001l	427127	66	false	43.69	ctg_fasta
Thymus_drucei	mito	ctg000002c	33067	2	true	43.67	ctg_fasta
Thymus_pulegioides	mito	ctg000001l	5707	1	false	41.72	ctg_fasta
Thymus_pulegioides	mito	ctg000002l	3291	1	false	44.33	ctg_fasta
Thymus_pulegioides	mito	ctg000003l	7636	1	false	43.96	ctg_fasta
Thymus_pulegioides	mito	ctg000004l	1669	1	false	38.53	ctg_fasta
Thymus_pulegioides	mito	ctg000005l	1533	1	false	40.77	ctg_fasta
Thymus_pulegioides	mito	ctg000006l	5495	1	false	43.13	ctg_fasta
Thymus_pulegioides	mito	ctg000007l	1660	1	false	48.43	ctg_fasta
Thymus_pulegioides	mito	ctg000008l	1598	1	false	40.74	ctg_fasta
Thymus_pulegioides	mito	ctg000009l	5827	1	false	44.43	ctg_fasta
Thymus_pulegioides	mito	ctg000010l	2111	1	false	46.76	ctg_fasta
Thymus_pulegioides	mito	ctg000011l	8557	1	false	42.06	ctg_fasta
Thymus_pulegioides	mito	ctg000012l	3660	1	false	42.73	ctg_fasta
Thymus_pulegioides	mito	ctg000013l	7673	1	false	43.62	ctg_fasta
Thymus_pulegioides	mito	ctg000014l	5814	1	false	43.07	ctg_fasta
Thymus_pulegioides	mito	ctg000015l	4632	1	false	41.84	ctg_fasta
Thymus_pulegioides	mito	ctg000016l	1566	1	false	41.19	ctg_fasta
Thymus_pulegioides	mito	ctg000017l	2525	1	false	39.13	ctg_fasta
Thymus_pulegioides	mito	ctg000018l	7585	1	false	46.17	ctg_fasta
Thymus_pulegioides	mito	ctg000019l	3178	1	false	43.77	ctg_fasta
Thymus_pulegioides	mito	ctg000020l	11955	1	false	46.01	ctg_fasta
Thymus_pulegioides	mito	ctg000021l	6507	1	false	48.7	ctg_fasta
Thymus_pulegioides	mito	ctg000022l	3768	1	false	42.25	ctg_fasta
Thymus_pulegioides	mito	ctg000023l	4645	1	false	42.15	ctg_fasta
Thymus_pulegioides	mito	ctg000024l	2401	1	false	45.23	ctg_fasta
Thymus_pulegioides	mito	ctg000025l	13685	1	false	43.23	ctg_fasta
Thymus_pulegioides	mito	ctg000026l	4313	1	false	45.72	ctg_fasta
Thymus_pulegioides	mito	ctg000027l	1780	1	false	40.34	ctg_fasta
Thymus_pulegioides	mito	ctg000028l	1389	1	false	42.76	ctg_fasta
Thymus_pulegioides	mito	ctg000029l	3765	1	false	39.52	ctg_fasta
Thymus_pulegioides	mito	ctg000030l	2751	1	false	42.24	ctg_fasta
Thymus_pulegioides	mito	ctg000031l	1798	1	false	44.55	ctg_fasta
Thymus_pulegioides	mito	ctg000032l	1544	1	false	45.98	ctg_fasta
Thymus_pulegioides	mito	ctg000033l	22527	1	false	43.1	ctg_fasta
Thymus_pulegioides	mito	ctg000034l	2349	1	false	43.12	ctg_fasta
Thymus_pulegioides	mito	ctg000035l	2000	1	false	44.8	ctg_fasta
Thymus_pulegioides	mito	ctg000036l	10100	1	false	42.19	ctg_fasta
Thymus_pulegioides	mito	ctg000037l	2179	1	false	41.17	ctg_fasta
Thymus_pulegioides	mito	ctg000038l	3698	1	false	42.56	ctg_fasta
Thymus_pulegioides	mito	ctg000039l	20454	1	false	42.87	ctg_fasta
Thymus_pulegioides	mito	ctg000040l	2499	1	false	43.18	ctg_fasta
Thymus_pulegioides	mito	ctg000041l	12110	1	false	44.09	ctg_fasta
Thymus_pulegioides	mito	ctg000042l	3304	1	false	42.4	ctg_fasta
Thymus_pulegioides	mito	ctg000043l	3401	1	false	43.87	ctg_fasta
Thymus_pulegioides	mito	ctg000044l	6107	1	false	45.88	ctg_fasta
Thymus_pulegioides	mito	ctg000045l	1782	1	false	45.85	ctg_fasta
Thymus_pulegioides	mito	ctg000046l	5109	1	false	43.49	ctg_fasta
Thymus_pulegioides	mito	ctg000047l	3925	1	false	43.49	ctg_fasta
Thymus_pulegioides	mito	ctg000048l	23079	1	false	41.96	ctg_fasta
Thymus_pulegioides	mito	ctg000049l	1405	1	false	44.2	ctg_fasta
Thymus_pulegioides	mito	ctg000050l	10759	1	false	39.74	ctg_fasta
Thymus_pulegioides	mito	ctg000051l	1488	1	false	45.09	ctg_fasta
Thymus_pulegioides	mito	ctg000052l	19576	1	false	43.71	ctg_fasta
Thymus_pulegioides	mito	ctg000053l	34982	1	false	45.45	ctg_fasta
Thymus_pulegioides	mito	ctg000054l	11482	1	false	44.39	ctg_fasta
Thymus_pulegioides	mito	ctg000055l	21299	1	false	44.56	ctg_fasta
Thymus_pulegioides	mito	ctg000056l	10660	1	false	46.07	ctg_fasta
Thymus_pulegioides	mito	ctg000057l	1822	1	false	45.83	ctg_fasta
Thymus_pulegioides	mito	ctg000058l	19783	1	false	41.85	ctg_fasta
Thymus_pulegioides	mito	ctg000059l	5808	1	false	43.92	ctg_fasta
Thymus_pulegioides	mito	ctg000060l	1730	1	false	50.64	ctg_fasta
Thymus_pulegioides	mito	ctg000061l	1613	1	false	49.23	ctg_fasta
Thymus_pulegioides	mito	ctg000062l	9729	1	false	44.04	ctg_fasta
Thymus_pulegioides	mito	ctg000063l	1585	1	false	45.87	ctg_fasta
Thymus_pulegioides	mito	ctg000064l	7428	1	false	48.2	ctg_fasta
Thymus_pulegioides	mito	ctg000065l	1391	1	false	45.94	ctg_fasta
Thymus_pulegioides	mito	ctg000066l	9208	1	false	44.6	ctg_fasta
Thymus_pulegioides	mito	ctg000067l	1416	1	false	44.49	ctg_fasta
Thymus_pulegioides	mito	ctg000068l	1359	1	false	44.22	ctg_fasta
Thymus_pulegioides	mito	ctg000069l	1410	1	false	40.64	ctg_fasta
Thymus_pulegioides	mito	ctg000070l	1378	1	false	43.47	ctg_fasta
Thymus_pulegioides	mito	ctg000071l	1358	1	false	45.8	ctg_fasta
Thymus_pulegioides	mito	ctg000072l	1324	1	false	44.18	ctg_fasta
Thymus_pulegioides	mito	ctg000073l	1362	1	false	31.64	ctg_fasta
Thymus_pulegioides	mito	ctg000074l	1464	1	false	40.64	ctg_fasta
Thymus_pulegioides	mito	ctg000075l	1368	1	false	42.32	ctg_fasta
Thymus_pulegioides	mito	ctg000076l	1384	1	false	31.29	ctg_fasta
Thymus_pulegioides	mito	ctg000077l	1362	1	false	42.58	ctg_fasta
Thymus_pulegioides	mito	ctg000078l	1380	1	false	43.55	ctg_fasta
Thymus_pulegioides	mito	ctg000079l	1447	1	false	41.95	ctg_fasta
Thymus_serpyllum	mito	ctg000001l	10909	1	false	46.54	ctg_fasta
Thymus_serpyllum	mito	ctg000002l	1526	1	false	44.69	ctg_fasta
Thymus_serpyllum	mito	ctg000003l	12429	1	false	44.27	ctg_fasta
Thymus_serpyllum	mito	ctg000004l	1801	1	false	46.25	ctg_fasta
Thymus_serpyllum	mito	ctg000005l	2914	1	false	44.34	ctg_fasta
Thymus_serpyllum	mito	ctg000006l	2958	1	false	43.24	ctg_fasta
Thymus_serpyllum	mito	ctg000007l	2620	1	false	41.41	ctg_fasta
Thymus_serpyllum	mito	ctg000008l	2457	1	false	42.86	ctg_fasta
Thymus_serpyllum	mito	ctg000009l	3401	1	false	42.22	ctg_fasta
Thymus_serpyllum	mito	ctg000010l	8944	1	false	46.77	ctg_fasta
Thymus_serpyllum	mito	ctg000011l	20923	1	false	45.92	ctg_fasta
Thymus_serpyllum	mito	ctg000012l	1572	1	false	40.78	ctg_fasta
Thymus_serpyllum	mito	ctg000013l	4941	1	false	42.46	ctg_fasta
Thymus_serpyllum	mito	ctg000014l	1648	1	false	43.14	ctg_fasta
Thymus_serpyllum	mito	ctg000015l	14713	1	false	42.63	ctg_fasta
Thymus_serpyllum	mito	ctg000016l	1915	1	false	42.92	ctg_fasta
Thymus_serpyllum	mito	ctg000017l	5211	1	false	45.71	ctg_fasta
Thymus_serpyllum	mito	ctg000018l	3541	1	false	42.33	ctg_fasta
Thymus_serpyllum	mito	ctg000019l	14398	1	false	43.67	ctg_fasta
Thymus_serpyllum	mito	ctg000020l	9343	1	false	45.71	ctg_fasta
Thymus_serpyllum	mito	ctg000021l	1819	1	false	43.38	ctg_fasta
Thymus_serpyllum	mito	ctg000022l	2384	1	false	44.34	ctg_fasta
Thymus_serpyllum	mito	ctg000023l	2526	1	false	43.82	ctg_fasta
Thymus_serpyllum	mito	ctg000024l	30245	1	false	44.72	ctg_fasta
Thymus_serpyllum	mito	ctg000025l	1429	1	false	43.81	ctg_fasta
Thymus_serpyllum	mito	ctg000026l	10068	1	false	44.42	ctg_fasta
Thymus_serpyllum	mito	ctg000027l	1439	1	false	39.54	ctg_fasta
Thymus_serpyllum	mito	ctg000028l	1774	1	false	44.76	ctg_fasta
Thymus_serpyllum	mito	ctg000029l	1453	1	false	43.84	ctg_fasta
Thymus_serpyllum	mito	ctg000030l	11109	1	false	43.58	ctg_fasta
Thymus_serpyllum	mito	ctg000031l	3621	1	false	43.88	ctg_fasta
Thymus_serpyllum	mito	ctg000032l	7091	1	false	43.6	ctg_fasta
Thymus_serpyllum	mito	ctg000033l	6062	1	false	43.98	ctg_fasta
Thymus_serpyllum	mito	ctg000034l	4083	1	false	45.75	ctg_fasta
Thymus_serpyllum	mito	ctg000035l	3082	1	false	43.84	ctg_fasta
Thymus_serpyllum	mito	ctg000036l	2774	1	false	44.59	ctg_fasta
Thymus_serpyllum	mito	ctg000037l	1667	1	false	41.39	ctg_fasta
Thymus_serpyllum	mito	ctg000038l	2912	1	false	44.99	ctg_fasta
Thymus_serpyllum	mito	ctg000039l	2497	1	false	41.93	ctg_fasta
Thymus_serpyllum	mito	ctg000040l	10996	1	false	41.62	ctg_fasta
Thymus_serpyllum	mito	ctg000041l	7666	1	false	48.12	ctg_fasta
Thymus_serpyllum	mito	ctg000042l	23451	1	false	43.3	ctg_fasta
Thymus_serpyllum	mito	ctg000043l	4525	1	false	45.02	ctg_fasta
Thymus_serpyllum	mito	ctg000044l	2282	1	false	43.43	ctg_fasta
Thymus_serpyllum	mito	ctg000045l	2242	1	false	41.93	ctg_fasta
Thymus_serpyllum	mito	ctg000046l	1614	1	false	46.59	ctg_fasta
Thymus_serpyllum	mito	ctg000047l	2146	1	false	43.1	ctg_fasta
Thymus_serpyllum	mito	ctg000048l	5763	1	false	43.1	ctg_fasta
Thymus_serpyllum	mito	ctg000049l	1671	1	false	40.93	ctg_fasta
Thymus_serpyllum	mito	ctg000050l	9810	1	false	44.26	ctg_fasta
Thymus_serpyllum	mito	ctg000051l	1991	1	false	45.5	ctg_fasta
Thymus_serpyllum	mito	ctg000052l	1706	1	false	41.5	ctg_fasta
Thymus_serpyllum	mito	ctg000053l	4022	1	false	43.98	ctg_fasta
Thymus_serpyllum	mito	ctg000054l	9041	1	false	41.81	ctg_fasta
Thymus_serpyllum	mito	ctg000055l	3248	1	false	44.24	ctg_fasta
Thymus_serpyllum	mito	ctg000056l	12077	1	false	45.52	ctg_fasta
Thymus_serpyllum	mito	ctg000057l	2080	1	false	43.46	ctg_fasta
Thymus_serpyllum	mito	ctg000058l	1924	1	false	44.54	ctg_fasta
Thymus_serpyllum	mito	ctg000059l	3983	1	false	44.77	ctg_fasta
Thymus_serpyllum	mito	ctg000060l	2687	1	false	46.11	ctg_fasta
Thymus_serpyllum	mito	ctg000061l	4466	1	false	41.72	ctg_fasta
Thymus_serpyllum	mito	ctg000062l	1634	1	false	42.29	ctg_fasta
Thymus_serpyllum	mito	ctg000063l	1900	1	false	40.74	ctg_fasta
Thymus_serpyllum	mito	ctg000064l	2734	1	false	44.04	ctg_fasta
Thymus_serpyllum	mito	ctg000065l	4977	1	false	44.24	ctg_fasta
Thymus_serpyllum	mito	ctg000066l	3732	1	false	41.29	ctg_fasta
Thymus_serpyllum	mito	ctg000067l	2157	1	false	47.33	ctg_fasta
Thymus_serpyllum	mito	ctg000068l	2902	1	false	41.66	ctg_fasta
Thymus_serpyllum	mito	ctg000069l	2447	1	false	44.34	ctg_fasta
Thymus_serpyllum	mito	ctg000070l	5081	1	false	43.81	ctg_fasta
Thymus_serpyllum	mito	ctg000071l	11386	1	false	44.23	ctg_fasta
Thymus_serpyllum	mito	ctg000072l	4804	1	false	44.15	ctg_fasta
Thymus_serpyllum	mito	ctg000073l	9792	1	false	42.52	ctg_fasta
Thymus_serpyllum	mito	ctg000074l	3129	1	false	43.14	ctg_fasta
Thymus_serpyllum	mito	ctg000075l	11820	1	false	41.95	ctg_fasta
Thymus_serpyllum	mito	ctg000076l	5795	1	false	43.73	ctg_fasta
Thymus_serpyllum	mito	ctg000077l	5104	1	false	44.18	ctg_fasta
Thymus_serpyllum	mito	ctg000078l	1833	1	false	42.77	ctg_fasta
Thymus_serpyllum	mito	ctg000079l	10930	1	false	45.7	ctg_fasta
Thymus_serpyllum	mito	ctg000080l	2046	1	false	44.97	ctg_fasta
Thymus_serpyllum	mito	ctg000081l	5461	1	false	42.39	ctg_fasta
Thymus_serpyllum	mito	ctg000082l	1758	1	false	42.72	ctg_fasta
Thymus_serpyllum	mito	ctg000083l	3097	1	false	39.59	ctg_fasta
Thymus_serpyllum	mito	ctg000084l	1433	1	false	44.24	ctg_fasta
Thymus_serpyllum	mito	ctg000085l	8673	1	false	43.21	ctg_fasta
Thymus_serpyllum	mito	ctg000086l	9758	1	false	39.12	ctg_fasta
Thymus_serpyllum	mito	ctg000087l	4122	1	false	46.05	ctg_fasta
Thymus_serpyllum	mito	ctg000088l	6349	1	false	44.73	ctg_fasta
Thymus_serpyllum	mito	ctg000089l	1797	1	false	42.96	ctg_fasta
Thymus_serpyllum	mito	ctg000090l	2597	1	false	43.17	ctg_fasta
Thymus_serpyllum	mito	ctg000091l	2786	1	false	43.93	ctg_fasta
Thymus_serpyllum	mito	ctg000092l	1409	1	false	44.43	ctg_fasta
Thymus_serpyllum	mito	ctg000093l	1363	1	false	43.87	ctg_fasta
Thymus_serpyllum	mito	ctg000094l	1380	1	false	41.45	ctg_fasta
Thymus_serpyllum	mito	ctg000095l	1369	1	false	46.24	ctg_fasta
Thymus_serpyllum	mito	ctg000096l	1412	1	false	41.01	ctg_fasta
Thymus_serpyllum	mito	ctg000097l	1393	1	false	42.21	ctg_fasta
Thymus_serpyllum	mito	ctg000098l	1371	1	false	42.52	ctg_fasta
Thymus_serpyllum	mito	ctg000099l	1443	1	false	40.4	ctg_fasta
Thymus_serpyllum	mito	ctg000100l	1429	1	false	40.1	ctg_fasta
Thymus_serpyllum	mito	ctg000101l	1434	1	false	40.24	ctg_fasta
Thymus_serpyllum	mito	ctg000102l	1404	1	false	41.95	ctg_fasta
Thymus_serpyllum	mito	ctg000103l	1444	1	false	39.68	ctg_fasta
Thymus_serpyllum	mito	ctg000104l	1409	1	false	45.42	ctg_fasta
Thymus_serpyllum	mito	ctg000105l	1404	1	false	39.1	ctg_fasta
Thymus_serpyllum	mito	ctg000106l	1418	1	false	44.29	ctg_fasta
Thymus_serpyllum	mito	ctg000107l	1410	1	false	39.65	ctg_fasta
Thymus_serpyllum	mito	ctg000108l	1405	1	false	43.63	ctg_fasta
Thymus_serpyllum	mito	ctg000109l	1372	1	false	45.99	ctg_fasta
Thymus_serpyllum	mito	ctg000110l	1431	1	false	45.0	ctg_fasta
Thymus_serpyllum	mito	ctg000111l	1433	1	false	43.68	ctg_fasta
Thymus_serpyllum	mito	ctg000112l	1380	1	false	44.42	ctg_fasta
Thymus_serpyllum	mito	ctg000113l	1414	1	false	42.72	ctg_fasta
Thymus_serpyllum	mito	ctg000114l	1388	1	false	43.52	ctg_fasta
Thymus_serpyllum	mito	ctg000115l	1387	1	false	39.94	ctg_fasta
Thymus_serpyllum	mito	ctg000116l	1369	1	false	43.75	ctg_fasta
Thymus_serpyllum	mito	ctg000117l	1452	1	false	45.73	ctg_fasta
Thymus_serpyllum	mito	ctg000118l	1440	1	false	39.51	ctg_fasta
Thymus_serpyllum	mito	ctg000119l	1371	1	false	43.47	ctg_fasta
Tilia_cordata	mito	ctg000001c	711122	2	true	44.97	ctg_fasta
Tilia_cordata	mito	ctg000002l	78078	1	false	44.89	ctg_fasta
Tofieldia_pusilla	mito	ctg000001c	769701	20	true	46.4	ctg_fasta
Tofieldia_pusilla	mito	ctg000002l	59039	1	false	46.8	ctg_fasta
Torilis_japonica	mito	ctg000001c	309248	29	true	43.87	ctg_fasta
Tortella_tortuosa	mito	ctg000001c	104029	1	true	39.24	ctg_fasta
Tragopogon_porrifolius	mito	ctg000001c	401775	23	true	45.59	ctg_fasta
Tragopogon_pratensis	mito	ctg000001c	381643	17	true	45.64	ctg_fasta
Tricholepidozia_tetradactyla	mito	ctg000001c	165573	2	true	46.08	ctg_fasta
Trichophorum_cespitosum	mito	ctg000001c	1508756	14	true	41.25	ctg_fasta
Trichophorum_cespitosum	mito	ctg000002l	19848	1	false	40.34	ctg_fasta
Trichostomum_littorale	mito	ctg000001c	104775	1	true	39.35	ctg_fasta
Trifolium_arvense	mito	ctg000001c	315994	1	true	44.94	ctg_fasta
Trifolium_bocconei	mito	ctg000001c	306913	1	true	45.0	ctg_fasta
Trifolium_campestre	mito	ctg000001c	273306	7	true	44.98	ctg_fasta
Trifolium_campestre	mito	ctg000002c	42878	1	true	45.41	ctg_fasta
Trifolium_dubium	mito	ctg000001c	182324	1	true	45.49	ctg_fasta
Trifolium_dubium	mito	ctg000002c	82250	1	true	44.46	ctg_fasta
Trifolium_dubium	mito	ctg000003c	51614	1	true	44.34	ctg_fasta
Trifolium_fragiferum	mito	ctg000001c	298572	4	true	45.14	ctg_fasta
Trifolium_incarnatum	mito	ctg000001c	195100	4	true	44.82	ctg_fasta
Trifolium_incarnatum	mito	ctg000002c	54792	1	true	45.24	ctg_fasta
Trifolium_incarnatum	mito	ctg000003c	76623	1	true	45.44	ctg_fasta
Trifolium_medium	mito	ctg000001c	297794	2	true	45.2	ctg_fasta
Trifolium_occidentale	mito	ctg000001c	112553	1	true	45.1	ctg_fasta
Trifolium_occidentale	mito	ctg000002c	205951	1	true	45.06	ctg_fasta
Trifolium_ochroleucon	mito	ctg000001c	330779	12	true	45.1	ctg_fasta
Trifolium_pratense	mito	ctg000001c	299986	4	true	45.18	ctg_fasta
Trifolium_repens	mito	ctg000001c	350848	1	true	44.96	ctg_fasta
Trifolium_scabrum	mito	ctg000001c	322954	8	true	44.77	ctg_fasta
Trifolium_squamosum	mito	ctg000001l	314399	15	false	44.92	ctg_fasta
Trifolium_striatum	mito	ctg000001c	284373	6	true	45.13	ctg_fasta
Trifolium_strictum	mito	ctg000001c	345770	2	true	45.06	ctg_fasta
Trifolium_subterraneum	mito	ctg000001c	309277	8	true	45.12	ctg_fasta
Triglochin_maritima	mito	ctg000001c	332658	12	true	48.38	ctg_fasta
Triglochin_maritima	mito	ctg000002l	15157	1	false	48.44	ctg_fasta
Triglochin_maritima	mito	ctg000003c	38901	1	true	48.51	ctg_fasta
Triglochin_palustris	mito	ctg000001c	220675	1	true	48.64	ctg_fasta
Triglochin_palustris	mito	ctg000002c	132076	1	true	47.86	ctg_fasta
Trinia_glauca	mito						no_assembly
Tripleurospermum_maritimum	mito	ctg000001c	228959	1	true	45.43	ctg_fasta
Tripolium_pannonicum	mito	ctg000001c	207145	6	true	44.92	ctg_fasta
Tripolium_pannonicum	mito	ctg000002l	15988	1	false	43.04	ctg_fasta
Tripolium_pannonicum	mito	ctg000003c	83315	1	true	44.88	ctg_fasta
Trocdaris_verticillatum	mito	ctg000001c	308824	21	true	44.31	ctg_fasta
Trollius_europaeus	mito	ctg000001l	726137	11	false	46.81	ctg_fasta
Tulipa_sylvestris	mito						no_assembly
Turritis_glabra	mito	ctg000001c	137690	1	true	44.71	ctg_fasta
Turritis_glabra	mito	ctg000002c	138149	1	true	44.95	ctg_fasta
Tussilago_farfara	mito	ctg000001c	305151	12	true	45.07	ctg_fasta
Typha_latifolia	mito	ctg000001l	102530	1	false	46.14	ctg_fasta
Typha_latifolia	mito	ctg000002l	31107	1	false	46.64	ctg_fasta
Typha_latifolia	mito	ctg000003l	38934	1	false	46.36	ctg_fasta
Typha_latifolia	mito	ctg000004l	41711	1	false	46.06	ctg_fasta
Typha_latifolia	mito	ctg000005l	31257	1	false	47.27	ctg_fasta
Typha_latifolia	mito	ctg000006l	37862	1	false	46.56	ctg_fasta
Typha_latifolia	mito	ctg000007l	16258	1	false	47.39	ctg_fasta
Ulex_europaeus	mito	ctg000001c	432390	4	true	45.12	ctg_fasta
Ulex_minor	mito	ctg000001c	480510	1	true	44.9	ctg_fasta
Ulmus_glabra	mito	ctg000001c	520458	1	true	45.02	ctg_fasta
Ulmus_minor	mito	ctg000001c	520470	2	true	45.01	ctg_fasta
Ulmus_plotii	mito	ctg000001c	324734	7	true	44.34	ctg_fasta
Ulmus_procera	mito	ctg000001c	520458	1	true	45.02	ctg_fasta
Ulota_crispa	mito	ctg000001c	104638	1	true	39.83	ctg_fasta
Ulota_phyllantha	mito	ctg000001c	104733	1	true	39.8	ctg_fasta
Umbilicus_rupestris	mito	ctg000001c	241617	1	true	45.18	ctg_fasta
Urtica_dioica	mito	ctg000001l	348142	15	false	38.18	ctg_fasta
Urtica_urens	mito	ctg000001c	335023	4	true	38.59	ctg_fasta
Utricularia_minor	mito	ctg000001l	173449	1	false	44.22	ctg_fasta
Utricularia_minor	mito	ctg000002l	206417	1	false	44.75	ctg_fasta
Utricularia_vulgaris	mito	ctg000001c	382626	4	true	44.37	ctg_fasta
Vaccinium_myrtillus	mito	ctg000001c	754687	4	true	45.35	ctg_fasta
Vaccinium_oxycoccos	mito	ctg000001c	262257	1	true	45.37	ctg_fasta
Vaccinium_oxycoccos	mito	ctg000002c	223555	1	true	45.36	ctg_fasta
Vaccinium_vitis_idaea	mito	ctg000001c	550445	1	true	45.4	ctg_fasta
Valeriana_officinalis	mito	ctg000001c	1095368	24	true	42.31	ctg_fasta
Valeriana_officinalis	mito	ctg000002l	48706	1	false	43.51	ctg_fasta
Valeriana_pyrenaica	mito	ctg000001l	1110569	9	false	42.84	ctg_fasta
Valeriana_pyrenaica	mito	ctg000002c	176289	4	true	41.59	ctg_fasta
Valeriana_pyrenaica	mito	ctg000003c	69321	1	true	43.39	ctg_fasta
Valerianella_locusta	mito	ctg000001c	69911	1	true	40.03	ctg_fasta
Valerianella_locusta	mito	ctg000002c	122288	1	true	39.42	ctg_fasta
Valerianella_locusta	mito	ctg000003c	113639	1	true	40.12	ctg_fasta
Valerianella_locusta	mito	ctg000004c	119286	1	true	39.91	ctg_fasta
Valerianella_locusta	mito	ctg000005c	77949	1	true	40.03	ctg_fasta
Valerianella_locusta	mito	ctg000006c	65764	1	true	39.81	ctg_fasta
Valerianella_locusta	mito	ctg000007c	84414	1	true	39.85	ctg_fasta
Valerianella_locusta	mito	ctg000008c	98981	1	true	40.09	ctg_fasta
Valerianella_locusta	mito	ctg000009c	92027	1	true	39.44	ctg_fasta
Valerianella_locusta	mito	ctg000010c	63393	1	true	38.55	ctg_fasta
Valerianella_locusta	mito	ctg000011c	58267	1	true	41.52	ctg_fasta
Valerianella_locusta	mito	ctg000012c	82633	1	true	40.12	ctg_fasta
Valerianella_locusta	mito	ctg000013c	61763	1	true	39.61	ctg_fasta
Valerianella_locusta	mito	ctg000014c	76746	1	true	39.64	ctg_fasta
Valerianella_locusta	mito	ctg000015c	71228	1	true	40.06	ctg_fasta
Valerianella_locusta	mito	ctg000016c	46727	1	true	42.06	ctg_fasta
Vandenboschia_speciosa	mito	ctg000001l	13995	1	false	45.54	ctg_fasta
Vandenboschia_speciosa	mito	ctg000002l	20785	1	false	48.36	ctg_fasta
Vandenboschia_speciosa	mito	ctg000003l	36857	1	false	48.46	ctg_fasta
Vandenboschia_speciosa	mito	ctg000004l	20759	1	false	47.19	ctg_fasta
Vandenboschia_speciosa	mito	ctg000005l	27372	1	false	49.46	ctg_fasta
Vandenboschia_speciosa	mito	ctg000006l	5448	1	false	48.04	ctg_fasta
Vandenboschia_speciosa	mito	ctg000007l	6328	1	false	48.34	ctg_fasta
Vandenboschia_speciosa	mito	ctg000008l	1557	1	false	51.06	ctg_fasta
Vandenboschia_speciosa	mito	ctg000009l	2504	1	false	49.36	ctg_fasta
Vandenboschia_speciosa	mito	ctg000010l	10245	1	false	46.16	ctg_fasta
Vandenboschia_speciosa	mito	ctg000011l	3636	1	false	48.51	ctg_fasta
Vandenboschia_speciosa	mito	ctg000012l	31908	1	false	48.51	ctg_fasta
Vandenboschia_speciosa	mito	ctg000013l	4933	1	false	48.67	ctg_fasta
Vandenboschia_speciosa	mito	ctg000014l	1508	1	false	51.99	ctg_fasta
Vandenboschia_speciosa	mito	ctg000015l	6686	1	false	45.12	ctg_fasta
Vandenboschia_speciosa	mito	ctg000016l	2126	1	false	53.76	ctg_fasta
Vandenboschia_speciosa	mito	ctg000017l	10698	1	false	46.46	ctg_fasta
Vandenboschia_speciosa	mito	ctg000018l	1459	1	false	51.54	ctg_fasta
Vandenboschia_speciosa	mito	ctg000019l	12924	1	false	48.43	ctg_fasta
Vandenboschia_speciosa	mito	ctg000020l	3009	1	false	46.99	ctg_fasta
Vandenboschia_speciosa	mito	ctg000021l	1545	1	false	49.64	ctg_fasta
Vandenboschia_speciosa	mito	ctg000022l	1652	1	false	49.64	ctg_fasta
Vandenboschia_speciosa	mito	ctg000023l	1814	1	false	50.11	ctg_fasta
Vandenboschia_speciosa	mito	ctg000024l	1543	1	false	49.64	ctg_fasta
Vandenboschia_speciosa	mito	ctg000025l	1652	1	false	49.58	ctg_fasta
Vandenboschia_speciosa	mito	ctg000026l	1814	1	false	50.0	ctg_fasta
Vandenboschia_speciosa	mito	ctg000027l	2407	1	false	53.1	ctg_fasta
Vandenboschia_speciosa	mito	ctg000028l	28383	1	false	49.29	ctg_fasta
Vandenboschia_speciosa	mito	ctg000029l	9257	1	false	49.61	ctg_fasta
Vandenboschia_speciosa	mito	ctg000030l	9937	1	false	45.73	ctg_fasta
Vandenboschia_speciosa	mito	ctg000031l	7877	1	false	46.2	ctg_fasta
Vandenboschia_speciosa	mito	ctg000032l	7451	1	false	48.92	ctg_fasta
Vandenboschia_speciosa	mito	ctg000033l	2217	1	false	47.9	ctg_fasta
Vandenboschia_speciosa	mito	ctg000034l	4425	1	false	48.29	ctg_fasta
Vandenboschia_speciosa	mito	ctg000035l	23519	1	false	47.51	ctg_fasta
Vandenboschia_speciosa	mito	ctg000036l	11111	1	false	46.62	ctg_fasta
Vandenboschia_speciosa	mito	ctg000037l	5913	1	false	47.98	ctg_fasta
Vandenboschia_speciosa	mito	ctg000038l	7669	1	false	49.52	ctg_fasta
Vandenboschia_speciosa	mito	ctg000039l	12388	1	false	49.81	ctg_fasta
Vandenboschia_speciosa	mito	ctg000040l	3386	1	false	50.09	ctg_fasta
Vandenboschia_speciosa	mito	ctg000041l	10286	1	false	39.9	ctg_fasta
Vandenboschia_speciosa	mito	ctg000042l	2219	1	false	47.27	ctg_fasta
Vandenboschia_speciosa	mito	ctg000043l	1553	1	false	51.0	ctg_fasta
Vandenboschia_speciosa	mito	ctg000044l	1503	1	false	51.9	ctg_fasta
Vandenboschia_speciosa	mito	ctg000045l	1655	1	false	48.76	ctg_fasta
Vandenboschia_speciosa	mito	ctg000046l	2485	1	false	46.92	ctg_fasta
Vandenboschia_speciosa	mito	ctg000047l	2490	1	false	46.99	ctg_fasta
Vandenboschia_speciosa	mito	ctg000048l	2480	1	false	48.83	ctg_fasta
Vandenboschia_speciosa	mito	ctg000049l	2485	1	false	48.89	ctg_fasta
Vandenboschia_speciosa	mito	ctg000050l	6989	1	false	48.25	ctg_fasta
Vandenboschia_speciosa	mito	ctg000051l	11441	1	false	48.2	ctg_fasta
Vandenboschia_speciosa	mito	ctg000052l	1960	1	false	46.79	ctg_fasta
Vandenboschia_speciosa	mito	ctg000053l	1682	1	false	49.52	ctg_fasta
Vandenboschia_speciosa	mito	ctg000054l	1683	1	false	49.61	ctg_fasta
Vandenboschia_speciosa	mito	ctg000055l	1683	1	false	49.61	ctg_fasta
Vandenboschia_speciosa	mito	ctg000056l	1682	1	false	49.7	ctg_fasta
Vandenboschia_speciosa	mito	ctg000057l	1683	1	false	49.67	ctg_fasta
Vandenboschia_speciosa	mito	ctg000058l	1683	1	false	49.67	ctg_fasta
Vandenboschia_speciosa	mito	ctg000059l	1682	1	false	49.52	ctg_fasta
Vandenboschia_speciosa	mito	ctg000060l	4655	1	false	47.13	ctg_fasta
Vandenboschia_speciosa	mito	ctg000061l	24014	1	false	49.32	ctg_fasta
Vandenboschia_speciosa	mito	ctg000062l	4455	1	false	47.88	ctg_fasta
Vandenboschia_speciosa	mito	ctg000063l	2460	1	false	48.66	ctg_fasta
Vandenboschia_speciosa	mito	ctg000064l	2515	1	false	48.63	ctg_fasta
Vandenboschia_speciosa	mito	ctg000065l	5286	1	false	49.3	ctg_fasta
Vandenboschia_speciosa	mito	ctg000066l	2969	1	false	51.43	ctg_fasta
Vandenboschia_speciosa	mito	ctg000067l	4422	1	false	48.44	ctg_fasta
Vandenboschia_speciosa	mito	ctg000068l	1865	1	false	49.76	ctg_fasta
Vandenboschia_speciosa	mito	ctg000069l	1624	1	false	48.95	ctg_fasta
Vandenboschia_speciosa	mito	ctg000070l	18657	1	false	48.88	ctg_fasta
Vandenboschia_speciosa	mito	ctg000071l	8159	1	false	48.31	ctg_fasta
Vandenboschia_speciosa	mito	ctg000072l	5213	1	false	48.57	ctg_fasta
Vandenboschia_speciosa	mito	ctg000073l	3716	1	false	48.44	ctg_fasta
Vandenboschia_speciosa	mito	ctg000074l	11727	1	false	45.17	ctg_fasta
Vandenboschia_speciosa	mito	ctg000075l	7170	1	false	45.96	ctg_fasta
Vandenboschia_speciosa	mito	ctg000076l	1837	1	false	49.37	ctg_fasta
Vandenboschia_speciosa	mito	ctg000077l	1714	1	false	49.94	ctg_fasta
Vandenboschia_speciosa	mito	ctg000078l	1854	1	false	43.96	ctg_fasta
Vandenboschia_speciosa	mito	ctg000079l	1573	1	false	50.48	ctg_fasta
Vandenboschia_speciosa	mito	ctg000080l	1573	1	false	50.54	ctg_fasta
Vandenboschia_speciosa	mito	ctg000081l	2011	1	false	50.22	ctg_fasta
Vandenboschia_speciosa	mito	ctg000082l	1574	1	false	50.64	ctg_fasta
Vandenboschia_speciosa	mito	ctg000083l	1574	1	false	50.64	ctg_fasta
Vandenboschia_speciosa	mito	ctg000084l	16886	1	false	48.83	ctg_fasta
Vandenboschia_speciosa	mito	ctg000085l	5035	1	false	43.69	ctg_fasta
Vandenboschia_speciosa	mito	ctg000086l	3525	1	false	52.88	ctg_fasta
Vandenboschia_speciosa	mito	ctg000087l	2145	1	false	43.59	ctg_fasta
Vandenboschia_speciosa	mito	ctg000088l	2049	1	false	49.68	ctg_fasta
Vandenboschia_speciosa	mito	ctg000089l	24188	1	false	46.7	ctg_fasta
Vandenboschia_speciosa	mito	ctg000090l	4443	1	false	46.66	ctg_fasta
Vandenboschia_speciosa	mito	ctg000091l	10714	1	false	45.74	ctg_fasta
Vandenboschia_speciosa	mito	ctg000092l	12486	1	false	49.1	ctg_fasta
Vandenboschia_speciosa	mito	ctg000093l	9876	1	false	47.16	ctg_fasta
Vandenboschia_speciosa	mito	ctg000094l	2069	1	false	47.7	ctg_fasta
Vandenboschia_speciosa	mito	ctg000095l	1884	1	false	47.77	ctg_fasta
Vandenboschia_speciosa	mito	ctg000096l	1489	1	false	49.43	ctg_fasta
Vandenboschia_speciosa	mito	ctg000097l	5748	1	false	52.17	ctg_fasta
Vandenboschia_speciosa	mito	ctg000098l	1710	1	false	49.94	ctg_fasta
Vandenboschia_speciosa	mito	ctg000099l	2711	1	false	46.07	ctg_fasta
Vandenboschia_speciosa	mito	ctg000100l	1625	1	false	52.92	ctg_fasta
Vandenboschia_speciosa	mito	ctg000101l	3752	1	false	47.73	ctg_fasta
Vandenboschia_speciosa	mito	ctg000102l	1573	1	false	50.48	ctg_fasta
Vandenboschia_speciosa	mito	ctg000103l	4304	1	false	50.12	ctg_fasta
Vandenboschia_speciosa	mito	ctg000104l	1538	1	false	54.23	ctg_fasta
Vandenboschia_speciosa	mito	ctg000105l	1484	1	false	52.63	ctg_fasta
Vandenboschia_speciosa	mito	ctg000106l	1380	1	false	51.3	ctg_fasta
Vandenboschia_speciosa	mito	ctg000107l	1516	1	false	53.89	ctg_fasta
Vandenboschia_speciosa	mito	ctg000108l	1362	1	false	52.94	ctg_fasta
Vandenboschia_speciosa	mito	ctg000109l	1488	1	false	50.81	ctg_fasta
Vandenboschia_speciosa	mito	ctg000110l	1480	1	false	52.5	ctg_fasta
Vandenboschia_speciosa	mito	ctg000111l	1550	1	false	53.35	ctg_fasta
Vandenboschia_speciosa	mito	ctg000112l	1450	1	false	48.55	ctg_fasta
Vandenboschia_speciosa	mito	ctg000113l	1554	1	false	53.47	ctg_fasta
Vandenboschia_speciosa	mito	ctg000114l	1452	1	false	48.55	ctg_fasta
Vandenboschia_speciosa	mito	ctg000115l	1536	1	false	54.23	ctg_fasta
Vandenboschia_speciosa	mito	ctg000116l	1512	1	false	53.77	ctg_fasta
Vandenboschia_speciosa	mito	ctg000117l	1541	1	false	45.68	ctg_fasta
Vandenboschia_speciosa	mito	ctg000118l	1382	1	false	51.37	ctg_fasta
Vandenboschia_speciosa	mito	ctg000119l	1424	1	false	50.98	ctg_fasta
Vandenboschia_speciosa	mito	ctg000120l	1541	1	false	45.88	ctg_fasta
Vandenboschia_speciosa	mito	ctg000121l	1457	1	false	47.36	ctg_fasta
Vandenboschia_speciosa	mito	ctg000122l	1436	1	false	47.42	ctg_fasta
Vandenboschia_speciosa	mito	ctg000123l	1457	1	false	47.56	ctg_fasta
Vandenboschia_speciosa	mito	ctg000124l	1435	1	false	47.67	ctg_fasta
Vandenboschia_speciosa	mito	ctg000125l	1457	1	false	47.22	ctg_fasta
Vandenboschia_speciosa	mito	ctg000126l	1555	1	false	51.25	ctg_fasta
Vandenboschia_speciosa	mito	ctg000127l	1447	1	false	49.34	ctg_fasta
Vandenboschia_speciosa	mito	ctg000128l	1435	1	false	49.06	ctg_fasta
Vandenboschia_speciosa	mito	ctg000129l	1474	1	false	48.78	ctg_fasta
Vandenboschia_speciosa	mito	ctg000130l	1396	1	false	49.79	ctg_fasta
Vandenboschia_speciosa	mito	ctg000131l	1396	1	false	49.14	ctg_fasta
Vandenboschia_speciosa	mito	ctg000132l	1394	1	false	49.43	ctg_fasta
Vandenboschia_speciosa	mito	ctg000133l	1411	1	false	50.6	ctg_fasta
Vandenboschia_speciosa	mito	ctg000134l	1445	1	false	48.17	ctg_fasta
Vandenboschia_speciosa	mito	ctg000135l	1412	1	false	50.78	ctg_fasta
Vandenboschia_speciosa	mito	ctg000136l	1350	1	false	44.3	ctg_fasta
Vandenboschia_speciosa	mito	ctg000137l	1354	1	false	44.76	ctg_fasta
Vandenboschia_speciosa	mito	ctg000138l	1557	1	false	51.0	ctg_fasta
Vandenboschia_speciosa	mito	ctg000139l	1417	1	false	46.29	ctg_fasta
Vandenboschia_speciosa	mito	ctg000140l	1411	1	false	46.07	ctg_fasta
Vandenboschia_speciosa	mito	ctg000141l	1491	1	false	50.84	ctg_fasta
Vandenboschia_speciosa	mito	ctg000142l	1459	1	false	48.39	ctg_fasta
Vandenboschia_speciosa	mito	ctg000143l	1404	1	false	47.51	ctg_fasta
Vandenboschia_speciosa	mito	ctg000144l	1402	1	false	47.72	ctg_fasta
Vandenboschia_speciosa	mito	ctg000145l	1401	1	false	47.82	ctg_fasta
Vandenboschia_speciosa	mito	ctg000146l	1446	1	false	49.65	ctg_fasta
Vandenboschia_speciosa	mito	ctg000147l	1546	1	false	44.7	ctg_fasta
Vandenboschia_speciosa	mito	ctg000148l	1548	1	false	44.44	ctg_fasta
Vandenboschia_speciosa	mito	ctg000149l	1526	1	false	44.63	ctg_fasta
Vandenboschia_speciosa	mito	ctg000150l	1526	1	false	44.82	ctg_fasta
Vandenboschia_speciosa	mito	ctg000151l	1528	1	false	44.57	ctg_fasta
Vandenboschia_speciosa	mito	ctg000152l	1416	1	false	50.71	ctg_fasta
Vandenboschia_speciosa	mito	ctg000153l	1433	1	false	51.78	ctg_fasta
Vandenboschia_speciosa	mito	ctg000154l	1412	1	false	50.71	ctg_fasta
Vandenboschia_speciosa	mito	ctg000155l	1399	1	false	47.75	ctg_fasta
Vandenboschia_speciosa	mito	ctg000156l	1416	1	false	47.03	ctg_fasta
Vandenboschia_speciosa	mito	ctg000157l	1420	1	false	46.83	ctg_fasta
Vandenboschia_speciosa	mito	ctg000158l	1445	1	false	48.03	ctg_fasta
Vandenboschia_speciosa	mito	ctg000159l	1405	1	false	47.97	ctg_fasta
Vandenboschia_speciosa	mito	ctg000160l	1382	1	false	51.3	ctg_fasta
Vandenboschia_speciosa	mito	ctg000161l	1383	1	false	51.55	ctg_fasta
Vandenboschia_speciosa	mito	ctg000162l	1402	1	false	50.57	ctg_fasta
Vandenboschia_speciosa	mito	ctg000163l	1407	1	false	46.77	ctg_fasta
Vandenboschia_speciosa	mito	ctg000164l	1406	1	false	46.59	ctg_fasta
Vandenboschia_speciosa	mito	ctg000165l	1474	1	false	49.32	ctg_fasta
Vandenboschia_speciosa	mito	ctg000166l	1475	1	false	48.81	ctg_fasta
Vandenboschia_speciosa	mito	ctg000167l	1423	1	false	49.54	ctg_fasta
Vandenboschia_speciosa	mito	ctg000168l	1398	1	false	52.72	ctg_fasta
Vandenboschia_speciosa	mito	ctg000169l	1399	1	false	52.89	ctg_fasta
Vandenboschia_speciosa	mito	ctg000170l	1454	1	false	48.56	ctg_fasta
Vandenboschia_speciosa	mito	ctg000171l	1418	1	false	47.04	ctg_fasta
Vandenboschia_speciosa	mito	ctg000172l	1474	1	false	49.32	ctg_fasta
Vandenboschia_speciosa	mito	ctg000173l	1438	1	false	49.17	ctg_fasta
Verbascum_nigrum	mito	ctg000001c	332124	4	true	44.93	ctg_fasta
Verbascum_nigrum	mito	ctg000002c	159040	1	true	45.29	ctg_fasta
Verbascum_thapsus	mito	ctg000001c	324465	4	true	45.03	ctg_fasta
Verbascum_thapsus	mito	ctg000002c	157427	2	true	45.19	ctg_fasta
Verbena_officinalis	mito	ctg000001c	495811	8	true	44.98	ctg_fasta
Veronica_anagallis_aquatica	mito	ctg000001c	362748	4	true	44.11	ctg_fasta
Veronica_arvensis	mito	ctg000001c	280619	4	true	44.36	ctg_fasta
Veronica_beccabunga	mito	ctg000001c	349940	4	true	44.24	ctg_fasta
Veronica_chamaedrys	mito	ctg000001c	296254	6	true	44.42	ctg_fasta
Veronica_chamaedrys	mito	ctg000002l	18062	1	false	40.89	ctg_fasta
Veronica_filiformis	mito	ctg000001c	314235	18	true	44.38	ctg_fasta
Veronica_hederifolia	mito	ctg000001c	289247	11	true	44.06	ctg_fasta
Veronica_montana	mito	ctg000001c	486063	1	true	45.23	ctg_fasta
Veronica_montana	mito	ctg000002c	324734	7	true	44.34	ctg_fasta
Veronica_officinalis	mito	ctg000001c	147779	1	true	44.33	ctg_fasta
Veronica_officinalis	mito	ctg000002c	202710	1	true	44.11	ctg_fasta
Veronica_persica	mito	ctg000001c	314756	10	true	44.53	ctg_fasta
Veronica_praecox	mito	ctg000001c	359353	8	true	43.89	ctg_fasta
Veronica_scutellata	mito	ctg000001c	132887	1	true	43.76	ctg_fasta
Veronica_scutellata	mito	ctg000002c	200858	1	true	44.47	ctg_fasta
Veronica_serpyllifolia	mito	ctg000001c	334109	4	true	44.34	ctg_fasta
Veronica_spicata	mito	ctg000001c	525359	6	true	44.51	ctg_fasta
Veronica_triphyllos	mito	ctg000001c	328578	6	true	44.06	ctg_fasta
Veronica_verna	mito	ctg000001c	311805	4	true	44.25	ctg_fasta
Viburnum_lantana	mito	ctg000001c	655833	5	true	46.1	ctg_fasta
Viburnum_opulus	mito	ctg000001l	679971	3	false	45.9	ctg_fasta
Vicia_cracca	mito	ctg000001c	463438	14	true	44.16	ctg_fasta
Vicia_hirsuta	mito	ctg000001c	325006	1	true	45.17	ctg_fasta
Vicia_lutea	mito	ctg000001l	372022	6	false	45.12	ctg_fasta
Vicia_parviflora	mito	ctg000001c	341491	1	true	45.26	ctg_fasta
Vicia_parviflora	mito	ctg000002c	64572	1	true	44.77	ctg_fasta
Vicia_sativa	mito	ctg000001c	405761	4	true	45.09	ctg_fasta
Vicia_sepium	mito	ctg000001c	406512	10	true	45.33	ctg_fasta
Vinca_minor	mito	ctg000001c	1162632	44	true	44.93	ctg_fasta
Vinca_minor	mito	ctg000002l	69398	1	false	44.7	ctg_fasta
Vinca_minor	mito	ctg000003c	78906	1	true	43.97	ctg_fasta
Viola_hirta	mito	ctg000001c	495635	4	true	44.2	ctg_fasta
Viola_lutea	mito	ctg000001c	133758	1	true	43.88	ctg_fasta
Viola_lutea	mito	ctg000002c	154205	1	true	44.39	ctg_fasta
Viola_lutea	mito	ctg000003c	131231	1	true	44.47	ctg_fasta
Viola_odorata	mito	ctg000001c	482110	1	true	44.18	ctg_fasta
Viola_palustris	mito	ctg000001c	292904	1	true	44.19	ctg_fasta
Viola_palustris	mito	ctg000002c	220738	1	true	44.07	ctg_fasta
Viola_riviniana	mito	ctg000001l	208832	7	false	46.11	ctg_fasta
Viola_riviniana	mito	ctg000002l	40422	1	false	46.21	ctg_fasta
Viola_riviniana	mito	ctg000003l	23930	1	false	46.36	ctg_fasta
Viola_riviniana	mito	ctg000004l	54960	1	false	46.86	ctg_fasta
Viola_riviniana	mito	ctg000005l	25748	1	false	46.85	ctg_fasta
Viola_riviniana	mito	ctg000006l	20334	1	false	47.85	ctg_fasta
Viola_riviniana	mito	ctg000007c	137353	1	true	44.7	ctg_fasta
Viola_riviniana	mito	ctg000008l	322572	5	false	44.51	ctg_fasta
Viola_riviniana	mito	ctg000009l	146032	1	false	46.54	ctg_fasta
Viola_riviniana	mito	ctg000010l	19770	1	false	48.18	ctg_fasta
Viola_riviniana	mito	ctg000011l	25606	1	false	45.96	ctg_fasta
Viola_stagnina	mito	ctg000001c	484667	1	true	44.06	ctg_fasta
Viola_tricolor	mito	ctg000001c	134369	1	true	43.78	ctg_fasta
Viola_tricolor	mito	ctg000002c	152161	1	true	44.39	ctg_fasta
Viola_tricolor	mito	ctg000003c	131950	1	true	44.48	ctg_fasta
Viscaria_vulgaris	mito	ctg000001l	369128	14	false	43.55	ctg_fasta
Viscaria_vulgaris	mito	ctg000002c	57127	1	true	42.97	ctg_fasta
Viscum_album	mito	ctg000001l	289019	3	false	45.78	ctg_fasta
Viscum_album	mito	ctg000002c	121582	4	true	45.92	ctg_fasta
Viscum_album	mito	ctg000003c	133407	1	true	46.26	ctg_fasta
Vitis_vinifera	mito	ctg000001c	816565	1	true	44.19	ctg_fasta
Woodsia_ilvensis	mito	ctg000001l	8767	1	false	46.95	ctg_fasta
Woodsia_ilvensis	mito	ctg000002l	3779	1	false	44.11	ctg_fasta
Woodsia_ilvensis	mito	ctg000003l	4665	1	false	46.45	ctg_fasta
Woodsia_ilvensis	mito	ctg000004l	9951	1	false	46.62	ctg_fasta
Woodsia_ilvensis	mito	ctg000005l	3970	1	false	44.71	ctg_fasta
Woodsia_ilvensis	mito	ctg000006l	1462	1	false	45.62	ctg_fasta
Woodsia_ilvensis	mito	ctg000007l	3161	1	false	46.85	ctg_fasta
Woodsia_ilvensis	mito	ctg000008l	1657	1	false	48.28	ctg_fasta
Woodsia_ilvensis	mito	ctg000009l	1725	1	false	49.74	ctg_fasta
Woodsia_ilvensis	mito	ctg000010l	6921	1	false	46.51	ctg_fasta
Woodsia_ilvensis	mito	ctg000011l	5551	1	false	49.38	ctg_fasta
Woodsia_ilvensis	mito	ctg000012l	4169	1	false	50.95	ctg_fasta
Woodsia_ilvensis	mito	ctg000013l	2172	1	false	46.18	ctg_fasta
Woodsia_ilvensis	mito	ctg000014l	4185	1	false	47.57	ctg_fasta
Woodsia_ilvensis	mito	ctg000015l	2273	1	false	43.64	ctg_fasta
Woodsia_ilvensis	mito	ctg000016l	8642	1	false	48.67	ctg_fasta
Woodsia_ilvensis	mito	ctg000017l	3534	1	false	46.35	ctg_fasta
Woodsia_ilvensis	mito	ctg000018l	5306	1	false	44.31	ctg_fasta
Woodsia_ilvensis	mito	ctg000019l	4864	1	false	51.09	ctg_fasta
Woodsia_ilvensis	mito	ctg000020l	4391	1	false	49.35	ctg_fasta
Woodsia_ilvensis	mito	ctg000021l	15836	1	false	48.05	ctg_fasta
Woodsia_ilvensis	mito	ctg000022l	8121	1	false	47.97	ctg_fasta
Woodsia_ilvensis	mito	ctg000023l	3042	1	false	47.93	ctg_fasta
Woodsia_ilvensis	mito	ctg000024l	3681	1	false	43.85	ctg_fasta
Woodsia_ilvensis	mito	ctg000025l	5094	1	false	43.58	ctg_fasta
Woodsia_ilvensis	mito	ctg000026l	2070	1	false	47.63	ctg_fasta
Woodsia_ilvensis	mito	ctg000027l	3624	1	false	50.22	ctg_fasta
Woodsia_ilvensis	mito	ctg000028l	2117	1	false	47.0	ctg_fasta
Woodsia_ilvensis	mito	ctg000029l	5170	1	false	50.21	ctg_fasta
Woodsia_ilvensis	mito	ctg000030l	3233	1	false	45.22	ctg_fasta
Woodsia_ilvensis	mito	ctg000031l	7273	1	false	46.13	ctg_fasta
Woodsia_ilvensis	mito	ctg000032l	5679	1	false	47.53	ctg_fasta
Woodsia_ilvensis	mito	ctg000033l	1444	1	false	51.8	ctg_fasta
Woodsia_ilvensis	mito	ctg000034l	3247	1	false	47.83	ctg_fasta
Woodsia_ilvensis	mito	ctg000035l	10473	1	false	47.79	ctg_fasta
Woodsia_ilvensis	mito	ctg000036l	2532	1	false	45.3	ctg_fasta
Woodsia_ilvensis	mito	ctg000037l	4179	1	false	45.8	ctg_fasta
Woodsia_ilvensis	mito	ctg000038l	10898	1	false	46.26	ctg_fasta
Woodsia_ilvensis	mito	ctg000039l	1614	1	false	49.63	ctg_fasta
Woodsia_ilvensis	mito	ctg000040l	1359	1	false	48.71	ctg_fasta
Woodsia_ilvensis	mito	ctg000041l	1362	1	false	47.58	ctg_fasta
Woodsia_ilvensis	mito	ctg000042l	1366	1	false	45.24	ctg_fasta
Woodsia_ilvensis	mito	ctg000043l	1374	1	false	50.8	ctg_fasta
Xerophyllum_tenax	mito	ctg000001c	917104	12	true	46.22	ctg_fasta
Xerophyllum_tenax	mito	ctg000002c	102812	1	true	46.93	ctg_fasta
Xerophyllum_tenax	mito	ctg000003c	105555	1	true	46.28	ctg_fasta
Zostera_marina	mito	ctg000001c	184715	26	true	45.39	ctg_fasta
Zostera_noltei	mito						no_assembly
Zygodon_viridissimus	mito	ctg000001c	102795	1	true	39.35	ctg_fasta
Acaena_ovalifolia	pltd	ctg000001c	156054	4	true	37.22	ctg_fasta
Aconitum_napellus	pltd	ctg000001c	155694	4	true	38.11	ctg_fasta
Adiantum_capillus_veneris	pltd	ctg000001c	150591	7	true	42.01	ctg_fasta
Adonis_annua	pltd	ctg000001c	152758	4	true	38.0	ctg_fasta
Adoxa_moschatellina	pltd	ctg000001c	157663	4	true	37.79	ctg_fasta
Aegonychon_purpurocaeruleum	pltd	ctg000001c	151739	5	true	37.59	ctg_fasta
Aesculus_hippocastanum	pltd	ctg000001c	156082	4	true	37.85	ctg_fasta
Aethusa_cynapium	pltd	ctg000001c	147740	4	true	37.41	ctg_fasta
Agrimonia_eupatoria	pltd	ctg000001c	155185	4	true	36.88	ctg_fasta
Agrostemma_githago	pltd	ctg000001c	151730	4	true	36.4	ctg_fasta
Agrostis_capillaris	pltd	ctg000001c	136675	4	true	38.51	ctg_fasta
Agrostis_gigantea	pltd	ctg000001c	136671	4	true	38.5	ctg_fasta
Agrostis_gigantea	pltd	ctg000002c	133123	4	true	38.4	ctg_fasta
Agrostis_stolonifera	pltd	ctg000001c	136578	5	true	38.45	ctg_fasta
Ailanthus_altissima	pltd	ctg000001c	161079	4	true	37.6	ctg_fasta
Ajuga_chamaepitys	pltd	ctg000001c	150704	4	true	38.25	ctg_fasta
Ajuga_reptans	pltd	ctg000001c	149990	4	true	38.29	ctg_fasta
Alchemilla_alpina	pltd	ctg000001c	152288	4	true	37.01	ctg_fasta
Alchemilla_arvensis	pltd	ctg000001c	150585	4	true	36.88	ctg_fasta
Alchemilla_glaucescens	pltd	ctg000001c	152017	4	true	37.0	ctg_fasta
Alchemilla_micans	pltd	ctg000001c	152009	4	true	37.0	ctg_fasta
Alisma_plantago_aquatica	pltd	ctg000001c	159878	4	true	35.97	ctg_fasta
Alliaria_petiolata	pltd	ctg000001c	153318	4	true	36.4	ctg_fasta
Allium_paradoxum	pltd	ctg000001c	145816	4	true	37.13	ctg_fasta
Allium_schoenoprasum	pltd	ctg000001c	152946	4	true	36.77	ctg_fasta
Allium_triquetrum	pltd	ctg000001c	153145	4	true	36.83	ctg_fasta
Alnus_cordata	pltd	ctg000001c	160763	4	true	36.41	ctg_fasta
Alnus_glutinosa	pltd	ctg000001c	160819	4	true	36.41	ctg_fasta
Alnus_incana	pltd	u0				43.08	gfa_fallback
Alnus_incana	pltd	u1				34.27	gfa_fallback
Alnus_incana	pltd	u2				30.66	gfa_fallback
Alopecurus_geniculatus	pltd	ctg000001c	136375	4	true	38.26	ctg_fasta
Alopecurus_pratensis	pltd	ctg000001c	136158	4	true	38.3	ctg_fasta
Ammi_majus	pltd	u0				36.08	gfa_fallback
Ammi_majus	pltd	u41				43.25	gfa_fallback
Ammi_majus	pltd	u42				31.52	gfa_fallback
Ammophila_arenaria	pltd	ctg000001c	160900	4	true	38.28	ctg_fasta
Ammophila_arenaria	pltd	ctg000002c	136759	4	true	38.56	ctg_fasta
Amphidium_lapponicum	pltd	ctg000001c	124834	4	true	29.09	ctg_fasta
Amphidium_mougeotii	pltd	ctg000001c	125037	4	true	29.27	ctg_fasta
Amsinckia_menziesii	pltd	ctg000001c	149604	21	true	37.53	ctg_fasta
Anacamptis_pyramidalis	pltd	ctg000001c	149723	4	true	37.13	ctg_fasta
Anagallis_arvensis	pltd	ctg000001c	153300	4	true	36.83	ctg_fasta
Anagallis_tenella	pltd	ctg000001c	153375	4	true	36.85	ctg_fasta
Anastrepta_orcadensis	pltd	ctg000001c	118519	6	true	33.08	ctg_fasta
Anastrophyllum_donnianum	pltd	ctg000001c	118617	6	true	33.72	ctg_fasta
Anchusa_arvensis	pltd	ctg000001c	150812	4	true	37.92	ctg_fasta
Andreaea_frigida	pltd	ctg000001c	134387	4	true	29.78	ctg_fasta
Andreaea_hookeri	pltd	ctg000001c	134982	4	true	30.31	ctg_fasta
Andreaea_mutabilis	pltd	ctg000001c	135060	4	true	30.3	ctg_fasta
Andreaea_nivalis	pltd	ctg000001c	136258	4	true	29.61	ctg_fasta
Andreaea_rothii	pltd	ctg000001c	135496	4	true	29.79	ctg_fasta
Andreaea_rupestris	pltd	ctg000001c	135054	4	true	30.31	ctg_fasta
Andromeda_polifolia	pltd	ctg000001c	189942	15	true	36.63	ctg_fasta
Anemone_nemorosa	pltd	ctg000001c	160716	4	true	37.69	ctg_fasta
Anemone_pulsatilla	pltd	ctg000001c	161756	6	true	37.55	ctg_fasta
Anethum_foeniculum	pltd	ctg000001c	153563	4	true	37.65	ctg_fasta
Angelica_archangelica	pltd	ctg000001c	145653	4	true	37.62	ctg_fasta
Angelica_sylvestris	pltd	ctg000001c	147134	4	true	37.55	ctg_fasta
Anoectangium_aestivum	pltd	ctg000001c	123857	4	true	28.16	ctg_fasta
Anomodon_viticulosus	pltd	ctg000001c	126114	4	true	28.52	ctg_fasta
Antennaria_dioica	pltd	ctg000001c	151513	4	true	37.33	ctg_fasta
Anthelia_julacea	pltd	ctg000001c	118679	4	true	33.67	ctg_fasta
Anthoxanthum_odoratum	pltd	ctg000001c	135599	4	true	38.26	ctg_fasta
Anthriscus_caucalis	pltd	ctg000001c	154417	4	true	37.44	ctg_fasta
Anthriscus_sylvestris	pltd	ctg000001c	155063	4	true	37.46	ctg_fasta
Anthyllis_vulneraria	pltd	ctg000001c	151909	10	true	35.94	ctg_fasta
Antitrichia_curtipendula	pltd	ctg000001c	124870	4	true	28.82	ctg_fasta
Aponogeton_distachyos	pltd	ctg000001c	153518	5	true	37.16	ctg_fasta
Aquilegia_vulgaris	pltd	ctg000001c	161497	4	true	38.95	ctg_fasta
Arabidopsis_thaliana	pltd	ctg000001c	154475	4	true	36.29	ctg_fasta
Arabis_alpina	pltd	ctg000001c	152797	4	true	36.44	ctg_fasta
Arabis_hirsuta	pltd	ctg000001c	153766	4	true	36.4	ctg_fasta
Arabis_scabra	pltd	ctg000001c	153659	4	true	36.46	ctg_fasta
Arabis_scabra	pltd	ctg000002c	190240	4	true	40.25	ctg_fasta
Arbutus_unedo	pltd	ctg000001c	150965	4	true	37.34	ctg_fasta
Archidium_alternifolium	pltd	ctg000001c	125307	4	true	28.68	ctg_fasta
Arctium_lappa	pltd	ctg000001c	152708	4	true	37.68	ctg_fasta
Arctium_minus	pltd	ctg000001c	158338	4	true	36.76	ctg_fasta
Arctium_minus	pltd	ctg000002c	152709	4	true	37.69	ctg_fasta
Arctostaphylos_uva_ursi	pltd	ctg000001c	149998	8	true	37.35	ctg_fasta
Arctous_alpina	pltd	ctg000001c	150299	8	true	37.39	ctg_fasta
Arenaria_serpyllifolia	pltd	ctg000001c	146663	4	true	36.49	ctg_fasta
Aria_edulis	pltd	ctg000001c	160365	4	true	36.53	ctg_fasta
Aristolochia_clematitis	pltd	ctg000001c	160899	4	true	38.28	ctg_fasta
Armoracia_rusticana	pltd	ctg000001c	156667	4	true	37.29	ctg_fasta
Armoracia_rusticana	pltd	ctg000002c	155136	4	true	36.34	ctg_fasta
Arrhenatherum_elatius	pltd	ctg000001c	136396	4	true	38.41	ctg_fasta
Artemisia_campestris	pltd	ctg000001c	151025	4	true	37.48	ctg_fasta
Artemisia_maritima	pltd	ctg000001c	151065	4	true	37.46	ctg_fasta
Artemisia_vulgaris	pltd	ctg000001c	151167	4	true	37.47	ctg_fasta
Arum_italicum	pltd	ctg000001c	162884	6	true	35.98	ctg_fasta
Arum_maculatum	pltd	ctg000001c	161948	6	true	36.05	ctg_fasta
Arum_maculatum	pltd	ctg000002l	170045	3	false	37.59	ctg_fasta
Asparagus_officinalis	pltd	ctg000001c	156728	4	true	37.59	ctg_fasta
Asplenium_adiantum_nigrum	pltd	ctg000001c	149521	4	true	40.96	ctg_fasta
Asplenium_ceterach	pltd	ctg000001c	149524	4	true	40.61	ctg_fasta
Asplenium_marinum	pltd	ctg000001c	155575	4	true	41.28	ctg_fasta
Asplenium_scolopendrium	pltd	ctg000001c	149312	4	true	40.93	ctg_fasta
Asplenium_septentrionale	pltd						no_assembly
Asplenium_trichomanes	pltd	ctg000001c	148467	4	true	40.56	ctg_fasta
Asplenium_viride	pltd	ctg000001c	155664	4	true	41.56	ctg_fasta
Astragalus_alpinus	pltd	ctg000001c	123202	2	true	34.14	ctg_fasta
Astragalus_danicus	pltd	ctg000001c	123394	1	true	34.08	ctg_fasta
Astragalus_glycyphyllos	pltd	ctg000001c	124001	2	true	34.03	ctg_fasta
Atractylocarpus_subporodictyon	pltd	ctg000001c	127894	4	true	28.84	ctg_fasta
Atriplex_laciniata	pltd	ctg000001c	152006	6	true	37.27	ctg_fasta
Atriplex_littoralis	pltd	ctg000001c	152180	6	true	37.32	ctg_fasta
Atriplex_praecox	pltd	ctg000001c	152187	6	true	37.3	ctg_fasta
Atropa_belladonna	pltd	ctg000001c	156648	4	true	37.57	ctg_fasta
Aulacomnium_androgynum	pltd	ctg000001c	125921	4	true	29.98	ctg_fasta
Aulacomnium_palustre	pltd	ctg000001l	92030	2	false	57.12	ctg_fasta
Aulacomnium_palustre	pltd	ctg000002l	89187	1	false	57.28	ctg_fasta
Avenella_flexuosa	pltd	ctg000001c	135866	4	true	38.25	ctg_fasta
Avenella_flexuosa	pltd	ctg000002c	135888	4	true	38.24	ctg_fasta
Azolla_filiculoides	pltd	ctg000001c	147671	4	true	42.18	ctg_fasta
Baldellia_ranunculoides	pltd	ctg000001c	159446	4	true	36.03	ctg_fasta
Ballota_nigra	pltd	ctg000001c	151913	4	true	38.46	ctg_fasta
Barbarea_vulgaris	pltd	ctg000001l	10811	1	false	31.39	ctg_fasta
Barbarea_vulgaris	pltd	ctg000002l	18425	1	false	44.68	ctg_fasta
Barbarea_vulgaris	pltd	ctg000003l	7993	1	false	31.49	ctg_fasta
Barbarea_vulgaris	pltd	ctg000004l	7994	1	false	31.41	ctg_fasta
Barbarea_vulgaris	pltd	ctg000005l	11398	1	false	36.33	ctg_fasta
Barbarea_vulgaris	pltd	ctg000006l	7639	1	false	32.11	ctg_fasta
Barbarea_vulgaris	pltd	ctg000007l	7637	1	false	32.15	ctg_fasta
Barbarea_vulgaris	pltd	ctg000008l	7640	1	false	35.82	ctg_fasta
Barbarea_vulgaris	pltd	ctg000009l	13138	1	false	29.86	ctg_fasta
Barbarea_vulgaris	pltd	ctg000010l	4761	1	false	38.82	ctg_fasta
Barbarea_vulgaris	pltd	ctg000011l	4900	1	false	38.71	ctg_fasta
Barbarea_vulgaris	pltd	ctg000012l	1674	1	false	37.4	ctg_fasta
Barbarea_vulgaris	pltd	ctg000013l	1674	1	false	37.34	ctg_fasta
Barbarea_vulgaris	pltd	ctg000014l	4004	1	false	34.77	ctg_fasta
Barbarea_vulgaris	pltd	ctg000015l	4000	1	false	34.83	ctg_fasta
Barbarea_vulgaris	pltd	ctg000016l	1593	1	false	31.89	ctg_fasta
Barbarea_vulgaris	pltd	ctg000017l	10803	1	false	31.47	ctg_fasta
Barbarea_vulgaris	pltd	ctg000018l	1537	1	false	37.67	ctg_fasta
Barbarea_vulgaris	pltd	ctg000019l	2107	1	false	32.27	ctg_fasta
Barbarea_vulgaris	pltd	ctg000020l	3477	1	false	38.68	ctg_fasta
Barbarea_vulgaris	pltd	ctg000021l	1768	1	false	36.03	ctg_fasta
Barbarea_vulgaris	pltd	ctg000022l	1772	1	false	36.0	ctg_fasta
Barbarea_vulgaris	pltd	ctg000023l	3329	1	false	35.72	ctg_fasta
Barbarea_vulgaris	pltd	ctg000024l	2102	1	false	42.29	ctg_fasta
Barbarea_vulgaris	pltd	ctg000025l	2483	1	false	33.67	ctg_fasta
Barbarea_vulgaris	pltd	ctg000026l	2481	1	false	33.58	ctg_fasta
Barbarea_vulgaris	pltd	ctg000027l	1819	1	false	29.8	ctg_fasta
Barbarea_vulgaris	pltd	ctg000028l	3344	1	false	29.84	ctg_fasta
Barbarea_vulgaris	pltd	ctg000029l	2747	1	false	30.03	ctg_fasta
Barbarea_vulgaris	pltd	ctg000030l	5782	1	false	37.03	ctg_fasta
Barbarea_vulgaris	pltd	ctg000031l	3864	1	false	33.64	ctg_fasta
Barbarea_vulgaris	pltd	ctg000032l	4379	1	false	33.71	ctg_fasta
Barbarea_vulgaris	pltd	ctg000033l	3170	1	false	32.08	ctg_fasta
Barbarea_vulgaris	pltd	ctg000034l	4021	1	false	33.9	ctg_fasta
Barbarea_vulgaris	pltd	ctg000035l	2147	1	false	35.35	ctg_fasta
Barbarea_vulgaris	pltd	ctg000036l	3390	1	false	31.09	ctg_fasta
Barbarea_vulgaris	pltd	ctg000037l	5838	1	false	29.07	ctg_fasta
Barbarea_vulgaris	pltd	ctg000038l	5835	1	false	29.13	ctg_fasta
Barbarea_vulgaris	pltd	ctg000039l	1474	1	false	36.97	ctg_fasta
Barbarea_vulgaris	pltd	ctg000040l	1383	1	false	37.09	ctg_fasta
Barbarea_vulgaris	pltd	ctg000041l	1536	1	false	34.83	ctg_fasta
Barbarea_vulgaris	pltd	ctg000042l	1400	1	false	40.86	ctg_fasta
Barbarea_vulgaris	pltd	ctg000043l	1448	1	false	35.29	ctg_fasta
Barbarea_vulgaris	pltd	ctg000044l	1399	1	false	40.74	ctg_fasta
Bartramia_pomiformis	pltd	ctg000001c	125774	4	true	29.28	ctg_fasta
Bazzania_pearsonii	pltd	ctg000001c	119895	4	true	35.23	ctg_fasta
Bazzania_tricrenata	pltd	ctg000001c	119261	4	true	35.6	ctg_fasta
Bazzania_trilobata	pltd	ctg000001c	120221	7	true	35.78	ctg_fasta
Bellardia_viscosa	pltd	ctg000001c	152656	4	true	38.2	ctg_fasta
Bellis_perennis	pltd	ctg000001c	151870	6	true	37.28	ctg_fasta
Berberis_aquifolium	pltd	ctg000001c	165687	4	true	38.09	ctg_fasta
Berberis_vulgaris	pltd	ctg000001c	166264	4	true	38.05	ctg_fasta
Berula_erecta	pltd	ctg000001c	154950	8	true	37.21	ctg_fasta
Berula_erecta	pltd	ctg000002l	33260	1	false	34.36	ctg_fasta
Beta_vulgaris	pltd	ctg000001c	149717	4	true	37.0	ctg_fasta
Betonica_officinalis	pltd	ctg000001c	151541	4	true	38.48	ctg_fasta
Betula_pendula	pltd	ctg000001c	160609	4	true	36.05	ctg_fasta
Betula_pubescens	pltd	ctg000001c	160610	4	true	36.05	ctg_fasta
Bidens_cernua	pltd	ctg000001c	150511	4	true	37.48	ctg_fasta
Bistorta_vivipara	pltd	ctg000001c	158851	4	true	37.99	ctg_fasta
Blackstonia_perfoliata	pltd	ctg000001c	153777	4	true	37.98	ctg_fasta
Blasia_pusilla	pltd	ctg000001c	121429	4	true	28.65	ctg_fasta
Blindia_acuta	pltd	ctg000001c	123787	4	true	28.67	ctg_fasta
Blindiadelphus_recurvatus	pltd	ctg000001c	123949	4	true	28.72	ctg_fasta
Blitum_bonus_henricus	pltd	ctg000001c	152606	4	true	36.84	ctg_fasta
Blysmopsis_rufa	pltd	ctg000001c	220601	11	true	33.79	ctg_fasta
Borago_officinalis	pltd	ctg000001c	149831	7	true	37.82	ctg_fasta
Brachydontium_trichodes	pltd	ctg000001c	123450	4	true	28.35	ctg_fasta
Brachypodium_pinnatum	pltd	ctg000001c	136448	4	true	38.53	ctg_fasta
Brachypodium_sylvaticum	pltd	ctg000001c	136329	5	true	38.51	ctg_fasta
Brachythecium_rutabulum	pltd	ctg000001c	124488	4	true	30.05	ctg_fasta
Brassica_nigra	pltd	ctg000001c	153630	4	true	36.39	ctg_fasta
Brassica_oleracea	pltd	ctg000001l	63741	2	false	35.79	ctg_fasta
Brassica_oleracea	pltd	ctg000002l	37651	1	false	34.31	ctg_fasta
Brassica_oleracea	pltd	ctg000003l	21686	2	false	31.62	ctg_fasta
Braunia_imberbis	pltd	ctg000001c	125213	4	true	29.66	ctg_fasta
Briza_media	pltd	ctg000001c	135233	4	true	38.49	ctg_fasta
Bromus_benekenii	pltd	ctg000001c	137238	4	true	38.37	ctg_fasta
Bromus_hordeaceus	pltd	ctg000001c	137141	4	true	38.27	ctg_fasta
Bromus_interruptus	pltd	ctg000001c	160901	4	true	38.28	ctg_fasta
Bromus_interruptus	pltd	ctg000002c	137170	4	true	38.27	ctg_fasta
Bromus_secalinus	pltd	ctg000001c	124622	1	true	35.13	ctg_fasta
Bromus_secalinus	pltd	ctg000002c	137100	4	true	38.29	ctg_fasta
Bromus_sterilis	pltd	ctg000001c	136963	4	true	38.24	ctg_fasta
Bryoerythrophyllum_caledonicum	pltd	ctg000001c	123180	4	true	28.36	ctg_fasta
Bryoerythrophyllum_caledonicum	pltd	ctg000002l	33107	2	false	33.95	ctg_fasta
Bryoerythrophyllum_caledonicum	pltd	ctg000003l	11932	1	false	28.49	ctg_fasta
Bryoerythrophyllum_caledonicum	pltd	ctg000004l	14681	1	false	32.84	ctg_fasta
Bryoerythrophyllum_caledonicum	pltd	ctg000005l	15765	1	false	30.1	ctg_fasta
Bryoerythrophyllum_ferruginascens	pltd	ctg000001c	123210	4	true	28.31	ctg_fasta
Bryonia_dioica	pltd	ctg000001c	156667	4	true	37.29	ctg_fasta
Bryum_calophyllum	pltd	ctg000001c	123057	5	true	28.12	ctg_fasta
Bryum_knowltonii	pltd	ctg000001c	123220	4	true	28.07	ctg_fasta
Bryum_marratii	pltd	ctg000001c	123085	4	true	28.19	ctg_fasta
Bryum_riparium	pltd	ctg000001c	123219	4	true	28.08	ctg_fasta
Buddleja_davidii	pltd	ctg000001c	154118	4	true	38.09	ctg_fasta
Butomus_umbellatus	pltd	ctg000001c	158338	4	true	36.76	ctg_fasta
Buxus_sempervirens	pltd	u31				36.47	gfa_fallback
Buxus_sempervirens	pltd	u32				45.41	gfa_fallback
Buxus_sempervirens	pltd	u33				32.39	gfa_fallback
Cakile_maritima	pltd	ctg000001c	153050	4	true	38.83	ctg_fasta
Cakile_maritima	pltd	ctg000002c	153686	4	true	36.41	ctg_fasta
Calendula_officinalis	pltd	ctg000001c	150465	7	true	37.75	ctg_fasta
Calliergon_cordifolium	pltd	ctg000001c	124153	5	true	28.49	ctg_fasta
Calliergon_giganteum	pltd	ctg000001c	124817	4	true	28.55	ctg_fasta
Calliergonella_cuspidata	pltd	ctg000001c	124566	4	true	29.05	ctg_fasta
Callitriche_obtusangula	pltd	u0				35.61	gfa_fallback
Callitriche_obtusangula	pltd	u17				43.17	gfa_fallback
Callitriche_obtusangula	pltd	u18				30.8	gfa_fallback
Callitriche_stagnalis	pltd	ctg000001c	150537	4	true	37.58	ctg_fasta
Calluna_vulgaris	pltd	ctg000001c	208465	15	true	37.24	ctg_fasta
Calypogeia_arguta	pltd	ctg000001c	119666	4	true	34.44	ctg_fasta
Calypogeia_muelleriana	pltd	ctg000001c	120122	5	true	35.43	ctg_fasta
Calystegia_pulchra	pltd	ctg000001c	152069	8	true	37.77	ctg_fasta
Calystegia_sepium	pltd	ctg000001c	152071	7	true	37.79	ctg_fasta
Calystegia_soldanella	pltd	ctg000001c	152339	5	true	37.73	ctg_fasta
Campanula_glomerata	pltd	ctg000001c	152884	4	true	38.85	ctg_fasta
Campanula_glomerata	pltd	ctg000002c	180241	4	true	38.97	ctg_fasta
Campanula_medium	pltd	ctg000001c	172145	19	true	38.81	ctg_fasta
Campanula_patula	pltd	ctg000001c	186277	8	true	38.42	ctg_fasta
Campanula_rotundifolia	pltd	ctg000001c	180176	4	true	37.96	ctg_fasta
Camptothecium_lutescens	pltd	ctg000001c	124499	4	true	29.81	ctg_fasta
Campylium_stellatum	pltd	ctg000001c	124529	5	true	29.3	ctg_fasta
Campylopus_flexuosus	pltd	ctg000001c	123694	4	true	28.24	ctg_fasta
Campylopus_introflexus	pltd	ctg000001c	123702	4	true	28.34	ctg_fasta
Capsella_bursa_pastoris	pltd	ctg000001c	154570	4	true	36.55	ctg_fasta
Cardamine_amara	pltd	ctg000001c	154667	4	true	36.37	ctg_fasta
Cardamine_bulbifera	pltd	ctg000001c	155036	4	true	36.4	ctg_fasta
Cardamine_flexuosa	pltd	ctg000001c	153924	4	true	36.42	ctg_fasta
Cardamine_hirsuta	pltd	ctg000001c	153925	4	true	36.41	ctg_fasta
Cardamine_pratensis	pltd	ctg000001c	154637	4	true	36.4	ctg_fasta
Cardamine_raphanifolia	pltd	ctg000001c	154634	4	true	36.36	ctg_fasta
Carduus_crispus	pltd	ctg000001c	152439	4	true	37.69	ctg_fasta
Carduus_nutans	pltd	u3				35.97	gfa_fallback
Carduus_nutans	pltd	u87				43.5	gfa_fallback
Carduus_nutans	pltd	u88				32.18	gfa_fallback
Carduus_nutans	pltd	u89				43.46	gfa_fallback
Carduus_nutans	pltd	u90				31.43	gfa_fallback
Carduus_nutans	pltd	u91				35.63	gfa_fallback
Carduus_tenuiflorus	pltd	ctg000001c	152488	4	true	37.7	ctg_fasta
Carex_acutiformis	pltd	u1				34.05	gfa_fallback
Carex_acutiformis	pltd	u2				32.28	gfa_fallback
Carex_acutiformis	pltd	u40				30.51	gfa_fallback
Carex_acutiformis	pltd	u41				23.55	gfa_fallback
Carex_acutiformis	pltd	u42				32.4	gfa_fallback
Carex_acutiformis	pltd	u43				28.18	gfa_fallback
Carex_aquatilis	pltd	ctg000001c	216069	16	true	34.05	ctg_fasta
Carex_arenaria	pltd	ctg000001c	197034	4	true	34.11	ctg_fasta
Carex_atrata	pltd	ctg000001c	204493	4	true	33.61	ctg_fasta
Carex_bigelowii	pltd	ctg000001c	200868	8	true	34.07	ctg_fasta
Carex_buxbaumii	pltd	ctg000001c	195205	4	true	33.94	ctg_fasta
Carex_canescens	pltd	ctg000001c	180778	4	true	34.13	ctg_fasta
Carex_capillaris	pltd	ctg000001c	207978	14	true	33.84	ctg_fasta
Carex_caryophyllea	pltd	u0				32.29	gfa_fallback
Carex_caryophyllea	pltd	u1				35.81	gfa_fallback
Carex_caryophyllea	pltd	u22				30.17	gfa_fallback
Carex_caryophyllea	pltd	u23				33.62	gfa_fallback
Carex_caryophyllea	pltd	u24				34.11	gfa_fallback
Carex_caryophyllea	pltd	u25				32.94	gfa_fallback
Carex_caryophyllea	pltd	u26				28.27	gfa_fallback
Carex_caryophyllea	pltd	u51				31.39	gfa_fallback
Carex_caryophyllea	pltd	u52				31.09	gfa_fallback
Carex_depauperata	pltd	ctg000001c	215319	4	true	32.6	ctg_fasta
Carex_distans	pltd	u0				31.73	gfa_fallback
Carex_distans	pltd	u1				35.81	gfa_fallback
Carex_distans	pltd	u9				27.9	gfa_fallback
Carex_disticha	pltd	ctg000001c	188904	4	true	34.04	ctg_fasta
Carex_divulsa	pltd	ctg000001c	183844	4	true	34.16	ctg_fasta
Carex_echinata	pltd	ctg000001c	179086	4	true	34.2	ctg_fasta
Carex_elata	pltd	ctg000001c	213592	26	true	34.14	ctg_fasta
Carex_extensa	pltd	ctg000001c	214888	12	true	32.81	ctg_fasta
Carex_hirta	pltd	ctg000001c	214785	4	true	33.76	ctg_fasta
Carex_lachenalii	pltd	ctg000001c	181289	4	true	34.14	ctg_fasta
Carex_laevigata	pltd	ctg000001c	202901	16	true	33.38	ctg_fasta
Carex_lepidocarpa	pltd	ctg000001c	231518	4	true	31.99	ctg_fasta
Carex_leporina	pltd	ctg000001c	182571	4	true	34.06	ctg_fasta
Carex_montana	pltd	ctg000001c	229650	24	true	33.93	ctg_fasta
Carex_nigra	pltd	ctg000001c	206436	4	true	34.15	ctg_fasta
Carex_otrubae	pltd	ctg000001c	186737	4	true	34.05	ctg_fasta
Carex_pallescens	pltd	ctg000001c	230872	12	true	33.33	ctg_fasta
Carex_panicea	pltd	ctg000001c	206378	12	true	34.37	ctg_fasta
Carex_paniculata	pltd	ctg000001c	124622	2	true	35.13	ctg_fasta
Carex_paniculata	pltd	ctg000002c	184923	12	true	33.86	ctg_fasta
Carex_pendula	pltd	ctg000001c	212052	4	true	33.35	ctg_fasta
Carex_pseudocyperus	pltd	ctg000001c	209425	4	true	33.69	ctg_fasta
Carex_pseudocyperus	pltd	ctg000002l	27618	1	false	42.83	ctg_fasta
Carex_pulicaris	pltd	ctg000001c	184743	4	true	33.72	ctg_fasta
Carex_remota	pltd	ctg000001c	182177	4	true	34.28	ctg_fasta
Carex_riparia	pltd	u3				32.32	gfa_fallback
Carex_riparia	pltd	u4				37.99	gfa_fallback
Carex_riparia	pltd	u94				33.74	gfa_fallback
Carex_riparia	pltd	u95				27.82	gfa_fallback
Carex_riparia	pltd	u96				34.75	gfa_fallback
Carex_riparia	pltd	u97				32.8	gfa_fallback
Carex_rostrata	pltd	ctg000001c	220951	22	true	34.04	ctg_fasta
Carex_rupestris	pltd	ctg000001c	205384	10	true	33.97	ctg_fasta
Carex_saxatilis	pltd	ctg000001c	220200	12	true	33.76	ctg_fasta
Carex_spicata	pltd	ctg000001c	183585	4	true	34.18	ctg_fasta
Carex_strigosa	pltd	ctg000001c	211576	4	true	32.9	ctg_fasta
Carex_sylvatica	pltd	ctg000001c	215139	14	true	33.13	ctg_fasta
Carex_vaginata	pltd	ctg000001c	205521	12	true	34.58	ctg_fasta
Carex_viridula	pltd	ctg000001c	223232	4	true	32.61	ctg_fasta
Carlina_vulgaris	pltd	u15				36.06	gfa_fallback
Carlina_vulgaris	pltd	u16				43.59	gfa_fallback
Carlina_vulgaris	pltd	u17				32.13	gfa_fallback
Carpinus_betulus	pltd	ctg000001c	159193	6	true	36.45	ctg_fasta
Carpobrotus_edulis	pltd	ctg000001c	148807	6	true	37.29	ctg_fasta
Castanea_sativa	pltd	ctg000001c	160938	4	true	36.75	ctg_fasta
Centaurea_cyanus	pltd	ctg000001c	152433	4	true	37.76	ctg_fasta
Centaurea_nigra	pltd	ctg000001c	152615	4	true	37.72	ctg_fasta
Centaurium_erythraea	pltd	ctg000001c	153259	4	true	37.92	ctg_fasta
Centaurium_intermedium	pltd	ctg000001c	153089	4	true	37.94	ctg_fasta
Centranthus_ruber	pltd	ctg000001c	156919	6	true	38.14	ctg_fasta
Cephalanthera_damasonium	pltd	ctg000001c	161951	4	true	37.22	ctg_fasta
Cephalanthera_longifolia	pltd	ctg000001c	162047	4	true	37.21	ctg_fasta
Cephalozia_bicuspidata	pltd	ctg000001c	115238	4	true	34.58	ctg_fasta
Cerastium_arvense	pltd	ctg000001c	147940	4	true	36.51	ctg_fasta
Cerastium_diffusum	pltd	ctg000001c	148798	4	true	36.45	ctg_fasta
Cerastium_fontanum	pltd	ctg000001c	153128	6	true	36.26	ctg_fasta
Cerastium_fontanum	pltd	ctg000002c	148728	4	true	36.46	ctg_fasta
Cerastium_glomeratum	pltd	ctg000001c	148659	4	true	36.47	ctg_fasta
Cerastium_semidecandrum	pltd	ctg000001c	148611	8	true	36.5	ctg_fasta
Ceratocapnos_claviculata	pltd	ctg000001c	189722	8	true	40.34	ctg_fasta
Ceratodon_purpureus	pltd	ctg000001c	124130	4	true	28.89	ctg_fasta
Ceratophyllum_demersum	pltd	ctg000001c	156186	4	true	38.21	ctg_fasta
Ceratophyllum_demersum	pltd	ctg000002c	149374	4	true	37.87	ctg_fasta
Chaenorhinum_minus	pltd	ctg000001c	151457	8	true	38.06	ctg_fasta
Chamaemelum_nobile	pltd	ctg000001c	149877	4	true	37.39	ctg_fasta
Chamaenerion_angustifolium	pltd	u0				43.06	gfa_fallback
Chamaenerion_angustifolium	pltd	u1				36.51	gfa_fallback
Chamaenerion_angustifolium	pltd	u2				33.12	gfa_fallback
Chelidonium_majus	pltd	ctg000001c	159722	4	true	38.75	ctg_fasta
Chenopodium_album	pltd	ctg000001c	152063	4	true	37.25	ctg_fasta
Chionoloma_tenuirostre	pltd	ctg000001c	121997	4	true	28.25	ctg_fasta
Chrysosplenium_alternifolium	pltd	ctg000001c	153441	4	true	37.45	ctg_fasta
Chrysosplenium_oppositifolium	pltd	ctg000001c	150891	4	true	37.5	ctg_fasta
Cicerbita_alpina	pltd	ctg000001c	152767	4	true	37.66	ctg_fasta
Cicerbita_macrophylla	pltd	ctg000001c	152466	4	true	37.6	ctg_fasta
Cicerbita_muralis	pltd	ctg000001c	152745	4	true	37.62	ctg_fasta
Cichorium_intybus	pltd	ctg000001l	104401	2	false	37.63	ctg_fasta
Cichorium_intybus	pltd	ctg000002l	18538	1	false	31.23	ctg_fasta
Cicuta_virosa	pltd	ctg000001c	154446	4	true	37.49	ctg_fasta
Circaea_lutetiana	pltd	ctg000001c	156086	4	true	37.74	ctg_fasta
Cirsium_acaule	pltd	ctg000001c	152525	4	true	37.69	ctg_fasta
Cirsium_arvense	pltd	ctg000001c	152430	4	true	37.72	ctg_fasta
Cirsium_dissectum	pltd	ctg000001c	152519	4	true	37.69	ctg_fasta
Cirsium_eriophorum	pltd	u105				43.5	gfa_fallback
Cirsium_eriophorum	pltd	u106				32.28	gfa_fallback
Cirsium_eriophorum	pltd	u107				35.98	gfa_fallback
Cirsium_heterophyllum	pltd	ctg000001c	152563	4	true	37.7	ctg_fasta
Cirsium_vulgare	pltd	ctg000001c	152614	4	true	37.69	ctg_fasta
Claytonia_perfoliata	pltd	ctg000001c	152192	4	true	37.07	ctg_fasta
Claytonia_sibirica	pltd	ctg000001c	153063	4	true	37.0	ctg_fasta
Clematis_vitalba	pltd	ctg000001c	159707	4	true	37.99	ctg_fasta
Clematis_viticella	pltd	ctg000001c	159638	4	true	37.96	ctg_fasta
Climacium_dendroides	pltd	ctg000001c	124962	4	true	28.97	ctg_fasta
Clinopodium_vulgare	pltd	ctg000001c	152009	4	true	37.85	ctg_fasta
Cochlearia_officinalis	pltd	ctg000001c	154680	4	true	36.11	ctg_fasta
Codriophorus_aciculare	pltd	ctg000001c	123942	4	true	28.38	ctg_fasta
Coincya_wrightii	pltd	ctg000001c	153806	4	true	36.33	ctg_fasta
Colchicum_autumnale	pltd	ctg000001c	157672	4	true	37.45	ctg_fasta
Colura_calyptrifolia	pltd	ctg000001c	114840	4	true	30.58	ctg_fasta
Comarum_palustre	pltd	ctg000001c	154289	4	true	37.09	ctg_fasta
Conium_maculatum	pltd	ctg000001c	154571	4	true	36.52	ctg_fasta
Conocephalum_conicum	pltd	ctg000001l	120682	5	false	28.29	ctg_fasta
Conopodium_majus	pltd	ctg000001c	170822	4	true	37.41	ctg_fasta
Convallaria_majalis	pltd	ctg000001c	162103	4	true	37.89	ctg_fasta
Convolvulus_arvensis	pltd	ctg000001c	153328	5	true	37.72	ctg_fasta
Cornus_suecica	pltd	ctg000001c	157114	4	true	37.82	ctg_fasta
Corylus_avellana	pltd	u0				34.33	gfa_fallback
Corylus_avellana	pltd	u32				43.01	gfa_fallback
Corylus_avellana	pltd	u33				30.61	gfa_fallback
Corylus_colurna	pltd	ctg000001c	159902	4	true	36.46	ctg_fasta
Corynephorus_canescens	pltd	ctg000001c	135989	4	true	38.08	ctg_fasta
Cotoneaster_cambricus	pltd	ctg000001c	159960	4	true	36.56	ctg_fasta
Cotoneaster_horizontalis	pltd	ctg000001c	159541	4	true	36.63	ctg_fasta
Crassula_aquatica	pltd	ctg000001c	144505	4	true	38.35	ctg_fasta
Crassula_helmsii	pltd	ctg000001c	144263	4	true	38.11	ctg_fasta
Crataegus_laevigata	pltd	ctg000001c	159830	4	true	36.62	ctg_fasta
Crataegus_monogyna	pltd	ctg000001c	159826	4	true	36.62	ctg_fasta
Cratoneuron_filicinum	pltd	u1				26.1	gfa_fallback
Cratoneuron_filicinum	pltd	u10				26.82	gfa_fallback
Cratoneuron_filicinum	pltd	u11				45.39	gfa_fallback
Cratoneuron_filicinum	pltd	u12				27.35	gfa_fallback
Cratoneuron_filicinum	pltd	u13				46.89	gfa_fallback
Cratoneuron_filicinum	pltd	u14				26.19	gfa_fallback
Crepis_paludosa	pltd	ctg000001c	151873	4	true	37.8	ctg_fasta
Crithmum_maritimum	pltd	ctg000001c	158343	4	true	37.56	ctg_fasta
Crocosmia_x_crocosmiiflora	pltd	ctg000001c	153344	4	true	37.62	ctg_fasta
Crocus_tommasinianus	pltd	ctg000001c	151153	7	true	37.54	ctg_fasta
Cruciata_laevipes	pltd	ctg000001c	153225	4	true	37.2	ctg_fasta
Cryphaea_heteromalla	pltd	ctg000001c	124645	4	true	28.48	ctg_fasta
Cryptogramma_crispa	pltd	ctg000001l	78218	1	false	42.31	ctg_fasta
Cryptogramma_crispa	pltd	ctg000002l	18078	1	false	41.95	ctg_fasta
Cryptogramma_crispa	pltd	ctg000003l	11970	1	false	41.98	ctg_fasta
Cryptogramma_crispa	pltd	ctg000004l	11642	1	false	38.93	ctg_fasta
Ctenidium_molluscum	pltd	ctg000001c	124633	4	true	29.01	ctg_fasta
Cuscuta_epithymum	pltd	ctg000001c	96202	1	true	35.14	ctg_fasta
Cymbalaria_muralis	pltd	ctg000001c	152606	4	true	37.97	ctg_fasta
Cynodontium_bruntonii	pltd	ctg000001c	124567	4	true	28.55	ctg_fasta
Cynoglossum_officinale	pltd	ctg000001c	151905	4	true	37.32	ctg_fasta
Cynosurus_cristatus	pltd	ctg000001c	134808	4	true	38.26	ctg_fasta
Cyperus_fuscus	pltd	u0				38.03	gfa_fallback
Cyperus_fuscus	pltd	u1				26.67	gfa_fallback
Cyperus_fuscus	pltd	u18				30.96	gfa_fallback
Cyperus_fuscus	pltd	u2461				29.34	gfa_fallback
Cystopteris_fragilis	pltd	ctg000001c	151412	4	true	42.88	ctg_fasta
Cystopteris_montana	pltd	ctg000001c	151356	4	true	42.69	ctg_fasta
Cytisus_scoparius	pltd	ctg000001c	152735	4	true	36.75	ctg_fasta
Daboecia_cantabrica	pltd	ctg000001c	187002	4	true	36.02	ctg_fasta
Dactylis_glomerata	pltd	ctg000001c	134956	4	true	38.43	ctg_fasta
Dactylorhiza_fuchsii	pltd	ctg000001c	154109	4	true	36.99	ctg_fasta
Dactylorhiza_incarnata	pltd	ctg000001c	153814	4	true	37.01	ctg_fasta
Dactylorhiza_purpurella	pltd	ctg000001c	153519	6	true	37.04	ctg_fasta
Dactylorhiza_viridis	pltd	ctg000001c	154132	4	true	36.99	ctg_fasta
Damasonium_alisma	pltd	ctg000001c	159495	4	true	36.07	ctg_fasta
Danthonia_decumbens	pltd	ctg000001c	133905	4	true	38.48	ctg_fasta
Daphne_laureola	pltd	ctg000001c	171725	4	true	36.73	ctg_fasta
Daphne_mezereum	pltd	ctg000001c	170917	9	true	36.53	ctg_fasta
Daphne_mezereum	pltd	ctg000002c	136963	4	true	38.24	ctg_fasta
Dasiphora_fruticosa	pltd	ctg000001c	152097	4	true	37.26	ctg_fasta
Datura_stramonium	pltd	ctg000001c	155902	4	true	37.86	ctg_fasta
Daucus_carota	pltd	ctg000001c	155909	4	true	37.65	ctg_fasta
Deschampsia_cespitosa	pltd	ctg000001c	135342	4	true	38.29	ctg_fasta
Descurainia_sophia	pltd	ctg000001c	153914	4	true	36.47	ctg_fasta
Dianthus_deltoides	pltd	ctg000001c	150045	4	true	36.27	ctg_fasta
Diapensia_lapponica	pltd	ctg000001c	180215	4	true	38.74	ctg_fasta
Dichodontium_palustre	pltd	ctg000001c	124993	4	true	28.81	ctg_fasta
Dicranodontium_denudatum	pltd	ctg000001c	127622	4	true	28.81	ctg_fasta
Dicranoweisia_cirrata	pltd	ctg000001c	124898	4	true	28.18	ctg_fasta
Dicranum_bonjeanii	pltd	ctg000001c	123821	4	true	30.13	ctg_fasta
Dicranum_flexicaule	pltd	ctg000001c	123952	4	true	30.14	ctg_fasta
Dicranum_fuscescens	pltd	ctg000001c	123940	4	true	30.14	ctg_fasta
Dicranum_majus	pltd	ctg000001c	123875	4	true	30.03	ctg_fasta
Dicranum_scoparium	pltd	ctg000001c	123893	4	true	30.18	ctg_fasta
Dicranum_scottianum	pltd	ctg000001c	123666	4	true	30.25	ctg_fasta
Dicranum_tauricum	pltd	ctg000001l	123556	5	false	29.98	ctg_fasta
Didymodon_insulanus	pltd	ctg000001c	123095	4	true	28.31	ctg_fasta
Didymodon_rigidulus	pltd	ctg000001c	122976	4	true	28.26	ctg_fasta
Digitalis_purpurea	pltd	ctg000001c	152969	4	true	38.57	ctg_fasta
Digitalis_purpurea	pltd	ctg000002l	157943	5	false	36.23	ctg_fasta
Digitalis_purpurea	pltd	ctg000003c	152071	6	true	37.79	ctg_fasta
Digitaria_sanguinalis	pltd	ctg000001c	138983	4	true	38.53	ctg_fasta
Dilutineuron_fasciculare	pltd	ctg000001c	124105	4	true	28.28	ctg_fasta
Dioscorea_communis	pltd	ctg000001c	153439	4	true	37.13	ctg_fasta
Diphasiastrum_alpinum	pltd	ctg000001c	159968	12	true	35.7	ctg_fasta
Dipsacus_fullonum	pltd	ctg000001c	160434	4	true	38.83	ctg_fasta
Disphyma_crassifolium	pltd	ctg000001c	148719	7	true	37.35	ctg_fasta
Distichium_capillaceum	pltd	ctg000001c	125518	4	true	29.01	ctg_fasta
Ditrichum_cornubicum	pltd	ctg000001c	123961	4	true	28.88	ctg_fasta
Doronicum_pardalianches	pltd	ctg000001c	152610	4	true	37.61	ctg_fasta
Douinia_ovata	pltd	ctg000001c	118293	6	true	35.03	ctg_fasta
Draba_incana	pltd	ctg000001c	153566	4	true	36.48	ctg_fasta
Draba_verna	pltd	ctg000001c	151921	4	true	36.31	ctg_fasta
Dracunculus_vulgaris	pltd	ctg000001c	168471	7	true	34.66	ctg_fasta
Drosera_anglica	pltd	ctg000001c	182121	5	true	36.63	ctg_fasta
Drosera_rotundifolia	pltd	ctg000001c	193075	4	true	36.47	ctg_fasta
Dryas_octopetala	pltd	ctg000001c	158178	4	true	36.48	ctg_fasta
Dryopteris_borreri	pltd	ctg000001c	148588	4	true	43.23	ctg_fasta
Dryopteris_dilatata	pltd	ctg000001c	154413	4	true	43.41	ctg_fasta
Dryopteris_filix_mas	pltd	ctg000001c	148588	4	true	43.23	ctg_fasta
Echium_vulgare	pltd	ctg000001c	150082	4	true	37.54	ctg_fasta
Echium_vulgare	pltd	ctg000002c	147063	4	true	38.47	ctg_fasta
Eleocharis_parvula	pltd	ctg000001c	186547	4	true	32.75	ctg_fasta
Eleocharis_quinqueflora	pltd	ctg000001c	201900	4	true	32.26	ctg_fasta
Elodea_nuttallii	pltd	ctg000001c	158500	4	true	37.12	ctg_fasta
Empetrum_nigrum	pltd	ctg000001c	172889	4	true	36.3	ctg_fasta
Encalypta_ciliata	pltd	ctg000001c	123632	4	true	29.12	ctg_fasta
Entodon_concinnus	pltd	ctg000001c	124570	5	true	29.23	ctg_fasta
Epilobium_alsinifolium	pltd	ctg000001c	161183	4	true	38.1	ctg_fasta
Epilobium_anagallidifolium	pltd	ctg000001c	160165	4	true	38.2	ctg_fasta
Epilobium_brunnescens	pltd	ctg000001c	160625	4	true	38.18	ctg_fasta
Epilobium_ciliatum	pltd	ctg000001c	160909	4	true	38.13	ctg_fasta
Epilobium_hirsutum	pltd	ctg000001c	161029	4	true	38.1	ctg_fasta
Epilobium_palustre	pltd	ctg000001c	161003	4	true	38.13	ctg_fasta
Epilobium_parviflorum	pltd	ctg000001c	161261	6	true	38.1	ctg_fasta
Epipactis_purpurata	pltd	ctg000001c	159860	4	true	37.32	ctg_fasta
Equisetum_arvense	pltd	ctg000001c	133211	4	true	33.36	ctg_fasta
Equisetum_fluviatile	pltd	ctg000001c	132593	4	true	33.53	ctg_fasta
Equisetum_hyemale	pltd	ctg000001c	131556	4	true	33.74	ctg_fasta
Equisetum_palustre	pltd	ctg000001c	132592	4	true	33.52	ctg_fasta
Equisetum_pratense	pltd	ctg000001c	132717	8	true	33.33	ctg_fasta
Equisetum_sylvaticum	pltd	ctg000001c	133450	8	true	33.31	ctg_fasta
Equisetum_telmateia	pltd	ctg000001c	132869	6	true	33.29	ctg_fasta
Equisetum_variegatum	pltd	ctg000001c	130212	4	true	33.76	ctg_fasta
Eranthis_hyemalis	pltd	ctg000001c	154512	4	true	37.92	ctg_fasta
Erica_ciliaris	pltd	ctg000001c	179759	4	true	36.25	ctg_fasta
Erica_cinerea	pltd	ctg000001c	188197	4	true	35.66	ctg_fasta
Erica_mackaiana	pltd	ctg000001c	185384	4	true	35.99	ctg_fasta
Erica_tetralix	pltd	ctg000001c	184768	4	true	36.01	ctg_fasta
Erigeron_borealis	pltd	ctg000001c	152392	4	true	37.16	ctg_fasta
Erinus_alpinus	pltd	ctg000001c	151571	4	true	36.92	ctg_fasta
Eriocaulon_aquaticum	pltd	ctg000001c	151501	4	true	35.94	ctg_fasta
Eriophorum_angustifolium	pltd	ctg000001l	11553	1	false	28.36	ctg_fasta
Eriophorum_angustifolium	pltd	ctg000002l	12261	1	false	32.94	ctg_fasta
Eriophorum_angustifolium	pltd	ctg000003l	12642	1	false	36.45	ctg_fasta
Eriophorum_angustifolium	pltd	ctg000004l	89854	1	false	32.12	ctg_fasta
Eriophorum_angustifolium	pltd	ctg000005l	11834	1	false	30.14	ctg_fasta
Eriophorum_angustifolium	pltd	ctg000006l	20733	1	false	40.69	ctg_fasta
Eriophorum_angustifolium	pltd	ctg000007l	1906	1	false	29.85	ctg_fasta
Eriophorum_angustifolium	pltd	ctg000008l	1617	1	false	27.89	ctg_fasta
Eriophorum_angustifolium	pltd	ctg000009l	1369	1	false	34.99	ctg_fasta
Eriophorum_angustifolium	pltd	ctg000010l	1617	1	false	27.95	ctg_fasta
Eriophorum_angustifolium	pltd	ctg000011l	2193	1	false	33.33	ctg_fasta
Eriophorum_angustifolium	pltd	ctg000012l	1550	1	false	27.42	ctg_fasta
Eriophorum_angustifolium	pltd	ctg000013l	1543	1	false	27.28	ctg_fasta
Eriophorum_angustifolium	pltd	ctg000014l	1542	1	false	27.3	ctg_fasta
Eriophorum_angustifolium	pltd	ctg000015l	1548	1	false	27.58	ctg_fasta
Eriophorum_angustifolium	pltd	ctg000016l	1541	1	false	27.32	ctg_fasta
Eriophorum_angustifolium	pltd	ctg000017l	1549	1	false	27.5	ctg_fasta
Eriophorum_angustifolium	pltd	ctg000018l	1543	1	false	27.22	ctg_fasta
Eriophorum_angustifolium	pltd	ctg000019l	1546	1	false	27.75	ctg_fasta
Eriophorum_angustifolium	pltd	ctg000020l	1550	1	false	27.35	ctg_fasta
Eriophorum_angustifolium	pltd	ctg000021l	1546	1	false	27.68	ctg_fasta
Eriophorum_angustifolium	pltd	ctg000022l	1546	1	false	27.81	ctg_fasta
Eriophorum_angustifolium	pltd	ctg000023l	1551	1	false	27.4	ctg_fasta
Eriophorum_angustifolium	pltd	ctg000024l	1489	1	false	31.16	ctg_fasta
Eriophorum_angustifolium	pltd	ctg000025l	1549	1	false	27.5	ctg_fasta
Eriophorum_angustifolium	pltd	ctg000026l	1407	1	false	33.4	ctg_fasta
Eriophorum_angustifolium	pltd	ctg000027l	1412	1	false	33.5	ctg_fasta
Eriophorum_angustifolium	pltd	ctg000028l	1412	1	false	33.57	ctg_fasta
Eriophorum_latifolium	pltd	ctg000001c	187861	97	true	34.03	ctg_fasta
Eriophorum_latifolium	pltd	ctg000002l	77620	1	false	33.08	ctg_fasta
Eriophorum_vaginatum	pltd	u0				28.63	gfa_fallback
Eriophorum_vaginatum	pltd	u1				32.4	gfa_fallback
Eriophorum_vaginatum	pltd	u25				40.55	gfa_fallback
Eriophorum_vaginatum	pltd	u26				36.21	gfa_fallback
Eriophorum_vaginatum	pltd	u27				30.95	gfa_fallback
Eriophorum_vaginatum	pltd	u28				32.76	gfa_fallback
Eriophorum_vaginatum	pltd	u29				28.8	gfa_fallback
Eriophorum_vaginatum	pltd	u84				33.89	gfa_fallback
Eriophorum_vaginatum	pltd	u85				33.84	gfa_fallback
Erodium_cicutarium	pltd	ctg000001c	117522	1	true	39.15	ctg_fasta
Erodium_maritimum	pltd	ctg000001c	118135	4	true	39.22	ctg_fasta
Erodium_moschatum	pltd	ctg000001c	118992	2	true	39.07	ctg_fasta
Eryngium_campestre	pltd	ctg000001c	155816	4	true	38.24	ctg_fasta
Eryngium_maritimum	pltd	ctg000001c	155270	4	true	38.26	ctg_fasta
Erythranthe_lutea	pltd	ctg000001c	153146	4	true	37.7	ctg_fasta
Euonymus_europaeus	pltd	ctg000001c	157266	4	true	37.27	ctg_fasta
Eupatorium_cannabinum	pltd	ctg000001c	151358	4	true	37.63	ctg_fasta
Euphorbia_amygdaloides	pltd	ctg000001c	161135	5	true	35.49	ctg_fasta
Euphorbia_amygdaloides	pltd	ctg000002c	170917	4	true	36.53	ctg_fasta
Euphorbia_exigua	pltd	ctg000001c	161136	4	true	35.49	ctg_fasta
Euphorbia_helioscopia	pltd	ctg000001c	160979	4	true	35.77	ctg_fasta
Euphorbia_lathyris	pltd	ctg000001c	163755	5	true	35.56	ctg_fasta
Euphorbia_maculata	pltd	ctg000001c	162727	4	true	35.42	ctg_fasta
Euphorbia_paralias	pltd	ctg000001c	160780	4	true	35.67	ctg_fasta
Euphorbia_peplus	pltd	ctg000001c	159599	7	true	35.79	ctg_fasta
Euphorbia_portlandica	pltd	ctg000001c	160744	4	true	35.67	ctg_fasta
Euphrasia_anglica	pltd	ctg000001c	145008	4	true	38.29	ctg_fasta
Euphrasia_confusa	pltd	ctg000001c	144975	4	true	38.28	ctg_fasta
Euphrasia_foulaensis	pltd	ctg000001l	34075	1	false	39.32	ctg_fasta
Euphrasia_foulaensis	pltd	ctg000002l	16724	1	false	34.54	ctg_fasta
Euphrasia_nemorosa	pltd	ctg000001c	144973	4	true	38.28	ctg_fasta
Euphrasia_tetraquetra	pltd	ctg000001c	149765	4	true	37.46	ctg_fasta
Euphrasia_tetraquetra	pltd	ctg000002c	144861	4	true	38.3	ctg_fasta
Eurhynchium_striatum	pltd	ctg000001c	124083	4	true	29.81	ctg_fasta
Exsertotheca_crispa	pltd	ctg000001c	124884	4	true	29.4	ctg_fasta
Fagus_sylvatica	pltd	ctg000001c	158461	4	true	37.08	ctg_fasta
Fallopia_baldschuanica	pltd	ctg000001c	162006	4	true	37.6	ctg_fasta
Fallopia_convolvulus	pltd	ctg000001c	162634	8	true	37.66	ctg_fasta
Fallopia_sachalinensis	pltd	ctg000001c	149700	4	true	37.89	ctg_fasta
Fallopia_sachalinensis	pltd	ctg000002c	163226	4	true	37.57	ctg_fasta
Festuca_arundinacea	pltd	ctg000001c	135270	4	true	38.26	ctg_fasta
Festuca_gigantea	pltd	ctg000001c	135308	4	true	38.24	ctg_fasta
Festuca_heterophylla	pltd	ctg000001c	133966	4	true	38.39	ctg_fasta
Festuca_rubra	pltd	ctg000001c	133820	4	true	38.4	ctg_fasta
Festuca_vivipara	pltd	ctg000001c	133214	4	true	38.35	ctg_fasta
Ficaria_verna	pltd	ctg000001c	156438	4	true	38.36	ctg_fasta
Ficus_carica	pltd	ctg000001c	160602	4	true	35.87	ctg_fasta
Filago_lutescens	pltd	ctg000001c	151540	4	true	37.26	ctg_fasta
Filago_pyramidata	pltd	ctg000001c	151431	4	true	37.28	ctg_fasta
Filipendula_ulmaria	pltd	ctg000001c	154418	4	true	36.66	ctg_fasta
Filipendula_vulgaris	pltd	ctg000001c	153107	4	true	37.52	ctg_fasta
Filipendula_vulgaris	pltd	ctg000002c	154571	4	true	36.52	ctg_fasta
Fissidens_adianthoides	pltd	ctg000001c	124482	4	true	30.77	ctg_fasta
Fissidens_bryoides	pltd	ctg000001c	122862	4	true	28.85	ctg_fasta
Fissidens_dubius	pltd	ctg000001c	124417	4	true	30.76	ctg_fasta
Fissidens_pusillus	pltd	ctg000001c	123076	4	true	28.76	ctg_fasta
Fissidens_taxifolius	pltd	ctg000001c	124584	4	true	30.17	ctg_fasta
Flexitrichum_flexicaule	pltd	ctg000001c	127360	4	true	29.28	ctg_fasta
Flexitrichum_gracile	pltd	ctg000001c	127580	4	true	29.26	ctg_fasta
Fontinalis_squamosa	pltd	ctg000001c	123642	4	true	28.64	ctg_fasta
Fragaria_moschata	pltd	ctg000001c	155606	4	true	37.22	ctg_fasta
Fragaria_vesca	pltd	ctg000001c	155639	4	true	37.22	ctg_fasta
Frangula_alnus	pltd	ctg000001c	161229	5	true	36.96	ctg_fasta
Frankenia_laevis	pltd	ctg000001c	154812	6	true	37.24	ctg_fasta
Fraxinus_excelsior	pltd	ctg000001c	155577	4	true	37.83	ctg_fasta
Fritillaria_meleagris	pltd	ctg000001c	152055	5	true	38.42	ctg_fasta
Fritillaria_meleagris	pltd	ctg000002c	151571	4	true	36.92	ctg_fasta
Fuchsia_magellanica	pltd	ctg000001c	160609	4	true	36.05	ctg_fasta
Fuchsia_magellanica	pltd	ctg000002c	156391	4	true	37.61	ctg_fasta
Fumaria_bastardii	pltd	ctg000001c	190924	4	true	40.28	ctg_fasta
Fumaria_bastardii	pltd	ctg000002c	190246	5	true	40.25	ctg_fasta
Fumaria_densiflora	pltd	ctg000001c	153659	4	true	36.46	ctg_fasta
Fumaria_densiflora	pltd	ctg000002c	190240	4	true	40.25	ctg_fasta
Fumaria_muralis	pltd	ctg000001c	190936	19	true	40.28	ctg_fasta
Fumaria_occidentalis	pltd	ctg000001c	192339	4	true	40.29	ctg_fasta
Fumaria_purpurea	pltd	ctg000001c	189565	4	true	40.25	ctg_fasta
Funaria_hygrometrica	pltd	ctg000001c	122276	4	true	28.56	ctg_fasta
Galanthus_nivalis	pltd	ctg000001c	157761	4	true	37.7	ctg_fasta
Galatella_linosyris	pltd	ctg000001c	153439	4	true	37.3	ctg_fasta
Galega_officinalis	pltd	ctg000001c	125086	1	true	34.18	ctg_fasta
Galeopsis_tetrahit	pltd	ctg000001c	151838	4	true	38.46	ctg_fasta
Galium_aparine	pltd	ctg000001c	152609	4	true	37.29	ctg_fasta
Galium_boreale	pltd	ctg000001c	154455	4	true	37.14	ctg_fasta
Galium_odoratum	pltd	ctg000001c	152697	4	true	37.28	ctg_fasta
Galium_saxatile	pltd	ctg000001c	153800	4	true	37.2	ctg_fasta
Galium_uliginosum	pltd	ctg000001c	153416	4	true	37.2	ctg_fasta
Galium_verum	pltd	ctg000001c	153639	4	true	37.18	ctg_fasta
Galium_verum	pltd	ctg000002c	136316	4	true	38.43	ctg_fasta
Geheebia_maxima	pltd	ctg000001c	123032	4	true	28.3	ctg_fasta
Genista_anglica	pltd	ctg000001c	151161	4	true	36.78	ctg_fasta
Genista_pilosa	pltd	ctg000001c	152727	4	true	36.81	ctg_fasta
Genista_tinctoria	pltd	ctg000001c	152182	4	true	36.81	ctg_fasta
Gentiana_pneumonanthe	pltd	ctg000001c	149005	4	true	37.61	ctg_fasta
Gentiana_verna	pltd	ctg000001c	148544	4	true	37.77	ctg_fasta
Gentianella_amarella	pltd	ctg000001c	152493	4	true	38.39	ctg_fasta
Gentianella_campestris	pltd	ctg000001c	152250	4	true	38.38	ctg_fasta
Geranium_dissectum	pltd	ctg000001c	191741	11	true	38.1	ctg_fasta
Geranium_lucidum	pltd	ctg000001c	161788	11	true	39.09	ctg_fasta
Geranium_molle	pltd	ctg000001l	50471	1	false	37.33	ctg_fasta
Geranium_molle	pltd	ctg000002l	4637	1	false	38.34	ctg_fasta
Geranium_molle	pltd	ctg000003l	35463	1	false	37.37	ctg_fasta
Geranium_molle	pltd	ctg000004l	1675	1	false	40.84	ctg_fasta
Geranium_molle	pltd	ctg000005l	1596	1	false	41.92	ctg_fasta
Geranium_molle	pltd	ctg000006l	1980	1	false	40.4	ctg_fasta
Geranium_molle	pltd	ctg000007l	1420	1	false	39.65	ctg_fasta
Geranium_molle	pltd	ctg000008l	1649	1	false	40.33	ctg_fasta
Geranium_molle	pltd	ctg000009l	1595	1	false	41.82	ctg_fasta
Geranium_molle	pltd	ctg000010l	1930	1	false	36.32	ctg_fasta
Geranium_molle	pltd	ctg000011l	1928	1	false	36.36	ctg_fasta
Geranium_molle	pltd	ctg000012l	1928	1	false	36.36	ctg_fasta
Geranium_molle	pltd	ctg000013l	1932	1	false	36.28	ctg_fasta
Geranium_molle	pltd	ctg000014l	1981	1	false	34.83	ctg_fasta
Geranium_molle	pltd	ctg000015l	1980	1	false	40.4	ctg_fasta
Geranium_molle	pltd	ctg000016l	8054	1	false	38.34	ctg_fasta
Geranium_molle	pltd	ctg000017l	1420	1	false	39.65	ctg_fasta
Geranium_molle	pltd	ctg000018l	1649	1	false	40.33	ctg_fasta
Geranium_molle	pltd	ctg000019l	1419	1	false	39.53	ctg_fasta
Geranium_molle	pltd	ctg000020l	1933	1	false	36.26	ctg_fasta
Geranium_molle	pltd	ctg000021l	2492	1	false	41.17	ctg_fasta
Geranium_molle	pltd	ctg000022l	3518	1	false	39.17	ctg_fasta
Geranium_molle	pltd	ctg000023l	1487	1	false	39.07	ctg_fasta
Geranium_molle	pltd	ctg000024l	3315	1	false	38.82	ctg_fasta
Geranium_molle	pltd	ctg000025l	3634	1	false	37.67	ctg_fasta
Geranium_molle	pltd	ctg000026l	1985	1	false	34.76	ctg_fasta
Geranium_molle	pltd	ctg000027l	1983	1	false	34.8	ctg_fasta
Geranium_molle	pltd	ctg000028l	1987	1	false	34.73	ctg_fasta
Geranium_molle	pltd	ctg000029l	8761	1	false	37.26	ctg_fasta
Geranium_molle	pltd	ctg000030l	45644	1	false	39.67	ctg_fasta
Geranium_molle	pltd	ctg000031l	1505	1	false	34.62	ctg_fasta
Geranium_molle	pltd	ctg000032l	1505	1	false	34.68	ctg_fasta
Geranium_molle	pltd	ctg000033l	1505	1	false	34.68	ctg_fasta
Geranium_molle	pltd	ctg000034l	1505	1	false	34.68	ctg_fasta
Geranium_molle	pltd	ctg000035l	1420	1	false	40.35	ctg_fasta
Geranium_molle	pltd	ctg000036l	1461	1	false	39.29	ctg_fasta
Geranium_phaeum	pltd	ctg000001l	49317	1	false	37.56	ctg_fasta
Geranium_phaeum	pltd	ctg000002l	1558	1	false	33.57	ctg_fasta
Geranium_phaeum	pltd	ctg000003l	2925	1	false	37.91	ctg_fasta
Geranium_phaeum	pltd	ctg000004l	2944	1	false	39.33	ctg_fasta
Geranium_phaeum	pltd	ctg000005l	1859	1	false	40.4	ctg_fasta
Geranium_phaeum	pltd	ctg000006l	2237	1	false	41.04	ctg_fasta
Geranium_phaeum	pltd	ctg000007l	2581	1	false	41.38	ctg_fasta
Geranium_phaeum	pltd	ctg000008l	2242	1	false	41.17	ctg_fasta
Geranium_phaeum	pltd	ctg000009l	1627	1	false	40.57	ctg_fasta
Geranium_phaeum	pltd	ctg000010l	1744	1	false	37.1	ctg_fasta
Geranium_phaeum	pltd	ctg000011l	2575	1	false	40.93	ctg_fasta
Geranium_phaeum	pltd	ctg000012l	1965	1	false	38.58	ctg_fasta
Geranium_phaeum	pltd	ctg000013l	6126	1	false	41.74	ctg_fasta
Geranium_phaeum	pltd	ctg000014l	2575	1	false	36.16	ctg_fasta
Geranium_phaeum	pltd	ctg000015l	9204	1	false	37.42	ctg_fasta
Geranium_phaeum	pltd	ctg000016l	24988	1	false	41.6	ctg_fasta
Geranium_phaeum	pltd	ctg000017l	5230	1	false	36.94	ctg_fasta
Geranium_phaeum	pltd	ctg000018l	18126	1	false	37.39	ctg_fasta
Geranium_phaeum	pltd	ctg000019l	1710	1	false	35.5	ctg_fasta
Geranium_phaeum	pltd	ctg000020l	1708	1	false	35.54	ctg_fasta
Geranium_phaeum	pltd	ctg000021l	1747	1	false	41.61	ctg_fasta
Geranium_phaeum	pltd	ctg000022l	1994	1	false	40.27	ctg_fasta
Geranium_phaeum	pltd	ctg000023l	1642	1	false	40.26	ctg_fasta
Geranium_phaeum	pltd	ctg000024l	2380	1	false	49.58	ctg_fasta
Geranium_phaeum	pltd	ctg000025l	1933	1	false	50.08	ctg_fasta
Geranium_phaeum	pltd	ctg000026l	1744	1	false	41.63	ctg_fasta
Geranium_phaeum	pltd	ctg000027l	1746	1	false	41.58	ctg_fasta
Geranium_phaeum	pltd	ctg000028l	2206	1	false	41.16	ctg_fasta
Geranium_phaeum	pltd	ctg000029l	1961	1	false	36.46	ctg_fasta
Geranium_phaeum	pltd	ctg000030l	1745	1	false	41.66	ctg_fasta
Geranium_phaeum	pltd	ctg000031l	2062	1	false	37.58	ctg_fasta
Geranium_phaeum	pltd	ctg000032l	2062	1	false	37.58	ctg_fasta
Geranium_phaeum	pltd	ctg000033l	2121	1	false	40.26	ctg_fasta
Geranium_phaeum	pltd	ctg000034l	1526	1	false	35.91	ctg_fasta
Geranium_phaeum	pltd	ctg000035l	1529	1	false	36.04	ctg_fasta
Geranium_phaeum	pltd	ctg000036l	39875	1	false	38.84	ctg_fasta
Geranium_phaeum	pltd	ctg000037l	3957	1	false	38.36	ctg_fasta
Geranium_phaeum	pltd	ctg000038l	2497	1	false	39.29	ctg_fasta
Geranium_phaeum	pltd	ctg000039l	2496	1	false	39.3	ctg_fasta
Geranium_phaeum	pltd	ctg000040l	1961	1	false	36.51	ctg_fasta
Geranium_phaeum	pltd	ctg000041l	1744	1	false	41.63	ctg_fasta
Geranium_phaeum	pltd	ctg000042l	1984	1	false	36.44	ctg_fasta
Geranium_phaeum	pltd	ctg000043l	3646	1	false	36.62	ctg_fasta
Geranium_phaeum	pltd	ctg000044l	1489	1	false	39.96	ctg_fasta
Geranium_phaeum	pltd	ctg000045l	1426	1	false	40.81	ctg_fasta
Geranium_phaeum	pltd	ctg000046l	1441	1	false	40.53	ctg_fasta
Geranium_phaeum	pltd	ctg000047l	1452	1	false	41.8	ctg_fasta
Geranium_phaeum	pltd	ctg000048l	1433	1	false	41.59	ctg_fasta
Geranium_phaeum	pltd	ctg000049l	1498	1	false	41.92	ctg_fasta
Geranium_phaeum	pltd	ctg000050l	1512	1	false	42.53	ctg_fasta
Geranium_phaeum	pltd	ctg000051l	1464	1	false	32.1	ctg_fasta
Geranium_phaeum	pltd	ctg000052l	1516	1	false	40.96	ctg_fasta
Geranium_phaeum	pltd	ctg000053l	1541	1	false	40.43	ctg_fasta
Geranium_phaeum	pltd	ctg000054l	1458	1	false	36.28	ctg_fasta
Geranium_phaeum	pltd	ctg000055l	1531	1	false	35.6	ctg_fasta
Geranium_phaeum	pltd	ctg000056l	1446	1	false	41.77	ctg_fasta
Geranium_phaeum	pltd	ctg000057l	1433	1	false	41.52	ctg_fasta
Geranium_phaeum	pltd	ctg000058l	1421	1	false	39.97	ctg_fasta
Geranium_phaeum	pltd	ctg000059l	1421	1	false	39.97	ctg_fasta
Geranium_phaeum	pltd	ctg000060l	1435	1	false	41.67	ctg_fasta
Geranium_phaeum	pltd	ctg000061l	1433	1	false	41.59	ctg_fasta
Geranium_phaeum	pltd	ctg000062l	1485	1	false	40.61	ctg_fasta
Geranium_phaeum	pltd	ctg000063l	1487	1	false	40.62	ctg_fasta
Geranium_phaeum	pltd	ctg000064l	1444	1	false	39.75	ctg_fasta
Geranium_phaeum	pltd	ctg000065l	1449	1	false	41.41	ctg_fasta
Geranium_phaeum	pltd	ctg000066l	1408	1	false	51.42	ctg_fasta
Geranium_phaeum	pltd	ctg000067l	1425	1	false	48.98	ctg_fasta
Geranium_phaeum	pltd	ctg000068l	1428	1	false	49.16	ctg_fasta
Geranium_phaeum	pltd	ctg000069l	1440	1	false	42.71	ctg_fasta
Geranium_phaeum	pltd	ctg000070l	1463	1	false	37.59	ctg_fasta
Geranium_phaeum	pltd	ctg000071l	1499	1	false	42.03	ctg_fasta
Geranium_phaeum	pltd	ctg000072l	1460	1	false	41.71	ctg_fasta
Geranium_phaeum	pltd	ctg000073l	1512	1	false	42.46	ctg_fasta
Geranium_phaeum	pltd	ctg000074l	1498	1	false	41.86	ctg_fasta
Geranium_phaeum	pltd	ctg000075l	1498	1	false	41.52	ctg_fasta
Geranium_phaeum	pltd	ctg000076l	1441	1	false	39.76	ctg_fasta
Geranium_phaeum	pltd	ctg000077l	1501	1	false	40.97	ctg_fasta
Geranium_phaeum	pltd	ctg000078l	1486	1	false	40.44	ctg_fasta
Geranium_phaeum	pltd	ctg000079l	1499	1	false	41.96	ctg_fasta
Geranium_phaeum	pltd	ctg000080l	1417	1	false	38.53	ctg_fasta
Geranium_phaeum	pltd	ctg000081l	1415	1	false	51.52	ctg_fasta
Geranium_phaeum	pltd	ctg000082l	1492	1	false	39.21	ctg_fasta
Geranium_phaeum	pltd	ctg000083l	1549	1	false	39.64	ctg_fasta
Geranium_phaeum	pltd	ctg000084l	1443	1	false	39.85	ctg_fasta
Geranium_phaeum	pltd	ctg000085l	1498	1	false	41.46	ctg_fasta
Geranium_phaeum	pltd	ctg000086l	1439	1	false	42.67	ctg_fasta
Geranium_phaeum	pltd	ctg000087l	1437	1	false	36.19	ctg_fasta
Geranium_phaeum	pltd	ctg000088l	1467	1	false	34.56	ctg_fasta
Geranium_pratense	pltd	ctg000001c	189844	15	true	38.28	ctg_fasta
Geranium_pyrenaicum	pltd	ctg000001c	255304	29	true	39.38	ctg_fasta
Geranium_robertianum	pltd	ctg000001c	158384	4	true	39.15	ctg_fasta
Geranium_rotundifolium	pltd	ctg000001c	169492	8	true	38.6	ctg_fasta
Geranium_sanguineum	pltd	ctg000001l	78142	1	false	38.55	ctg_fasta
Geranium_sanguineum	pltd	ctg000002l	62615	1	false	39.23	ctg_fasta
Geranium_sanguineum	pltd	ctg000003l	30427	1	false	38.99	ctg_fasta
Geranium_sanguineum	pltd	ctg000004l	2163	1	false	38.28	ctg_fasta
Geranium_sanguineum	pltd	ctg000005l	1484	1	false	39.56	ctg_fasta
Geranium_sanguineum	pltd	ctg000006l	1486	1	false	39.5	ctg_fasta
Geranium_sanguineum	pltd	ctg000007l	1504	1	false	38.63	ctg_fasta
Geranium_sanguineum	pltd	ctg000008l	1475	1	false	38.98	ctg_fasta
Geranium_sanguineum	pltd	ctg000009l	1475	1	false	39.05	ctg_fasta
Geranium_sanguineum	pltd	ctg000010l	2922	1	false	37.71	ctg_fasta
Geranium_sanguineum	pltd	ctg000011l	1498	1	false	36.72	ctg_fasta
Geranium_sanguineum	pltd	ctg000012l	1509	1	false	38.44	ctg_fasta
Geranium_sanguineum	pltd	ctg000013l	1468	1	false	40.26	ctg_fasta
Geranium_sanguineum	pltd	ctg000014l	1435	1	false	43.76	ctg_fasta
Geranium_sanguineum	pltd	ctg000015l	1462	1	false	46.24	ctg_fasta
Geranium_sylvaticum	pltd	ctg000001l	21325	1	false	36.96	ctg_fasta
Geranium_sylvaticum	pltd	ctg000002l	22550	9	false	38.19	ctg_fasta
Geranium_sylvaticum	pltd	ctg000003l	15623	1	false	40.98	ctg_fasta
Geum_rivale	pltd	ctg000001c	156036	4	true	36.75	ctg_fasta
Geum_urbanum	pltd	ctg000001c	156030	4	true	36.75	ctg_fasta
Ginkgo_biloba	pltd	ctg000001c	156977	4	true	39.56	ctg_fasta
Glaucium_flavum	pltd	ctg000001c	179236	4	true	39.06	ctg_fasta
Glaux_maritima	pltd	ctg000001c	155010	4	true	36.82	ctg_fasta
Glebionis_segetum	pltd	ctg000001c	149708	5	true	37.45	ctg_fasta
Glechoma_hederacea	pltd	ctg000001c	151670	6	true	37.87	ctg_fasta
Glyceria_declinata	pltd	ctg000001c	135777	4	true	38.58	ctg_fasta
Glyceria_fluitans	pltd	ctg000001c	135911	4	true	38.56	ctg_fasta
Glyceria_maxima	pltd	ctg000001c	136316	4	true	38.43	ctg_fasta
Gnaphalium_supinum	pltd	ctg000001c	151840	4	true	37.31	ctg_fasta
Gnaphalium_uliginosum	pltd	ctg000001c	152796	4	true	37.06	ctg_fasta
Grimmia_atrata	pltd	ctg000001c	124172	4	true	28.46	ctg_fasta
Grimmia_decipiens	pltd	ctg000001c	124267	4	true	28.45	ctg_fasta
Grimmia_decipiens	pltd	ctg000002l	18830	1	false	48.59	ctg_fasta
Grimmia_donniana	pltd	ctg000001c	124094	4	true	28.43	ctg_fasta
Grimmia_elongata	pltd	ctg000001c	124152	4	true	28.6	ctg_fasta
Grimmia_funalis	pltd	ctg000001c	124291	4	true	28.48	ctg_fasta
Grimmia_montana	pltd	ctg000001c	124084	4	true	28.56	ctg_fasta
Grimmia_pulvinata	pltd	ctg000001c	123848	4	true	28.47	ctg_fasta
Grimmia_ramondii	pltd	ctg000001c	124304	4	true	29.0	ctg_fasta
Grimmia_trichophylla	pltd	ctg000001c	124314	4	true	28.68	ctg_fasta
Groenlandia_densa	pltd	ctg000001c	154159	4	true	36.07	ctg_fasta
Gunnera_tinctoria	pltd	ctg000001c	157747	4	true	36.98	ctg_fasta
Gymnadenia_conopsea	pltd	ctg000001c	153881	4	true	37.02	ctg_fasta
Gymnocarpium_robertianum	pltd	ctg000001c	151353	4	true	42.95	ctg_fasta
Gymnomitrion_concinnatum	pltd	ctg000001c	120994	4	true	34.51	ctg_fasta
Gymnomitrion_obtusum	pltd	ctg000001c	120821	4	true	34.49	ctg_fasta
Gymnostomum_aeruginosum	pltd	ctg000001c	122529	4	true	28.41	ctg_fasta
Halimione_portulacoides	pltd	ctg000001c	150805	4	true	37.32	ctg_fasta
Halimione_portulacoides	pltd	ctg000002c	162161	4	true	38.77	ctg_fasta
Harpanthus_flotovianus	pltd	ctg000001c	118936	4	true	33.47	ctg_fasta
Hedera_helix	pltd	u0				36.27	gfa_fallback
Hedera_helix	pltd	u1				32.23	gfa_fallback
Hedera_helix	pltd	u51				43.7	gfa_fallback
Hedera_helix	pltd	u52				39.39	gfa_fallback
Hedera_helix	pltd	u53				39.35	gfa_fallback
Hedera_hibernica	pltd	ctg000001c	156626	4	true	38.0	ctg_fasta
Hedera_hibernica	pltd	ctg000002c	152216	4	true	36.84	ctg_fasta
Hedwigia_stellata	pltd	ctg000001c	125687	4	true	29.25	ctg_fasta
Helianthemum_apenninum	pltd	ctg000001c	243245	42	true	36.0	ctg_fasta
Helianthemum_oelandicum	pltd	ctg000001c	227108	8	true	35.04	ctg_fasta
Helictochloa_pratensis	pltd	ctg000001c	135095	4	true	38.28	ctg_fasta
Helleborus_foetidus	pltd	ctg000001c	155821	4	true	37.76	ctg_fasta
Helleborus_viridis	pltd	ctg000001c	155293	4	true	37.86	ctg_fasta
Helminthotheca_echioides	pltd	ctg000001c	155315	4	true	38.14	ctg_fasta
Helminthotheca_echioides	pltd	ctg000002c	152165	4	true	37.65	ctg_fasta
Helosciadium_nodiflorum	pltd	ctg000001c	154641	5	true	37.29	ctg_fasta
Heracleum_sphondylium	pltd	ctg000001c	149265	4	true	37.49	ctg_fasta
Herbertus_borealis	pltd	ctg000001c	116808	4	true	31.29	ctg_fasta
Herbertus_hutchinsiae	pltd	u0				29.13	gfa_fallback
Herbertus_hutchinsiae	pltd	u4				46.03	gfa_fallback
Herbertus_hutchinsiae	pltd	u5				27.56	gfa_fallback
Herbertus_stramineus	pltd	ctg000001c	116924	4	true	31.28	ctg_fasta
Herniaria_ciliolata	pltd	ctg000001c	153128	4	true	36.26	ctg_fasta
Herniaria_ciliolata	pltd	ctg000002c	148728	4	true	36.46	ctg_fasta
Hesperis_matronalis	pltd	ctg000001c	154139	4	true	36.42	ctg_fasta
Heterocladium_heteropterum	pltd	u0				26.88	gfa_fallback
Heterocladium_heteropterum	pltd	u16				46.18	gfa_fallback
Heterocladium_heteropterum	pltd	u17				27.6	gfa_fallback
Hibiscus_tridactylites	pltd	ctg000001c	160535	4	true	36.9	ctg_fasta
Hibiscus_trionum	pltd	ctg000001c	160949	4	true	36.83	ctg_fasta
Hibiscus_verdcourtii	pltd	ctg000001c	160990	4	true	36.78	ctg_fasta
Hieracium_aggregatifolium	pltd	ctg000001c	153220	13	true	37.58	ctg_fasta
Hieracium_attenboroughianum	pltd	ctg000001c	152647	4	true	37.65	ctg_fasta
Hieracium_britannicum	pltd	ctg000001c	152657	4	true	37.65	ctg_fasta
Hieracium_drummondii	pltd	ctg000001c	153251	4	true	37.58	ctg_fasta
Hieracium_radyrense	pltd	ctg000001c	152646	4	true	37.65	ctg_fasta
Hieracium_richianum	pltd	ctg000001c	152934	4	true	37.61	ctg_fasta
Hieracium_sabaudum	pltd	ctg000001c	153042	4	true	37.63	ctg_fasta
Hieracium_scullyi	pltd	ctg000001c	153306	4	true	37.57	ctg_fasta
Hieracium_snowdoniense	pltd	ctg000001c	152636	4	true	37.63	ctg_fasta
Hieracium_sp_SM_2023a	pltd	ctg000001c	152643	4	true	37.65	ctg_fasta
Hierochloe_odorata	pltd	ctg000001c	136635	4	true	38.45	ctg_fasta
Hippocrepis_comosa	pltd	ctg000001c	151040	12	true	36.16	ctg_fasta
Hippophae_rhamnoides	pltd	ctg000001c	156109	4	true	36.66	ctg_fasta
Hippuris_vulgaris	pltd	ctg000001c	152724	4	true	37.54	ctg_fasta
Holcus_lanatus	pltd	ctg000001c	135676	4	true	38.41	ctg_fasta
Holcus_mollis	pltd	ctg000001c	135478	4	true	38.44	ctg_fasta
Homalia_trichomanoides	pltd	ctg000001c	125179	4	true	29.57	ctg_fasta
Homalothecium_sericeum	pltd	ctg000001c	124552	4	true	29.8	ctg_fasta
Homogyne_alpina	pltd	ctg000001c	150814	4	true	37.5	ctg_fasta
Honckenya_peploides	pltd	ctg000001c	141707	6	true	36.38	ctg_fasta
Hookeria_lucens	pltd	ctg000001c	123474	4	true	28.92	ctg_fasta
Hordeum_murinum	pltd	ctg000001c	136505	4	true	38.26	ctg_fasta
Hordeum_vulgare	pltd	ctg000001c	136462	4	true	38.32	ctg_fasta
Hornungia_petraea	pltd	ctg000001c	150507	4	true	36.32	ctg_fasta
Hottonia_palustris	pltd	ctg000001c	152646	4	true	36.8	ctg_fasta
Humulus_lupulus	pltd	ctg000001c	153769	4	true	36.79	ctg_fasta
Huperzia_selago	pltd	ctg000001c	169166	4	true	36.06	ctg_fasta
Hyacinthoides_non_scripta	pltd	ctg000001c	155037	4	true	37.63	ctg_fasta
Hydrocotyle_ranunculoides	pltd	ctg000001c	153669	4	true	37.67	ctg_fasta
Hydrocotyle_vulgaris	pltd	ctg000001c	153026	4	true	37.67	ctg_fasta
Hygrohypnum_duriusculum	pltd	ctg000001c	124817	4	true	28.87	ctg_fasta
Hylocomiadelphus_triquetrus	pltd	ctg000001c	250227	26	true	29.14	ctg_fasta
Hylocomiadelphus_triquetrus	pltd	ctg000002l	15348	1	false	26.02	ctg_fasta
Hylocomiastrum_umbratum	pltd						no_assembly
Hyocomium_armoricum	pltd	ctg000001c	123845	4	true	28.67	ctg_fasta
Hypericum_androsaemum	pltd	ctg000001c	165001	4	true	37.68	ctg_fasta
Hypericum_hircinum	pltd	ctg000001c	165518	8	true	37.6	ctg_fasta
Hypericum_hirsutum	pltd	ctg000001c	139853	21	true	37.28	ctg_fasta
Hypericum_linariifolium	pltd	ctg000001c	146225	18	true	36.97	ctg_fasta
Hypericum_maculatum	pltd	ctg000001c	139835	5	true	37.5	ctg_fasta
Hypericum_perforatum	pltd	ctg000001l	29463	1	false	37.11	ctg_fasta
Hypericum_perforatum	pltd	ctg000002l	21494	1	false	36.17	ctg_fasta
Hypericum_perforatum	pltd	ctg000003l	17267	1	false	34.75	ctg_fasta
Hypericum_perforatum	pltd	ctg000004l	13260	1	false	31.76	ctg_fasta
Hypericum_perforatum	pltd	ctg000005l	2060	1	false	36.41	ctg_fasta
Hypericum_perforatum	pltd	ctg000006l	2472	1	false	36.08	ctg_fasta
Hypericum_perforatum	pltd	ctg000007l	2095	1	false	35.99	ctg_fasta
Hypericum_perforatum	pltd	ctg000008l	2021	1	false	31.52	ctg_fasta
Hypericum_perforatum	pltd	ctg000009l	2642	1	false	44.47	ctg_fasta
Hypericum_perforatum	pltd	ctg000010l	2163	1	false	38.14	ctg_fasta
Hypericum_perforatum	pltd	ctg000011l	2158	1	false	38.18	ctg_fasta
Hypericum_perforatum	pltd	ctg000012l	2432	1	false	45.81	ctg_fasta
Hypericum_perforatum	pltd	ctg000013l	2679	1	false	51.36	ctg_fasta
Hypericum_perforatum	pltd	ctg000014l	1876	1	false	52.03	ctg_fasta
Hypericum_perforatum	pltd	ctg000015l	1874	1	false	52.03	ctg_fasta
Hypericum_perforatum	pltd	ctg000016l	2038	1	false	55.25	ctg_fasta
Hypericum_perforatum	pltd	ctg000017l	1768	1	false	45.02	ctg_fasta
Hypericum_perforatum	pltd	ctg000018l	2605	1	false	54.55	ctg_fasta
Hypericum_perforatum	pltd	ctg000019l	1915	1	false	41.88	ctg_fasta
Hypericum_perforatum	pltd	ctg000020l	9744	1	false	36.41	ctg_fasta
Hypericum_perforatum	pltd	ctg000021l	2014	1	false	31.53	ctg_fasta
Hypericum_perforatum	pltd	ctg000022l	8173	1	false	37.86	ctg_fasta
Hypericum_perforatum	pltd	ctg000023l	1591	1	false	38.4	ctg_fasta
Hypericum_perforatum	pltd	ctg000024l	2161	1	false	38.13	ctg_fasta
Hypericum_perforatum	pltd	ctg000025l	2469	1	false	33.05	ctg_fasta
Hypericum_perforatum	pltd	ctg000026l	2472	1	false	33.05	ctg_fasta
Hypericum_perforatum	pltd	ctg000027l	1915	1	false	41.88	ctg_fasta
Hypericum_perforatum	pltd	ctg000028l	1608	1	false	35.51	ctg_fasta
Hypericum_perforatum	pltd	ctg000029l	1456	1	false	31.8	ctg_fasta
Hypericum_perforatum	pltd	ctg000030l	1515	1	false	31.49	ctg_fasta
Hypericum_perforatum	pltd	ctg000031l	1486	1	false	32.5	ctg_fasta
Hypericum_perforatum	pltd	ctg000032l	1508	1	false	31.37	ctg_fasta
Hypericum_perforatum	pltd	ctg000033l	1472	1	false	45.92	ctg_fasta
Hypericum_perforatum	pltd	ctg000034l	1496	1	false	43.32	ctg_fasta
Hypericum_perforatum	pltd	ctg000035l	1498	1	false	39.52	ctg_fasta
Hypericum_perforatum	pltd	ctg000036l	1498	1	false	37.38	ctg_fasta
Hypericum_perforatum	pltd	ctg000037l	1477	1	false	31.08	ctg_fasta
Hypericum_perforatum	pltd	ctg000038l	1477	1	false	31.08	ctg_fasta
Hypericum_perforatum	pltd	ctg000039l	1533	1	false	34.38	ctg_fasta
Hypericum_perforatum	pltd	ctg000040l	1479	1	false	31.03	ctg_fasta
Hypericum_perforatum	pltd	ctg000041l	1477	1	false	31.01	ctg_fasta
Hypericum_perforatum	pltd	ctg000042l	1488	1	false	32.53	ctg_fasta
Hypericum_perforatum	pltd	ctg000043l	1458	1	false	32.03	ctg_fasta
Hypericum_perforatum	pltd	ctg000044l	1517	1	false	32.89	ctg_fasta
Hypericum_perforatum	pltd	ctg000045l	1472	1	false	45.92	ctg_fasta
Hypericum_perforatum	pltd	ctg000046l	1533	1	false	34.31	ctg_fasta
Hypericum_perforatum	pltd	ctg000047l	1518	1	false	32.87	ctg_fasta
Hypericum_perforatum	pltd	ctg000048l	1581	1	false	31.31	ctg_fasta
Hypericum_perforatum	pltd	ctg000049l	1498	1	false	39.52	ctg_fasta
Hypericum_perforatum	pltd	ctg000050l	1487	1	false	39.48	ctg_fasta
Hypericum_perforatum	pltd	ctg000051l	1487	1	false	39.48	ctg_fasta
Hypericum_perforatum	pltd	ctg000052l	1496	1	false	43.32	ctg_fasta
Hypericum_perforatum	pltd	ctg000053l	1534	1	false	34.55	ctg_fasta
Hypericum_pulchrum	pltd	ctg000001c	149159	11	true	37.5	ctg_fasta
Hypericum_tetrapterum	pltd	ctg000001c	148458	14	true	37.23	ctg_fasta
Hypnum_andoi	pltd	ctg000001c	124925	4	true	28.58	ctg_fasta
Hypnum_cupressiforme	pltd	u0				25.76	gfa_fallback
Hypnum_cupressiforme	pltd	u2				26.38	gfa_fallback
Hypnum_cupressiforme	pltd	u3				45.92	gfa_fallback
Hypnum_jutlandicum	pltd						no_assembly
Hypochaeris_maculata	pltd	ctg000001c	152127	4	true	37.7	ctg_fasta
Hypochaeris_radicata	pltd	ctg000001c	152052	4	true	37.78	ctg_fasta
Ilex_aquifolium	pltd	ctg000001c	157518	4	true	37.65	ctg_fasta
Impatiens_glandulifera	pltd	u3				43.25	gfa_fallback
Impatiens_glandulifera	pltd	u57				33.09	gfa_fallback
Impatiens_glandulifera	pltd	u58				34.57	gfa_fallback
Impatiens_glandulifera	pltd	u59				34.63	gfa_fallback
Impatiens_glandulifera	pltd	u60				30.11	gfa_fallback
Impatiens_noli_tangere	pltd	ctg000001c	152105	5	true	36.86	ctg_fasta
Impatiens_parviflora	pltd	ctg000001c	152519	4	true	36.84	ctg_fasta
Inula_conyza	pltd	ctg000001c	150893	4	true	37.74	ctg_fasta
Inula_salicina	pltd	ctg000001c	151103	4	true	37.74	ctg_fasta
Iris_foetidissima	pltd	ctg000001c	152315	4	true	38.03	ctg_fasta
Iris_pseudacorus	pltd	ctg000001c	152564	4	true	37.9	ctg_fasta
Isolepis_cernua	pltd	ctg000001c	196643	4	true	32.68	ctg_fasta
Isopterygiella_pulchella	pltd	u0				26.52	gfa_fallback
Isopterygiella_pulchella	pltd	u14				27.68	gfa_fallback
Isopterygiella_pulchella	pltd	u15				46.61	gfa_fallback
Isopterygiella_pulchella	pltd	u21				28.85	gfa_fallback
Isopterygiella_pulchella	pltd	u22				46.15	gfa_fallback
Isopterygiella_pulchella	pltd	u23				27.96	gfa_fallback
Isothecium_holtii	pltd	ctg000001c	125046	4	true	29.15	ctg_fasta
Isothecium_myosuroides	pltd	ctg000001c	125015	4	true	29.13	ctg_fasta
Jacobaea_erucifolia	pltd	ctg000001c	150777	4	true	37.31	ctg_fasta
Jacobaea_maritima	pltd	ctg000001c	150745	4	true	37.31	ctg_fasta
Jacobaea_vulgaris	pltd	ctg000001c	150840	4	true	37.32	ctg_fasta
Jasione_montana	pltd	ctg000001c	200376	4	true	39.13	ctg_fasta
Juglans_regia	pltd	ctg000001c	160365	6	true	36.11	ctg_fasta
Juncus_bufonius	pltd	ctg000001c	169521	4	true	36.46	ctg_fasta
Juncus_conglomeratus	pltd	ctg000001c	178154	6	true	35.85	ctg_fasta
Juncus_effusus	pltd	ctg000001c	175012	4	true	35.96	ctg_fasta
Juncus_gerardii	pltd	ctg000001c	173399	4	true	35.91	ctg_fasta
Juncus_inflexus	pltd	ctg000001c	179030	8	true	35.66	ctg_fasta
Juncus_squarrosus	pltd	u0				41.94	gfa_fallback
Juncus_squarrosus	pltd	u1				33.01	gfa_fallback
Juncus_squarrosus	pltd	u12				34.44	gfa_fallback
Juncus_squarrosus	pltd	u13				27.52	gfa_fallback
Juncus_squarrosus	pltd	u151				40.31	gfa_fallback
Juncus_squarrosus	pltd	u153				40.07	gfa_fallback
Juncus_squarrosus	pltd	u154				32.14	gfa_fallback
Juncus_squarrosus	pltd	u155				35.8	gfa_fallback
Juncus_tenuis	pltd	ctg000001c	166768	4	true	36.21	ctg_fasta
Juncus_tenuis	pltd	ctg000002l	17685	1	false	33.72	ctg_fasta
Jungermannia_exsertifolia	pltd	ctg000001c	117702	4	true	33.46	ctg_fasta
Kali_turgidum	pltd	ctg000001c	152879	4	true	36.6	ctg_fasta
Kali_turgidum	pltd	ctg000002c	153416	4	true	37.2	ctg_fasta
Kalmia_procumbens	pltd	ctg000001l	208388	3	false	36.7	ctg_fasta
Kiaeria_blyttii	pltd	ctg000001c	125104	4	true	28.59	ctg_fasta
Kickxia_elatine	pltd	ctg000001c	151710	4	true	38.24	ctg_fasta
Kickxia_elatine	pltd	ctg000002c	157672	6	true	37.45	ctg_fasta
Knautia_arvensis	pltd	ctg000001c	160672	4	true	38.69	ctg_fasta
Koeleria_macrantha	pltd	ctg000001c	136316	4	true	38.45	ctg_fasta
Kurzia_trichoclados	pltd	ctg000001c	118584	4	true	33.02	ctg_fasta
Kurzia_trichoclados	pltd	ctg000002c	118543	4	true	35.26	ctg_fasta
Laburnum_anagyroides	pltd	ctg000001c	152981	4	true	36.75	ctg_fasta
Lactuca_saligna	pltd	ctg000001c	152670	4	true	37.55	ctg_fasta
Lactuca_serriola	pltd	ctg000001c	152676	4	true	37.55	ctg_fasta
Lamium_album	pltd	ctg000001c	150639	6	true	38.59	ctg_fasta
Lamium_amplexicaule	pltd	ctg000001c	150696	4	true	38.52	ctg_fasta
Lamium_galeobdolon	pltd	ctg000001c	151326	4	true	38.55	ctg_fasta
Lamium_purpureum	pltd	u0				33.29	gfa_fallback
Lamium_purpureum	pltd	u1				36.93	gfa_fallback
Lamium_purpureum	pltd	u11				43.81	gfa_fallback
Lapsana_communis	pltd	ctg000001c	151769	4	true	37.8	ctg_fasta
Lathraea_clandestina	pltd	ctg000001c	132542	4	true	38.35	ctg_fasta
Lathraea_clandestina	pltd	ctg000002l	23592	1	false	34.64	ctg_fasta
Lathraea_clandestina	pltd	ctg000003l	18563	1	false	32.41	ctg_fasta
Lathraea_clandestina	pltd	ctg000004l	18563	1	false	32.4	ctg_fasta
Lathraea_clandestina	pltd	ctg000005l	14629	1	false	34.74	ctg_fasta
Lathraea_clandestina	pltd	ctg000006l	11234	1	false	34.11	ctg_fasta
Lathraea_squamaria	pltd	ctg000001c	150915	4	true	38.06	ctg_fasta
Lathyrus_linifolius	pltd	ctg000001c	134783	1	true	34.83	ctg_fasta
Lathyrus_nissolia	pltd	ctg000001c	119376	1	true	35.07	ctg_fasta
Lathyrus_pratensis	pltd	ctg000001c	175657	26	true	34.65	ctg_fasta
Lathyrus_sylvestris	pltd	ctg000001c	122293	1	true	35.18	ctg_fasta
Leersia_oryzoides	pltd	u6				37.13	gfa_fallback
Leersia_oryzoides	pltd	u7				44.43	gfa_fallback
Leersia_oryzoides	pltd	u8				33.31	gfa_fallback
Lemna_japonica	pltd	ctg000001c	166590	4	true	35.84	ctg_fasta
Lemna_japonica	pltd	ctg000002c	166433	5	true	35.74	ctg_fasta
Lemna_minuta	pltd	ctg000001c	166896	4	true	35.6	ctg_fasta
Lemna_minuta	pltd	ctg000002l	155884	3	false	37.38	ctg_fasta
Lemna_trisulca	pltd	ctg000001c	166580	4	true	35.8	ctg_fasta
Leontodon_hispidus	pltd	ctg000001c	151947	4	true	37.65	ctg_fasta
Leontodon_saxatilis	pltd	ctg000001c	152399	4	true	37.64	ctg_fasta
Lepidium_campestre	pltd	ctg000001c	154132	4	true	36.38	ctg_fasta
Lepidium_didymum	pltd	ctg000001c	154854	4	true	36.4	ctg_fasta
Lepidium_draba	pltd	ctg000001c	153793	4	true	36.48	ctg_fasta
Lepidium_heterophyllum	pltd	ctg000001c	154009	4	true	36.38	ctg_fasta
Lepidium_latifolium	pltd	ctg000001c	154763	4	true	36.48	ctg_fasta
Lepidozia_cupressina	pltd	ctg000001c	118676	4	true	35.09	ctg_fasta
Lepidozia_reptans	pltd	ctg000001c	118680	6	true	35.39	ctg_fasta
Leucanthemum_vulgare	pltd	ctg000001c	150129	4	true	37.46	ctg_fasta
Leucobryum_glaucum	pltd	ctg000001c	124487	4	true	30.58	ctg_fasta
Leucobryum_juniperoideum	pltd	ctg000001c	124604	4	true	30.5	ctg_fasta
Leucojum_aestivum	pltd	ctg000001c	158160	4	true	37.73	ctg_fasta
Levisticum_officinale	pltd	ctg000001c	148547	4	true	37.58	ctg_fasta
Lewinskya_affinis	pltd	ctg000001c	123690	4	true	28.36	ctg_fasta
Lewinskya_rupestris	pltd	ctg000001c	122903	4	true	28.4	ctg_fasta
Lewinskya_speciosa	pltd	ctg000001c	123624	4	true	28.38	ctg_fasta
Ligusticum_scoticum	pltd	ctg000001c	155278	5	true	37.51	ctg_fasta
Ligustrum_vulgare	pltd	ctg000001c	161820	5	true	37.94	ctg_fasta
Limonium_binervosum	pltd	ctg000001c	154294	4	true	37.09	ctg_fasta
Limosella_aquatica	pltd	ctg000001c	151487	4	true	37.47	ctg_fasta
Linaria_purpurea	pltd	ctg000001c	150734	4	true	37.79	ctg_fasta
Linaria_repens	pltd	ctg000001c	150813	4	true	37.81	ctg_fasta
Linaria_vulgaris	pltd	ctg000001c	150664	4	true	37.75	ctg_fasta
Linnaea_borealis	pltd	ctg000001c	161568	4	true	38.26	ctg_fasta
Linum_bienne	pltd	ctg000001c	156943	6	true	37.45	ctg_fasta
Linum_catharticum	pltd	ctg000001c	152117	4	true	37.33	ctg_fasta
Lithospermum_officinale	pltd	ctg000001c	150618	4	true	37.6	ctg_fasta
Littorella_uniflora	pltd	ctg000001c	150803	4	true	37.26	ctg_fasta
Lobelia_dortmanna	pltd	ctg000001c	163588	4	true	40.05	ctg_fasta
Lobelia_urens	pltd	ctg000001c	165505	4	true	39.16	ctg_fasta
Loeskeobryum_brevirostre	pltd	ctg000001c	125058	4	true	29.29	ctg_fasta
Logfia_minima	pltd	ctg000001c	151262	4	true	37.26	ctg_fasta
Lolium_perenne	pltd	ctg000001c	135269	22	true	38.25	ctg_fasta
Lonicera_periclymenum	pltd	ctg000001c	155306	4	true	38.41	ctg_fasta
Lonicera_periclymenum	pltd	ctg000002l	26695	1	false	42.51	ctg_fasta
Lophocolea_bispinosa	pltd	ctg000001c	116242	4	true	33.3	ctg_fasta
Lophozia_ventricosa	pltd	ctg000001c	118584	6	true	33.02	ctg_fasta
Lophozia_ventricosa	pltd	ctg000002c	140601	1	true	34.84	ctg_fasta
Lotus_corniculatus	pltd	ctg000001c	150805	4	true	36.04	ctg_fasta
Lotus_pedunculatus	pltd	ctg000001c	151592	10	true	35.94	ctg_fasta
Lotus_tenuis	pltd	ctg000001c	148708	8	true	36.0	ctg_fasta
Ludwigia_grandiflora	pltd	ctg000001c	159565	4	true	37.28	ctg_fasta
Lunaria_annua	pltd	ctg000001c	154601	4	true	36.41	ctg_fasta
Lunularia_cruciata	pltd	ctg000001c	121968	4	true	28.77	ctg_fasta
Luzula_campestris	pltd	ctg000001c	160604	4	true	39.12	ctg_fasta
Luzula_campestris	pltd	ctg000002l	121764	2	false	36.6	ctg_fasta
Luzula_pallescens	pltd	ctg000001c	199812	4	true	35.68	ctg_fasta
Luzula_spicata	pltd	ctg000001c	199704	4	true	35.64	ctg_fasta
Luzula_sylvatica	pltd	ctg000001c	201321	8	true	35.75	ctg_fasta
Lycopodium_clavatum	pltd	ctg000001c	177791	4	true	34.19	ctg_fasta
Lycopus_europaeus	pltd	ctg000001c	152093	4	true	38.04	ctg_fasta
Lycopus_europaeus	pltd	ctg000002c	127400	1	true	34.57	ctg_fasta
Lysimachia_nemorum	pltd	ctg000001c	153844	4	true	36.96	ctg_fasta
Lysimachia_nummularia	pltd	ctg000001c	155429	4	true	37.11	ctg_fasta
Lysimachia_thyrsiflora	pltd	ctg000001c	155175	4	true	37.05	ctg_fasta
Lysimachia_vulgaris	pltd	ctg000001c	155197	4	true	37.04	ctg_fasta
Lythrum_hyssopifolia	pltd	ctg000001c	157896	4	true	36.83	ctg_fasta
Lythrum_salicaria	pltd	ctg000001c	158481	4	true	36.8	ctg_fasta
Malus_domestica	pltd	u7				43.15	gfa_fallback
Malus_domestica	pltd	u137				34.16	gfa_fallback
Malus_domestica	pltd	u138				43.13	gfa_fallback
Malus_domestica	pltd	u139				30.93	gfa_fallback
Malus_domestica	pltd	u140				34.25	gfa_fallback
Malus_domestica	pltd	u141				30.93	gfa_fallback
Malus_sylvestris	pltd	u43				34.28	gfa_fallback
Malus_sylvestris	pltd	u44				43.15	gfa_fallback
Malus_sylvestris	pltd	u45				30.93	gfa_fallback
Malus_x_robusta	pltd	ctg000001c	160230	4	true	36.5	ctg_fasta
Malva_arborea	pltd	ctg000001c	158296	6	true	37.08	ctg_fasta
Malva_neglecta	pltd	u0				34.98	gfa_fallback
Malva_neglecta	pltd	u5				43.22	gfa_fallback
Malva_neglecta	pltd	u6				32.99	gfa_fallback
Malva_neglecta	pltd	u171				35.0	gfa_fallback
Malva_neglecta	pltd	u172				34.89	gfa_fallback
Malva_neglecta	pltd	u173				34.94	gfa_fallback
Malva_neglecta	pltd	u174				34.69	gfa_fallback
Malva_neglecta	pltd	u175				34.75	gfa_fallback
Malva_neglecta	pltd	u176				34.71	gfa_fallback
Malva_sylvestris	pltd	ctg000001c	158876	6	true	37.12	ctg_fasta
Marchantia_polymorpha	pltd	ctg000001c	120334	4	true	28.97	ctg_fasta
Marchantia_quadrata	pltd	ctg000001c	122138	4	true	28.78	ctg_fasta
Marsupella_aquatica	pltd	ctg000001c	120134	4	true	34.5	ctg_fasta
Marsupella_emarginata	pltd	ctg000001c	120115	4	true	34.49	ctg_fasta
Mastigophora_woodsii	pltd	ctg000001c	119271	4	true	31.22	ctg_fasta
Matricaria_chamomilla	pltd	ctg000001c	152103	4	true	37.81	ctg_fasta
Matricaria_chamomilla	pltd	ctg000002c	149765	5	true	37.46	ctg_fasta
Matricaria_discoidea	pltd	ctg000001c	149751	4	true	37.46	ctg_fasta
Matthiola_sinuata	pltd	ctg000001c	153500	4	true	36.09	ctg_fasta
Meconopsis_cambrica	pltd	ctg000001c	153451	4	true	38.87	ctg_fasta
Medicago_arabica	pltd	ctg000001c	125066	1	true	34.45	ctg_fasta
Medicago_lupulina	pltd	ctg000001c	123993	5	true	33.87	ctg_fasta
Medicago_sativa	pltd	ctg000001c	125776	1	true	33.84	ctg_fasta
Meesia_triquetra	pltd	ctg000001c	124329	4	true	28.86	ctg_fasta
Melampyrum_pratense	pltd	ctg000001c	143048	4	true	38.26	ctg_fasta
Melampyrum_sylvaticum	pltd	u29				36.08	gfa_fallback
Melampyrum_sylvaticum	pltd	u30				43.76	gfa_fallback
Melampyrum_sylvaticum	pltd	u31				32.12	gfa_fallback
Melica_uniflora	pltd	ctg000001c	134748	4	true	38.49	ctg_fasta
Melilotus_altissimus	pltd	ctg000001c	146327	6	true	34.52	ctg_fasta
Melissa_officinalis	pltd	ctg000001c	152118	4	true	38.06	ctg_fasta
Melittis_melissophyllum	pltd	ctg000001c	153234	4	true	38.33	ctg_fasta
Mentha_aquatica	pltd	ctg000001c	152103	4	true	37.81	ctg_fasta
Mentha_arvensis	pltd	ctg000001c	152106	4	true	37.82	ctg_fasta
Mercurialis_annua	pltd	u0				41.81	gfa_fallback
Mercurialis_annua	pltd	u1				33.08	gfa_fallback
Mercurialis_annua	pltd	u2				29.66	gfa_fallback
Mercurialis_annua	pltd	u3				55.19	gfa_fallback
Mercurialis_annua	pltd	u4				42.87	gfa_fallback
Mercurialis_annua	pltd	u5				42.88	gfa_fallback
Mercurialis_annua	pltd	u6				54.79	gfa_fallback
Mercurialis_annua	pltd	u7				42.76	gfa_fallback
Mercurialis_annua	pltd	u8				42.7	gfa_fallback
Mercurialis_annua	pltd	u87				41.53	gfa_fallback
Mercurialis_annua	pltd	u88				55.18	gfa_fallback
Mercurialis_annua	pltd	u89				54.98	gfa_fallback
Mercurialis_annua	pltd	u90				54.95	gfa_fallback
Mercurialis_perennis	pltd	ctg000001c	162146	4	true	35.47	ctg_fasta
Mesoptychia_bantriensis	pltd	ctg000001c	120126	4	true	33.92	ctg_fasta
Mesoptychia_rutheana	pltd	ctg000001c	119704	4	true	34.06	ctg_fasta
Metzgeria_conjugata	pltd	ctg000001c	116702	4	true	36.86	ctg_fasta
Metzgeria_furcata	pltd	ctg000001c	117362	4	true	36.93	ctg_fasta
Metzgeria_violacea	pltd	ctg000001c	116710	4	true	35.82	ctg_fasta
Meum_athamanticum	pltd	ctg000001c	156067	4	true	37.65	ctg_fasta
Milium_effusum	pltd	ctg000001c	136182	4	true	38.28	ctg_fasta
Mimulus_peregrinus	pltd	ctg000001c	153185	4	true	37.7	ctg_fasta
Misopates_orontium	pltd	ctg000001c	152148	4	true	37.91	ctg_fasta
Mnium_stellare	pltd	ctg000001c	124951	4	true	30.13	ctg_fasta
Moehringia_trinervia	pltd	ctg000001c	149694	4	true	36.38	ctg_fasta
Molinia_caerulea	pltd	ctg000001c	137589	4	true	38.65	ctg_fasta
Mollugo_verticillata	pltd	ctg000001c	154214	4	true	37.02	ctg_fasta
Monotropa_hypopitys	pltd	ctg000001c	35760	2	true	33.85	ctg_fasta
Montia_fontana	pltd	ctg000001c	153045	4	true	37.0	ctg_fasta
Myosotis_alpestris	pltd	ctg000001c	148325	4	true	37.18	ctg_fasta
Myosotis_ramosissima	pltd	ctg000001c	148905	4	true	37.06	ctg_fasta
Myosotis_sylvatica	pltd	ctg000001c	148587	5	true	37.01	ctg_fasta
Myrica_gale	pltd	ctg000001c	160149	4	true	36.07	ctg_fasta
Myriophyllum_alterniflorum	pltd	ctg000001c	158659	4	true	36.55	ctg_fasta
Myriophyllum_aquaticum	pltd	ctg000001c	160465	4	true	36.48	ctg_fasta
Myriophyllum_aquaticum	pltd	ctg000002c	158631	4	true	36.56	ctg_fasta
Myriophyllum_spicatum	pltd	ctg000001c	158929	4	true	36.48	ctg_fasta
Myrrhis_odorata	pltd	ctg000001c	155293	4	true	37.41	ctg_fasta
Narcissus_pseudonarcissus	pltd	ctg000001c	159413	4	true	37.85	ctg_fasta
Nardia_scalaris	pltd	ctg000001c	120125	4	true	34.37	ctg_fasta
Narthecium_ossifragum	pltd	ctg000001c	155312	4	true	37.57	ctg_fasta
Nasturtium_officinale	pltd	ctg000001c	155101	4	true	36.36	ctg_fasta
Neckera_pumila	pltd	ctg000001c	124876	4	true	29.21	ctg_fasta
Neoorthocaulis_attenuatus	pltd	ctg000001c	117802	6	true	33.83	ctg_fasta
Neoorthocaulis_floerkei	pltd	ctg000001l	79702	1	false	31.69	ctg_fasta
Neoorthocaulis_floerkei	pltd	ctg000002l	37014	3	false	38.19	ctg_fasta
Neottia_nidus_avis	pltd	ctg000001c	92244	4	true	34.34	ctg_fasta
Neottia_ovata	pltd	ctg000001c	157695	4	true	37.49	ctg_fasta
Nigella_damascena	pltd	ctg000001c	155222	4	true	38.82	ctg_fasta
Niphotrichum_ericoides	pltd	ctg000001c	123486	4	true	28.32	ctg_fasta
Nowellia_curvifolia	pltd	ctg000001c	114469	4	true	33.61	ctg_fasta
Nuphar_pumila	pltd	ctg000001c	160671	4	true	39.08	ctg_fasta
Nymphaea_alba	pltd	ctg000001c	159925	4	true	39.15	ctg_fasta
Nymphoides_peltata	pltd	ctg000001c	152087	4	true	37.16	ctg_fasta
Odontites_vernus	pltd	ctg000001c	152742	4	true	38.15	ctg_fasta
Odontoschisma_sphagni	pltd	ctg000001c	116613	4	true	36.22	ctg_fasta
Oedipodium_griffithianum	pltd	ctg000001c	134200	5	true	30.63	ctg_fasta
Oenanthe_crocata	pltd	ctg000001c	154763	4	true	37.48	ctg_fasta
Oenanthe_lachenalii	pltd	ctg000001c	154556	4	true	37.5	ctg_fasta
Oenanthe_pimpinelloides	pltd	ctg000001c	154384	4	true	37.61	ctg_fasta
Oenothera_biennis	pltd	ctg000001c	165932	4	true	39.05	ctg_fasta
Oligotrichum_hercynicum	pltd	ctg000001c	125945	4	true	28.93	ctg_fasta
Onobrychis_viciifolia	pltd	ctg000001c	122303	1	true	34.58	ctg_fasta
Onoclea_sensibilis	pltd	ctg000001c	148551	4	true	44.41	ctg_fasta
Ononis_reclinata	pltd	ctg000001c	124339	1	true	33.97	ctg_fasta
Ononis_repens	pltd	ctg000001c	124809	1	true	34.0	ctg_fasta
Onopordum_acanthium	pltd	ctg000001c	153069	4	true	37.73	ctg_fasta
Ophioglossum_vulgatum	pltd	ctg000001c	139632	4	true	42.47	ctg_fasta
Ophrys_apifera	pltd	ctg000001c	146763	4	true	36.87	ctg_fasta
Orchis_mascula	pltd	ctg000001c	146982	4	true	37.17	ctg_fasta
Oreojuncus_trifidus	pltd	ctg000001l	109004	2	false	37.54	ctg_fasta
Oreojuncus_trifidus	pltd	ctg000002c	175222	4	true	36.21	ctg_fasta
Origanum_vulgare	pltd	ctg000001c	151825	4	true	37.84	ctg_fasta
Origanum_vulgare	pltd	ctg000002c	152186	4	true	37.62	ctg_fasta
Ornithopus_perpusillus	pltd	ctg000001c	151066	4	true	36.02	ctg_fasta
Orobanche_alba	pltd	ctg000001c	85691	4	true	35.17	ctg_fasta
Orobanche_hederae	pltd	ctg000001c	88558	4	true	35.11	ctg_fasta
Orobanche_minor	pltd	ctg000001c	89027	4	true	35.04	ctg_fasta
Orontium_aquaticum	pltd	ctg000001c	164035	4	true	37.25	ctg_fasta
Orthothecium_rufescens	pltd	u2				25.95	gfa_fallback
Orthothecium_rufescens	pltd	u87				46.44	gfa_fallback
Orthothecium_rufescens	pltd	u88				26.56	gfa_fallback
Orthotrichum_anomalum	pltd	ctg000001c	123363	4	true	28.35	ctg_fasta
Orthotrichum_lyellii	pltd	ctg000001c	123795	4	true	28.25	ctg_fasta
Orthotrichum_pulchellum	pltd	ctg000001c	123221	4	true	28.47	ctg_fasta
Orthotrichum_striatum	pltd	ctg000001c	123090	4	true	28.33	ctg_fasta
Oxalis_acetosella	pltd	ctg000001c	153705	7	true	36.87	ctg_fasta
Oxybasis_chenopodioides	pltd	ctg000001c	151234	13	true	36.81	ctg_fasta
Oxyria_digyna	pltd	ctg000001c	160541	9	true	37.27	ctg_fasta
Oxytropis_halleri	pltd	ctg000001c	122587	1	true	34.34	ctg_fasta
Palustriella_falcata	pltd	ctg000001c	146045	4	true	35.93	ctg_fasta
Papaver_rhoeas	pltd	ctg000001c	153050	4	true	38.83	ctg_fasta
Papaver_somniferum	pltd	ctg000001c	152884	5	true	38.85	ctg_fasta
Parietaria_judaica	pltd	u3				34.16	gfa_fallback
Parietaria_judaica	pltd	u4				29.87	gfa_fallback
Parietaria_judaica	pltd	u102				43.25	gfa_fallback
Parnassia_palustris	pltd	ctg000001c	148067	6	true	37.09	ctg_fasta
Parthenocissus_inserta	pltd	ctg000001c	161208	4	true	37.49	ctg_fasta
Pastinaca_sativa	pltd	ctg000001c	149497	4	true	37.4	ctg_fasta
Paulownia_tomentosa	pltd	ctg000001c	154650	5	true	37.97	ctg_fasta
Pedicularis_palustris	pltd	ctg000001c	147063	4	true	38.47	ctg_fasta
Pedicularis_sylvatica	pltd	ctg000001c	158750	4	true	37.99	ctg_fasta
Pentaglottis_sempervirens	pltd	ctg000001c	149029	4	true	37.79	ctg_fasta
Persicaria_amphibia	pltd	ctg000001c	159387	4	true	38.15	ctg_fasta
Persicaria_hydropiper	pltd	ctg000001c	159806	4	true	38.19	ctg_fasta
Persicaria_maculosa	pltd	ctg000001c	159478	10	true	38.2	ctg_fasta
Persicaria_nepalensis	pltd	ctg000001c	157868	4	true	37.92	ctg_fasta
Petalophyllum_ralfsii	pltd	ctg000001c	124830	4	true	43.86	ctg_fasta
Petasites_albus	pltd	ctg000001c	150687	4	true	37.54	ctg_fasta
Petasites_fragrans	pltd	ctg000001c	150201	4	true	37.58	ctg_fasta
Petasites_hybridus	pltd	ctg000001c	150215	7	true	37.6	ctg_fasta
Petasites_japonicus	pltd	ctg000001c	150385	4	true	37.56	ctg_fasta
Phacelia_tanacetifolia	pltd	ctg000001c	154031	4	true	37.99	ctg_fasta
Phaeoceros_laevis	pltd	ctg000001l	145775	2	false	33.83	ctg_fasta
Phalaris_arundinacea	pltd	ctg000001c	135904	4	true	38.52	ctg_fasta
Phegopteris_connectilis	pltd	ctg000001c	151214	4	true	42.93	ctg_fasta
Phleum_pratense	pltd	ctg000001c	135507	4	true	38.41	ctg_fasta
Phragmites_australis	pltd	ctg000001c	137672	4	true	38.65	ctg_fasta
Physcomitrium_patens	pltd	ctg000001c	122905	4	true	28.51	ctg_fasta
Phyteuma_orbiculare	pltd	ctg000001c	197798	15	true	37.05	ctg_fasta
Phyteuma_spicatum	pltd	ctg000001c	186782	11	true	37.28	ctg_fasta
Phytolacca_acinosa	pltd	ctg000001c	156613	4	true	36.79	ctg_fasta
Pilosella_aurantiaca	pltd	ctg000001c	153117	4	true	37.5	ctg_fasta
Pilosella_officinarum	pltd	ctg000001c	152977	4	true	37.51	ctg_fasta
Pilularia_globulifera	pltd	ctg000001c	153056	4	true	40.56	ctg_fasta
Pimpinella_saxifraga	pltd	ctg000001c	152064	4	true	37.78	ctg_fasta
Pinguicula_vulgaris	pltd	ctg000001c	149994	4	true	38.01	ctg_fasta
Plagiochila_asplenioides	pltd	ctg000001c	117633	4	true	33.88	ctg_fasta
Plagiochila_carringtonii	pltd	ctg000001c	117363	4	true	33.68	ctg_fasta
Plagiothecium_denticulatum	pltd	ctg000001c	125120	4	true	29.63	ctg_fasta
Plantago_coronopus	pltd	ctg000001c	161516	14	true	38.85	ctg_fasta
Plantago_lanceolata	pltd	ctg000001c	149758	4	true	38.33	ctg_fasta
Plantago_lanceolata	pltd	ctg000002c	149770	4	true	38.29	ctg_fasta
Plantago_major	pltd	ctg000001c	165110	12	true	38.06	ctg_fasta
Plantago_maritima	pltd	ctg000001c	158533	4	true	38.63	ctg_fasta
Platanus_orientalis	pltd	ctg000001c	161717	4	true	38.04	ctg_fasta
Platanus_x_hispanica	pltd	ctg000001c	161717	4	true	38.04	ctg_fasta
Pleuridium_subulatum	pltd	ctg000001c	124480	4	true	28.76	ctg_fasta
Poa_alpina	pltd	ctg000001c	135741	4	true	38.33	ctg_fasta
Poa_chaixii	pltd	ctg000001c	135672	4	true	38.28	ctg_fasta
Poa_infirma	pltd	ctg000001c	135595	4	true	38.22	ctg_fasta
Poa_nemoralis	pltd	ctg000001c	135925	4	true	38.29	ctg_fasta
Poa_trivialis	pltd	ctg000001c	150127	4	true	37.46	ctg_fasta
Poa_trivialis	pltd	ctg000002c	135408	4	true	38.29	ctg_fasta
Pogonatum_aloides	pltd	ctg000001c	125227	4	true	28.71	ctg_fasta
Pohlia_annotina	pltd	ctg000001c	124911	4	true	28.95	ctg_fasta
Pohlia_cruda	pltd	ctg000001c	500424	16	true	29.17	ctg_fasta
Pohlia_nutans	pltd	ctg000001c	125162	4	true	29.47	ctg_fasta
Pohlia_wahlenbergii	pltd	ctg000001c	124805	4	true	28.91	ctg_fasta
Polygala_serpyllifolia	pltd	ctg000001c	164580	4	true	36.75	ctg_fasta
Polygala_vulgaris	pltd	ctg000001c	164537	4	true	36.76	ctg_fasta
Polygonum_aviculare	pltd	ctg000001c	163273	4	true	37.41	ctg_fasta
Polygonum_maritimum	pltd	ctg000001c	163313	6	true	37.46	ctg_fasta
Polypodium_vulgare	pltd	ctg000001c	156894	4	true	41.44	ctg_fasta
Polypogon_viridis	pltd	ctg000001c	136649	4	true	38.48	ctg_fasta
Polystichum_lonchitis	pltd	ctg000001c	150672	4	true	42.78	ctg_fasta
Polystichum_setiferum	pltd	ctg000001c	182813	12	true	43.97	ctg_fasta
Polytrichastrum_sexangulare	pltd	u41				26.77	gfa_fallback
Polytrichastrum_sexangulare	pltd	u42				48.99	gfa_fallback
Polytrichastrum_sexangulare	pltd	u43				26.64	gfa_fallback
Polytrichum_commune	pltd	u0				26.6	gfa_fallback
Polytrichum_commune	pltd	u1				26.42	gfa_fallback
Polytrichum_commune	pltd	u4				47.72	gfa_fallback
Polytrichum_formosum	pltd	ctg000001c	126243	4	true	29.02	ctg_fasta
Polytrichum_juniperinum	pltd	ctg000001c	126025	4	true	28.95	ctg_fasta
Polytrichum_piliferum	pltd	ctg000001c	125696	4	true	28.94	ctg_fasta
Polytrichum_strictum	pltd	ctg000001c	126076	4	true	28.98	ctg_fasta
Pontederia_cordata	pltd	ctg000001c	161710	4	true	36.25	ctg_fasta
Populus_alba	pltd	ctg000001c	156515	4	true	36.74	ctg_fasta
Populus_nigra	pltd	ctg000001c	156371	4	true	36.76	ctg_fasta
Populus_tremula	pltd	ctg000001c	156393	4	true	36.74	ctg_fasta
Porella_arboris_vitae	pltd	ctg000001c	121691	4	true	33.73	ctg_fasta
Porella_cordaeana	pltd	ctg000001c	121321	4	true	33.6	ctg_fasta
Potamogeton_alpinus	pltd	ctg000001c	156104	4	true	36.45	ctg_fasta
Potamogeton_berchtoldii	pltd	ctg000001c	156680	5	true	36.47	ctg_fasta
Potamogeton_coloratus	pltd	ctg000001c	155781	4	true	36.5	ctg_fasta
Potamogeton_compressus	pltd	ctg000001c	156909	5	true	36.45	ctg_fasta
Potamogeton_epihydrus	pltd	ctg000001c	156260	13	true	36.44	ctg_fasta
Potamogeton_friesii	pltd	ctg000001c	156742	4	true	36.45	ctg_fasta
Potamogeton_gramineus	pltd	ctg000001c	156446	4	true	36.46	ctg_fasta
Potamogeton_lucens	pltd	ctg000001c	156355	5	true	36.45	ctg_fasta
Potamogeton_natans	pltd	u1				29.99	gfa_fallback
Potamogeton_natans	pltd	u2				34.41	gfa_fallback
Potamogeton_natans	pltd	u91				42.95	gfa_fallback
Potamogeton_nodosus	pltd	ctg000001c	156369	4	true	36.46	ctg_fasta
Potamogeton_obtusifolius	pltd	ctg000001c	156950	4	true	36.47	ctg_fasta
Potamogeton_perfoliatus	pltd	ctg000001c	156249	4	true	36.46	ctg_fasta
Potamogeton_polygonifolius	pltd	ctg000001c	156104	7	true	36.46	ctg_fasta
Potamogeton_polygonifolius	pltd	ctg000002c	138983	4	true	38.53	ctg_fasta
Potamogeton_praelongus	pltd	ctg000001c	156721	5	true	36.53	ctg_fasta
Potamogeton_pusillus	pltd	ctg000001c	156733	4	true	36.46	ctg_fasta
Potamogeton_rutilus	pltd	ctg000001c	156811	4	true	36.46	ctg_fasta
Potamogeton_trichoides	pltd	ctg000001c	156774	4	true	36.48	ctg_fasta
Potentilla_anglica	pltd	ctg000001c	156753	4	true	36.9	ctg_fasta
Potentilla_anserina	pltd	u55				42.99	gfa_fallback
Potentilla_anserina	pltd	u56				34.69	gfa_fallback
Potentilla_anserina	pltd	u57				31.05	gfa_fallback
Potentilla_crantzii	pltd	ctg000001c	156336	4	true	36.85	ctg_fasta
Potentilla_crantzii	pltd	ctg000002c	151161	4	true	36.78	ctg_fasta
Potentilla_erecta	pltd	ctg000001c	155974	4	true	36.96	ctg_fasta
Potentilla_indica	pltd	ctg000001c	156079	4	true	37.0	ctg_fasta
Potentilla_reptans	pltd	ctg000001c	156734	4	true	36.9	ctg_fasta
Potentilla_sterilis	pltd	ctg000001c	154755	4	true	37.23	ctg_fasta
Potentilla_verna	pltd	ctg000001c	156305	4	true	36.87	ctg_fasta
Poterium_sanguisorba	pltd	ctg000001c	154672	4	true	36.96	ctg_fasta
Primula_farinosa	pltd	ctg000001c	154672	4	true	36.96	ctg_fasta
Primula_scotica	pltd	ctg000001c	154667	4	true	36.96	ctg_fasta
Primula_veris	pltd	ctg000001c	153477	4	true	36.84	ctg_fasta
Primula_vulgaris	pltd	ctg000001c	153395	4	true	36.84	ctg_fasta
Primula_vulgaris	pltd	ctg000002l	40643	1	false	39.19	ctg_fasta
Prunella_vulgaris	pltd	u1				36.12	gfa_fallback
Prunella_vulgaris	pltd	u103				43.18	gfa_fallback
Prunella_vulgaris	pltd	u104				31.8	gfa_fallback
Prunus_avium	pltd	ctg000001c	157810	4	true	36.7	ctg_fasta
Prunus_domestica	pltd	ctg000001c	157702	4	true	36.74	ctg_fasta
Prunus_laurocerasus	pltd	ctg000001c	158681	4	true	36.56	ctg_fasta
Prunus_lusitanica	pltd	ctg000001c	159356	4	true	36.54	ctg_fasta
Prunus_padus	pltd	ctg000001c	158955	4	true	36.59	ctg_fasta
Prunus_spinosa	pltd	ctg000001c	157609	4	true	36.77	ctg_fasta
Pseudisothecium_interludens	pltd	ctg000001c	125080	4	true	29.12	ctg_fasta
Pseudobryum_cinclidioides	pltd	ctg000001c	124863	4	true	30.42	ctg_fasta
Pseudofumaria_lutea	pltd	ctg000001c	192403	4	true	40.1	ctg_fasta
Pseudognaphalium_luteoalbum	pltd	ctg000001c	153410	4	true	37.06	ctg_fasta
Pseudoscleropodium_purum	pltd	ctg000001c	124657	4	true	29.66	ctg_fasta
Pseudotaxiphyllum_elegans	pltd	u3				26.1	gfa_fallback
Pseudotaxiphyllum_elegans	pltd	u49				26.52	gfa_fallback
Pseudotaxiphyllum_elegans	pltd	u50				46.78	gfa_fallback
Pseudotsuga_menziesii	pltd	ctg000001c	121951	1	true	38.77	ctg_fasta
Pteridium_aquilinum	pltd	ctg000001c	152453	4	true	41.5	ctg_fasta
Pterigynandrum_filiforme	pltd	ctg000001c	124396	4	true	28.53	ctg_fasta
Ptilidium_ciliare	pltd	ctg000001c	118961	4	true	33.26	ctg_fasta
Ptilium_crista_castrensis	pltd	ctg000001c	125019	4	true	29.15	ctg_fasta
Ptychomitrium_polyphyllum	pltd	ctg000001c	123762	4	true	28.08	ctg_fasta
Ptychostomum_cyclophyllum	pltd	ctg000001c	123074	4	true	28.08	ctg_fasta
Ptychostomum_pallens	pltd	ctg000001c	122961	5	true	28.13	ctg_fasta
Puccinellia_maritima	pltd	ctg000001c	135791	4	true	38.33	ctg_fasta
Pulicaria_dysenterica	pltd	u18				36.1	gfa_fallback
Pulicaria_dysenterica	pltd	u19				43.39	gfa_fallback
Pulicaria_dysenterica	pltd	u20				32.38	gfa_fallback
Pulicaria_vulgaris	pltd	ctg000001c	151039	4	true	37.74	ctg_fasta
Pyrola_rotundifolia	pltd	ctg000001c	166903	4	true	35.78	ctg_fasta
Pyrus_communis	pltd	ctg000001c	159928	4	true	36.57	ctg_fasta
Quercus_cerris	pltd	ctg000001c	161197	4	true	36.81	ctg_fasta
Quercus_ilex	pltd	u0				34.69	gfa_fallback
Quercus_ilex	pltd	u75				43.21	gfa_fallback
Quercus_ilex	pltd	u76				31.37	gfa_fallback
Quercus_petraea	pltd	ctg000001c	161178	4	true	36.83	ctg_fasta
Quercus_robur	pltd	ctg000001c	161172	4	true	36.83	ctg_fasta
Racomitrium_heterostichum	pltd	ctg000001c	123683	4	true	28.38	ctg_fasta
Radula_complanata	pltd	ctg000001c	119270	4	true	30.88	ctg_fasta
Ranunculus_acris	pltd	ctg000001c	156633	6	true	37.75	ctg_fasta
Ranunculus_auricomus	pltd	ctg000001c	156035	4	true	37.91	ctg_fasta
Ranunculus_bulbosus	pltd	ctg000001c	155650	4	true	37.85	ctg_fasta
Ranunculus_flammula	pltd	ctg000001c	157238	4	true	37.93	ctg_fasta
Ranunculus_omiophyllus	pltd	ctg000001c	156533	4	true	37.91	ctg_fasta
Ranunculus_repens	pltd	ctg000001c	155664	4	true	37.87	ctg_fasta
Ranunculus_sardous	pltd	ctg000001c	155243	4	true	37.86	ctg_fasta
Ranunculus_sceleratus	pltd	ctg000001c	156310	4	true	37.94	ctg_fasta
Raphanus_raphanistrum	pltd	ctg000001c	153372	6	true	36.34	ctg_fasta
Reseda_lutea	pltd	ctg000001c	151944	4	true	36.44	ctg_fasta
Reseda_luteola	pltd	ctg000001c	154113	4	true	36.4	ctg_fasta
Reynoutria_japonica	pltd	ctg000001c	163391	4	true	37.51	ctg_fasta
Rhabdoweisia_crispata	pltd	ctg000001c	123837	4	true	28.16	ctg_fasta
Rhamnus_cathartica	pltd	ctg000001c	161283	5	true	37.12	ctg_fasta
Rhinanthus_minor	pltd	ctg000001c	145328	4	true	38.34	ctg_fasta
Rhodiola_rosea	pltd	ctg000001c	151816	4	true	37.69	ctg_fasta
Rhodiola_rosea	pltd	ctg000002c	147282	4	true	36.6	ctg_fasta
Rhodobryum_roseum	pltd	ctg000001c	124254	4	true	29.49	ctg_fasta
Rhododendron_ponticum	pltd	ctg000001c	203847	4	true	35.9	ctg_fasta
Rhynchospora_alba	pltd	ctg000001c	176636	12	true	35.27	ctg_fasta
Rhynchostegiella_tenella	pltd	u0				27.17	gfa_fallback
Rhynchostegiella_tenella	pltd	u1				45.93	gfa_fallback
Rhynchostegiella_tenella	pltd	u2				27.21	gfa_fallback
Rhynchostegium_confertum	pltd	ctg000001c	124400	4	true	29.79	ctg_fasta
Rhynchostegium_megapolitanum	pltd	u0				27.24	gfa_fallback
Rhynchostegium_megapolitanum	pltd	u1				45.9	gfa_fallback
Rhynchostegium_megapolitanum	pltd	u2				27.85	gfa_fallback
Rhynchostegium_riparioides	pltd	ctg000001c	124473	4	true	29.81	ctg_fasta
Rhytidiadelphus_loreus	pltd	ctg000001c	124827	4	true	29.08	ctg_fasta
Rhytidium_rugosum	pltd	ctg000001c	124178	4	true	28.71	ctg_fasta
Ribes_nigrum	pltd	ctg000001c	157450	4	true	38.13	ctg_fasta
Ribes_rubrum	pltd	ctg000001c	157803	5	true	38.08	ctg_fasta
Riccardia_palmata	pltd	ctg000001c	118064	4	true	36.98	ctg_fasta
Riccia_beyrichiana	pltd	ctg000001c	121549	5	true	29.07	ctg_fasta
Riccia_sorocarpa	pltd	ctg000001c	121987	4	true	29.04	ctg_fasta
Robinia_pseudoacacia	pltd	ctg000001c	155020	8	true	35.87	ctg_fasta
Rorippa_islandica	pltd	ctg000001c	155747	4	true	36.28	ctg_fasta
Rorippa_sylvestris	pltd	ctg000001c	154753	4	true	36.36	ctg_fasta
Rosa_agrestis	pltd	ctg000001c	156548	4	true	37.26	ctg_fasta
Rosa_canina	pltd	ctg000001c	156593	4	true	37.23	ctg_fasta
Rosa_rubiginosa	pltd	ctg000001c	156548	5	true	37.26	ctg_fasta
Rosa_rugosa	pltd	ctg000001c	157036	4	true	37.21	ctg_fasta
Rosa_spinosissima	pltd	ctg000001c	157223	5	true	37.19	ctg_fasta
Rosulabryum_capillare	pltd	ctg000001c	123225	4	true	28.04	ctg_fasta
Rubus_caesius	pltd	ctg000001c	156976	4	true	37.11	ctg_fasta
Rubus_chamaemorus	pltd	ctg000001c	156778	4	true	37.22	ctg_fasta
Rubus_idaeus	pltd	ctg000001c	155698	4	true	37.26	ctg_fasta
Rubus_saxatilis	pltd	ctg000001c	156771	4	true	37.1	ctg_fasta
Rumex_acetosa	pltd	ctg000001c	160399	6	true	37.11	ctg_fasta
Rumex_acetosella	pltd	ctg000001c	159536	10	true	37.26	ctg_fasta
Rumex_hydrolapathum	pltd	ctg000001c	158859	4	true	37.49	ctg_fasta
Rumex_obtusifolius	pltd	ctg000001c	159071	4	true	37.53	ctg_fasta
Rumex_sanguineus	pltd	ctg000001c	318225	93	true	37.53	ctg_fasta
Ruppia_maritima	pltd	ctg000001c	158858	4	true	35.84	ctg_fasta
Ruscus_aculeatus	pltd	ctg000001c	154426	4	true	37.79	ctg_fasta
Sabulina_verna	pltd	ctg000001c	153150	4	true	36.6	ctg_fasta
Saccogyna_viticulosa	pltd	ctg000001c	120026	6	true	34.59	ctg_fasta
Sagina_nodosa	pltd	ctg000001c	151346	4	true	36.62	ctg_fasta
Sagina_procumbens	pltd	ctg000001c	150534	4	true	36.74	ctg_fasta
Salicornia_ramosissima	pltd	ctg000001c	153299	4	true	36.23	ctg_fasta
Salix_alba	pltd	ctg000001c	155555	4	true	36.65	ctg_fasta
Salix_arbuscula	pltd	ctg000001c	155532	4	true	36.7	ctg_fasta
Salix_aurita	pltd	ctg000001c	155596	4	true	36.7	ctg_fasta
Salix_caprea	pltd	ctg000001c	155582	4	true	36.69	ctg_fasta
Salix_cinerea	pltd	ctg000001c	155634	4	true	36.68	ctg_fasta
Salix_euxina	pltd	ctg000001c	155541	4	true	36.65	ctg_fasta
Salix_herbacea	pltd	ctg000001c	155627	4	true	36.68	ctg_fasta
Salix_lanata	pltd	ctg000001c	155558	4	true	36.7	ctg_fasta
Salix_lapponum	pltd	ctg000001c	155619	4	true	36.69	ctg_fasta
Salix_myrsinifolia	pltd	ctg000001c	155561	4	true	36.7	ctg_fasta
Salix_myrsinifolia	pltd	ctg000002c	151970	4	true	37.63	ctg_fasta
Salix_pentandra	pltd	ctg000001c	155553	6	true	36.65	ctg_fasta
Salix_phylicifolia	pltd	ctg000001c	152877	4	true	37.19	ctg_fasta
Salix_purpurea	pltd	ctg000001c	155505	4	true	36.71	ctg_fasta
Salix_repens	pltd	ctg000001c	155618	4	true	36.68	ctg_fasta
Salix_reticulata	pltd	ctg000001c	155500	4	true	36.71	ctg_fasta
Salix_triandra	pltd	ctg000001c	155693	4	true	36.66	ctg_fasta
Salix_viminalis	pltd	u0				30.77	gfa_fallback
Salix_viminalis	pltd	u15				42.11	gfa_fallback
Salix_viminalis	pltd	u16				34.48	gfa_fallback
Salvia_pratensis	pltd	ctg000001c	151416	4	true	37.95	ctg_fasta
Salvia_verbenaca	pltd	ctg000001c	151245	4	true	37.94	ctg_fasta
Sambucus_ebulus	pltd	ctg000001c	158399	4	true	37.96	ctg_fasta
Sambucus_nigra	pltd	ctg000001c	158061	4	true	37.98	ctg_fasta
Samolus_valerandi	pltd	ctg000001c	160367	4	true	36.11	ctg_fasta
Samolus_valerandi	pltd	ctg000002c	155076	4	true	36.53	ctg_fasta
Sanguisorba_minor	pltd	ctg000001c	153832	10	true	37.2	ctg_fasta
Sanicula_europaea	pltd	ctg000001c	155717	4	true	38.17	ctg_fasta
Saponaria_officinalis	pltd	ctg000001c	151608	4	true	36.71	ctg_fasta
Sarmentypnum_exannulatum	pltd	ctg000001c	124843	4	true	28.59	ctg_fasta
Sarmentypnum_sarmentosum	pltd	ctg000001c	124570	5	true	29.23	ctg_fasta
Sarracenia_purpurea	pltd	ctg000001c	155307	4	true	36.94	ctg_fasta
Saxifraga_aizoides	pltd	ctg000001c	151996	4	true	37.74	ctg_fasta
Saxifraga_cernua	pltd	ctg000001c	151388	4	true	37.67	ctg_fasta
Saxifraga_cespitosa	pltd	ctg000001c	149963	4	true	37.78	ctg_fasta
Saxifraga_hirsuta	pltd	ctg000001c	152308	4	true	37.79	ctg_fasta
Saxifraga_hypnoides	pltd	ctg000001c	149865	4	true	37.75	ctg_fasta
Saxifraga_oppositifolia	pltd	ctg000001c	151872	4	true	37.71	ctg_fasta
Saxifraga_tridactylites	pltd	ctg000001c	150018	4	true	37.75	ctg_fasta
Scabiosa_columbaria	pltd	ctg000001c	160720	8	true	38.89	ctg_fasta
Scapania_compacta	pltd	ctg000001c	117726	6	true	33.89	ctg_fasta
Scapania_gracilis	pltd	ctg000001c	118063	4	true	33.97	ctg_fasta
Scapania_irrigua	pltd	ctg000001c	118163	4	true	33.88	ctg_fasta
Scapania_ornithopodioides	pltd	ctg000001c	117848	4	true	33.77	ctg_fasta
Scapania_uliginosa	pltd	ctg000001c	117993	4	true	33.88	ctg_fasta
Scapania_undulata	pltd	ctg000001c	117427	4	true	33.69	ctg_fasta
Scheuchzeria_palustris	pltd	ctg000001c	158573	4	true	37.31	ctg_fasta
Schistidium_strictum	pltd	ctg000001c	123978	4	true	28.37	ctg_fasta
Schoenoplectus_lacustris	pltd	ctg000001c	232552	10	true	32.86	ctg_fasta
Schoenoplectus_tabernaemontani	pltd	ctg000001c	233869	9	true	32.8	ctg_fasta
Schoenoplectus_triqueter	pltd	ctg000001c	231034	23	true	32.85	ctg_fasta
Schoenus_ferrugineus	pltd	ctg000001c	179793	6	true	35.15	ctg_fasta
Schoenus_nigricans	pltd	ctg000001c	180031	6	true	35.14	ctg_fasta
Scilla_verna	pltd	ctg000001c	155928	4	true	37.44	ctg_fasta
Scirpus_sylvaticus	pltd	u1				28.67	gfa_fallback
Scirpus_sylvaticus	pltd	u2				31.81	gfa_fallback
Scirpus_sylvaticus	pltd	u9				37.5	gfa_fallback
Sciuro_hypnum_glaciale	pltd	ctg000001c	124636	4	true	30.0	ctg_fasta
Sciuro_hypnum_plumosum	pltd	ctg000001c	124846	4	true	28.59	ctg_fasta
Scleranthus_perennis	pltd	ctg000001c	144737	4	true	35.78	ctg_fasta
Scorpidium_scorpioides	pltd	ctg000001c	124601	4	true	28.91	ctg_fasta
Scorzonera_humilis	pltd	ctg000001c	152920	4	true	37.65	ctg_fasta
Scorzoneroides_autumnalis	pltd	ctg000001c	151825	4	true	37.84	ctg_fasta
Scorzoneroides_autumnalis	pltd	ctg000002c	152186	4	true	37.62	ctg_fasta
Scrophularia_auriculata	pltd	ctg000001c	152623	4	true	37.96	ctg_fasta
Scrophularia_umbrosa	pltd	ctg000001c	153068	4	true	37.95	ctg_fasta
Scrophularia_vernalis	pltd	ctg000001c	152892	16	true	37.96	ctg_fasta
Scutellaria_galericulata	pltd	ctg000001c	152565	4	true	38.3	ctg_fasta
Scutellaria_minor	pltd	u0				43.81	gfa_fallback
Scutellaria_minor	pltd	u1				36.48	gfa_fallback
Scutellaria_minor	pltd	u4				33.26	gfa_fallback
Sedum_acre	pltd	ctg000001c	150331	4	true	37.82	ctg_fasta
Sedum_album	pltd	ctg000001c	149120	4	true	37.8	ctg_fasta
Sedum_anglicum	pltd	ctg000001c	149660	4	true	37.96	ctg_fasta
Selaginella_selaginoides	pltd	ctg000001l	4887	1	false	57.17	ctg_fasta
Selaginella_selaginoides	pltd	ctg000002l	10872	1	false	55.5	ctg_fasta
Selaginella_selaginoides	pltd	ctg000003l	1847	1	false	56.58	ctg_fasta
Selaginella_selaginoides	pltd	ctg000004l	5580	1	false	54.95	ctg_fasta
Selaginella_selaginoides	pltd	ctg000005l	1809	1	false	53.34	ctg_fasta
Selaginella_selaginoides	pltd	ctg000006l	1483	1	false	53.2	ctg_fasta
Selaginella_selaginoides	pltd	ctg000007l	1650	1	false	53.27	ctg_fasta
Selaginella_selaginoides	pltd	ctg000008l	1642	1	false	53.29	ctg_fasta
Selaginella_selaginoides	pltd	ctg000009l	1552	1	false	51.48	ctg_fasta
Selaginella_selaginoides	pltd	ctg000010l	2255	1	false	52.99	ctg_fasta
Selaginella_selaginoides	pltd	ctg000011l	1524	1	false	52.89	ctg_fasta
Selaginella_selaginoides	pltd	ctg000012l	1467	1	false	49.69	ctg_fasta
Selaginella_selaginoides	pltd	ctg000013l	1488	1	false	51.14	ctg_fasta
Selaginella_selaginoides	pltd	ctg000014l	1676	1	false	51.01	ctg_fasta
Selaginella_selaginoides	pltd	ctg000015l	1533	1	false	53.16	ctg_fasta
Selaginella_selaginoides	pltd	ctg000016l	1551	1	false	52.29	ctg_fasta
Selaginella_selaginoides	pltd	ctg000017l	1634	1	false	54.16	ctg_fasta
Selaginella_selaginoides	pltd	ctg000018l	1631	1	false	54.14	ctg_fasta
Selaginella_selaginoides	pltd	ctg000019l	4497	1	false	55.73	ctg_fasta
Selaginella_selaginoides	pltd	ctg000020l	1624	1	false	55.36	ctg_fasta
Selaginella_selaginoides	pltd	ctg000021l	2040	1	false	55.69	ctg_fasta
Selaginella_selaginoides	pltd	ctg000022l	1852	1	false	55.78	ctg_fasta
Selaginella_selaginoides	pltd	ctg000023l	1740	1	false	55.69	ctg_fasta
Selaginella_selaginoides	pltd	ctg000024l	1598	1	false	55.63	ctg_fasta
Selaginella_selaginoides	pltd	ctg000025l	1566	1	false	56.7	ctg_fasta
Selaginella_selaginoides	pltd	ctg000026l	2721	1	false	54.39	ctg_fasta
Selaginella_selaginoides	pltd	ctg000027l	1600	1	false	55.62	ctg_fasta
Selaginella_selaginoides	pltd	ctg000028l	1585	1	false	52.43	ctg_fasta
Selaginella_selaginoides	pltd	ctg000029l	1639	1	false	54.67	ctg_fasta
Selaginella_selaginoides	pltd	ctg000030l	1631	1	false	53.28	ctg_fasta
Selaginella_selaginoides	pltd	ctg000031l	1853	1	false	55.75	ctg_fasta
Selaginella_selaginoides	pltd	ctg000032l	1443	1	false	53.71	ctg_fasta
Selaginella_selaginoides	pltd	ctg000033l	1764	1	false	53.29	ctg_fasta
Selaginella_selaginoides	pltd	ctg000034l	1886	1	false	55.09	ctg_fasta
Selaginella_selaginoides	pltd	ctg000035l	6205	1	false	54.46	ctg_fasta
Selaginella_selaginoides	pltd	ctg000036l	1548	1	false	55.36	ctg_fasta
Selaginella_selaginoides	pltd	ctg000037l	9392	1	false	57.61	ctg_fasta
Selaginella_selaginoides	pltd	ctg000038l	9485	1	false	55.35	ctg_fasta
Selaginella_selaginoides	pltd	ctg000039l	1538	1	false	55.07	ctg_fasta
Selaginella_selaginoides	pltd	ctg000040l	1544	1	false	54.79	ctg_fasta
Selaginella_selaginoides	pltd	ctg000041l	1539	1	false	54.84	ctg_fasta
Selaginella_selaginoides	pltd	ctg000042l	1543	1	false	55.02	ctg_fasta
Selaginella_selaginoides	pltd	ctg000043l	1898	1	false	56.9	ctg_fasta
Selaginella_selaginoides	pltd	ctg000044l	8089	1	false	54.33	ctg_fasta
Selaginella_selaginoides	pltd	ctg000045l	5194	1	false	55.89	ctg_fasta
Selaginella_selaginoides	pltd	ctg000046l	1561	1	false	56.18	ctg_fasta
Selaginella_selaginoides	pltd	ctg000047l	5909	1	false	53.56	ctg_fasta
Selaginella_selaginoides	pltd	ctg000048l	2811	1	false	52.01	ctg_fasta
Selaginella_selaginoides	pltd	ctg000049l	2432	1	false	52.01	ctg_fasta
Selaginella_selaginoides	pltd	ctg000050l	1377	1	false	56.64	ctg_fasta
Selaginella_selaginoides	pltd	ctg000051l	1349	1	false	55.52	ctg_fasta
Selaginella_selaginoides	pltd	ctg000052l	1330	1	false	53.83	ctg_fasta
Selaginella_selaginoides	pltd	ctg000053l	1343	1	false	55.55	ctg_fasta
Selaginella_selaginoides	pltd	ctg000054l	1345	1	false	53.46	ctg_fasta
Selaginella_selaginoides	pltd	ctg000055l	1360	1	false	53.31	ctg_fasta
Selaginella_selaginoides	pltd	ctg000056l	1328	1	false	49.47	ctg_fasta
Selaginella_selaginoides	pltd	ctg000057l	1320	1	false	50.45	ctg_fasta
Selaginella_selaginoides	pltd	ctg000058l	1342	1	false	52.38	ctg_fasta
Selaginella_selaginoides	pltd	ctg000059l	1366	1	false	54.39	ctg_fasta
Selaginella_selaginoides	pltd	ctg000060l	1392	1	false	55.6	ctg_fasta
Selaginella_selaginoides	pltd	ctg000061l	1342	1	false	50.97	ctg_fasta
Selaginella_selaginoides	pltd	ctg000062l	1357	1	false	50.92	ctg_fasta
Selaginella_selaginoides	pltd	ctg000063l	1386	1	false	53.1	ctg_fasta
Selaginella_selaginoides	pltd	ctg000064l	1386	1	false	54.26	ctg_fasta
Selaginella_selaginoides	pltd	ctg000065l	1349	1	false	51.59	ctg_fasta
Selaginella_selaginoides	pltd	ctg000066l	1389	1	false	53.71	ctg_fasta
Selaginella_selaginoides	pltd	ctg000067l	1381	1	false	51.34	ctg_fasta
Selaginella_selaginoides	pltd	ctg000068l	1358	1	false	50.66	ctg_fasta
Selaginella_selaginoides	pltd	ctg000069l	1320	1	false	50.45	ctg_fasta
Selaginella_selaginoides	pltd	ctg000070l	1359	1	false	50.7	ctg_fasta
Selaginella_selaginoides	pltd	ctg000071l	1351	1	false	52.48	ctg_fasta
Selaginella_selaginoides	pltd	ctg000072l	1391	1	false	53.34	ctg_fasta
Selaginella_selaginoides	pltd	ctg000073l	1378	1	false	52.32	ctg_fasta
Selaginella_selaginoides	pltd	ctg000074l	1376	1	false	52.33	ctg_fasta
Selaginella_selaginoides	pltd	ctg000075l	1376	1	false	52.4	ctg_fasta
Selaginella_selaginoides	pltd	ctg000076l	1375	1	false	52.29	ctg_fasta
Selaginella_selaginoides	pltd	ctg000077l	1340	1	false	54.33	ctg_fasta
Selaginella_selaginoides	pltd	ctg000078l	1330	1	false	53.83	ctg_fasta
Selaginella_selaginoides	pltd	ctg000079l	1343	1	false	55.47	ctg_fasta
Selaginella_selaginoides	pltd	ctg000080l	1397	1	false	56.91	ctg_fasta
Selaginella_selaginoides	pltd	ctg000081l	1379	1	false	51.63	ctg_fasta
Selaginella_selaginoides	pltd	ctg000082l	1344	1	false	51.41	ctg_fasta
Selaginella_selaginoides	pltd	ctg000083l	1351	1	false	52.92	ctg_fasta
Selaginella_selaginoides	pltd	ctg000084l	1408	1	false	55.82	ctg_fasta
Selaginella_selaginoides	pltd	ctg000085l	1378	1	false	56.24	ctg_fasta
Selaginella_selaginoides	pltd	ctg000086l	1402	1	false	58.42	ctg_fasta
Selaginella_selaginoides	pltd	ctg000087l	1391	1	false	53.34	ctg_fasta
Selaginella_selaginoides	pltd	ctg000088l	1375	1	false	56.44	ctg_fasta
Selaginella_selaginoides	pltd	ctg000089l	1347	1	false	55.46	ctg_fasta
Selaginella_selaginoides	pltd	ctg000090l	1376	1	false	56.54	ctg_fasta
Selaginella_selaginoides	pltd	ctg000091l	1348	1	false	55.56	ctg_fasta
Selaginella_selaginoides	pltd	ctg000092l	1340	1	false	54.33	ctg_fasta
Selaginella_selaginoides	pltd	ctg000093l	1341	1	false	54.59	ctg_fasta
Selaginella_selaginoides	pltd	ctg000094l	1378	1	false	51.74	ctg_fasta
Selaginella_selaginoides	pltd	ctg000095l	1344	1	false	51.41	ctg_fasta
Selaginella_selaginoides	pltd	ctg000096l	1392	1	false	55.68	ctg_fasta
Selaginella_selaginoides	pltd	ctg000097l	1343	1	false	55.7	ctg_fasta
Selaginella_selaginoides	pltd	ctg000098l	1395	1	false	53.98	ctg_fasta
Selaginella_selaginoides	pltd	ctg000099l	1384	1	false	54.26	ctg_fasta
Selaginella_selaginoides	pltd	ctg000100l	1406	1	false	55.9	ctg_fasta
Selaginella_selaginoides	pltd	ctg000101l	1369	1	false	52.3	ctg_fasta
Selaginella_selaginoides	pltd	ctg000102l	1373	1	false	53.02	ctg_fasta
Selaginella_selaginoides	pltd	ctg000103l	1346	1	false	54.16	ctg_fasta
Selaginella_selaginoides	pltd	ctg000104l	1325	1	false	52.08	ctg_fasta
Selaginella_selaginoides	pltd	ctg000105l	1375	1	false	52.44	ctg_fasta
Selaginella_selaginoides	pltd	ctg000106l	1353	1	false	50.26	ctg_fasta
Selaginella_selaginoides	pltd	ctg000107l	1374	1	false	55.17	ctg_fasta
Selaginella_selaginoides	pltd	ctg000108l	1399	1	false	53.32	ctg_fasta
Selaginella_selaginoides	pltd	ctg000109l	1379	1	false	56.13	ctg_fasta
Selaginella_selaginoides	pltd	ctg000110l	1378	1	false	56.17	ctg_fasta
Senecio_eboracensis	pltd	ctg000001c	151123	4	true	37.24	ctg_fasta
Senecio_squalidus	pltd	ctg000001c	150803	4	true	37.26	ctg_fasta
Senecio_sylvaticus	pltd	ctg000001c	151098	4	true	37.24	ctg_fasta
Senecio_viscosus	pltd	ctg000001c	151101	4	true	37.24	ctg_fasta
Senecio_vulgaris	pltd	ctg000001c	150757	4	true	37.27	ctg_fasta
Senecio_vulgaris	pltd	ctg000002c	149029	4	true	37.79	ctg_fasta
Sesleria_caerulea	pltd	ctg000001c	135834	4	true	38.46	ctg_fasta
Sherardia_arvensis	pltd	ctg000001c	152686	4	true	37.13	ctg_fasta
Sibbaldia_procumbens	pltd	ctg000001c	153618	4	true	37.25	ctg_fasta
Sibthorpia_europaea	pltd	ctg000001c	148539	4	true	37.99	ctg_fasta
Silaum_silaus	pltd	ctg000001c	146935	6	true	37.52	ctg_fasta
Silene_acaulis	pltd	ctg000001c	151786	6	true	36.51	ctg_fasta
Silene_dioica	pltd	ctg000001c	151810	4	true	36.42	ctg_fasta
Silene_flos_cuculi	pltd	ctg000001c	147282	4	true	36.6	ctg_fasta
Silene_latifolia	pltd	ctg000001c	151786	4	true	36.42	ctg_fasta
Silene_uniflora	pltd	ctg000001c	151591	4	true	36.24	ctg_fasta
Silene_vulgaris	pltd	ctg000001c	151545	4	true	36.24	ctg_fasta
Sinapis_arvensis	pltd	ctg000001c	153644	4	true	36.29	ctg_fasta
Sisymbrium_altissimum	pltd	ctg000001c	154065	4	true	36.42	ctg_fasta
Sisymbrium_officinale	pltd	ctg000001c	153787	4	true	36.38	ctg_fasta
Sisyrinchium_bermudianum	pltd	ctg000001c	151001	4	true	37.6	ctg_fasta
Sium_latifolium	pltd	ctg000001c	154493	4	true	37.45	ctg_fasta
Smyrnium_perfoliatum	pltd	ctg000001c	153384	15	true	37.58	ctg_fasta
Solanum_crispum	pltd	ctg000001c	155954	4	true	37.86	ctg_fasta
Solanum_dulcamara	pltd	u0				43.32	gfa_fallback
Solanum_dulcamara	pltd	u1				35.95	gfa_fallback
Solanum_dulcamara	pltd	u2				32.3	gfa_fallback
Soleirolia_soleirolii	pltd	ctg000001c	152480	4	true	36.29	ctg_fasta
Solenostoma_gracillimum	pltd	ctg000001c	117320	4	true	33.61	ctg_fasta
Solidago_canadensis	pltd	ctg000001c	152951	4	true	37.2	ctg_fasta
Solidago_virgaurea	pltd	ctg000001c	152877	4	true	37.19	ctg_fasta
Sonchus_arvensis	pltd	ctg000001c	155561	4	true	36.7	ctg_fasta
Sonchus_arvensis	pltd	ctg000002c	151970	4	true	37.63	ctg_fasta
Sonchus_asper	pltd	ctg000001c	155541	4	true	36.65	ctg_fasta
Sonchus_asper	pltd	ctg000002c	151858	4	true	37.62	ctg_fasta
Sonchus_oleraceus	pltd	ctg000001c	151804	4	true	37.63	ctg_fasta
Sorbus_bristoliensis	pltd	ctg000001c	160322	6	true	36.5	ctg_fasta
Sorbus_cuneifolia	pltd	ctg000001c	160009	4	true	36.55	ctg_fasta
Sorbus_devoniensis	pltd	ctg000001c	160247	4	true	36.51	ctg_fasta
Sorbus_hibernica	pltd	ctg000001c	160365	4	true	36.53	ctg_fasta
Southbya_tophacea	pltd	ctg000001c	119729	4	true	36.14	ctg_fasta
Sparganium_angustifolium	pltd	ctg000001c	161875	4	true	36.89	ctg_fasta
Sparganium_emersum	pltd	u0				34.79	gfa_fallback
Sparganium_emersum	pltd	u4				42.65	gfa_fallback
Sparganium_emersum	pltd	u5				31.53	gfa_fallback
Sparganium_erectum	pltd	ctg000001c	161957	4	true	36.83	ctg_fasta
Sparganium_natans	pltd	ctg000001c	161683	4	true	36.81	ctg_fasta
Spergula_arvensis	pltd	ctg000001c	152699	4	true	36.82	ctg_fasta
Spergularia_bocconei	pltd	ctg000001c	152411	4	true	36.73	ctg_fasta
Spergularia_marina	pltd	ctg000001c	152278	4	true	36.75	ctg_fasta
Spergularia_media	pltd	ctg000001c	152805	5	true	36.64	ctg_fasta
Spergularia_rubra	pltd	ctg000001c	152017	4	true	36.71	ctg_fasta
Sphagnum_angustifolium	pltd	ctg000001l	126129	2	false	36.05	ctg_fasta
Sphagnum_capillifolium	pltd	ctg000001l	125348	2	false	36.09	ctg_fasta
Sphagnum_compactum	pltd	ctg000001c	140435	4	true	36.82	ctg_fasta
Sphagnum_contortum	pltd	ctg000001c	140113	4	true	36.84	ctg_fasta
Sphagnum_fallax	pltd	ctg000001c	140258	4	true	36.81	ctg_fasta
Sphagnum_fimbriatum	pltd	ctg000001l	125222	2	false	36.09	ctg_fasta
Sphagnum_girgensohnii	pltd	u0				35.13	gfa_fallback
Sphagnum_girgensohnii	pltd	u4				34.92	gfa_fallback
Sphagnum_girgensohnii	pltd	u5				48.8	gfa_fallback
Sphagnum_inundatum	pltd	ctg000001c	140016	4	true	36.82	ctg_fasta
Sphagnum_lindbergii	pltd	ctg000001c	139097	4	true	36.85	ctg_fasta
Sphagnum_medium	pltd	ctg000001c	140470	4	true	36.79	ctg_fasta
Sphagnum_palustre	pltd	ctg000001c	140472	4	true	36.83	ctg_fasta
Sphagnum_papillosum	pltd	ctg000001c	140429	4	true	36.82	ctg_fasta
Sphagnum_riparium	pltd	ctg000001c	139300	4	true	36.7	ctg_fasta
Sphagnum_rubellum	pltd	ctg000001c	139077	4	true	36.88	ctg_fasta
Sphagnum_squarrosum	pltd	ctg000001c	139055	4	true	36.73	ctg_fasta
Sphagnum_tenellum	pltd	ctg000001c	140163	4	true	36.75	ctg_fasta
Sphagnum_teres	pltd	ctg000001c	139126	4	true	36.75	ctg_fasta
Spinacia_oleracea	pltd	ctg000001c	150739	4	true	36.81	ctg_fasta
Spiraea_salicifolia	pltd	ctg000001c	155909	4	true	36.75	ctg_fasta
Spirodela_polyrhiza	pltd	ctg000001c	168915	4	true	35.69	ctg_fasta
Spirodela_polyrhiza	pltd	ctg000002l	133089	2	false	34.78	ctg_fasta
Splachnum_sphaericum	pltd	ctg000001c	123498	4	true	28.09	ctg_fasta
Stachys_alpina	pltd	ctg000001c	150223	4	true	38.6	ctg_fasta
Stachys_palustris	pltd	ctg000001c	150576	4	true	38.53	ctg_fasta
Stachys_sylvatica	pltd	ctg000001c	150535	4	true	38.54	ctg_fasta
Stachys_sylvatica	pltd	ctg000002c	149982	4	true	37.48	ctg_fasta
Stellaria_alsine	pltd	ctg000001c	147456	4	true	36.6	ctg_fasta
Stellaria_graminea	pltd	ctg000001c	151057	6	true	37.71	ctg_fasta
Stellaria_graminea	pltd	ctg000002l	21331	1	false	42.06	ctg_fasta
Stellaria_graminea	pltd	ctg000003c	148448	4	true	36.63	ctg_fasta
Stellaria_holostea	pltd	ctg000001c	148116	4	true	36.76	ctg_fasta
Stellaria_media	pltd	ctg000001c	135478	4	true	38.44	ctg_fasta
Stellaria_palustris	pltd	ctg000001c	148690	4	true	36.62	ctg_fasta
Stereodon_callichrous	pltd	ctg000001c	124642	4	true	29.56	ctg_fasta
Straminergon_stramineum	pltd	ctg000001c	124688	4	true	28.63	ctg_fasta
Struthiopteris_spicant	pltd	ctg000001c	152916	4	true	43.76	ctg_fasta
Stuckenia_filiformis	pltd	ctg000001c	156654	4	true	36.48	ctg_fasta
Stuckenia_pectinata	pltd	ctg000001c	156671	4	true	36.47	ctg_fasta
Suaeda_maritima	pltd	ctg000001c	152011	4	true	36.38	ctg_fasta
Suaeda_vera	pltd	ctg000001c	149880	5	true	36.52	ctg_fasta
Succisa_pratensis	pltd	ctg000001c	162161	4	true	38.77	ctg_fasta
Symphytum_tuberosum	pltd	ctg000001c	148145	4	true	37.97	ctg_fasta
Syntrichia_ruraliformis	pltd	ctg000001c	123245	4	true	28.27	ctg_fasta
Syringa_vulgaris	pltd	u0				36.07	gfa_fallback
Syringa_vulgaris	pltd	u29				43.63	gfa_fallback
Syringa_vulgaris	pltd	u30				32.63	gfa_fallback
Tamarix_gallica	pltd	ctg000001c	156156	4	true	36.46	ctg_fasta
Tanacetum_parthenium	pltd	ctg000001c	161172	4	true	36.83	ctg_fasta
Tanacetum_vulgare	pltd	ctg000001c	150216	4	true	37.44	ctg_fasta
Tellima_grandiflora	pltd	ctg000001c	154999	4	true	37.85	ctg_fasta
Tephroseris_palustris	pltd	ctg000001c	150609	4	true	37.4	ctg_fasta
Tetraplodon_mnioides	pltd	ctg000001c	123665	4	true	28.66	ctg_fasta
Teucrium_botrys	pltd	ctg000001c	150271	4	true	38.12	ctg_fasta
Teucrium_chamaedrys	pltd	ctg000001c	149906	4	true	38.15	ctg_fasta
Teucrium_scorodonia	pltd	ctg000001c	150229	4	true	38.2	ctg_fasta
Thalictrum_alpinum	pltd	ctg000001c	155325	6	true	38.38	ctg_fasta
Thalictrum_flavum	pltd	ctg000001c	156250	4	true	38.35	ctg_fasta
Thalictrum_minus	pltd	ctg000001c	156185	4	true	38.36	ctg_fasta
Thamnobryum_alopecurum	pltd	ctg000001c	124778	4	true	29.92	ctg_fasta
Thelypteris_palustris	pltd	ctg000001c	151173	6	true	43.49	ctg_fasta
Thuidium_delicatulum	pltd	ctg000001c	125106	4	true	29.55	ctg_fasta
Thuidium_tamariscinum	pltd	ctg000001c	125049	4	true	29.46	ctg_fasta
Thymus_drucei	pltd	ctg000001c	151644	4	true	37.88	ctg_fasta
Thymus_pulegioides	pltd	ctg000001c	151725	4	true	37.86	ctg_fasta
Thymus_serpyllum	pltd	ctg000001c	151661	4	true	37.88	ctg_fasta
Tilia_cordata	pltd	ctg000001c	162827	5	true	36.48	ctg_fasta
Tofieldia_pusilla	pltd	ctg000001c	154945	4	true	37.45	ctg_fasta
Torilis_japonica	pltd	u6				30.57	gfa_fallback
Torilis_japonica	pltd	u7				35.36	gfa_fallback
Torilis_japonica	pltd	u312				42.88	gfa_fallback
Tortella_tortuosa	pltd	ctg000001c	123554	4	true	28.16	ctg_fasta
Tragopogon_porrifolius	pltd	ctg000001c	153054	4	true	37.66	ctg_fasta
Tragopogon_pratensis	pltd	ctg000001c	153133	4	true	37.66	ctg_fasta
Tricholepidozia_tetradactyla	pltd	ctg000001c	118415	6	true	35.12	ctg_fasta
Trichophorum_cespitosum	pltd	u0				38.88	gfa_fallback
Trichophorum_cespitosum	pltd	u1				31.91	gfa_fallback
Trichophorum_cespitosum	pltd	u2				28.21	gfa_fallback
Trichostomum_littorale	pltd	ctg000001c	123535	4	true	28.31	ctg_fasta
Trifolium_arvense	pltd	ctg000001c	145665	1	true	34.08	ctg_fasta
Trifolium_bocconei	pltd	ctg000001c	160308	4	true	33.67	ctg_fasta
Trifolium_campestre	pltd	ctg000001c	126164	1	true	34.79	ctg_fasta
Trifolium_dubium	pltd	ctg000001c	126221	1	true	34.79	ctg_fasta
Trifolium_fragiferum	pltd	u3				34.12	gfa_fallback
Trifolium_incarnatum	pltd	ctg000001c	150143	1	true	34.18	ctg_fasta
Trifolium_medium	pltd	ctg000001c	140239	10	true	34.26	ctg_fasta
Trifolium_occidentale	pltd	ctg000001c	134242	4	true	34.34	ctg_fasta
Trifolium_ochroleucon	pltd	ctg000001c	153853	11	true	34.13	ctg_fasta
Trifolium_pratense	pltd	ctg000001c	148266	1	true	34.3	ctg_fasta
Trifolium_repens	pltd	ctg000001c	132666	1	true	34.26	ctg_fasta
Trifolium_scabrum	pltd	ctg000001c	140067	1	true	33.93	ctg_fasta
Trifolium_squamosum	pltd	ctg000001c	142922	1	true	34.26	ctg_fasta
Trifolium_striatum	pltd	ctg000001c	134013	1	true	34.48	ctg_fasta
Trifolium_strictum	pltd	ctg000001c	126675	1	true	34.43	ctg_fasta
Trifolium_subterraneum	pltd	ctg000001c	144761	4	true	34.4	ctg_fasta
Triglochin_maritima	pltd	ctg000001c	155938	4	true	36.48	ctg_fasta
Triglochin_palustris	pltd	ctg000001c	155826	4	true	36.53	ctg_fasta
Trinia_glauca	pltd						no_assembly
Tripleurospermum_maritimum	pltd	ctg000001c	149982	4	true	37.48	ctg_fasta
Tripleurospermum_maritimum	pltd	ctg000002l	22709	1	false	42.89	ctg_fasta
Tripolium_pannonicum	pltd	u1				35.23	gfa_fallback
Tripolium_pannonicum	pltd	u13				42.95	gfa_fallback
Tripolium_pannonicum	pltd	u14				31.29	gfa_fallback
Trocdaris_verticillatum	pltd	ctg000001c	161115	4	true	37.63	ctg_fasta
Trollius_europaeus	pltd	ctg000001c	160069	4	true	38.05	ctg_fasta
Tulipa_sylvestris	pltd	ctg000001c	151986	4	true	36.67	ctg_fasta
Turritis_glabra	pltd	ctg000001c	154169	4	true	36.49	ctg_fasta
Tussilago_farfara	pltd	ctg000001c	150314	4	true	37.44	ctg_fasta
Typha_latifolia	pltd	ctg000001c	161535	4	true	36.61	ctg_fasta
Ulex_europaeus	pltd	ctg000001c	153390	8	true	36.71	ctg_fasta
Ulex_minor	pltd	ctg000001c	152056	8	true	36.78	ctg_fasta
Ulmus_glabra	pltd	ctg000001c	159282	4	true	35.58	ctg_fasta
Ulmus_minor	pltd	ctg000001c	159272	4	true	35.58	ctg_fasta
Ulmus_plotii	pltd	ctg000001c	151001	4	true	38.28	ctg_fasta
Ulmus_procera	pltd	ctg000001c	159304	4	true	35.57	ctg_fasta
Ulota_crispa	pltd	ctg000001c	123537	4	true	28.39	ctg_fasta
Ulota_phyllantha	pltd	ctg000001c	123348	4	true	28.29	ctg_fasta
Umbilicus_rupestris	pltd	ctg000001c	150910	4	true	37.57	ctg_fasta
Urtica_dioica	pltd	ctg000001c	146671	4	true	36.62	ctg_fasta
Urtica_urens	pltd	ctg000001c	147511	4	true	36.34	ctg_fasta
Utricularia_minor	pltd	ctg000001c	153856	4	true	37.03	ctg_fasta
Utricularia_vulgaris	pltd	ctg000001c	154090	4	true	36.94	ctg_fasta
Vaccinium_myrtillus	pltd	ctg000001c	175485	10	true	36.76	ctg_fasta
Vaccinium_oxycoccos	pltd	ctg000001c	183050	12	true	36.78	ctg_fasta
Vaccinium_vitis_idaea	pltd	ctg000001c	180516	9	true	36.73	ctg_fasta
Valeriana_officinalis	pltd	ctg000001c	155306	4	true	38.41	ctg_fasta
Valeriana_officinalis	pltd	ctg000002c	156394	4	true	38.25	ctg_fasta
Valeriana_pyrenaica	pltd	ctg000001c	153986	4	true	38.48	ctg_fasta
Valerianella_locusta	pltd	ctg000001c	149678	4	true	38.09	ctg_fasta
Vandenboschia_speciosa	pltd	ctg000001c	146961	4	true	37.55	ctg_fasta
Verbascum_nigrum	pltd	u0				36.24	gfa_fallback
Verbascum_nigrum	pltd	u10				43.37	gfa_fallback
Verbascum_nigrum	pltd	u11				32.48	gfa_fallback
Verbascum_thapsus	pltd	ctg000001c	153343	4	true	38.01	ctg_fasta
Verbena_officinalis	pltd	ctg000001c	153455	4	true	39.02	ctg_fasta
Veronica_anagallis_aquatica	pltd	ctg000001c	151278	4	true	38.08	ctg_fasta
Veronica_arvensis	pltd	ctg000001c	149374	4	true	37.87	ctg_fasta
Veronica_beccabunga	pltd	ctg000001c	150504	4	true	38.07	ctg_fasta
Veronica_chamaedrys	pltd	ctg000001c	150569	4	true	38.01	ctg_fasta
Veronica_filiformis	pltd	ctg000001c	150120	10	true	37.98	ctg_fasta
Veronica_hederifolia	pltd	ctg000001c	149509	4	true	37.78	ctg_fasta
Veronica_hederifolia	pltd	ctg000002c	149468	4	true	37.77	ctg_fasta
Veronica_montana	pltd	ctg000001c	159064	4	true	35.58	ctg_fasta
Veronica_montana	pltd	ctg000002c	151001	4	true	38.28	ctg_fasta
Veronica_officinalis	pltd	ctg000001c	150889	4	true	38.27	ctg_fasta
Veronica_persica	pltd	ctg000001c	150198	4	true	37.9	ctg_fasta
Veronica_praecox	pltd	ctg000001c	161951	4	true	37.22	ctg_fasta
Veronica_praecox	pltd	ctg000002c	149998	4	true	38.15	ctg_fasta
Veronica_praecox	pltd	ctg000003c	142922	1	true	34.26	ctg_fasta
Veronica_scutellata	pltd	ctg000001c	150985	4	true	38.24	ctg_fasta
Veronica_serpyllifolia	pltd	ctg000001c	150926	4	true	38.11	ctg_fasta
Veronica_spicata	pltd	ctg000001c	152249	4	true	38.04	ctg_fasta
Veronica_triphyllos	pltd	ctg000001c	149811	4	true	38.03	ctg_fasta
Veronica_verna	pltd	ctg000001c	149824	4	true	37.93	ctg_fasta
Viburnum_lantana	pltd	ctg000001c	158396	4	true	38.1	ctg_fasta
Viburnum_opulus	pltd	ctg000001c	158473	4	true	38.15	ctg_fasta
Vicia_cracca	pltd	ctg000001c	127398	2	true	34.57	ctg_fasta
Vicia_hirsuta	pltd	ctg000001c	124583	1	true	34.07	ctg_fasta
Vicia_lutea	pltd	ctg000001c	123361	1	true	34.43	ctg_fasta
Vicia_parviflora	pltd	ctg000001c	122230	1	true	34.32	ctg_fasta
Vicia_sativa	pltd	ctg000001c	124622	1	true	35.13	ctg_fasta
Vicia_sepium	pltd	ctg000001c	125180	1	true	35.03	ctg_fasta
Vinca_minor	pltd	ctg000001c	153523	4	true	38.06	ctg_fasta
Viola_hirta	pltd	ctg000001c	158114	4	true	36.24	ctg_fasta
Viola_lutea	pltd	ctg000001c	155522	6	true	35.99	ctg_fasta
Viola_odorata	pltd	ctg000001c	158284	4	true	36.22	ctg_fasta
Viola_palustris	pltd	ctg000001c	157673	4	true	36.29	ctg_fasta
Viola_riviniana	pltd	ctg000001c	159722	4	true	38.75	ctg_fasta
Viola_riviniana	pltd	ctg000002c	152091	4	true	38.04	ctg_fasta
Viola_riviniana	pltd	ctg000003c	150663	4	true	37.75	ctg_fasta
Viola_riviniana	pltd	ctg000004c	127398	1	true	34.57	ctg_fasta
Viola_stagnina	pltd	ctg000001c	158143	4	true	36.15	ctg_fasta
Viola_tricolor	pltd	ctg000001c	155572	6	true	35.97	ctg_fasta
Viscaria_vulgaris	pltd	ctg000001c	153319	4	true	36.35	ctg_fasta
Viscum_album	pltd	ctg000001c	128925	4	true	36.39	ctg_fasta
Vitis_vinifera	pltd	ctg000001c	160909	4	true	37.39	ctg_fasta
Woodsia_ilvensis	pltd	ctg000001c	152119	4	true	42.87	ctg_fasta
Xerophyllum_tenax	pltd	ctg000001c	156769	4	true	37.85	ctg_fasta
Zostera_marina	pltd	ctg000001c	143968	4	true	35.43	ctg_fasta
Zostera_noltei	pltd	ctg000001c	146045	4	true	35.93	ctg_fasta
Zygodon_viridissimus	pltd	ctg000001c	123326	4	true	28.13	ctg_fasta
