species	organelle	subgraph_id	n_subgraphs	n_nodes	n_edges	circular	dead_end_nodes	total_length	gc_content	avg_coverage	parse_status
Acaena_ovalifolia	mito	1	1	3	4	false	0	358496	0.45468518	666.3333	ok
Acer_campestre	mito	1	1	9	12	false	0	750721	0.4581512	1025.3334	ok
Acer_pseudoplatanus	mito	1	2	3	4	false	0	613821	0.45849237	1150.6666	ok
Acer_pseudoplatanus	mito	2	2	1	1	true	0	118359	0.4551576	727	ok
Achillea_maritima	mito	1	1	1	1	true	0	202131	0.45503658	1272	ok
Achillea_millefolium	mito	1	1	1	1	true	0	195982	0.4570675	363	ok
Achillea_ptarmica	mito	1	1	1	1	true	0	188653	0.45891133	239	ok
Aconitum_napellus	mito	1	4	1	0	false	0	32300	0.4743034	91	ok
Aconitum_napellus	mito	2	4	1	0	false	0	12210	0.46511057	89	ok
Aconitum_napellus	mito	3	4	1	0	false	0	12189	0.46541965	88	ok
Aconitum_napellus	mito	4	4	1	0	false	0	10090	0.4974232	97	ok
Adiantum_capillus_veneris	mito	1	1	73	106	false	0	248689	0.4159381	5844.959	ok
Adonis_annua	mito	1	1	9	12	false	0	587123	0.4635347	465.77777	ok
Adoxa_moschatellina	mito	1	4	1	1	true	0	148054	0.45991328	270	ok
Adoxa_moschatellina	mito	2	4	1	1	true	0	255314	0.45831406	457	ok
Adoxa_moschatellina	mito	3	4	1	1	true	0	157394	0.4565676	322	ok
Adoxa_moschatellina	mito	4	4	1	1	true	0	124985	0.45285434	342	ok
Aegonychon_purpurocaeruleum	mito	1	1	3	4	false	0	297260	0.44507876	4328.6665	ok
Aesculus_hippocastanum	mito	1	1	9	12	false	0	506845	0.44918495	1973.3334	ok
Aethusa_cynapium	mito	1	1	14	20	false	0	257781	0.44580323	752.5	ok
Agrimonia_eupatoria	mito	1	1	6	8	false	0	319533	0.44881448	689.3333	ok
Agrostemma_githago	mito	1	1	9	12	false	0	244138	0.4601219	2015.6666	ok
Agrostis_capillaris	mito	1	1	12	16	false	0	564309	0.44313475	422.58334	ok
Agrostis_gigantea	mito	1	4	9	12	false	0	554206	0.44089624	153.22223	ok
Agrostis_gigantea	mito	2	4	1	0	false	0	36507	0.4341633	52	ok
Agrostis_gigantea	mito	3	4	1	0	false	0	13943	0.4481819	47	ok
Agrostis_gigantea	mito	4	4	1	0	false	0	11890	0.44659376	47	ok
Agrostis_stolonifera	mito	1	1	9	12	false	0	511556	0.44438067	394.44446	ok
Ailanthus_altissima	mito	1	1	3	4	false	0	658069	0.4357117	1660.3334	ok
Ajuga_chamaepitys	mito	1	1	6	8	false	0	406560	0.4539378	1162.8334	ok
Ajuga_reptans	mito	1	1	21	28	false	0	379759	0.4463759	1185.2858	ok
Alchemilla_alpina	mito	1	2	1	1	true	0	150791	0.43694916	490	ok
Alchemilla_alpina	mito	2	2	1	1	true	0	171050	0.44745982	500	ok
Alchemilla_arvensis	mito	1	1	1	1	true	0	287215	0.4496875	1184	ok
Alchemilla_glaucescens	mito	1	1	3	4	false	0	311968	0.430511	811	ok
Alchemilla_micans	mito	1	1	1	1	true	0	309262	0.44341367	1324	ok
Alisma_plantago_aquatica	mito	1	1	11	16	false	0	246240	0.46069795	380.0909	ok
Alleniella_complanata	mito	1	1	1	1	true	0	104861	0.41087726	55	ok
Alliaria_petiolata	mito	1	2	1	1	true	0	78336	0.45432496	482	ok
Alliaria_petiolata	mito	2	2	1	1	true	0	199241	0.44681063	566	ok
Allium_paradoxum	mito	1	1	9	13	false	0	316156	0.4572294	760	ok
Allium_schoenoprasum	mito	1	1	39	56	false	0	470358	0.44324514	494.8718	ok
Allium_triquetrum	mito	1	3	1	1	true	0	115643	0.46662575	316	ok
Allium_triquetrum	mito	2	3	1	1	true	0	145824	0.45983514	346	ok
Allium_triquetrum	mito	3	3	1	1	true	0	97998	0.45523378	249	ok
Alnus_cordata	mito	1	5	1	0	false	0	317460	0.44360864	131	ok
Alnus_cordata	mito	2	5	1	0	false	0	60237	0.45189834	109	ok
Alnus_cordata	mito	3	5	1	0	false	0	61177	0.45564508	104	ok
Alnus_cordata	mito	4	5	1	0	false	0	124420	0.46087447	124	ok
Alnus_cordata	mito	5	5	1	0	false	0	61057	0.44907218	106	ok
Alnus_glutinosa	mito	1	2	3	4	true	0	506285	0.44930407	733.3333	ok
Alnus_glutinosa	mito	2	2	1	1	true	0	157103	0.4547208	704	ok
Alnus_incana	mito	1	2	3	4	true	0	506361	0.44926372	2040.6666	ok
Alnus_incana	mito	2	2	3	4	false	0	158118	0.43958306	1134.6666	ok
Alopecurus_geniculatus	mito	1	1	12	16	false	0	533139	0.44456437	217.16667	ok
Alopecurus_pratensis	mito	1	1	9	12	false	0	492273	0.45116985	206.88889	ok
Ammi_majus	mito	1	1	14	19	false	0	248792	0.45319882	1578.0714	ok
Ammophila_arenaria	mito	1	1	10	14	false	0	496630	0.44189024	175	ok
Amphidium_lapponicum	mito	1	1	1	1	true	0	106595	0.4051597	535	ok
Amphidium_mougeotii	mito	1	1	1	1	true	0	107210	0.40486896	951	ok
Amsinckia_menziesii	mito	1	1	9	12	false	7	12743	0.44875416	1	ok
Anacamptis_pyramidalis	mito	1	9	23	34	true	0	240560	0.4840585	1475.7391	ok
Anacamptis_pyramidalis	mito	2	9	6	9	true	0	125521	0.46271756	1188.3334	ok
Anacamptis_pyramidalis	mito	3	9	1	1	true	0	31743	0.46615002	2055	ok
Anacamptis_pyramidalis	mito	4	9	3	4	true	0	68164	0.47582924	1207.3334	ok
Anacamptis_pyramidalis	mito	5	9	3	4	false	0	38131	0.46728662	1059.3334	ok
Anacamptis_pyramidalis	mito	6	9	3	4	false	0	31260	0.47531602	1125.3334	ok
Anacamptis_pyramidalis	mito	7	9	3	4	false	0	30943	0.44160938	1110	ok
Anacamptis_pyramidalis	mito	8	9	3	4	false	0	29804	0.4916284	927.6667	ok
Anacamptis_pyramidalis	mito	9	9	1	1	true	0	36152	0.4699325	1579	ok
Anagallis_arvensis	mito	1	1	9	12	false	0	506574	0.38610002	3082.7778	ok
Anagallis_tenella	mito	1	1	15	20	false	0	382425	0.45271844	1143.8	ok
Anastrepta_orcadensis	mito	1	1	3	4	false	0	147195	0.40854785	513.6667	ok
Anastrophyllum_donnianum	mito	1	1	1	1	true	0	148217	0.4492737	695	ok
Anchusa_arvensis	mito	1	1	1	1	true	0	340389	0.4501497	468	ok
Andreaea_frigida	mito	1	1	1	1	true	0	119106	0.41950867	410	ok
Andreaea_hookeri	mito	1	1	1	1	true	0	119987	0.41921207	460	ok
Andreaea_mutabilis	mito	1	2	1	0	false	0	72681	0.46017528	168	ok
Andreaea_mutabilis	mito	2	2	1	1	true	0	119989	0.41838002	293	ok
Andreaea_nivalis	mito	1	1	1	1	true	0	120446	0.41301495	248	ok
Andreaea_rothii	mito	1	1	1	1	true	0	119686	0.41931388	446	ok
Andreaea_rupestris	mito	1	1	3	4	false	0	122835	0.4033625	453	ok
Andromeda_polifolia	mito	1	1	6	8	false	0	462348	0.45438567	1126.1666	ok
Anemone_nemorosa	mito	1	1	28	38	false	0	801905	0.46166328	161.46428	ok
Anemone_pulsatilla	mito	1	2	9	12	false	1	668120	0.4563774	193.88889	ok
Anemone_pulsatilla	mito	2	2	3	4	false	0	123897	0.48299336	110	ok
Anethum_foeniculum	mito	1	1	12	16	false	0	244735	0.4483913	2858.4167	ok
Angelica_archangelica	mito	1	1	69	104	false	0	331734	0.42558998	558.13043	ok
Angelica_sylvestris	mito	1	1	17	24	false	1	263190	0.44665578	573.35297	ok
Anoectangium_aestivum	mito	1	1	1	1	true	0	106947	0.39542016	572	ok
Anomodon_viticulosus	mito	1	1	3	4	false	0	106540	0.3880305	451.33334	ok
Antennaria_dioica	mito	1	1	23	32	false	0	325033	0.4436327	677.2174	ok
Anthelia_julacea	mito	1	1	1	1	true	0	165408	0.44721538	455	ok
Anthoxanthum_odoratum	mito	1	1	22	30	false	0	572864	0.44472408	136.31818	ok
Anthriscus_caucalis	mito										missing_gfa
Anthriscus_sylvestris	mito	1	1	21	29	false	1	347908	0.4380012	234.4762	ok
Anthyllis_vulneraria	mito	1	2	27	36	false	0	281432	0.4426574	3025.6667	ok
Anthyllis_vulneraria	mito	2	2	3	4	false	0	55405	0.4506167	2199.3333	ok
Antitrichia_curtipendula	mito	1	1	1	1	true	0	106559	0.41016713	849	ok
Aponogeton_distachyos	mito	1	1	6	8	false	0	229972	0.48700464	258.33334	ok
Aquilegia_vulgaris	mito	1	2	3	4	false	0	408525	0.45965007	1048.3334	ok
Aquilegia_vulgaris	mito	2	2	1	1	true	0	83956	0.4587403	853	ok
Arabidopsis_thaliana	mito	1	1	6	8	false	0	363316	0.44761297	1164	ok
Arabis_alpina	mito	1	1	9	12	false	0	309798	0.44302785	1610.4445	ok
Arabis_hirsuta	mito	1	1	9	12	false	0	325981	0.44857395	1346.2222	ok
Arabis_scabra	mito	1	2	12	18	false	0	317631	0.44194877	2665.3333	ok
Arabis_scabra	mito	2	2	1	1	true	0	445663	0.46703225	1086	ok
Arbutus_unedo	mito	1	1	9	12	false	0	840122	0.45465204	336.8889	ok
Archidium_alternifolium	mito	1	1	1	1	true	0	111862	0.38520676	1897	ok
Arctium_lappa	mito	1	1	9	12	false	0	284669	0.45213228	292.22223	ok
Arctium_minus	mito	1	2	6	8	false	0	438803	0.49546888	285.66666	ok
Arctium_minus	mito	2	2	9	12	false	0	284644	0.4521372	338	ok
Arctostaphylos_uva_ursi	mito	1	1	6	8	false	0	599084	0.46036872	621.6667	ok
Arctous_alpina	mito	1	3	1	1	true	0	2994551	0.45187777	612	ok
Arctous_alpina	mito	2	3	1	1	true	0	224449	0.44989285	624	ok
Arctous_alpina	mito	3	3	1	1	true	0	400343	0.44968438	634	ok
Arenaria_serpyllifolia	mito	1	9	6	8	true	0	113821	0.4067007	2816.3333	ok
Arenaria_serpyllifolia	mito	2	9	3	4	true	0	93131	0.44015038	2059.6667	ok
Arenaria_serpyllifolia	mito	3	9	1	1	true	0	29956	0.43353584	2554	ok
Arenaria_serpyllifolia	mito	4	9	1	1	true	0	31383	0.4332919	2494	ok
Arenaria_serpyllifolia	mito	5	9	1	1	true	0	32099	0.43284836	2559	ok
Arenaria_serpyllifolia	mito	6	9	1	1	true	0	29176	0.4188374	2062	ok
Arenaria_serpyllifolia	mito	7	9	1	1	true	0	32921	0.4422709	2263	ok
Arenaria_serpyllifolia	mito	8	9	1	1	true	0	34766	0.4306794	2503	ok
Arenaria_serpyllifolia	mito	9	9	1	1	true	0	45108	0.43486744	3002	ok
Aria_edulis	mito	1	1	3	4	false	0	425231	0.46471432	810.3333	ok
Aristolochia_clematitis	mito	1	1	11	15	false	0	348584	0.48371208	1086.6364	ok
Armoracia_rusticana	mito	1	1	6	8	false	0	306166	0.44924927	2521.8333	ok
Arrhenatherum_elatius	mito	1	1	11	15	false	0	433432	0.44239148	281.54544	ok
Artemisia_campestris	mito	1	1	1	1	true	0	225885	0.453328	545	ok
Artemisia_maritima	mito	1	1	3	4	false	0	213875	0.4374951	251.33333	ok
Artemisia_vulgaris	mito	1	1	1	1	true	0	223732	0.45343536	265	ok
Arum_italicum	mito	1	2	11	15	true	0	690067	0.47253457	294.72726	ok
Arum_italicum	mito	2	2	1	1	true	0	21364	0.45422205	94	ok
Arum_maculatum	mito	1	2	16	22	false	0	606178	0.47201562	609.4375	ok
Arum_maculatum	mito	2	2	1	1	true	0	53453	0.45458627	325	ok
Asparagus_officinalis	mito	1	1	6	8	false	0	474121	0.46884128	881.6667	ok
Asplenium_adiantum_nigrum	mito	1	1	47	68	false	0	215288	0.47628248	2406.5107	ok
Asplenium_ceterach	mito	1	1	79	114	false	2	257465	0.47321135	2799.405	ok
Asplenium_marinum	mito	1	1	89	131	false	1	291700	0.46643984	456.7528	ok
Asplenium_scolopendrium	mito	1	1	84	125	false	2	276446	0.4754388	689.3571	ok
Asplenium_septentrionale	mito										missing_gfa
Asplenium_trichomanes	mito	1	1	57	83	false	0	230117	0.4808507	2161.2104	ok
Asplenium_viride	mito	1	1	76	110	false	0	257114	0.48541632	3407.4343	ok
Astragalus_alpinus	mito	1	1	5	8	false	0	311629	0.44935578	503.4	ok
Astragalus_danicus	mito	1	1	3	4	false	0	304654	0.45889688	1732.3334	ok
Astragalus_glycyphyllos	mito	1	2	3	4	false	0	187166	0.45060793	754.3333	ok
Astragalus_glycyphyllos	mito	2	2	1	1	true	0	173157	0.45254308	709	ok
Atractylocarpus_subporodictyon	mito	1	1	1	1	true	0	102510	0.40034142	651	ok
Atriplex_laciniata	mito	1	2	6	8	false	0	225784	0.43995103	3489.3333	ok
Atriplex_laciniata	mito	2	2	1	1	true	0	62669	0.44198886	2687	ok
Atriplex_littoralis	mito	1	1	5	7	true	0	283460	0.45127797	1205	ok
Atriplex_praecox	mito	1	1	6	8	false	0	276986	0.44618455	2669.3333	ok
Atropa_belladonna	mito	1	3	3	4	false	0	158976	0.45769498	1527	ok
Atropa_belladonna	mito	2	3	3	4	false	0	183686	0.45770228	1490.3334	ok
Atropa_belladonna	mito	3	3	1	1	true	0	88077	0.45397776	1102	ok
Aulacomnium_androgynum	mito	1	1	1	1	true	0	105111	0.40944335	725	ok
Aulacomnium_palustre	mito	1	1	1	0	false	0	782533	0.59766936	196	ok
Avenella_flexuosa	mito	1	1	155	204	false	0	653524	0.43696815	208.36774	ok
Azolla_filiculoides	mito	1	3	173	288	false	0	339381	0.46038386	244.02312	ok
Azolla_filiculoides	mito	2	3	1	0	false	0	27790	0.4056495	26	ok
Azolla_filiculoides	mito	3	3	1	0	false	0	17871	0.41928264	23	ok
Baldellia_ranunculoides	mito	1	1	6	8	true	0	266010	0.4749942	325.16666	ok
Ballota_nigra	mito	1	3	1	1	true	0	148913	0.45218349	1150	ok
Ballota_nigra	mito	2	3	1	1	true	0	126729	0.44808212	1031	ok
Ballota_nigra	mito	3	3	1	1	true	0	122298	0.44671214	1111	ok
Barbarea_vulgaris	mito	1	1	62	81	false	0	428430	0.4419005	2430.6775	ok
Bartramia_pomiformis	mito	1	1	3	4	false	0	108691	0.36559245	909.3333	ok
Bazzania_pearsonii	mito	1	1	1	1	true	0	161868	0.45779276	1000	ok
Bazzania_tricrenata	mito	1	1	1	1	true	0	162501	0.4575418	956	ok
Bazzania_trilobata	mito	1	1	1	1	true	0	162531	0.45706972	1074	ok
Bellardia_viscosa	mito	1	2	6	8	false	0	466590	0.3996013	714.6667	ok
Bellardia_viscosa	mito	2	2	1	1	true	0	75466	0.43840936	580	ok
Bellis_perennis	mito	1	1	3	4	false	0	258284	0.4467347	1076	ok
Berberis_aquifolium	mito	1	5	6	8	false	0	378873	0.45779645	2443.6667	ok
Berberis_aquifolium	mito	2	5	3	4	false	0	188999	0.41449285	1172.6666	ok
Berberis_aquifolium	mito	3	5	1	1	true	0	75414	0.45816427	1481	ok
Berberis_aquifolium	mito	4	5	1	1	true	0	119173	0.45169628	1624	ok
Berberis_aquifolium	mito	5	5	1	1	true	0	95637	0.4546462	1490	ok
Berberis_vulgaris	mito	1	1	9	12	false	0	759191	0.46078354	1325.1111	ok
Berula_erecta	mito	1	1	15	20	false	0	379192	0.44415835	1934.4	ok
Beta_vulgaris	mito	1	1	9	12	false	0	341196	0.43537417	2558.111	ok
Betonica_officinalis	mito	1	1	10	15	false	0	337297	0.44842443	456	ok
Betula_pendula	mito	1	1	6	8	false	0	645776	0.45397806	1012.6667	ok
Betula_pubescens	mito	1	1	6	8	false	0	639908	0.45423242	227.5	ok
Bidens_cernua	mito	1	3	10	14	false	0	166096	0.44138455	644.3	ok
Bidens_cernua	mito	2	3	1	1	true	0	38334	0.45562685	544	ok
Bidens_cernua	mito	3	3	1	1	true	0	9039	0.46841463	176	ok
Bistorta_vivipara	mito	1	7	1	1	true	0	30153	0.45763275	767	ok
Bistorta_vivipara	mito	2	7	1	1	true	0	59232	0.45289707	1152	ok
Bistorta_vivipara	mito	3	7	1	1	true	0	33784	0.42487568	907	ok
Bistorta_vivipara	mito	4	7	1	1	true	0	67832	0.45123246	1153	ok
Bistorta_vivipara	mito	5	7	1	1	true	0	55316	0.4473751	1154	ok
Bistorta_vivipara	mito	6	7	1	1	true	0	38903	0.44338483	980	ok
Bistorta_vivipara	mito	7	7	1	1	true	0	72628	0.44317618	1281	ok
Blackstonia_perfoliata	mito	1	1	11	16	false	0	333526	0.4343914	2474.5454	ok
Blasia_pusilla	mito	1	1	1	1	true	0	186320	0.4263203	4793	ok
Blindia_acuta	mito	1	1	1	1	true	0	106870	0.39470384	1416	ok
Blindiadelphus_recurvatus	mito	1	1	1	1	true	0	108024	0.39705065	311	ok
Blitum_bonus_henricus	mito	1	1	9	12	false	0	302965	0.44618618	6300.6665	ok
Blysmopsis_rufa	mito	1	2	72	94	false	1	2245719	0.40593532	454.4861	ok
Blysmopsis_rufa	mito	2	2	1	1	true	0	201507	0.40547475	364	ok
Borago_officinalis	mito	1	4	3	4	false	0	178771	0.43908855	1173.3334	ok
Borago_officinalis	mito	2	4	1	1	true	0	110483	0.43833894	897	ok
Borago_officinalis	mito	3	4	1	1	true	0	65991	0.44666696	782	ok
Borago_officinalis	mito	4	4	1	1	true	0	74529	0.4506702	889	ok
Brachydontium_trichodes	mito	1	1	1	1	true	0	104389	0.39456263	525	ok
Brachypodium_pinnatum	mito	1	1	12	16	false	0	457403	0.44469237	3733.8333	ok
Brachypodium_sylvaticum	mito	1	1	14	19	false	0	489210	0.44357285	767.3571	ok
Brachythecium_rutabulum	mito	1	1	1	1	true	0	104566	0.40984643	537	ok
Brassica_nigra	mito	1	1	3	4	false	0	227052	0.45466194	404	ok
Brassica_oleracea	mito										missing_gfa
Braunia_imberbis	mito	1	1	1	1	true	0	108463	0.39610744	633	ok
Briza_media	mito	1	1	6	8	false	0	477685	0.4433601	200.16667	ok
Bromus_benekenii	mito	1	1	20	27	false	0	454081	0.44362253	295.9	ok
Bromus_hordeaceus	mito	1	1	14	19	false	0	464581	0.44550416	520.7857	ok
Bromus_interruptus	mito	1	1	14	19	false	0	464581	0.44550586	338.35715	ok
Bromus_secalinus	mito	1	1	3	4	false	0	401813	0.4647546	985.3333	ok
Bromus_sterilis	mito	1	1	17	23	false	0	487981	0.45006895	941.2353	ok
Bryoerythrophyllum_caledonicum	mito	1	1	1	1	true	0	106954	0.39578697	874	ok
Bryoerythrophyllum_ferruginascens	mito	1	1	1	1	true	0	107442	0.39411032	1449	ok
Bryonia_dioica	mito	1	2	1	1	true	0	232281	0.45726082	1744	ok
Bryonia_dioica	mito	2	2	1	1	true	0	121373	0.44530496	1447	ok
Bryum_calophyllum	mito	1	1	1	1	true	0	99392	0.39331132	3694	ok
Bryum_knowltonii	mito	1	1	6	9	false	0	106983	0.39957705	885.5	ok
Bryum_marratii	mito	1	1	1	1	true	0	101464	0.39285856	3103	ok
Bryum_riparium	mito	1	1	1	1	true	0	102049	0.39191955	3005	ok
Buddleja_davidii	mito	1	1	3	4	false	0	523477	0.45502254	1406	ok
Butomus_umbellatus	mito	1	1	6	8	false	0	438808	0.49547282	394	ok
Buxus_sempervirens	mito	1	6	23	32	true	0	806542	0.44543055	1223.3478	ok
Buxus_sempervirens	mito	2	6	1	1	true	0	27239	0.44891515	1022	ok
Buxus_sempervirens	mito	3	6	1	1	true	0	46709	0.45588645	1073	ok
Buxus_sempervirens	mito	4	6	1	1	true	0	26657	0.4557527	1001	ok
Buxus_sempervirens	mito	5	6	1	1	true	0	18051	0.4408066	962	ok
Buxus_sempervirens	mito	6	6	1	1	true	0	27671	0.45842218	1093	ok
Cakile_maritima	mito	1	2	10	16	false	0	196038	0.43240237	747.7	ok
Cakile_maritima	mito	2	2	6	8	false	0	246866	0.4378778	1095.8334	ok
Calendula_officinalis	mito	1	2	6	8	false	0	187313	0.44203237	4084.6667	ok
Calendula_officinalis	mito	2	2	1	1	true	0	128434	0.45113444	3290	ok
Calliergon_cordifolium	mito	1	1	1	1	true	0	104705	0.40904444	5104	ok
Calliergon_giganteum	mito	1	1	1	1	true	0	105434	0.40916592	186	ok
Calliergonella_cuspidata	mito	1	1	3	4	false	0	107923	0.41482663	508.66666	ok
Callitriche_obtusangula	mito	1	3	15	20	false	0	318250	0.42666012	1432.2	ok
Callitriche_obtusangula	mito	2	3	1	1	true	0	39422	0.4278322	1175	ok
Callitriche_obtusangula	mito	3	3	1	1	true	0	27334	0.42214823	1039	ok
Callitriche_stagnalis	mito	1	1	14	19	false	0	280418	0.42776242	2122.0715	ok
Calluna_vulgaris	mito	1	1	3	4	false	0	431208	0.4495003	2058.6667	ok
Calypogeia_arguta	mito	1	1	1	1	true	0	159675	0.4559574	218	ok
Calypogeia_muelleriana	mito	1	1	1	0	false	0	160946	0.45251203	1147	ok
Calystegia_pulchra	mito	1	1	14	22	false	0	306829	0.4327889	948.9286	ok
Calystegia_sepium	mito	1	1	28	40	false	0	319286	0.42212972	1191.8214	ok
Calystegia_soldanella	mito	1	1	42	57	false	0	297885	0.43951336	3482.8096	ok
Campanula_glomerata	mito	1	2	6	8	false	0	151420	0.42998943	1903.5	ok
Campanula_glomerata	mito	2	2	1	1	true	0	280586	0.44363225	487	ok
Campanula_medium	mito	1	1	9	12	false	0	275291	0.42879903	1692	ok
Campanula_patula	mito	1	1	6	8	false	0	305990	0.43859518	4374.8335	ok
Campanula_rotundifolia	mito	1	1	3	4	false	0	340649	0.43631008	174.33333	ok
Camptothecium_lutescens	mito	1	1	1	1	true	0	104344	0.41035423	162	ok
Campylium_stellatum	mito	1	1	1	1	true	0	104176	0.40990248	3710	ok
Campylopus_flexuosus	mito	1	2	1	1	true	0	39366	0.26360312	203	ok
Campylopus_flexuosus	mito	2	2	1	1	true	0	102103	0.39994907	597	ok
Campylopus_introflexus	mito	1	1	1	1	true	0	101720	0.39805347	773	ok
Capsella_bursa_pastoris	mito	1	1	3	4	false	0	288773	0.44824252	2227	ok
Cardamine_amara	mito	1	1	3	4	false	0	304383	0.45384884	700.6667	ok
Cardamine_bulbifera	mito	1	1	6	8	false	0	290755	0.45163485	932.8333	ok
Cardamine_flexuosa	mito	1	1	8	11	false	0	292844	0.44752067	1731.875	ok
Cardamine_hirsuta	mito	1	1	6	8	false	0	290587	0.44819677	1172.3334	ok
Cardamine_pratensis	mito	1	1	6	8	false	0	295926	0.45051482	4884.5	ok
Cardamine_raphanifolia	mito	1	1	3	4	true	0	279240	0.44828394	1171	ok
Carduus_crispus	mito	1	1	9	12	false	0	325619	0.45371506	3141.7778	ok
Carduus_nutans	mito	1	1	6	8	false	0	322691	0.4491267	2697	ok
Carduus_tenuiflorus	mito	1	1	6	8	false	0	344372	0.44970015	544.5	ok
Carex_acutiformis	mito	1	1	21	28	true	0	1360221	0.40937832	221.33333	ok
Carex_aquatilis	mito	1	1	21	28	false	0	1384390	0.407132	160.80952	ok
Carex_arenaria	mito	1	1	13	19	false	0	1397042	0.4146523	522.2308	ok
Carex_atrata	mito	1	1	6	8	false	0	1310914	0.41327012	368.66666	ok
Carex_bigelowii	mito	1	1	15	20	false	0	1184025	0.40807158	1344.0667	ok
Carex_buxbaumii	mito	1	1	9	12	false	0	1078479	0.42512763	1059	ok
Carex_canescens	mito	1	1	9	12	true	0	1593869	0.41681892	172.22223	ok
Carex_capillaris	mito	1	1	9	12	true	0	1225043	0.4182898	835.8889	ok
Carex_caryophyllea	mito	1	2	17	23	false	0	1100023	0.41375732	624.17645	ok
Carex_caryophyllea	mito	2	2	1	1	true	0	180133	0.4122898	458	ok
Carex_depauperata	mito	1	3	27	36	false	0	1407450	0.41508156	282.22223	ok
Carex_depauperata	mito	2	3	1	1	true	0	166921	0.41282403	185	ok
Carex_depauperata	mito	3	3	1	1	true	0	132164	0.4090978	171	ok
Carex_distans	mito	1	1	12	16	true	0	2015487	0.41188964	400.41666	ok
Carex_disticha	mito	1	1	21	28	false	0	1168451	0.40685117	300.8095	ok
Carex_divulsa	mito	1	2	6	8	true	0	1038050	0.41947746	448.5	ok
Carex_divulsa	mito	2	2	1	1	true	0	335508	0.41232103	377	ok
Carex_echinata	mito	1	1	18	24	false	0	1366741	0.41563568	347.77777	ok
Carex_elata	mito	1	1	15	20	false	0	1327453	0.4134164	556.4	ok
Carex_extensa	mito	1	2	18	24	false	0	1711647	0.41616482	220	ok
Carex_extensa	mito	2	2	1	1	true	0	171771	0.41052914	144	ok
Carex_hirta	mito	1	1	12	16	true	0	1413439	0.41036788	3013.0833	ok
Carex_lachenalii	mito	1	1	6	8	true	0	1603180	0.41622055	344.66666	ok
Carex_laevigata	mito	1	1	6	8	false	0	2738350	0.40886363	1023.6667	ok
Carex_lepidocarpa	mito	1	2	12	16	false	0	1174298	0.41702953	578.75	ok
Carex_lepidocarpa	mito	2	2	1	1	true	0	166105	0.40950602	463	ok
Carex_leporina	mito	1	1	9	12	false	0	1366867	0.42046028	988.3333	ok
Carex_montana	mito	1	1	17	23	false	0	1239416	0.41294506	523.5294	ok
Carex_nigra	mito	1	1	15	20	false	0	1446556	0.41559854	669.26666	ok
Carex_otrubae	mito	1	1	21	26	false	3	1143535	0.4187317	514.7143	ok
Carex_pallescens	mito	1	1	6	8	false	0	1518009	0.4152656	592.3333	ok
Carex_panicea	mito	1	1	15	20	false	0	1239530	0.4215705	613	ok
Carex_paniculata	mito	1	2	20	27	false	0	1925333	0.41328055	766.35	ok
Carex_paniculata	mito	2	2	3	4	false	0	401814	0.46475592	363	ok
Carex_pendula	mito	1	2	18	24	false	0	1374274	0.4111546	386.83334	ok
Carex_pendula	mito	2	2	1	1	true	0	420844	0.4089948	283	ok
Carex_pseudocyperus	mito	1	1	6	8	false	0	1153844	0.42201492	379.66666	ok
Carex_pulicaris	mito	1	1	6	8	true	0	1598797	0.42496872	539.6667	ok
Carex_remota	mito	1	2	15	20	true	0	1413369	0.4239462	355.26666	ok
Carex_remota	mito	2	2	1	1	true	0	94802	0.4199595	258	ok
Carex_riparia	mito	1	1	17	22	false	1	1205403	0.41427106	249.88235	ok
Carex_rostrata	mito	1	1	18	24	true	0	1516362	0.41352656	772.7778	ok
Carex_rupestris	mito	1	2	15	20	true	0	1300299	0.41511104	297	ok
Carex_rupestris	mito	2	2	1	1	true	0	131704	0.41243243	225	ok
Carex_saxatilis	mito	1	1	12	16	false	0	1654818	0.41392955	498.5	ok
Carex_spicata	mito	1	1	9	12	false	0	1329841	0.41629678	330.1111	ok
Carex_strigosa	mito	1	1	15	20	false	0	1547696	0.4165772	271.33334	ok
Carex_sylvatica	mito	1	1	9	12	false	0	1834260	0.41506922	420.22223	ok
Carex_vaginata	mito	1	1	9	12	false	0	1140576	0.4185735	447.8889	ok
Carex_viridula	mito	1	3	9	12	false	0	1014450	0.42353815	480.77777	ok
Carex_viridula	mito	2	3	1	1	true	0	124819	0.41372707	377	ok
Carex_viridula	mito	3	3	1	1	true	0	137611	0.42052597	371	ok
Carlina_vulgaris	mito	1	1	15	20	false	0	308208	0.45481247	442.6	ok
Carpinus_betulus	mito	1	2	3	4	false	0	446500	0.45349714	820.3333	ok
Carpinus_betulus	mito	2	2	1	1	true	0	291193	0.44807053	1251	ok
Carpobrotus_edulis	mito	1	2	24	32	false	0	2195628	0.43860996	1401.375	ok
Carpobrotus_edulis	mito	2	2	3	4	false	0	192653	0.41332182	742.3333	ok
Castanea_sativa	mito	1	1	9	12	true	0	411476	0.45638594	1046.7778	ok
Centaurea_cyanus	mito	1	1	3	4	false	0	303723	0.4605454	1216.3334	ok
Centaurea_nigra	mito	1	1	6	8	false	0	307006	0.45410457	1146.8334	ok
Centaurium_erythraea	mito	1	1	11	15	false	0	345606	0.4410175	3286.3635	ok
Centaurium_intermedium	mito	1	1	12	16	false	0	298665	0.43244478	2337.1667	ok
Centranthus_ruber	mito	1	8	26	35	true	0	631341	0.41759232	1996.3846	ok
Centranthus_ruber	mito	2	8	3	4	false	0	65807	0.42658123	1212.6666	ok
Centranthus_ruber	mito	3	8	1	1	true	0	102663	0.42602494	2170	ok
Centranthus_ruber	mito	4	8	1	1	true	0	40106	0.41871542	1901	ok
Centranthus_ruber	mito	5	8	1	1	true	0	60168	0.42914838	2035	ok
Centranthus_ruber	mito	6	8	1	1	true	0	63288	0.4254045	2052	ok
Centranthus_ruber	mito	7	8	1	1	true	0	51980	0.425202	2027	ok
Centranthus_ruber	mito	8	8	1	1	true	0	76499	0.43363965	2347	ok
Cephalanthera_damasonium	mito	1	19	1	0	false	0	10641	0.44037214	91	ok
Cephalanthera_damasonium	mito	2	19	1	0	false	0	20791	0.44211438	96	ok
Cephalanthera_damasonium	mito	3	19	1	0	false	0	22298	0.47125304	105	ok
Cephalanthera_damasonium	mito	4	19	1	0	false	0	22710	0.4561867	114	ok
Cephalanthera_damasonium	mito	5	19	1	1	true	0	29198	0.4521885	114	ok
Cephalanthera_damasonium	mito	6	19	1	1	true	0	19953	0.47015485	93	ok
Cephalanthera_damasonium	mito	7	19	1	1	true	0	25426	0.47034532	166	ok
Cephalanthera_damasonium	mito	8	19	1	1	true	0	38643	0.46989104	159	ok
Cephalanthera_damasonium	mito	9	19	1	1	true	0	37232	0.4596852	136	ok
Cephalanthera_damasonium	mito	10	19	1	1	true	0	22885	0.48302382	105	ok
Cephalanthera_damasonium	mito	11	19	1	1	true	0	27577	0.43964174	139	ok
Cephalanthera_damasonium	mito	12	19	1	1	true	0	27884	0.45456177	108	ok
Cephalanthera_damasonium	mito	13	19	1	1	true	0	30367	0.45569202	136	ok
Cephalanthera_damasonium	mito	14	19	1	1	true	0	29884	0.44906974	143	ok
Cephalanthera_damasonium	mito	15	19	1	1	true	0	26002	0.461926	129	ok
Cephalanthera_damasonium	mito	16	19	1	1	true	0	28699	0.4530123	139	ok
Cephalanthera_damasonium	mito	17	19	1	1	true	0	26097	0.45074147	110	ok
Cephalanthera_damasonium	mito	18	19	1	1	true	0	26272	0.4496422	126	ok
Cephalanthera_damasonium	mito	19	19	1	1	true	0	25256	0.44531992	128	ok
Cephalanthera_longifolia	mito	1	20	3	4	false	0	30408	0.44930813	214.33333	ok
Cephalanthera_longifolia	mito	2	20	3	4	false	0	57324	0.46439525	436.33334	ok
Cephalanthera_longifolia	mito	3	20	1	1	true	0	30112	0.45785734	273	ok
Cephalanthera_longifolia	mito	4	20	1	1	true	0	25009	0.43012515	304	ok
Cephalanthera_longifolia	mito	5	20	1	1	true	0	23840	0.45910236	239	ok
Cephalanthera_longifolia	mito	6	20	1	1	true	0	23502	0.47753382	272	ok
Cephalanthera_longifolia	mito	7	20	1	1	true	0	35157	0.44929886	315	ok
Cephalanthera_longifolia	mito	8	20	1	1	true	0	30194	0.45459363	249	ok
Cephalanthera_longifolia	mito	9	20	1	1	true	0	24120	0.45310944	303	ok
Cephalanthera_longifolia	mito	10	20	1	1	true	0	22306	0.44916165	314	ok
Cephalanthera_longifolia	mito	11	20	1	1	true	0	28241	0.45285225	338	ok
Cephalanthera_longifolia	mito	12	20	1	1	true	0	23032	0.4649618	283	ok
Cephalanthera_longifolia	mito	13	20	1	1	true	0	43531	0.4646344	536	ok
Cephalanthera_longifolia	mito	14	20	1	1	true	0	30805	0.45073852	321	ok
Cephalanthera_longifolia	mito	15	20	1	1	true	0	23851	0.44979247	236	ok
Cephalanthera_longifolia	mito	16	20	1	1	true	0	27176	0.47207093	297	ok
Cephalanthera_longifolia	mito	17	20	1	1	true	0	29386	0.44231948	277	ok
Cephalanthera_longifolia	mito	18	20	1	1	true	0	28942	0.46047267	297	ok
Cephalanthera_longifolia	mito	19	20	1	1	true	0	22529	0.45705536	268	ok
Cephalanthera_longifolia	mito	20	20	1	1	true	0	29633	0.4585766	327	ok
Cephalozia_bicuspidata	mito	1	1	1	1	true	0	151863	0.45423836	276	ok
Cerastium_arvense	mito										missing_gfa
Cerastium_diffusum	mito	1	1	330	547	false	8	519718	0.4159461	1178	ok
Cerastium_fontanum	mito	1	1	6	8	false	0	276407	0.44566855	1699.3334	ok
Cerastium_glomeratum	mito	1	1	71	107	false	0	143006	0.41699713	1044.4648	ok
Cerastium_semidecandrum	mito	1	3	111	178	false	27	181564	0.4302034	439.6847	ok
Cerastium_semidecandrum	mito	2	3	1	0	false	0	10073	0.4102055	82	ok
Cerastium_semidecandrum	mito	3	3	1	0	false	0	11516	0.4182876	85	ok
Ceratocapnos_claviculata	mito	1	3	3	4	true	0	312203	0.45940337	1106.3334	ok
Ceratocapnos_claviculata	mito	2	3	1	1	true	0	142447	0.4644324	1938	ok
Ceratocapnos_claviculata	mito	3	3	1	1	true	0	98996	0.45220008	1579	ok
Ceratodon_purpureus	mito	1	1	1	1	true	0	107223	0.3996997	796	ok
Ceratophyllum_demersum	mito	1	4	3	4	false	0	277531	0.4614173	2507.3333	ok
Ceratophyllum_demersum	mito	2	4	3	4	false	0	276357	0.503673	732	ok
Ceratophyllum_demersum	mito	3	4	3	4	false	0	206756	0.4899954	725.6667	ok
Ceratophyllum_demersum	mito	4	4	1	1	true	0	103390	0.49602476	446	ok
Chaenorhinum_minus	mito	1	1	9	12	false	0	457420	0.44824967	3239.5557	ok
Chamaemelum_nobile	mito	1	1	3	4	false	0	224527	0.4530281	460.66666	ok
Chamaenerion_angustifolium	mito	1	1	3	4	false	0	486356	0.466259	961	ok
Chelidonium_majus	mito	1	1	24	33	false	0	668083	0.46765497	923.2917	ok
Chenopodium_album	mito	1	1	6	8	false	0	306277	0.43529144	1494.3334	ok
Chionoloma_tenuirostre	mito	1	2	1	0	false	0	87218	0.64400697	131	ok
Chionoloma_tenuirostre	mito	2	2	1	1	true	0	106321	0.391014	524	ok
Chrysosplenium_alternifolium	mito	1	2	8	11	false	0	235592	0.46016407	2571.5	ok
Chrysosplenium_alternifolium	mito	2	2	1	1	true	0	73814	0.45886958	2015	ok
Chrysosplenium_oppositifolium	mito	1	3	18	28	false	0	336359	0.4449743	3370.5	ok
Chrysosplenium_oppositifolium	mito	2	3	1	1	true	0	43447	0.45835155	1930	ok
Chrysosplenium_oppositifolium	mito	3	3	1	1	true	0	44124	0.43969268	1942	ok
Cicerbita_alpina	mito	1	1	6	8	false	0	315636	0.44992578	156.66667	ok
Cicerbita_macrophylla	mito	1	1	8	11	false	0	315945	0.45383883	207.125	ok
Cicerbita_muralis	mito	1	5	1	0	false	0	63582	0.4584002	127	ok
Cicerbita_muralis	mito	2	5	1	0	false	0	40293	0.44853944	109	ok
Cicerbita_muralis	mito	3	5	1	0	false	0	17824	0.4578658	88	ok
Cicerbita_muralis	mito	4	5	1	0	false	0	49915	0.44802165	113	ok
Cicerbita_muralis	mito	5	5	1	0	false	0	56394	0.45572224	112	ok
Cichorium_intybus	mito										missing_gfa
Cicuta_virosa	mito	1	2	24	30	false	5	371941	0.4319334	1597.5	ok
Cicuta_virosa	mito	2	2	1	0	false	0	19025	0.4623916	1564	ok
Circaea_lutetiana	mito	1	2	3	4	false	0	223617	0.45791426	1073	ok
Circaea_lutetiana	mito	2	2	1	1	true	0	206681	0.46184215	891	ok
Cirsium_acaule	mito	1	1	42	59	false	0	348572	0.44468176	2322.9524	ok
Cirsium_arvense	mito	1	1	73	104	false	3	329238	0.44608244	434.0137	ok
Cirsium_dissectum	mito	1	1	50	69	false	0	337137	0.4472239	4210.08	ok
Cirsium_eriophorum	mito	1	1	12	16	false	1	311775	0.44617283	1723.4166	ok
Cirsium_heterophyllum	mito	1	1	3	4	false	0	295829	0.4567697	524.6667	ok
Cirsium_vulgare	mito	1	1	13	19	false	0	321831	0.44099727	505.46155	ok
Claytonia_perfoliata	mito	1	1	3	4	false	0	340359	0.44204628	1331	ok
Claytonia_sibirica	mito	1	1	6	8	false	0	362739	0.4378072	946.8333	ok
Clematis_vitalba	mito	1	1	9	12	false	0	729178	0.47239602	304.22223	ok
Clematis_viticella	mito	1	10	1	0	false	0	16544	0.47987187	87	ok
Clematis_viticella	mito	2	10	1	0	false	0	31325	0.46665603	93	ok
Clematis_viticella	mito	3	10	1	0	false	0	33723	0.4767666	159	ok
Clematis_viticella	mito	4	10	1	0	false	0	21100	0.45895734	85	ok
Clematis_viticella	mito	5	10	1	0	false	0	12098	0.45329806	85	ok
Clematis_viticella	mito	6	10	1	0	false	0	12125	0.45632988	87	ok
Clematis_viticella	mito	7	10	1	0	false	0	15730	0.46783218	101	ok
Clematis_viticella	mito	8	10	1	0	false	0	45209	0.4625185	87	ok
Clematis_viticella	mito	9	10	1	0	false	0	29942	0.47384945	94	ok
Clematis_viticella	mito	10	10	1	0	false	0	10710	0.49028945	88	ok
Climacium_dendroides	mito	1	1	3	4	false	0	107465	0.43859026	681.3333	ok
Clinopodium_vulgare	mito	1	1	6	8	false	0	197277	0.44784436	1839	ok
Cochlearia_officinalis	mito	1	2	12	16	false	0	360354	0.44000712	860.3333	ok
Cochlearia_officinalis	mito	2	2	1	1	true	0	51453	0.45464793	530	ok
Codriophorus_aciculare	mito	1	1	1	1	true	0	106879	0.3975898	539	ok
Coincya_wrightii	mito	1	2	6	8	false	0	158715	0.43568203	1991.1666	ok
Coincya_wrightii	mito	2	2	1	1	true	0	96248	0.45116782	2509	ok
Colchicum_autumnale	mito	1	1	11	15	true	0	593970	0.45355758	211.36363	ok
Colura_calyptrifolia	mito	1	1	1	1	true	0	133575	0.43275315	228	ok
Comarum_palustre	mito	1	1	14	19	false	0	359018	0.44053227	1105.2142	ok
Conium_maculatum	mito	1	1	3	4	false	0	575110	0.43523368	2450.6667	ok
Conocephalum_conicum	mito	1	1	1	1	true	0	187418	0.4250499	2268	ok
Conopodium_majus	mito	1	2	13	18	false	0	287529	0.43292093	1827.4615	ok
Conopodium_majus	mito	2	2	1	1	true	0	48020	0.4326114	972	ok
Convallaria_majalis	mito										missing_gfa
Convolvulus_arvensis	mito	1	1	25	36	false	0	320870	0.415399	829.6	ok
Cornus_suecica	mito	1	1	3	4	false	0	379645	0.4568185	6516	ok
Corylus_avellana	mito	1	1	3	4	true	0	628462	0.4454069	699	ok
Corylus_colurna	mito	1	1	3	4	true	0	605959	0.45068863	451.66666	ok
Corynephorus_canescens	mito	1	2	9	12	false	0	309282	0.43765727	480.77777	ok
Corynephorus_canescens	mito	2	2	3	4	false	0	175630	0.44490215	462.66666	ok
Cotoneaster_cambricus	mito	1	2	1	1	true	0	243923	0.45250756	1472	ok
Cotoneaster_cambricus	mito	2	2	1	1	true	0	180184	0.4523487	1310	ok
Cotoneaster_horizontalis	mito	1	1	10	14	false	0	434516	0.45436102	2643.9	ok
Crassula_aquatica	mito	1	1	1	1	true	0	73047	0.41521212	1331	ok
Crassula_helmsii	mito	1	1	3	4	false	0	87160	0.40616277	4993.6665	ok
Crataegus_laevigata	mito	1	1	15	20	false	0	455503	0.45563874	1516.5333	ok
Crataegus_monogyna	mito	1	1	18	24	false	0	458579	0.455609	2747.1667	ok
Cratoneuron_filicinum	mito	1	1	1	1	true	0	103934	0.40856698	395	ok
Crepis_paludosa	mito	1	1	3	4	false	0	247500	0.45733675	289	ok
Crithmum_maritimum	mito	1	1	6	8	false	0	243722	0.44774115	1275	ok
Crocosmia_x_crocosmiiflora	mito	1	1	18	24	true	0	388605	0.47383943	1024.5555	ok
Crocus_tommasinianus	mito	1	2	22	32	false	0	432931	0.46826962	1616.1364	ok
Crocus_tommasinianus	mito	2	2	2	2	false	1	43401	0.43995583	1816	ok
Cruciata_laevipes	mito	1	2	1	1	true	0	124987	0.43534127	1165	ok
Cruciata_laevipes	mito	2	2	1	1	true	0	109138	0.4310964	1122	ok
Cryphaea_heteromalla	mito	1	1	3	4	false	0	104939	0.38544306	549	ok
Cryptogramma_crispa	mito	1	1	52	72	false	1	207760	0.48810843	177.3077	ok
Ctenidium_molluscum	mito	1	1	1	0	false	0	103899	0.4093591	148	ok
Cuscuta_epithymum	mito	1	1	27	36	false	0	430279	0.4263107	3432.2964	ok
Cymbalaria_muralis	mito	1	1	16	22	false	0	561063	0.43176943	1938.6875	ok
Cynodontium_bruntonii	mito	1	1	1	1	true	0	107354	0.40125194	1083	ok
Cynoglossum_officinale	mito	1	1	7	8	false	2	11401	0.44286552	175.57143	ok
Cynosurus_cristatus	mito	1	1	9	12	false	0	540710	0.444817	283.44446	ok
Cyperus_fuscus	mito	1	1	9	12	false	0	896795	0.41461417	4319.222	ok
Cystopteris_fragilis	mito	1	1	33	48	false	0	189986	0.48029488	1800.5758	ok
Cystopteris_montana	mito	1	1	40	59	false	0	196865	0.4788496	1752.75	ok
Cytisus_scoparius	mito	1	1	5	7	false	0	450465	0.45298204	2334.8	ok
Daboecia_cantabrica	mito	1	1	3	4	false	0	479213	0.46056223	1032	ok
Dactylis_glomerata	mito	1	1	9	12	false	0	577165	0.4461654	619.2222	ok
Dactylorhiza_fuchsii	mito	1	14	1	1	true	0	48375	0.4543876	2138	ok
Dactylorhiza_fuchsii	mito	2	14	1	1	true	0	29634	0.46264425	1189	ok
Dactylorhiza_fuchsii	mito	3	14	1	1	true	0	58902	0.4472344	2599	ok
Dactylorhiza_fuchsii	mito	4	14	1	1	true	0	38723	0.45853886	1645	ok
Dactylorhiza_fuchsii	mito	5	14	1	1	true	0	38040	0.46827024	1535	ok
Dactylorhiza_fuchsii	mito	6	14	1	1	true	0	31730	0.46665615	1181	ok
Dactylorhiza_fuchsii	mito	7	14	1	1	true	0	33183	0.45945212	1447	ok
Dactylorhiza_fuchsii	mito	8	14	1	1	true	0	33116	0.4573318	1499	ok
Dactylorhiza_fuchsii	mito	9	14	1	1	true	0	63056	0.4608126	2214	ok
Dactylorhiza_fuchsii	mito	10	14	1	1	true	0	34868	0.46813697	1456	ok
Dactylorhiza_fuchsii	mito	11	14	1	1	true	0	79983	0.45117086	2986	ok
Dactylorhiza_fuchsii	mito	12	14	1	1	true	0	35161	0.4549643	1472	ok
Dactylorhiza_fuchsii	mito	13	14	1	1	true	0	34920	0.4473654	1771	ok
Dactylorhiza_fuchsii	mito	14	14	1	1	true	0	31192	0.44982687	1263	ok
Dactylorhiza_incarnata	mito	1	4	1	0	false	0	13248	0.44580314	94	ok
Dactylorhiza_incarnata	mito	2	4	1	0	false	0	47989	0.44708163	94	ok
Dactylorhiza_incarnata	mito	3	4	1	0	false	0	53225	0.44208547	118	ok
Dactylorhiza_incarnata	mito	4	4	1	0	false	0	21064	0.45413977	158	ok
Dactylorhiza_purpurella	mito	1	10	9	12	true	0	309685	0.4547735	965.7778	ok
Dactylorhiza_purpurella	mito	2	10	3	4	true	0	99889	0.45850483	422.66666	ok
Dactylorhiza_purpurella	mito	3	10	1	1	true	0	33748	0.4579827	591	ok
Dactylorhiza_purpurella	mito	4	10	1	1	true	0	62711	0.45578927	884	ok
Dactylorhiza_purpurella	mito	5	10	1	1	true	0	40577	0.46612614	712	ok
Dactylorhiza_purpurella	mito	6	10	1	1	true	0	46551	0.4565745	634	ok
Dactylorhiza_purpurella	mito	7	10	1	1	true	0	70560	0.4696145	904	ok
Dactylorhiza_purpurella	mito	8	10	1	1	true	0	68519	0.4482698	1067	ok
Dactylorhiza_purpurella	mito	9	10	1	1	true	0	54192	0.45984647	713	ok
Dactylorhiza_purpurella	mito	10	10	1	1	true	0	43300	0.46420324	702	ok
Dactylorhiza_viridis	mito	1	6	3	4	false	0	86032	0.45036936	141.66667	ok
Dactylorhiza_viridis	mito	2	6	1	0	false	0	33442	0.45619282	98	ok
Dactylorhiza_viridis	mito	3	6	1	0	false	0	29393	0.4474875	102	ok
Dactylorhiza_viridis	mito	4	6	1	0	false	0	71226	0.44833347	147	ok
Dactylorhiza_viridis	mito	5	6	1	1	true	0	58902	0.44728532	168	ok
Dactylorhiza_viridis	mito	6	6	1	1	true	0	63051	0.46076986	130	ok
Damasonium_alisma	mito	1	4	1	0	false	0	28109	0.45917678	97	ok
Damasonium_alisma	mito	2	4	1	1	true	0	50716	0.47537267	101	ok
Damasonium_alisma	mito	3	4	1	1	true	0	79027	0.4968808	170	ok
Damasonium_alisma	mito	4	4	1	1	true	0	52725	0.47630155	114	ok
Danthonia_decumbens	mito	1	1	6	8	false	0	391620	0.43746638	890.1667	ok
Daphne_laureola	mito	1	4	9	12	true	0	278001	0.4439448	1148.3334	ok
Daphne_laureola	mito	2	4	3	4	false	0	41086	0.44836268	555	ok
Daphne_laureola	mito	3	4	1	1	true	0	23148	0.43701398	713	ok
Daphne_laureola	mito	4	4	1	1	true	0	49741	0.44991055	871	ok
Daphne_mezereum	mito	1	2	17	23	false	0	487981	0.4500689	440.70587	ok
Daphne_mezereum	mito	2	2	3	4	false	0	406055	0.44719687	1332.3334	ok
Dasiphora_fruticosa	mito	1	1	1	1	true	0	288501	0.45092043	1093	ok
Datura_stramonium	mito	1	1	25	35	false	0	349377	0.44148496	3617.6	ok
Daucus_carota	mito	1	1	13	18	false	0	265361	0.4452605	891.0769	ok
Deschampsia_cespitosa	mito	1	1	20	29	false	0	565126	0.44218802	434.85	ok
Descurainia_sophia	mito	1	1	1	1	true	0	266404	0.44769597	850	ok
Dianthus_deltoides	mito	1	1	26	37	true	0	495344	0.4226951	1082.1154	ok
Diapensia_lapponica	mito	1	1	32	43	true	0	1439112	0.4548302	1013.96875	ok
Dichodontium_palustre	mito	1	1	3	4	false	0	108322	0.41581026	921	ok
Dicranodontium_denudatum	mito	1	1	1	1	true	0	102799	0.40084046	737	ok
Dicranoweisia_cirrata	mito	1	1	1	1	true	0	105879	0.39794484	946	ok
Dicranum_bonjeanii	mito	1	1	1	1	true	0	105810	0.40424347	1603	ok
Dicranum_flexicaule	mito	1	1	1	1	true	0	106573	0.4046616	2093	ok
Dicranum_fuscescens	mito	1	3	115	150	false	20	519082	0.39868292	407.7913	ok
Dicranum_fuscescens	mito	2	3	1	0	false	0	25591	0.41467702	100	ok
Dicranum_fuscescens	mito	3	3	1	1	true	0	42462	0.26765108	227	ok
Dicranum_majus	mito	1	1	3	4	false	0	107460	0.3887638	514.6667	ok
Dicranum_scoparium	mito	1	1	1	1	true	0	107041	0.40462065	658	ok
Dicranum_scottianum	mito	1	2	1	1	true	0	106065	0.4050252	743	ok
Dicranum_scottianum	mito	2	2	1	1	true	0	32774	0.26560688	291	ok
Dicranum_tauricum	mito	1	1	1	1	true	0	105690	0.40369004	780	ok
Didymodon_insulanus	mito	1	1	1	1	true	0	105642	0.3918896	731	ok
Didymodon_rigidulus	mito	1	1	1	1	true	0	107595	0.39533436	957	ok
Digitalis_purpurea	mito	1	1	3	4	false	0	363496	0.4555088	1973	ok
Digitaria_sanguinalis	mito	1	1	25	34	false	0	374806	0.43597484	1187.64	ok
Dilutineuron_fasciculare	mito	1	1	3	4	false	0	110006	0.3812066	587	ok
Dioscorea_communis	mito	1	2	6	8	false	0	407586	0.45887128	791.1667	ok
Dioscorea_communis	mito	2	2	1	1	true	0	160157	0.4532053	588	ok
Diphasiastrum_alpinum	mito	1	2	1	0	false	0	387961	0.44777697	71	ok
Diphasiastrum_alpinum	mito	2	2	1	0	false	0	22581	0.42544618	67	ok
Dipsacus_fullonum	mito	1	4	3	4	false	0	305946	0.4572854	732.6667	ok
Dipsacus_fullonum	mito	2	4	1	1	true	0	97483	0.45859277	656	ok
Dipsacus_fullonum	mito	3	4	1	1	true	0	89961	0.4578873	607	ok
Dipsacus_fullonum	mito	4	4	1	1	true	0	59311	0.4456846	635	ok
Disphyma_crassifolium	mito	1	1	23	31	false	0	1786658	0.43371496	2368.261	ok
Distichium_capillaceum	mito	1	1	3	4	false	0	109349	0.37772965	427.66666	ok
Ditrichum_cornubicum	mito	1	1	1	1	true	0	107328	0.40031493	2022	ok
Doronicum_pardalianches	mito	1	3	1	1	true	0	218034	0.44948953	1122	ok
Doronicum_pardalianches	mito	2	3	1	1	true	0	57234	0.44361743	831	ok
Doronicum_pardalianches	mito	3	3	1	1	true	0	74395	0.4420996	1050	ok
Douinia_ovata	mito	1	1	3	4	false	0	146013	0.43109235	397	ok
Draba_incana	mito	1	1	1	1	true	0	284340	0.45163536	2526	ok
Draba_verna	mito	1	1	11	16	false	0	281090	0.4477911	3088.818	ok
Dracunculus_vulgaris	mito	1	6	6	8	false	0	169809	0.4637905	624.5	ok
Dracunculus_vulgaris	mito	2	6	3	4	false	0	158495	0.453867	631	ok
Dracunculus_vulgaris	mito	3	6	1	1	true	0	38959	0.45858467	339	ok
Dracunculus_vulgaris	mito	4	6	1	1	true	0	125262	0.4702703	530	ok
Dracunculus_vulgaris	mito	5	6	1	1	true	0	48061	0.44793075	395	ok
Dracunculus_vulgaris	mito	6	6	1	1	true	0	179933	0.46212202	693	ok
Drosera_anglica	mito	1	2	3	4	false	0	247852	0.4370257	991.3333	ok
Drosera_anglica	mito	2	2	1	1	true	0	245735	0.44199646	898	ok
Drosera_rotundifolia	mito	1	1	3	4	false	0	494166	0.44759047	1407.3334	ok
Dryas_octopetala	mito	1	1	6	8	false	0	352388	0.4676877	2503.5	ok
Dryopteris_borreri	mito	1	1	35	49	false	0	188835	0.48477027	1420.1428	ok
Dryopteris_dilatata	mito	1	1	44	63	false	0	209527	0.48252782	1963.9546	ok
Dryopteris_filix_mas	mito	1	1	36	50	false	0	189438	0.4841643	1083.1111	ok
Echium_vulgare	mito	1	1	7	12	true	0	332685	0.42411178	4922.143	ok
Eleocharis_parvula	mito	1	1	15	20	false	0	1266152	0.44380113	254.53334	ok
Eleocharis_quinqueflora	mito	1	1	14	19	false	0	1967042	0.4186835	426.14285	ok
Elodea_nuttallii	mito	1	1	1	1	true	0	287656	0.49365562	1182	ok
Empetrum_nigrum	mito	1	2	1	1	true	0	392500	0.46153376	1356	ok
Empetrum_nigrum	mito	2	2	1	1	true	0	170407	0.46315	1320	ok
Encalypta_ciliata	mito	1	1	1	1	true	0	109007	0.40122193	524	ok
Entodon_concinnus	mito	1	1	1	1	true	0	106608	0.41060707	253	ok
Epilobium_alsinifolium	mito	1	1	3	4	false	0	423105	0.45945263	1416.6666	ok
Epilobium_anagallidifolium	mito	1	1	3	4	false	0	423843	0.45951414	1147	ok
Epilobium_brunnescens	mito	1	1	3	4	false	0	422773	0.45563588	1484.3334	ok
Epilobium_ciliatum	mito	1	1	3	4	false	0	422120	0.45526457	1310	ok
Epilobium_hirsutum	mito	1	1	3	4	true	0	430790	0.46146515	1813.3334	ok
Epilobium_palustre	mito	1	1	3	4	false	0	424279	0.45947108	1150	ok
Epilobium_parviflorum	mito	1	1	3	4	false	0	433969	0.4583628	223.66667	ok
Epipactis_purpurata	mito	1	17	3	4	true	0	52292	0.4553709	763.3333	ok
Epipactis_purpurata	mito	2	17	4	6	false	0	32197	0.48656148	451	ok
Epipactis_purpurata	mito	3	17	1	1	true	0	24065	0.46386868	914	ok
Epipactis_purpurata	mito	4	17	1	1	true	0	21829	0.46085483	937	ok
Epipactis_purpurata	mito	5	17	1	1	true	0	26483	0.45814297	1014	ok
Epipactis_purpurata	mito	6	17	1	1	true	0	18247	0.4721324	757	ok
Epipactis_purpurata	mito	7	17	1	1	true	0	17556	0.46724766	721	ok
Epipactis_purpurata	mito	8	17	1	1	true	0	17982	0.467245	781	ok
Epipactis_purpurata	mito	9	17	1	1	true	0	18189	0.44669855	765	ok
Epipactis_purpurata	mito	10	17	1	1	true	0	26129	0.47579318	1109	ok
Epipactis_purpurata	mito	11	17	1	1	true	0	28106	0.4520743	1133	ok
Epipactis_purpurata	mito	12	17	1	1	true	0	22930	0.4559965	919	ok
Epipactis_purpurata	mito	13	17	1	1	true	0	23901	0.45069245	959	ok
Epipactis_purpurata	mito	14	17	1	1	true	0	19141	0.4531111	855	ok
Epipactis_purpurata	mito	15	17	1	1	true	0	25330	0.46178445	1079	ok
Epipactis_purpurata	mito	16	17	1	1	true	0	19815	0.45768356	799	ok
Epipactis_purpurata	mito	17	17	1	1	true	0	20064	0.44876397	798	ok
Equisetum_arvense	mito	1	1	15	20	false	0	231436	0.5088442	500.53333	ok
Equisetum_fluviatile	mito	1	1	18	24	false	0	231184	0.5048115	322.72223	ok
Equisetum_hyemale	mito										missing_gfa
Equisetum_palustre	mito	1	1	9	12	false	0	224413	0.51690316	343.33334	ok
Equisetum_pratense	mito	1	1	20	27	false	0	235062	0.50610894	772.85	ok
Equisetum_sylvaticum	mito	1	1	11	15	false	0	229781	0.516231	330.27274	ok
Equisetum_telmateia	mito	1	1	25	34	false	0	238735	0.50064707	1212.12	ok
Equisetum_variegatum	mito										missing_gfa
Eranthis_hyemalis	mito	1	1	24	34	false	0	765498	0.4578731	775.7917	ok
Erica_ciliaris	mito	1	1	6	8	false	0	623378	0.45622063	2206.3333	ok
Erica_cinerea	mito	1	1	3	4	true	0	655166	0.4527904	455.33334	ok
Erica_mackaiana	mito	1	1	7	11	false	0	617594	0.45270017	646.2857	ok
Erica_tetralix	mito	1	1	4	7	false	0	615661	0.45238426	328	ok
Erigeron_borealis	mito	1	1	6	8	true	0	256338	0.44930193	502.83334	ok
Erinus_alpinus	mito	1	16	3	4	false	0	33849	0.46047327	153.66667	ok
Erinus_alpinus	mito	2	16	3	4	false	0	56053	0.45252514	345	ok
Erinus_alpinus	mito	3	16	1	0	false	0	20284	0.45523566	99	ok
Erinus_alpinus	mito	4	16	1	0	false	0	31687	0.46252406	93	ok
Erinus_alpinus	mito	5	16	1	0	false	0	21756	0.4439695	87	ok
Erinus_alpinus	mito	6	16	1	0	false	0	33861	0.44375536	101	ok
Erinus_alpinus	mito	7	16	1	0	false	0	23827	0.45226005	107	ok
Erinus_alpinus	mito	8	16	1	1	true	0	28092	0.44888225	126	ok
Erinus_alpinus	mito	9	16	1	1	true	0	27619	0.45588183	137	ok
Erinus_alpinus	mito	10	16	1	1	true	0	20373	0.47823098	215	ok
Erinus_alpinus	mito	11	16	1	1	true	0	22754	0.4586886	173	ok
Erinus_alpinus	mito	12	16	1	1	true	0	28815	0.45538783	106	ok
Erinus_alpinus	mito	13	16	1	1	true	0	28006	0.444619	109	ok
Erinus_alpinus	mito	14	16	1	1	true	0	25962	0.4565904	113	ok
Erinus_alpinus	mito	15	16	1	1	true	0	18715	0.44664708	113	ok
Erinus_alpinus	mito	16	16	1	1	true	0	21569	0.45792574	121	ok
Eriocaulon_aquaticum	mito	1	1	17	24	true	0	241591	0.45894468	1207.5294	ok
Eriophorum_angustifolium	mito	1	1	18	24	false	0	2839378	0.421258	461.77777	ok
Eriophorum_latifolium	mito	1	1	93	126	false	0	2808345	0.41459364	541	ok
Eriophorum_vaginatum	mito	1	1	15	20	false	0	1787323	0.4206929	252.2	ok
Erodium_cicutarium	mito	1	7	1	1	true	0	12043	0.43693432	196	ok
Erodium_cicutarium	mito	2	7	1	1	true	0	25548	0.43482855	328	ok
Erodium_cicutarium	mito	3	7	1	1	true	0	47199	0.42390728	432	ok
Erodium_cicutarium	mito	4	7	1	1	true	0	29661	0.41775396	469	ok
Erodium_cicutarium	mito	5	7	1	1	true	0	34007	0.4248537	485	ok
Erodium_cicutarium	mito	6	7	1	1	true	0	18454	0.44895416	358	ok
Erodium_cicutarium	mito	7	7	1	1	true	0	22626	0.42676568	446	ok
Erodium_maritimum	mito	1	3	9	12	false	0	203359	0.42293036	1129.3334	ok
Erodium_maritimum	mito	2	3	1	1	true	0	43167	0.41749483	874	ok
Erodium_maritimum	mito	3	3	1	1	true	0	57315	0.42027393	915	ok
Erodium_moschatum	mito	1	6	1	1	true	0	72752	0.4379261	1955	ok
Erodium_moschatum	mito	2	6	1	1	true	0	43253	0.42355445	2032	ok
Erodium_moschatum	mito	3	6	1	1	true	0	55968	0.42411736	2666	ok
Erodium_moschatum	mito	4	6	1	1	true	0	30159	0.42531252	1714	ok
Erodium_moschatum	mito	5	6	1	1	true	0	27144	0.4359711	1456	ok
Erodium_moschatum	mito	6	6	1	1	true	0	29935	0.41997662	1613	ok
Eryngium_campestre	mito	1	1	6	8	false	0	239935	0.45008647	605.8333	ok
Eryngium_maritimum	mito	1	1	3	4	false	0	238514	0.4533234	730	ok
Erythranthe_lutea	mito	1	2	3	4	false	0	427938	0.46182838	2642.3333	ok
Erythranthe_lutea	mito	2	2	1	1	true	0	84504	0.45475954	2021	ok
Euonymus_europaeus	mito	1	2	15	20	false	0	1118174	0.45060158	1574.8667	ok
Euonymus_europaeus	mito	2	2	1	1	true	0	326784	0.45076564	1365	ok
Eupatorium_cannabinum	mito	1	1	14	21	true	1	266581	0.45196822	384.07144	ok
Euphorbia_amygdaloides	mito	1	2	30	41	false	0	824922	0.44218105	1209.6333	ok
Euphorbia_amygdaloides	mito	2	2	1	1	true	0	33799	0.4473505	723	ok
Euphorbia_exigua	mito	1	2	23	31	false	1	805373	0.44074526	152.47826	ok
Euphorbia_exigua	mito	2	2	1	1	true	0	33799	0.4473505	92	ok
Euphorbia_helioscopia	mito	1	1	9	12	true	0	632568	0.43728864	1788.4445	ok
Euphorbia_lathyris	mito	1	4	15	20	false	0	860372	0.43991545	1613.6	ok
Euphorbia_lathyris	mito	2	4	1	1	true	0	42257	0.4469792	925	ok
Euphorbia_lathyris	mito	3	4	1	1	true	0	86353	0.43578103	1089	ok
Euphorbia_lathyris	mito	4	4	1	1	true	0	32775	0.43691838	901	ok
Euphorbia_maculata	mito	1	2	6	8	false	0	616868	0.44369712	730	ok
Euphorbia_maculata	mito	2	2	1	1	true	0	79705	0.43465278	523	ok
Euphorbia_paralias	mito	1	3	26	36	false	0	753418	0.440179	1449.7307	ok
Euphorbia_paralias	mito	2	3	1	1	true	0	40376	0.4439766	1193	ok
Euphorbia_paralias	mito	3	3	1	1	true	0	39175	0.44400766	1227	ok
Euphorbia_peplus	mito	1	2	23	31	false	2	760766	0.43040276	925.4783	ok
Euphorbia_peplus	mito	2	2	1	1	true	0	49647	0.4390799	959	ok
Euphorbia_portlandica	mito	1	4	22	31	false	0	633927	0.44163072	1571.2273	ok
Euphorbia_portlandica	mito	2	4	93	139	false	1	297842	0.46515712	479.1075	ok
Euphorbia_portlandica	mito	3	4	1	1	true	0	25174	0.44549933	792	ok
Euphorbia_portlandica	mito	4	4	1	1	true	0	39169	0.44412673	1031	ok
Euphrasia_anglica	mito	1	2	1	1	true	0	224039	0.44619465	3181	ok
Euphrasia_anglica	mito	2	2	3	4	false	0	194699	0.45344892	3696.6667	ok
Euphrasia_confusa	mito	1	2	9	12	false	0	320522	0.44879463	1730	ok
Euphrasia_confusa	mito	2	2	1	1	true	0	113254	0.44467303	1315	ok
Euphrasia_foulaensis	mito	1	2	1	0	false	0	10464	0.30313456	48	ok
Euphrasia_foulaensis	mito	2	2	1	0	false	0	10636	0.28271908	48	ok
Euphrasia_nemorosa	mito	1	2	9	12	false	0	320517	0.44879696	2193	ok
Euphrasia_nemorosa	mito	2	2	1	1	true	0	113254	0.44467303	1590	ok
Euphrasia_tetraquetra	mito	1	2	3	4	false	0	162010	0.45126578	1460.6666	ok
Euphrasia_tetraquetra	mito	2	2	1	1	true	0	233892	0.44791186	1411	ok
Eurhynchium_striatum	mito	1	1	1	1	true	0	104743	0.40952617	136	ok
Exsertotheca_crispa	mito	1	1	1	1	true	0	105973	0.41130286	1636	ok
Fagus_sylvatica	mito	1	1	5	7	false	0	508244	0.47617322	827.2	ok
Fallopia_baldschuanica	mito	1	1	19	28	false	0	360787	0.44915384	1211.2632	ok
Fallopia_convolvulus	mito	1	1	8	12	false	0	359074	0.4458151	1587.25	ok
Fallopia_sachalinensis	mito	1	2	8	11	false	0	353143	0.4428248	1008.5	ok
Fallopia_sachalinensis	mito	2	2	6	8	false	0	301684	0.44900084	186.16667	ok
Festuca_arundinacea	mito	1	2	3	4	true	0	303461	0.44204202	170.66667	ok
Festuca_arundinacea	mito	2	2	1	1	true	0	116026	0.440996	187	ok
Festuca_gigantea	mito	1	1	9	12	false	0	510071	0.44008994	739.3333	ok
Festuca_heterophylla	mito	1	1	8	11	false	0	427174	0.45763898	395.25	ok
Festuca_rubra	mito	1	1	16	22	false	0	402865	0.4501502	344.875	ok
Festuca_vivipara	mito	1	1	11	15	false	0	429070	0.4513131	215.45454	ok
Ficaria_verna	mito	1	1	22	33	true	0	819239	0.4555069	323.5909	ok
Ficus_carica	mito	1	2	1	1	true	0	250763	0.4543214	1213	ok
Ficus_carica	mito	2	2	1	1	true	0	231447	0.45474342	1192	ok
Filago_lutescens	mito	1	1	8	11	false	0	234771	0.4631034	1848.625	ok
Filago_pyramidata	mito	1	1	1	1	true	0	224565	0.45439404	1245	ok
Filipendula_ulmaria	mito	1	1	11	16	false	0	868182	0.42719394	378.0909	ok
Filipendula_vulgaris	mito	1	6	8	11	true	0	162769	0.44132602	305.125	ok
Filipendula_vulgaris	mito	2	6	3	4	false	0	575110	0.43523368	1002	ok
Filipendula_vulgaris	mito	3	6	1	1	true	0	28885	0.44739485	290	ok
Filipendula_vulgaris	mito	4	6	1	1	true	0	29239	0.4627039	422	ok
Filipendula_vulgaris	mito	5	6	1	1	true	0	32948	0.45987618	216	ok
Filipendula_vulgaris	mito	6	6	1	1	true	0	13771	0.44826084	222	ok
Fissidens_adianthoides	mito	1	1	1	1	true	0	104654	0.40153268	1464	ok
Fissidens_bryoides	mito	1	1	3	4	false	0	106581	0.359455	697	ok
Fissidens_dubius	mito	1	1	1	1	true	0	105888	0.40162247	1201	ok
Fissidens_pusillus	mito	1	1	1	1	true	0	103399	0.39793423	1721	ok
Fissidens_taxifolius	mito	1	1	1	1	true	0	105236	0.403113	748	ok
Flexitrichum_flexicaule	mito	1	1	1	1	true	0	108837	0.4055698	1082	ok
Flexitrichum_gracile	mito	1	1	1	1	true	0	108851	0.40499398	739	ok
Fontinalis_squamosa	mito	1	1	1	1	true	0	105437	0.41539496	457	ok
Fragaria_moschata	mito	1	1	3	4	false	0	349547	0.44891796	5173.6665	ok
Fragaria_vesca	mito	1	1	9	12	false	0	343999	0.44707114	2196.3333	ok
Frangula_alnus	mito	1	1	6	8	false	0	481712	0.45008686	2164.3333	ok
Frankenia_laevis	mito	1	1	3	4	true	0	264363	0.44604838	2153.3333	ok
Fraxinus_excelsior	mito	1	1	13	18	false	0	686256	0.44558126	390.07693	ok
Fritillaria_meleagris	mito	1	1	3	4	false	0	317636	0.4471617	4353.6665	ok
Fuchsia_magellanica	mito	1	1	4	6	false	0	399091	0.46018058	2478.5	ok
Fumaria_bastardii	mito	1	3	2	2	false	1	446606	0.46630225	489	ok
Fumaria_bastardii	mito	2	3	1	1	true	0	287502	0.46322113	519	ok
Fumaria_bastardii	mito	3	3	1	1	true	0	194739	0.47224748	407	ok
Fumaria_densiflora	mito	1	2	12	18	false	0	317631	0.44194877	1950.5834	ok
Fumaria_densiflora	mito	2	2	1	1	true	0	445663	0.46703225	1532	ok
Fumaria_muralis	mito	1	1	9	10	false	2	486658	0.47053093	2616.7778	ok
Fumaria_occidentalis	mito	1	5	1	0	false	0	57745	0.4721794	55	ok
Fumaria_occidentalis	mito	2	5	1	0	false	0	42975	0.4831181	54	ok
Fumaria_occidentalis	mito	3	5	1	0	false	0	18067	0.47240826	54	ok
Fumaria_occidentalis	mito	4	5	1	0	false	0	57771	0.46445447	60	ok
Fumaria_occidentalis	mito	5	5	1	1	true	0	288852	0.46342072	68	ok
Fumaria_purpurea	mito	1	1	1	1	true	0	487126	0.46713376	878	ok
Funaria_hygrometrica	mito	1	1	1	1	true	0	109809	0.40371007	719	ok
Galanthus_nivalis	mito	1	1	3	4	true	0	337074	0.45837274	157.66667	ok
Galatella_linosyris	mito	1	2	3	4	false	0	192857	0.44701305	477	ok
Galatella_linosyris	mito	2	2	1	1	true	0	61545	0.4477699	236	ok
Galega_officinalis	mito	1	2	6	8	false	0	187841	0.44964638	1278.1666	ok
Galega_officinalis	mito	2	2	1	1	true	0	161331	0.4521016	1174	ok
Galeopsis_tetrahit	mito	1	10	3	4	false	0	71944	0.45471272	474.66666	ok
Galeopsis_tetrahit	mito	2	10	1	1	true	0	69725	0.4538831	451	ok
Galeopsis_tetrahit	mito	3	10	1	1	true	0	39513	0.45445803	382	ok
Galeopsis_tetrahit	mito	4	10	1	1	true	0	40307	0.4477138	429	ok
Galeopsis_tetrahit	mito	5	10	1	1	true	0	44886	0.4534153	398	ok
Galeopsis_tetrahit	mito	6	10	1	1	true	0	16652	0.43490273	244	ok
Galeopsis_tetrahit	mito	7	10	1	1	true	0	25924	0.46466595	269	ok
Galeopsis_tetrahit	mito	8	10	1	1	true	0	20566	0.4652339	258	ok
Galeopsis_tetrahit	mito	9	10	1	1	true	0	27838	0.45883325	358	ok
Galeopsis_tetrahit	mito	10	10	1	1	true	0	9478	0.42920446	181	ok
Galium_aparine	mito	1	1	12	16	false	0	217125	0.44658446	2314.4167	ok
Galium_boreale	mito	1	1	1	1	true	0	195729	0.43680805	590	ok
Galium_odoratum	mito	1	1	3	4	false	0	217867	0.419842	1561	ok
Galium_saxatile	mito	1	1	1	1	true	0	201007	0.43557686	966	ok
Galium_uliginosum	mito	1	1	1	1	true	0	189097	0.43823013	778	ok
Galium_verum	mito	1	1	1	1	true	0	188844	0.43846244	712	ok
Geheebia_maxima	mito	1	1	1	1	true	0	108206	0.39278784	1107	ok
Genista_anglica	mito	1	1	3	4	false	0	515415	0.4557586	2659	ok
Genista_pilosa	mito	1	1	6	8	false	0	431482	0.44050848	1580.8334	ok
Genista_tinctoria	mito	1	3	1	1	true	0	142335	0.44740927	548	ok
Genista_tinctoria	mito	2	3	1	1	true	0	128726	0.45169586	540	ok
Genista_tinctoria	mito	3	3	1	1	true	0	142802	0.4470946	578	ok
Gentiana_pneumonanthe	mito	1	1	60	99	false	0	362061	0.42935774	665.05	ok
Gentiana_verna	mito	1	1	11	16	false	0	310111	0.447688	1356.7273	ok
Gentianella_amarella	mito	1	2	344	451	false	132	527931	0.4635154	669.5901	ok
Gentianella_amarella	mito	2	2	10	12	false	6	15072	0.4871173	500.3	ok
Gentianella_campestris	mito	1	3	392	589	false	127	600437	0.45786208	476.4949	ok
Gentianella_campestris	mito	2	3	4	4	false	4	6449	0.4279662	1169	ok
Gentianella_campestris	mito	3	3	4	4	false	4	6447	0.4279405	794.5	ok
Geranium_dissectum	mito	1	6	1	1	true	0	35855	0.41204852	1373	ok
Geranium_dissectum	mito	2	6	1	1	true	0	30602	0.41226062	1204	ok
Geranium_dissectum	mito	3	6	1	1	true	0	84728	0.4188698	1755	ok
Geranium_dissectum	mito	4	6	1	1	true	0	34230	0.41542506	1163	ok
Geranium_dissectum	mito	5	6	1	1	true	0	55373	0.41987973	1480	ok
Geranium_dissectum	mito	6	6	1	1	true	0	60817	0.41731754	1614	ok
Geranium_lucidum	mito	1	4	3	4	false	0	244509	0.4342846	615.3333	ok
Geranium_lucidum	mito	2	4	1	1	true	0	73025	0.42907223	461	ok
Geranium_lucidum	mito	3	4	1	1	true	0	77698	0.4303843	496	ok
Geranium_lucidum	mito	4	4	1	1	true	0	78025	0.42273632	428	ok
Geranium_molle	mito	1	3	9	12	true	0	254805	0.4207922	1832.1111	ok
Geranium_molle	mito	2	3	1	1	true	0	68083	0.40844265	2636	ok
Geranium_molle	mito	3	3	1	1	true	0	72795	0.41200632	2500	ok
Geranium_phaeum	mito	1	1	12	16	false	0	276893	0.41849408	3658.3333	ok
Geranium_pratense	mito	1	3	1	1	true	0	191443	0.4195609	406	ok
Geranium_pratense	mito	2	3	1	1	true	0	52984	0.433244	403	ok
Geranium_pratense	mito	3	3	1	1	true	0	61693	0.4244566	338	ok
Geranium_pyrenaicum	mito	1	1	6	8	true	0	463229	0.43961605	304.66666	ok
Geranium_robertianum	mito	1	2	6	8	true	0	710625	0.41816425	1757.5	ok
Geranium_robertianum	mito	2	2	1	1	true	0	93973	0.42970854	1208	ok
Geranium_rotundifolium	mito	1	1	3	4	false	0	331981	0.41416252	1412	ok
Geranium_sanguineum	mito	1	1	88	120	false	2	1232896	0.43889084	681.88635	ok
Geranium_sylvaticum	mito										missing_gfa
Geum_rivale	mito	1	1	8	11	false	0	324628	0.43732256	1620.75	ok
Geum_urbanum	mito	1	1	8	11	false	0	324628	0.43731356	836.25	ok
Ginkgo_biloba	mito	1	1	6	8	false	0	345058	0.5039843	203.66667	ok
Glaucium_flavum	mito	1	2	23	31	false	0	2714176	0.4662871	669.13043	ok
Glaucium_flavum	mito	2	2	1	1	true	0	329583	0.47230592	505	ok
Glaux_maritima	mito	1	1	6	8	false	0	304000	0.44650948	2612.6667	ok
Glebionis_segetum	mito	1	1	1	1	true	0	214838	0.4542353	361	ok
Glechoma_hederacea	mito	1	1	64	90	false	0	475107	0.44142765	3739.6094	ok
Glyceria_declinata	mito	1	1	9	12	false	0	488506	0.43925583	739.2222	ok
Glyceria_fluitans	mito	1	1	9	12	false	0	483116	0.43847	435.8889	ok
Glyceria_maxima	mito	1	5	1	0	false	0	11064	0.44007593	86	ok
Glyceria_maxima	mito	2	5	1	0	false	0	23231	0.42378718	87	ok
Glyceria_maxima	mito	3	5	1	0	false	0	34549	0.4376393	93	ok
Glyceria_maxima	mito	4	5	1	0	false	0	17434	0.43788	136	ok
Glyceria_maxima	mito	5	5	1	0	false	0	28882	0.43791983	95	ok
Gnaphalium_supinum	mito	1	2	1	1	true	0	84609	0.44747013	1290	ok
Gnaphalium_supinum	mito	2	2	1	1	true	0	166156	0.45232794	1522	ok
Gnaphalium_uliginosum	mito	1	1	1	1	true	0	196229	0.45559525	1158	ok
Grimmia_atrata	mito	1	1	1	1	true	0	107796	0.398679	1344	ok
Grimmia_decipiens	mito	1	1	1	1	true	0	107140	0.3981426	2006	ok
Grimmia_donniana	mito	1	1	3	4	false	0	110121	0.39043784	888.3333	ok
Grimmia_elongata	mito	1	1	1	1	true	0	107390	0.39977652	838	ok
Grimmia_funalis	mito	1	1	1	1	true	0	108348	0.39821684	1193	ok
Grimmia_montana	mito	1	1	1	1	true	0	108108	0.39857364	1218	ok
Grimmia_pulvinata	mito	1	1	1	1	true	0	107888	0.3975048	696	ok
Grimmia_ramondii	mito	1	1	1	1	true	0	107570	0.39939573	1037	ok
Grimmia_trichophylla	mito	1	1	3	4	false	0	108618	0.38957366	552.3333	ok
Groenlandia_densa	mito	1	1	6	8	false	0	222755	0.48122406	1250	ok
Gunnera_tinctoria	mito	1	7	1	0	false	0	40721	0.4452985	60	ok
Gunnera_tinctoria	mito	2	7	1	0	false	0	40990	0.45989266	51	ok
Gunnera_tinctoria	mito	3	7	1	0	false	0	47226	0.4511286	50	ok
Gunnera_tinctoria	mito	4	7	1	0	false	0	10550	0.4370616	45	ok
Gunnera_tinctoria	mito	5	7	1	0	false	0	69576	0.4474819	55	ok
Gunnera_tinctoria	mito	6	7	1	0	false	0	11941	0.44945985	46	ok
Gunnera_tinctoria	mito	7	7	1	0	false	0	37766	0.45641583	57	ok
Gymnadenia_conopsea	mito	1	15	1	1	true	0	43171	0.45910448	325	ok
Gymnadenia_conopsea	mito	2	15	1	1	true	0	26168	0.45360747	213	ok
Gymnadenia_conopsea	mito	3	15	1	1	true	0	34793	0.46058115	247	ok
Gymnadenia_conopsea	mito	4	15	1	1	true	0	33595	0.45090044	226	ok
Gymnadenia_conopsea	mito	5	15	1	1	true	0	29005	0.45688674	190	ok
Gymnadenia_conopsea	mito	6	15	1	1	true	0	53121	0.47036013	368	ok
Gymnadenia_conopsea	mito	7	15	1	1	true	0	31251	0.46078527	208	ok
Gymnadenia_conopsea	mito	8	15	1	1	true	0	39417	0.46847805	273	ok
Gymnadenia_conopsea	mito	9	15	1	1	true	0	31908	0.46753165	210	ok
Gymnadenia_conopsea	mito	10	15	1	1	true	0	36012	0.46937132	277	ok
Gymnadenia_conopsea	mito	11	15	1	1	true	0	31916	0.45431757	245	ok
Gymnadenia_conopsea	mito	12	15	1	1	true	0	26642	0.47991893	175	ok
Gymnadenia_conopsea	mito	13	15	1	1	true	0	36099	0.45192388	279	ok
Gymnadenia_conopsea	mito	14	15	1	1	true	0	42501	0.44441307	222	ok
Gymnadenia_conopsea	mito	15	15	1	1	true	0	26494	0.4649732	141	ok
Gymnocarpium_robertianum	mito	1	1	33	47	false	0	203620	0.47848263	2423.3333	ok
Gymnomitrion_concinnatum	mito	1	2	1	1	true	0	26082	0.2971398	246	ok
Gymnomitrion_concinnatum	mito	2	2	1	1	true	0	163433	0.44724137	300	ok
Gymnomitrion_obtusum	mito	1	5	1	0	false	0	34194	0.4538808	100	ok
Gymnomitrion_obtusum	mito	2	5	1	0	false	0	83642	0.44453743	104	ok
Gymnomitrion_obtusum	mito	3	5	1	0	false	0	17519	0.26987842	94	ok
Gymnomitrion_obtusum	mito	4	5	1	0	false	0	18331	0.46134964	109	ok
Gymnomitrion_obtusum	mito	5	5	1	0	false	0	16382	0.44793066	99	ok
Gymnostomum_aeruginosum	mito	1	1	1	1	true	0	105477	0.39528048	224	ok
Halimione_portulacoides	mito	1	1	9	12	false	0	294082	0.44572046	2403.2222	ok
Harpanthus_flotovianus	mito	1	1	1	1	true	0	154504	0.452053	1246	ok
Hedera_helix	mito	1	1	48	67	false	0	649797	0.4463503	966.4792	ok
Hedera_hibernica	mito	1	2	9	12	true	0	515870	0.45324966	609.2222	ok
Hedera_hibernica	mito	2	2	1	1	true	0	83731	0.4470865	542	ok
Hedwigia_stellata	mito	1	1	1	1	true	0	108027	0.39697483	662	ok
Helianthemum_apenninum	mito	1	1	9	12	false	0	416485	0.44473252	778.55554	ok
Helianthemum_oelandicum	mito	1	1	9	12	false	0	470473	0.44700825	1262	ok
Helictochloa_pratensis	mito	1	1	12	16	false	0	452325	0.44309673	200.08333	ok
Helleborus_foetidus	mito	1	1	18	24	false	0	573307	0.4643505	283.44446	ok
Helleborus_viridis	mito	1	1	15	20	false	0	740563	0.45898554	400.26666	ok
Helminthotheca_echioides	mito	1	1	6	8	false	0	286936	0.453141	311.83334	ok
Helosciadium_nodiflorum	mito	1	1	12	16	false	0	331338	0.4480782	3430.5833	ok
Heracleum_sphondylium	mito	1	1	23	34	false	0	280078	0.4459952	1191.6086	ok
Herbertus_borealis	mito	1	1	1	1	true	0	162790	0.44567847	78	ok
Herbertus_hutchinsiae	mito	1	1	1	1	true	0	162942	0.44585803	608	ok
Herbertus_stramineus	mito	1	1	1	1	true	0	162322	0.44616872	1241	ok
Herniaria_ciliolata	mito	1	1	6	8	false	0	276407	0.44566855	1170.8334	ok
Hesperis_matronalis	mito	1	3	1	0	false	0	108463	0.456174	101	ok
Hesperis_matronalis	mito	2	3	1	0	false	0	12304	0.46050066	87	ok
Hesperis_matronalis	mito	3	3	1	0	false	0	230448	0.4530523	117	ok
Heterocladium_heteropterum	mito	1	1	1	1	true	0	106079	0.41032627	3897	ok
Hibiscus_tridactylites	mito	1	1	9	12	false	0	519880	0.44587436	1583.6666	ok
Hibiscus_trionum	mito	1	1	8	12	false	0	516585	0.44721746	324.875	ok
Hibiscus_verdcourtii	mito	1	2	6	8	false	0	428275	0.45954207	1441.8334	ok
Hibiscus_verdcourtii	mito	2	2	1	1	true	0	106660	0.45190325	962	ok
Hieracium_aggregatifolium	mito	1	1	12	14	false	0	324166	0.4543691	205.16667	ok
Hieracium_attenboroughianum	mito	1	1	12	16	false	0	350399	0.4459107	348.66666	ok
Hieracium_britannicum	mito	1	1	12	16	false	0	350399	0.445909	623.8333	ok
Hieracium_drummondii	mito	1	1	6	8	false	0	321050	0.45276847	174.5	ok
Hieracium_radyrense	mito	1	1	12	16	false	0	350379	0.44590476	218	ok
Hieracium_richianum	mito	1	1	9	12	false	0	364366	0.4466287	128.44444	ok
Hieracium_sabaudum	mito	1	1	8	11	false	0	319816	0.4520924	290.875	ok
Hieracium_scullyi	mito	1	1	6	8	false	0	321052	0.45277104	1048.1666	ok
Hieracium_snowdoniense	mito	1	1	6	8	false	0	342844	0.45212802	366.16666	ok
Hieracium_sp_SM_2023a	mito	1	1	12	16	false	0	349490	0.445333	458.83334	ok
Hierochloe_odorata	mito	1	1	6	8	false	0	512934	0.4492348	518.8333	ok
Hippocrepis_comosa	mito	1	1	6	8	false	0	391711	0.45282242	1712.5	ok
Hippophae_rhamnoides	mito	1	1	6	8	false	0	455103	0.44975504	793.6667	ok
Hippuris_vulgaris	mito	1	3	1	1	true	0	119921	0.4307669	482	ok
Hippuris_vulgaris	mito	2	3	1	1	true	0	179542	0.43092424	590	ok
Hippuris_vulgaris	mito	3	3	1	1	true	0	248513	0.4304	551	ok
Holcus_lanatus	mito	1	1	9	13	false	0	457387	0.45036063	249	ok
Holcus_mollis	mito	1	1	11	15	false	0	471124	0.44419715	811	ok
Homalia_trichomanoides	mito	1	1	1	1	true	0	104781	0.41261297	293	ok
Homalothecium_sericeum	mito	1	3	1	0	false	0	11745	0.41524053	47	ok
Homalothecium_sericeum	mito	2	3	1	0	false	0	24095	0.3986304	48	ok
Homalothecium_sericeum	mito	3	3	1	0	false	0	10445	0.37357587	47	ok
Homogyne_alpina	mito	1	2	12	16	false	0	331836	0.4506544	185.66667	ok
Homogyne_alpina	mito	2	2	1	0	false	0	14307	0.25029707	48	ok
Honckenya_peploides	mito	1	1	11	15	false	0	751764	0.44302025	654.9091	ok
Hookeria_lucens	mito	1	1	1	1	true	0	105000	0.41800952	1491	ok
Hordeum_murinum	mito	1	2	6	8	false	0	376684	0.44717312	472.83334	ok
Hordeum_murinum	mito	2	2	1	1	true	0	43606	0.43881577	281	ok
Hordeum_vulgare	mito	1	1	15	20	false	0	475420	0.44164577	1029.8	ok
Hornungia_petraea	mito	1	1	6	8	false	0	313086	0.44802472	1237.8334	ok
Hottonia_palustris	mito	1	1	4	8	false	0	324417	0.44360527	1706.25	ok
Humulus_lupulus	mito	1	1	1	1	true	0	401295	0.45733938	75	ok
Huperzia_selago	mito	1	1	3	4	false	0	397477	0.44335636	717.6667	ok
Hyacinthoides_non_scripta	mito	1	1	74	103	false	1	422986	0.46066567	250.83784	ok
Hydrocotyle_ranunculoides	mito	1	1	6	8	false	0	436068	0.44293153	588.1667	ok
Hydrocotyle_vulgaris	mito	1	1	10	15	false	0	567568	0.44668835	1719.2	ok
Hygrohypnum_duriusculum	mito	1	1	1	1	true	0	104128	0.41060042	2047	ok
Hylocomiadelphus_triquetrus	mito	1	1	1	1	true	0	104267	0.40974614	1683	ok
Hylocomiastrum_umbratum	mito										missing_gfa
Hyocomium_armoricum	mito	1	1	1	1	true	0	104473	0.40913922	2892	ok
Hypericum_androsaemum	mito	1	4	1	1	true	0	75608	0.43420008	615	ok
Hypericum_androsaemum	mito	2	4	1	1	true	0	103449	0.44140592	697	ok
Hypericum_androsaemum	mito	3	4	1	1	true	0	99282	0.43980783	599	ok
Hypericum_androsaemum	mito	4	4	1	1	true	0	140002	0.4425651	729	ok
Hypericum_hircinum	mito	1	2	3	4	false	0	326075	0.43919313	512.6667	ok
Hypericum_hircinum	mito	2	2	1	1	true	0	144611	0.44011176	396	ok
Hypericum_hirsutum	mito	1	1	3	4	false	0	474752	0.44816327	1347	ok
Hypericum_linariifolium	mito	1	2	1	1	true	0	134437	0.44141865	259	ok
Hypericum_linariifolium	mito	2	2	1	1	true	0	364084	0.43716836	297	ok
Hypericum_maculatum	mito	1	1	1	1	true	0	429587	0.43857706	1479	ok
Hypericum_perforatum	mito	1	1	1	1	true	0	410489	0.43958792	848	ok
Hypericum_pulchrum	mito	1	2	3	4	false	0	218728	0.42999712	1085.3334	ok
Hypericum_pulchrum	mito	2	2	1	1	true	0	276564	0.4421689	882	ok
Hypericum_tetrapterum	mito	1	1	1	1	true	0	479715	0.43872717	565	ok
Hypnum_andoi	mito	1	3	1	0	false	0	40736	0.40963766	89	ok
Hypnum_andoi	mito	2	3	1	0	false	0	12608	0.42639595	85	ok
Hypnum_andoi	mito	3	3	1	0	false	0	11648	0.38341346	99	ok
Hypnum_cupressiforme	mito	1	1	1	1	true	0	104805	0.41077238	456	ok
Hypnum_jutlandicum	mito										missing_gfa
Hypochaeris_maculata	mito	1	1	6	8	true	0	335248	0.4544365	786	ok
Hypochaeris_radicata	mito	1	1	9	12	false	0	321021	0.45075846	271	ok
Ilex_aquifolium	mito	1	1	1	1	true	0	539365	0.4556636	1953	ok
Impatiens_glandulifera	mito	1	16	3	4	false	0	43029	0.45122352	1000.6667	ok
Impatiens_glandulifera	mito	2	16	1	1	true	0	22933	0.45680895	1055	ok
Impatiens_glandulifera	mito	3	16	1	1	true	0	37157	0.43639153	1186	ok
Impatiens_glandulifera	mito	4	16	1	1	true	0	32023	0.45414233	883	ok
Impatiens_glandulifera	mito	5	16	1	1	true	0	27375	0.44273973	939	ok
Impatiens_glandulifera	mito	6	16	1	1	true	0	27162	0.4573301	852	ok
Impatiens_glandulifera	mito	7	16	1	1	true	0	29446	0.44545949	972	ok
Impatiens_glandulifera	mito	8	16	1	1	true	0	25110	0.4367981	779	ok
Impatiens_glandulifera	mito	9	16	1	1	true	0	48807	0.43952712	1195	ok
Impatiens_glandulifera	mito	10	16	1	1	true	0	14045	0.42036313	555	ok
Impatiens_glandulifera	mito	11	16	1	1	true	0	13587	0.4407154	657	ok
Impatiens_glandulifera	mito	12	16	1	1	true	0	29565	0.42455608	1185	ok
Impatiens_glandulifera	mito	13	16	1	1	true	0	30529	0.43869764	925	ok
Impatiens_glandulifera	mito	14	16	1	1	true	0	25989	0.449267	948	ok
Impatiens_glandulifera	mito	15	16	1	1	true	0	40267	0.4434897	1168	ok
Impatiens_glandulifera	mito	16	16	1	1	true	0	19226	0.4282222	744	ok
Impatiens_noli_tangere	mito	1	16	1	1	true	0	28830	0.45452654	743	ok
Impatiens_noli_tangere	mito	2	16	1	1	true	0	18701	0.468745	394	ok
Impatiens_noli_tangere	mito	3	16	1	1	true	0	25113	0.43252498	580	ok
Impatiens_noli_tangere	mito	4	16	1	1	true	0	21105	0.43733713	605	ok
Impatiens_noli_tangere	mito	5	16	1	1	true	0	11929	0.37865704	330	ok
Impatiens_noli_tangere	mito	6	16	1	1	true	0	51972	0.43575388	1172	ok
Impatiens_noli_tangere	mito	7	16	1	1	true	0	26966	0.44786027	851	ok
Impatiens_noli_tangere	mito	8	16	1	1	true	0	22106	0.43671402	707	ok
Impatiens_noli_tangere	mito	9	16	1	1	true	0	24425	0.45432958	517	ok
Impatiens_noli_tangere	mito	10	16	1	1	true	0	36659	0.4326632	896	ok
Impatiens_noli_tangere	mito	11	16	1	1	true	0	17793	0.44438824	419	ok
Impatiens_noli_tangere	mito	12	16	1	1	true	0	28578	0.44051367	637	ok
Impatiens_noli_tangere	mito	13	16	1	1	true	0	30911	0.44152567	789	ok
Impatiens_noli_tangere	mito	14	16	1	1	true	0	39586	0.44596574	933	ok
Impatiens_noli_tangere	mito	15	16	1	1	true	0	25097	0.43861815	661	ok
Impatiens_noli_tangere	mito	16	16	1	1	true	0	21520	0.4541357	574	ok
Impatiens_parviflora	mito	1	16	1	1	true	0	25392	0.44210774	688	ok
Impatiens_parviflora	mito	2	16	1	1	true	0	19340	0.44756982	611	ok
Impatiens_parviflora	mito	3	16	1	1	true	0	32175	0.45236984	735	ok
Impatiens_parviflora	mito	4	16	1	1	true	0	25774	0.45429504	1125	ok
Impatiens_parviflora	mito	5	16	1	1	true	0	40953	0.44446072	910	ok
Impatiens_parviflora	mito	6	16	1	1	true	0	14158	0.4213872	543	ok
Impatiens_parviflora	mito	7	16	1	1	true	0	26925	0.44898793	765	ok
Impatiens_parviflora	mito	8	16	1	1	true	0	35227	0.44221762	834	ok
Impatiens_parviflora	mito	9	16	1	1	true	0	27269	0.44603762	909	ok
Impatiens_parviflora	mito	10	16	1	1	true	0	20777	0.42840642	678	ok
Impatiens_parviflora	mito	11	16	1	1	true	0	49457	0.43981642	955	ok
Impatiens_parviflora	mito	12	16	1	1	true	0	24487	0.4383142	749	ok
Impatiens_parviflora	mito	13	16	1	1	true	0	31620	0.44054395	810	ok
Impatiens_parviflora	mito	14	16	1	1	true	0	36648	0.4368042	935	ok
Impatiens_parviflora	mito	15	16	1	1	true	0	26208	0.44612333	1004	ok
Impatiens_parviflora	mito	16	16	1	1	true	0	27708	0.46156344	683	ok
Inula_conyza	mito	1	1	3	4	false	0	336421	0.44657958	1000	ok
Inula_salicina	mito	1	1	3	4	false	0	369219	0.44196868	613.6667	ok
Iris_foetidissima	mito	1	1	6	8	false	0	418224	0.4714321	636.1667	ok
Iris_pseudacorus	mito	1	1	33	45	false	0	477248	0.4631048	1049.9395	ok
Isolepis_cernua	mito	1	1	9	12	false	0	1709922	0.4093763	558.44446	ok
Isopterygiella_pulchella	mito	1	1	1	1	true	0	105093	0.41098836	2348	ok
Isothecium_holtii	mito	1	1	1	1	true	0	105392	0.4112646	729	ok
Isothecium_myosuroides	mito	1	1	1	1	true	0	105398	0.41133606	429	ok
Jacobaea_erucifolia	mito	1	1	16	22	false	0	303581	0.42940503	720.9375	ok
Jacobaea_maritima	mito	1	1	8	12	false	0	316088	0.44953674	848.875	ok
Jacobaea_vulgaris	mito	1	1	3	4	true	0	280156	0.45126382	469.33334	ok
Jasione_montana	mito	1	1	3	4	false	0	322876	0.42731604	1856	ok
Juglans_regia	mito	1	1	15	20	false	0	859455	0.41218892	2289.4	ok
Juncus_bufonius	mito	1	1	9	12	false	0	945306	0.4502147	1149.6666	ok
Juncus_conglomeratus	mito	1	1	44	58	false	0	547887	0.44871104	1319.7273	ok
Juncus_effusus	mito	1	1	3	4	false	0	488823	0.44841146	1104	ok
Juncus_gerardii	mito	1	1	3	4	false	0	798748	0.44101703	1225	ok
Juncus_inflexus	mito	1	1	3	4	false	0	782137	0.4418467	1476	ok
Juncus_squarrosus	mito	1	2	8	11	false	0	563791	0.4439969	1049.125	ok
Juncus_squarrosus	mito	2	2	1	1	true	0	422076	0.44197965	1027	ok
Juncus_tenuis	mito	1	1	6	8	false	0	638401	0.4488995	513.1667	ok
Jungermannia_exsertifolia	mito	1	3	1	0	false	0	75952	0.44085738	53	ok
Jungermannia_exsertifolia	mito	2	3	1	0	false	0	13946	0.42815143	48	ok
Jungermannia_exsertifolia	mito	3	3	1	0	false	0	38836	0.4515398	49	ok
Kali_turgidum	mito	1	1	1	1	true	0	189097	0.43823013	237	ok
Kalmia_procumbens	mito	1	1	9	12	false	0	566137	0.45524454	1437.2222	ok
Kiaeria_blyttii	mito	1	2	1	0	false	0	21954	0.32681972	93	ok
Kiaeria_blyttii	mito	2	2	1	1	true	0	106931	0.40140837	450	ok
Kickxia_elatine	mito	1	2	11	15	true	0	593970	0.45355758	695.63635	ok
Kickxia_elatine	mito	2	2	1	1	true	0	622897	0.44093487	1107	ok
Knautia_arvensis	mito	1	2	15	20	false	0	508168	0.4576865	753.13336	ok
Knautia_arvensis	mito	2	2	1	1	true	0	32126	0.4419162	372	ok
Koeleria_macrantha	mito	1	1	17	23	true	0	408262	0.44567803	539.4706	ok
Kurzia_trichoclados	mito	1	1	3	4	false	0	164757	0.42319223	512	ok
Laburnum_anagyroides	mito	1	1	3	4	false	0	421492	0.44789144	1490.3334	ok
Lactuca_saligna	mito	1	1	6	8	false	0	301249	0.4538925	1376.8334	ok
Lactuca_serriola	mito	1	1	12	16	false	0	323939	0.45427775	1504.5834	ok
Lamium_album	mito	1	1	6	8	false	0	316191	0.4526006	2895.1667	ok
Lamium_amplexicaule	mito	1	1	6	8	false	0	299451	0.44883236	2507.1667	ok
Lamium_galeobdolon	mito	1	2	9	12	false	0	279843	0.44438565	1783.1111	ok
Lamium_galeobdolon	mito	2	2	1	1	true	0	69306	0.45032176	1646	ok
Lamium_purpureum	mito	1	1	15	20	false	0	296376	0.45051125	1433.4667	ok
Lapsana_communis	mito	1	1	8	11	false	0	293943	0.44438213	339.75	ok
Lathraea_clandestina	mito	1	6	3	4	false	0	61571	0.41305718	2221.6667	ok
Lathraea_clandestina	mito	2	6	3	4	false	0	59070	0.37204078	2748	ok
Lathraea_clandestina	mito	3	6	1	1	true	0	52355	0.44352975	3540	ok
Lathraea_clandestina	mito	4	6	1	1	true	0	92303	0.4420333	6205	ok
Lathraea_clandestina	mito	5	6	1	1	true	0	59123	0.43830657	4128	ok
Lathraea_clandestina	mito	6	6	1	1	true	0	64715	0.44471917	4740	ok
Lathraea_squamaria	mito	1	5	6	8	false	0	85715	0.43709692	4659.8335	ok
Lathraea_squamaria	mito	2	5	6	8	false	0	157506	0.45529068	7886.1665	ok
Lathraea_squamaria	mito	3	5	1	1	true	0	47633	0.44939432	6311	ok
Lathraea_squamaria	mito	4	5	1	1	true	0	39223	0.44101676	4445	ok
Lathraea_squamaria	mito	5	5	1	1	true	0	59636	0.43933195	5767	ok
Lathyrus_aphaca	mito	1	1	3	4	false	0	370128	0.45075354	594.6667	ok
Lathyrus_linifolius	mito	1	1	17	23	false	0	427013	0.45381647	512.2941	ok
Lathyrus_nissolia	mito	1	1	3	4	false	0	410689	0.44735527	446.66666	ok
Lathyrus_pratensis	mito	1	1	3	4	false	0	350246	0.45115387	313	ok
Lathyrus_sylvestris	mito	1	1	3	4	false	0	418455	0.4490409	902.3333	ok
Leersia_oryzoides	mito	1	1	6	8	true	0	380293	0.43757012	267.16666	ok
Lemna_japonica	mito	1	4	1	0	false	0	133763	0.46100938	640	ok
Lemna_japonica	mito	2	4	1	0	false	0	72317	0.45574346	136	ok
Lemna_japonica	mito	3	4	1	0	false	0	72315	0.45575607	470	ok
Lemna_japonica	mito	4	4	1	0	false	0	72313	0.45576867	224	ok
Lemna_minuta	mito	1	1	1	0	false	0	186789	0.44841507	302	ok
Lemna_trisulca	mito	1	1	1	1	true	0	210808	0.46534288	1303	ok
Leontodon_hispidus	mito	1	1	14	20	false	0	310835	0.45157513	698.7143	ok
Leontodon_saxatilis	mito	1	1	9	12	false	0	282837	0.45492506	3296.4443	ok
Lepidium_campestre	mito	1	1	3	4	false	0	307716	0.4422231	2359	ok
Lepidium_didymum	mito	1	1	1	1	true	0	263508	0.4495006	5631	ok
Lepidium_draba	mito	1	1	3	4	false	0	281997	0.44206667	722.3333	ok
Lepidium_heterophyllum	mito	1	1	6	8	false	0	309872	0.44340274	1891.1666	ok
Lepidium_latifolium	mito	1	1	1	1	true	0	270458	0.44855022	2426	ok
Lepidozia_cupressina	mito	1	1	1	1	true	0	166386	0.4609823	1015	ok
Lepidozia_reptans	mito	1	1	4	6	false	0	167867	0.44526044	636.75	ok
Leucanthemum_vulgare	mito	1	1	1	1	true	0	220459	0.4544065	312	ok
Leucobryum_glaucum	mito	1	1	1	1	true	0	103402	0.40136555	1125	ok
Leucobryum_juniperoideum	mito	1	2	1	0	false	0	343070	0.6145014	117	ok
Leucobryum_juniperoideum	mito	2	2	1	1	true	0	103115	0.401348	214	ok
Leucojum_aestivum	mito	1	2	9	12	false	0	234454	0.4610697	232.22223	ok
Leucojum_aestivum	mito	2	2	1	1	true	0	111772	0.4667627	156	ok
Levisticum_officinale	mito	1	1	28	40	false	0	258053	0.43390122	614	ok
Lewinskya_affinis	mito	1	1	1	1	true	0	105895	0.3972331	792	ok
Lewinskya_rupestris	mito	1	1	3	4	false	0	106721	0.41319737	524.6667	ok
Lewinskya_speciosa	mito	1	1	3	4	false	0	106726	0.41332352	460.33334	ok
Ligusticum_scoticum	mito	1	2	9	15	false	0	245100	0.43236232	638.2222	ok
Ligusticum_scoticum	mito	2	2	1	1	true	0	55980	0.4454984	788	ok
Ligustrum_vulgare	mito	1	1	3	4	true	0	965431	0.45363364	1444	ok
Limonium_binervosum	mito	1	2	1	1	true	0	113744	0.45561963	2382	ok
Limonium_binervosum	mito	2	2	1	1	true	0	182834	0.4460002	2595	ok
Limosella_aquatica	mito	1	1	3	4	false	0	669714	0.46449864	2248.3333	ok
Linaria_purpurea	mito	1	1	1	1	true	0	467360	0.44245765	3779	ok
Linaria_repens	mito	1	1	6	8	false	0	487246	0.4542266	411	ok
Linaria_vulgaris	mito	1	2	3	4	false	0	320061	0.44989553	1345.6666	ok
Linaria_vulgaris	mito	2	2	1	1	true	0	138671	0.44690672	1023	ok
Linnaea_borealis	mito	1	1	3	4	false	0	684511	0.45746043	1358.6666	ok
Linum_bienne	mito	1	5	3	4	true	0	176132	0.4428303	993.6667	ok
Linum_bienne	mito	2	5	1	1	true	0	40597	0.45380202	1185	ok
Linum_bienne	mito	3	5	1	1	true	0	36508	0.4451079	1038	ok
Linum_bienne	mito	4	5	1	1	true	0	45405	0.45818743	1256	ok
Linum_bienne	mito	5	5	1	1	true	0	38113	0.4552515	1137	ok
Linum_catharticum	mito	1	3	3	4	false	0	144845	0.4452115	1137.6666	ok
Linum_catharticum	mito	2	3	1	1	true	0	178290	0.45048517	1480	ok
Linum_catharticum	mito	3	3	1	1	true	0	178427	0.44809923	1707	ok
Lithospermum_officinale	mito	1	1	3	4	false	0	285730	0.44328746	1971.3334	ok
Littorella_uniflora	mito	1	1	9	12	false	0	341866	0.44698614	128.33333	ok
Lobelia_dortmanna	mito	1	1	40	56	false	0	519299	0.42327195	3529.775	ok
Lobelia_urens	mito	1	1	16	22	false	0	511945	0.42805728	6591.875	ok
Loeskeobryum_brevirostre	mito	1	1	1	1	true	0	103888	0.4105094	1286	ok
Logfia_minima	mito	1	1	1	1	true	0	221959	0.4550525	690	ok
Lolium_perenne	mito	1	1	47	64	false	0	623185	0.43325815	538.44684	ok
Lonicera_periclymenum	mito	1	2	3	4	true	0	897773	0.4479369	164.66667	ok
Lonicera_periclymenum	mito	2	2	1	1	true	0	120903	0.4460849	154	ok
Lophocolea_bispinosa	mito	1	2	1	0	false	0	151277	0.45561454	820	ok
Lophocolea_bispinosa	mito	2	2	1	1	true	0	27022	0.29057804	566	ok
Lophozia_ventricosa	mito	1	1	1	1	true	0	145592	0.44947526	1236	ok
Lotus_corniculatus	mito	1	1	6	8	false	0	387196	0.43723857	1829.8334	ok
Lotus_pedunculatus	mito	1	1	6	8	false	0	414266	0.45136568	1426.1666	ok
Lotus_tenuis	mito	1	2	11	15	false	0	285902	0.45061338	1569.1818	ok
Lotus_tenuis	mito	2	2	1	1	true	0	80838	0.4598951	1643	ok
Ludwigia_grandiflora	mito	1	2	15	20	false	0	517556	0.4583918	708.86664	ok
Ludwigia_grandiflora	mito	2	2	1	1	true	0	168194	0.45109218	469	ok
Lunaria_annua	mito	1	3	1	1	true	0	83452	0.447347	1021	ok
Lunaria_annua	mito	2	3	1	1	true	0	103153	0.4484019	985	ok
Lunaria_annua	mito	3	3	1	1	true	0	105990	0.45210868	1055	ok
Lunularia_cruciata	mito	1	1	1	1	true	0	191461	0.4260659	2028	ok
Luzula_campestris	mito	1	1	9	12	false	0	597945	0.45155382	4647	ok
Luzula_pallescens	mito	1	1	3	4	false	0	653022	0.46725544	232	ok
Luzula_spicata	mito	1	2	3	4	false	0	360060	0.45916042	944.6667	ok
Luzula_spicata	mito	2	2	1	1	true	0	143617	0.45110956	747	ok
Luzula_sylvatica	mito	1	1	12	16	false	0	649416	0.4551853	908.25	ok
Lycopodium_clavatum	mito	1	1	3	4	false	0	431003	0.4440976	562.6667	ok
Lycopus_europaeus	mito	1	1	9	12	false	0	295850	0.45149148	1309.1111	ok
Lysimachia_nemorum	mito	1	2	1	1	true	0	353026	0.445834	1295	ok
Lysimachia_nemorum	mito	2	2	1	1	true	0	104271	0.45075813	1314	ok
Lysimachia_nummularia	mito	1	1	1	1	true	0	357854	0.44960237	160	ok
Lysimachia_thyrsiflora	mito	1	3	1	1	true	0	120838	0.44976747	1134	ok
Lysimachia_thyrsiflora	mito	2	3	1	1	true	0	65242	0.44577113	1122	ok
Lysimachia_thyrsiflora	mito	3	3	1	1	true	0	127843	0.44725952	1366	ok
Lysimachia_vulgaris	mito	1	1	3	4	false	0	298084	0.4419229	821.6667	ok
Lythrum_hyssopifolia	mito	1	1	3	4	false	0	261696	0.45581058	1653.6666	ok
Lythrum_salicaria	mito	1	1	1	1	true	0	318243	0.451702	995	ok
Malus_domestica	mito	1	1	23	32	false	0	418803	0.4503072	863.95654	ok
Malus_sylvestris	mito	1	1	3	4	false	0	392784	0.45786762	676	ok
Malus_x_robusta	mito	1	1	3	4	false	0	374153	0.45693567	664.3333	ok
Malva_arborea	mito	1	4	6	8	false	0	247433	0.45352462	1042.6666	ok
Malva_arborea	mito	2	4	1	1	true	0	164744	0.45372215	1013	ok
Malva_arborea	mito	3	4	1	1	true	0	65344	0.45392078	740	ok
Malva_arborea	mito	4	4	1	1	true	0	76375	0.44549918	890	ok
Malva_neglecta	mito	1	2	12	16	false	0	382910	0.44866502	1501.8334	ok
Malva_neglecta	mito	2	2	1	1	true	0	165810	0.45348895	1175	ok
Malva_sylvestris	mito	1	1	12	16	false	0	545516	0.44824758	677.3333	ok
Marchantia_polymorpha	mito	1	1	3	4	false	0	188432	0.45441476	1226.3334	ok
Marchantia_quadrata	mito	1	1	1	1	true	0	189903	0.4281923	1925	ok
Marsupella_aquatica	mito	1	1	3	4	false	0	164779	0.48069564	326.66666	ok
Marsupella_emarginata	mito	1	1	3	4	false	0	164775	0.48612905	599.6667	ok
Mastigophora_woodsii	mito	1	2	3	4	false	0	164539	0.4881251	340.33334	ok
Mastigophora_woodsii	mito	2	2	1	1	true	0	27350	0.2625594	129	ok
Matricaria_chamomilla	mito	1	1	1	1	true	0	220295	0.45490366	849	ok
Matricaria_discoidea	mito	1	1	3	4	false	0	225232	0.45543537	1705.3334	ok
Matthiola_sinuata	mito	1	1	11	15	false	0	424756	0.44408196	1602.909	ok
Meconopsis_cambrica	mito	1	1	24	33	false	2	222177	0.44402525	899.4583	ok
Medicago_arabica	mito	1	1	17	24	true	0	325268	0.4432165	1258.1765	ok
Medicago_lupulina	mito	1	1	3	4	false	0	297329	0.45691788	1697	ok
Medicago_sativa	mito	1	1	3	4	false	0	296383	0.46507314	2733.6667	ok
Meesia_triquetra	mito	1	1	1	1	true	0	104359	0.3996397	2773	ok
Melampyrum_pratense	mito	1	1	37	58	false	0	337013	0.44710284	900.8378	ok
Melampyrum_sylvaticum	mito	1	1	23	35	false	0	299490	0.44422212	462.73914	ok
Melica_uniflora	mito	1	1	18	24	false	0	576759	0.4351556	444.83334	ok
Melilotus_altissimus	mito	1	1	3	4	false	0	307934	0.44367263	2267.3333	ok
Melissa_officinalis	mito	1	2	1	1	true	0	172874	0.45820656	389	ok
Melissa_officinalis	mito	2	2	1	1	true	0	175208	0.44822153	384	ok
Melittis_melissophyllum	mito	1	1	3	4	false	0	360663	0.45184657	2336.6667	ok
Mentha_aquatica	mito	1	1	36	49	false	0	319979	0.430299	883.8611	ok
Mentha_arvensis	mito	1	1	55	77	false	0	358365	0.42845616	1965.8363	ok
Mercurialis_annua	mito	1	1	5	7	false	0	432385	0.38644722	709.8	ok
Mercurialis_perennis	mito	1	3	1	1	true	0	89615	0.4473693	2326	ok
Mercurialis_perennis	mito	2	3	1	1	true	0	161120	0.4447927	2449	ok
Mercurialis_perennis	mito	3	3	1	1	true	0	156094	0.45088857	2433	ok
Mesoptychia_bantriensis	mito	1	1	1	1	true	0	156280	0.44689658	647	ok
Mesoptychia_rutheana	mito	1	1	1	0	false	0	156340	0.447563	423	ok
Metzgeria_conjugata	mito	1	1	3	4	false	0	173474	0.43650985	621.3333	ok
Metzgeria_furcata	mito	1	2	1	0	false	0	269750	0.69618535	152	ok
Metzgeria_furcata	mito	2	2	1	1	true	0	172252	0.466938	425	ok
Metzgeria_violacea	mito	1	1	1	0	false	0	170225	0.46448523	188	ok
Meum_athamanticum	mito	1	1	24	33	false	0	372622	0.4518102	1146.9584	ok
Milium_effusum	mito	1	1	24	32	false	0	472881	0.4428011	1353.125	ok
Mimulus_peregrinus	mito	1	2	3	4	false	0	220900	0.4597206	1646.3334	ok
Mimulus_peregrinus	mito	2	2	1	1	true	0	271981	0.45150948	1348	ok
Misopates_orontium	mito	1	1	1	1	true	0	569953	0.4455613	681	ok
Mnium_stellare	mito	1	1	3	4	false	0	102270	0.4193947	779.6667	ok
Moehringia_trinervia	mito	1	1	6	8	false	0	334854	0.42934048	3385	ok
Molinia_caerulea	mito	1	1	3	4	false	0	467064	0.4394717	884.3333	ok
Mollugo_verticillata	mito	1	1	24	34	false	0	1871342	0.441636	1096	ok
Monotropa_hypopitys	mito	1	1	42	58	false	0	1023063	0.4493306	1166.9286	ok
Montia_fontana	mito	1	1	3	4	false	0	406025	0.43786022	2211.6667	ok
Myosotis_alpestris	mito										missing_gfa
Myosotis_ramosissima	mito	1	9	1	0	false	0	46833	0.35884953	101	ok
Myosotis_ramosissima	mito	2	9	1	0	false	0	22932	0.4375109	139	ok
Myosotis_ramosissima	mito	3	9	1	0	false	0	25433	0.35402822	93	ok
Myosotis_ramosissima	mito	4	9	1	0	false	0	10772	0.37950242	86	ok
Myosotis_ramosissima	mito	5	9	1	0	false	0	30560	0.38350785	99	ok
Myosotis_ramosissima	mito	6	9	1	0	false	0	12166	0.42125595	85	ok
Myosotis_ramosissima	mito	7	9	1	0	false	0	17705	0.35933352	86	ok
Myosotis_ramosissima	mito	8	9	1	0	false	0	20241	0.36465588	94	ok
Myosotis_ramosissima	mito	9	9	1	0	false	0	23723	0.3565738	93	ok
Myosotis_sylvatica	mito										missing_gfa
Myrica_gale	mito	1	1	1	1	true	0	486469	0.45384598	600	ok
Myriophyllum_alterniflorum	mito	1	1	12	16	false	0	393920	0.450528	2253.9167	ok
Myriophyllum_aquaticum	mito	1	2	18	24	false	0	484122	0.4478079	1795.6666	ok
Myriophyllum_aquaticum	mito	2	2	15	20	false	0	413835	0.44697884	950.4667	ok
Myriophyllum_spicatum	mito	1	1	15	20	false	0	414586	0.4466757	994.4	ok
Myrrhis_odorata	mito	1	1	8	11	false	0	283170	0.4362411	430	ok
Narcissus_pseudonarcissus	mito	1	1	11	15	false	0	413378	0.4626173	733.7273	ok
Nardia_scalaris	mito	1	2	1	0	false	0	160334	0.44730374	671	ok
Nardia_scalaris	mito	2	2	1	1	true	0	28076	0.2947001	173	ok
Narthecium_ossifragum	mito	1	2	3	4	false	0	307910	0.45889223	2774.6667	ok
Narthecium_ossifragum	mito	2	2	1	1	true	0	100909	0.45902744	1863	ok
Nasturtium_officinale	mito	1	1	3	4	false	0	287210	0.4485352	2480.3333	ok
Neckera_pumila	mito	1	1	1	1	true	0	104381	0.41155	177	ok
Neoorthocaulis_attenuatus	mito	1	1	1	1	true	0	147305	0.45010692	2051	ok
Neoorthocaulis_floerkei	mito										missing_gfa
Neottia_nidus_avis	mito	1	4	1	0	false	0	24487	0.47359824	51	ok
Neottia_nidus_avis	mito	2	4	1	0	false	0	20980	0.48036224	51	ok
Neottia_nidus_avis	mito	3	4	1	0	false	0	11245	0.47247666	44	ok
Neottia_nidus_avis	mito	4	4	1	0	false	0	13128	0.4779098	43	ok
Neottia_ovata	mito	1	1	1	0	false	0	11557	0.42770615	88	ok
Nigella_damascena	mito	1	2	14	19	false	0	596092	0.46429873	217.42857	ok
Nigella_damascena	mito	2	2	1	1	true	0	67668	0.46974936	137	ok
Niphotrichum_ericoides	mito	1	1	3	4	false	0	109383	0.38167307	328.33334	ok
Nowellia_curvifolia	mito	1	2	3	3	false	1	97149	0.49072957	170	ok
Nowellia_curvifolia	mito	2	2	1	1	true	0	149448	0.45422488	292	ok
Nuphar_pumila	mito	1	1	6	8	true	0	586660	0.47525534	788.8333	ok
Nymphaea_alba	mito	1	1	6	6	false	0	322695	0.4838066	418.5	ok
Nymphoides_peltata	mito	1	1	1	1	true	0	337075	0.4483394	1133	ok
Odontites_vernus	mito	1	1	9	12	true	0	508060	0.44748724	5343.3335	ok
Odontoschisma_sphagni	mito	1	1	3	4	false	0	157049	0.47113284	510.33334	ok
Oedipodium_griffithianum	mito	1	1	1	1	true	0	121147	0.41907763	2598	ok
Oenanthe_crocata	mito	1	3	6	8	false	0	277471	0.4392605	2707.5	ok
Oenanthe_crocata	mito	2	3	1	1	true	0	39163	0.4544085	1728	ok
Oenanthe_crocata	mito	3	3	1	1	true	0	27226	0.45496953	1448	ok
Oenanthe_lachenalii	mito	1	2	21	29	false	0	339340	0.44247764	303.33334	ok
Oenanthe_lachenalii	mito	2	2	1	0	false	0	14472	0.39731896	85	ok
Oenanthe_pimpinelloides	mito	1	2	6	8	false	0	245035	0.44696745	1480.5	ok
Oenanthe_pimpinelloides	mito	2	2	3	4	false	0	64132	0.4914511	883	ok
Oenothera_biennis	mito	1	1	3	4	false	0	420342	0.46788275	779	ok
Oligotrichum_hercynicum	mito	1	1	1	1	true	0	115305	0.40445775	2630	ok
Onobrychis_viciifolia	mito	1	1	3	4	false	0	341172	0.45733508	1426.6666	ok
Onoclea_sensibilis	mito	1	1	55	77	false	0	258449	0.47085458	1332.2181	ok
Ononis_reclinata	mito	1	2	1	1	true	0	194974	0.45287064	3395	ok
Ononis_reclinata	mito	2	2	1	1	true	0	125569	0.44612923	2863	ok
Ononis_repens	mito	1	1	3	4	false	0	315209	0.4409052	740.6667	ok
Onopordum_acanthium	mito	1	1	8	12	false	0	313203	0.44870275	1438.875	ok
Ophioglossum_vulgatum	mito										missing_gfa
Ophrys_apifera	mito	1	17	1	0	false	0	27807	0.47962743	108	ok
Ophrys_apifera	mito	2	17	1	1	true	0	29336	0.49461412	211	ok
Ophrys_apifera	mito	3	17	1	1	true	0	41257	0.47756743	186	ok
Ophrys_apifera	mito	4	17	1	1	true	0	34537	0.4864638	163	ok
Ophrys_apifera	mito	5	17	1	1	true	0	29137	0.4687854	155	ok
Ophrys_apifera	mito	6	17	1	1	true	0	28674	0.5020925	158	ok
Ophrys_apifera	mito	7	17	1	1	true	0	41183	0.5025132	269	ok
Ophrys_apifera	mito	8	17	1	1	true	0	53840	0.48367384	307	ok
Ophrys_apifera	mito	9	17	1	1	true	0	27633	0.49100712	112	ok
Ophrys_apifera	mito	10	17	1	1	true	0	27027	0.47019646	116	ok
Ophrys_apifera	mito	11	17	1	1	true	0	38575	0.5107712	297	ok
Ophrys_apifera	mito	12	17	1	1	true	0	33338	0.48482212	210	ok
Ophrys_apifera	mito	13	17	1	1	true	0	32973	0.50602007	175	ok
Ophrys_apifera	mito	14	17	1	1	true	0	40668	0.4896479	163	ok
Ophrys_apifera	mito	15	17	1	1	true	0	36883	0.5039178	247	ok
Ophrys_apifera	mito	16	17	1	1	true	0	39689	0.4876918	250	ok
Ophrys_apifera	mito	17	17	1	1	true	0	49971	0.48616198	206	ok
Orchis_mascula	mito	1	15	1	1	true	0	45005	0.46997002	394	ok
Orchis_mascula	mito	2	15	1	1	true	0	41013	0.46521834	471	ok
Orchis_mascula	mito	3	15	1	1	true	0	55666	0.45359826	340	ok
Orchis_mascula	mito	4	15	1	1	true	0	54255	0.46860197	408	ok
Orchis_mascula	mito	5	15	1	1	true	0	38810	0.45575884	418	ok
Orchis_mascula	mito	6	15	1	1	true	0	41268	0.46147135	439	ok
Orchis_mascula	mito	7	15	1	1	true	0	66346	0.45387816	509	ok
Orchis_mascula	mito	8	15	1	1	true	0	32690	0.45102477	417	ok
Orchis_mascula	mito	9	15	1	1	true	0	41377	0.45924065	431	ok
Orchis_mascula	mito	10	15	1	1	true	0	64331	0.46887192	540	ok
Orchis_mascula	mito	11	15	1	1	true	0	50239	0.46179262	460	ok
Orchis_mascula	mito	12	15	1	1	true	0	54651	0.4704763	446	ok
Orchis_mascula	mito	13	15	1	1	true	0	47879	0.45658848	432	ok
Orchis_mascula	mito	14	15	1	1	true	0	50942	0.45871776	401	ok
Orchis_mascula	mito	15	15	1	1	true	0	44349	0.45780063	521	ok
Oreojuncus_trifidus	mito	1	1	12	16	true	0	1490371	0.4353145	579.5833	ok
Origanum_vulgare	mito	1	1	6	8	true	0	321332	0.45514545	432.16666	ok
Ornithopus_perpusillus	mito	1	1	3	4	false	0	335691	0.45607427	1420	ok
Orobanche_alba	mito	1	1	14	20	false	0	1506667	0.44725874	1247.1428	ok
Orobanche_hederae	mito	1	5	3	4	false	0	355567	0.44631803	2866.6667	ok
Orobanche_hederae	mito	2	5	1	1	true	0	650968	0.4513509	2337	ok
Orobanche_hederae	mito	3	5	1	1	true	0	90520	0.4537119	2157	ok
Orobanche_hederae	mito	4	5	1	1	true	0	57088	0.45172366	1800	ok
Orobanche_hederae	mito	5	5	1	1	true	0	76921	0.45073518	2033	ok
Orobanche_minor	mito	1	5	1	1	true	0	639145	0.45151412	330	ok
Orobanche_minor	mito	2	5	1	1	true	0	315728	0.45295635	333	ok
Orobanche_minor	mito	3	5	1	1	true	0	116073	0.45523077	302	ok
Orobanche_minor	mito	4	5	1	1	true	0	53653	0.45313403	263	ok
Orobanche_minor	mito	5	5	1	1	true	0	72085	0.44921967	281	ok
Orontium_aquaticum	mito	1	2	15	20	false	0	531633	0.46415928	219.46666	ok
Orontium_aquaticum	mito	2	2	1	1	true	0	64409	0.46599078	106	ok
Orthothecium_rufescens	mito	1	1	3	4	false	0	106897	0.38921955	1577	ok
Orthotrichum_anomalum	mito	1	1	1	1	true	0	105765	0.3981563	471	ok
Orthotrichum_lyellii	mito	1	1	1	1	true	0	105632	0.39879015	905	ok
Orthotrichum_pulchellum	mito	1	1	1	1	true	0	104817	0.39820832	368	ok
Orthotrichum_striatum	mito	1	1	1	1	true	0	106205	0.3983334	683	ok
Oxalis_acetosella	mito	1	1	10	12	true	2	586282	0.438758	604.5	ok
Oxybasis_chenopodioides	mito	1	1	24	33	false	0	323225	0.4470584	5621.4585	ok
Oxyria_digyna	mito	1	2	3	4	false	0	252509	0.4436578	4032.3333	ok
Oxyria_digyna	mito	2	2	3	4	false	0	158706	0.45553502	3070	ok
Oxytropis_halleri	mito	1	1	3	4	false	0	349066	0.44879058	382.33334	ok
Palustriella_falcata	mito	1	1	1	1	true	0	104156	0.40943393	223	ok
Papaver_rhoeas	mito	1	1	17	26	false	0	202779	0.4322857	1963.8235	ok
Papaver_somniferum	mito	1	1	6	8	false	0	151420	0.42998943	2845	ok
Parietaria_judaica	mito	1	3	1	1	true	0	113265	0.44698715	1009	ok
Parietaria_judaica	mito	2	3	1	1	true	0	108468	0.4414666	999	ok
Parietaria_judaica	mito	3	3	1	1	true	0	215982	0.4456714	1074	ok
Parnassia_palustris	mito	1	12	14	20	false	0	162022	0.4384985	2581.7856	ok
Parnassia_palustris	mito	2	12	1	1	true	0	35157	0.4395142	2007	ok
Parnassia_palustris	mito	3	12	1	1	true	0	16485	0.44531393	993	ok
Parnassia_palustris	mito	4	12	1	1	true	0	42266	0.42942318	2107	ok
Parnassia_palustris	mito	5	12	1	1	true	0	16825	0.4272214	982	ok
Parnassia_palustris	mito	6	12	1	1	true	0	17860	0.4426092	1251	ok
Parnassia_palustris	mito	7	12	1	1	true	0	30792	0.44570017	1900	ok
Parnassia_palustris	mito	8	12	1	1	true	0	23829	0.4625876	1205	ok
Parnassia_palustris	mito	9	12	1	1	true	0	18051	0.46701014	1020	ok
Parnassia_palustris	mito	10	12	1	1	true	0	22956	0.46955043	1399	ok
Parnassia_palustris	mito	11	12	1	1	true	0	16923	0.43166104	1081	ok
Parnassia_palustris	mito	12	12	1	1	true	0	15494	0.45443398	893	ok
Parthenocissus_inserta	mito	1	1	1	1	true	0	760148	0.44837847	1055	ok
Pastinaca_sativa	mito	1	1	28	42	true	0	307147	0.43697232	258	ok
Paulownia_tomentosa	mito	1	1	6	8	false	0	859918	0.45085597	1363.8334	ok
Pedicularis_palustris	mito	1	1	35	47	false	0	389014	0.43465614	3954.6572	ok
Pedicularis_sylvatica	mito	1	2	6	8	true	0	272050	0.4351442	670.1667	ok
Pedicularis_sylvatica	mito	2	2	1	1	true	0	84810	0.4357269	690	ok
Pentaglottis_sempervirens	mito	1	1	5	8	true	0	326907	0.44970283	2101.2	ok
Persicaria_amphibia	mito	1	1	9	12	false	0	395894	0.4574701	546.3333	ok
Persicaria_hydropiper	mito	1	1	9	12	false	0	397610	0.45384133	241.66667	ok
Persicaria_maculosa	mito	1	1	12	16	false	0	391600	0.44303474	3150.5	ok
Persicaria_nepalensis	mito	1	5	6	8	false	0	197143	0.44224033	710	ok
Persicaria_nepalensis	mito	2	5	1	1	true	0	48118	0.44636104	442	ok
Persicaria_nepalensis	mito	3	5	1	1	true	0	44846	0.43961558	495	ok
Persicaria_nepalensis	mito	4	5	1	1	true	0	47321	0.4448765	459	ok
Persicaria_nepalensis	mito	5	5	1	1	true	0	50895	0.43884468	512	ok
Petalophyllum_ralfsii	mito	1	1	1	1	true	0	161204	0.47957867	393	ok
Petasites_albus	mito	1	2	6	8	true	0	261812	0.44032562	649.6667	ok
Petasites_albus	mito	2	2	1	1	true	0	46810	0.45287332	427	ok
Petasites_fragrans	mito	1	1	2	4	false	0	310207	0.448411	1076.5	ok
Petasites_hybridus	mito	1	1	2	4	false	0	302891	0.4464919	494.5	ok
Petasites_japonicus	mito	1	3	3	4	false	0	154126	0.4256455	438.33334	ok
Petasites_japonicus	mito	2	3	3	4	false	0	115181	0.4448675	460	ok
Petasites_japonicus	mito	3	3	1	1	true	0	48057	0.45333666	291	ok
Phacelia_tanacetifolia	mito	1	1	353	546	false	38	538377	0.45823428	376.4844	ok
Phaeoceros_laevis	mito	1	1	1	0	false	0	210129	0.44571668	394	ok
Phalaris_arundinacea	mito	1	2	8	11	false	0	356243	0.4458695	406.375	ok
Phalaris_arundinacea	mito	2	2	1	1	true	0	109165	0.43842807	326	ok
Phegopteris_connectilis	mito	1	1	59	85	false	0	221236	0.47952273	2641.1355	ok
Phleum_pratense	mito	1	1	12	16	false	0	526235	0.45302367	1414.1666	ok
Phragmites_australis	mito	1	1	12	16	false	0	476252	0.43600777	506.33334	ok
Physcomitrium_patens	mito	1	1	1	1	true	0	106583	0.4062374	779	ok
Phyteuma_orbiculare	mito	1	3	1	1	true	0	71895	0.44961402	860	ok
Phyteuma_orbiculare	mito	2	3	1	1	true	0	140752	0.44346085	870	ok
Phyteuma_orbiculare	mito	3	3	1	1	true	0	69980	0.45087168	899	ok
Phyteuma_spicatum	mito	1	2	1	1	true	0	147889	0.4470177	3908	ok
Phyteuma_spicatum	mito	2	2	1	1	true	0	121753	0.4464859	3337	ok
Phytolacca_acinosa	mito	1	1	12	16	false	0	471954	0.44161645	425.16666	ok
Pilosella_aurantiaca	mito	1	1	9	12	false	0	322652	0.44912085	250.33333	ok
Pilosella_officinarum	mito	1	1	9	12	false	0	336508	0.44990593	1177.8889	ok
Pilularia_globulifera	mito	1	1	54	84	false	0	196815	0.4802917	492.77777	ok
Pimpinella_saxifraga	mito	1	6	3	4	false	0	36552	0.4506704	734	ok
Pimpinella_saxifraga	mito	2	6	3	4	false	0	68881	0.46088555	1259.3334	ok
Pimpinella_saxifraga	mito	3	6	2	3	true	0	80347	0.44362116	1129.5	ok
Pimpinella_saxifraga	mito	4	6	1	1	true	0	25696	0.46267903	655	ok
Pimpinella_saxifraga	mito	5	6	1	1	true	0	25858	0.4487973	882	ok
Pimpinella_saxifraga	mito	6	6	1	1	true	0	19090	0.43897328	829	ok
Pinguicula_vulgaris	mito	1	1	7	10	false	0	429814	0.43414253	1708.2858	ok
Plagiochila_asplenioides	mito	1	2	1	0	false	0	110635	0.44957745	157	ok
Plagiochila_asplenioides	mito	2	2	1	0	false	0	47582	0.45416334	148	ok
Plagiochila_carringtonii	mito	1	1	1	0	false	0	159012	0.45102885	688	ok
Plagiothecium_denticulatum	mito	1	1	1	1	true	0	104783	0.4122997	3666	ok
Plantago_coronopus	mito	1	3	3	2	false	2	329329	0.36294827	289	ok
Plantago_coronopus	mito	2	3	1	0	false	0	203249	0.32494134	185	ok
Plantago_coronopus	mito	3	3	1	0	false	0	152208	0.33754468	190	ok
Plantago_lanceolata	mito	1	18	3	4	false	0	145263	0.4229721	623.6667	ok
Plantago_lanceolata	mito	2	18	3	4	false	0	113223	0.38686278	507.33334	ok
Plantago_lanceolata	mito	3	18	1	1	true	0	68419	0.3895409	447	ok
Plantago_lanceolata	mito	4	18	1	1	true	0	78050	0.39543882	448	ok
Plantago_lanceolata	mito	5	18	1	1	true	0	77297	0.39561692	368	ok
Plantago_lanceolata	mito	6	18	1	1	true	0	54542	0.3942283	299	ok
Plantago_lanceolata	mito	7	18	1	1	true	0	224001	0.38420364	623	ok
Plantago_lanceolata	mito	8	18	1	1	true	0	57749	0.3857556	398	ok
Plantago_lanceolata	mito	9	18	1	1	true	0	72691	0.39512455	362	ok
Plantago_lanceolata	mito	10	18	1	1	true	0	57015	0.3833377	348	ok
Plantago_lanceolata	mito	11	18	1	1	true	0	81836	0.39876094	399	ok
Plantago_lanceolata	mito	12	18	1	1	true	0	89658	0.3934172	516	ok
Plantago_lanceolata	mito	13	18	1	1	true	0	54429	0.3824432	392	ok
Plantago_lanceolata	mito	14	18	1	1	true	0	61211	0.39755926	353	ok
Plantago_lanceolata	mito	15	18	1	1	true	0	51312	0.38877845	289	ok
Plantago_lanceolata	mito	16	18	1	1	true	0	51508	0.38852218	319	ok
Plantago_lanceolata	mito	17	18	1	1	true	0	40670	0.3846324	258	ok
Plantago_lanceolata	mito	18	18	1	1	true	0	45435	0.38272256	308	ok
Plantago_major	mito	1	1	6	8	false	0	574782	0.31343755	869.1667	ok
Plantago_maritima	mito	1	1	91	124	false	0	2575363	0.36409092	1039.3737	ok
Platanus_orientalis	mito	1	2	1	1	true	0	482312	0.46641177	544	ok
Platanus_orientalis	mito	2	2	1	1	true	0	107091	0.45660233	424	ok
Platanus_x_hispanica	mito	1	2	1	1	true	0	482312	0.46641177	607	ok
Platanus_x_hispanica	mito	2	2	1	1	true	0	107091	0.45660233	500	ok
Pleuridium_subulatum	mito	1	2	1	1	true	0	107093	0.39963397	188	ok
Pleuridium_subulatum	mito	2	2	1	1	true	0	32815	0.28742954	174	ok
Poa_alpina	mito	1	1	8	11	false	0	522036	0.44923133	855.125	ok
Poa_chaixii	mito	1	1	12	16	false	0	458472	0.44984433	484.5	ok
Poa_infirma	mito	1	1	18	24	false	1	485050	0.44501686	493.77777	ok
Poa_nemoralis	mito	1	1	12	16	false	0	529704	0.4498159	323.66666	ok
Poa_trivialis	mito	1	2	12	16	false	0	503243	0.44753066	427.33334	ok
Poa_trivialis	mito	2	2	1	1	true	0	220375	0.45438004	164	ok
Pogonatum_aloides	mito	1	2	1	0	false	0	412539	0.63917834	258	ok
Pogonatum_aloides	mito	2	2	1	1	true	0	114521	0.40979382	1085	ok
Pohlia_annotina	mito	1	1	1	1	true	0	100084	0.3933496	1693	ok
Pohlia_cruda	mito	1	1	1	1	true	0	100126	0.39637056	2349	ok
Pohlia_nutans	mito	1	1	1	1	true	0	99773	0.39610916	2890	ok
Pohlia_wahlenbergii	mito	1	1	3	4	false	0	101815	0.41278407	958.3333	ok
Polygala_serpyllifolia	mito	1	3	3	4	false	0	165843	0.44781157	1790.3334	ok
Polygala_serpyllifolia	mito	2	3	1	1	true	0	68163	0.4527823	1256	ok
Polygala_serpyllifolia	mito	3	3	1	1	true	0	89280	0.43758962	1289	ok
Polygala_vulgaris	mito	1	1	13	20	false	0	345476	0.44130418	428.23077	ok
Polygonum_aviculare	mito	1	1	1	1	true	0	334661	0.44518483	1089	ok
Polygonum_maritimum	mito	1	1	9	12	false	0	353784	0.44535673	4820.8887	ok
Polypodium_vulgare	mito	1	1	70	101	false	0	336861	0.4733146	1835.3715	ok
Polypogon_viridis	mito	1	1	9	12	false	0	560672	0.4440303	711	ok
Polystichum_lonchitis	mito	1	1	72	109	false	0	253671	0.48990917	2726.25	ok
Polystichum_setiferum	mito	1	1	63	90	false	0	269422	0.48592973	705.6508	ok
Polytrichastrum_sexangulare	mito	1	1	1	1	true	0	116192	0.40562174	1384	ok
Polytrichum_commune	mito	1	1	1	1	true	0	115506	0.40461966	968	ok
Polytrichum_formosum	mito	1	1	1	1	true	0	116057	0.40384465	1471	ok
Polytrichum_juniperinum	mito	1	1	3	4	false	0	117027	0.42092797	618	ok
Polytrichum_piliferum	mito	1	1	1	1	true	0	114914	0.4045112	1656	ok
Polytrichum_strictum	mito	1	1	3	4	false	0	117027	0.42131123	644.6667	ok
Pontederia_cordata	mito	1	1	3	4	false	0	283049	0.4649695	3959.6667	ok
Populus_alba	mito	1	1	1	1	true	0	838691	0.4481591	848	ok
Populus_nigra	mito	1	3	1	1	true	0	281899	0.44658193	1145	ok
Populus_nigra	mito	2	3	1	1	true	0	336788	0.45021793	1208	ok
Populus_nigra	mito	3	3	1	1	true	0	186333	0.44787022	1092	ok
Populus_tremula	mito	1	1	1	1	true	0	783737	0.4474422	1371	ok
Porella_arboris_vitae	mito	1	1	1	1	true	0	179089	0.44820175	1350	ok
Porella_cordaeana	mito	1	1	3	4	false	0	180716	0.42820778	585.6667	ok
Potamogeton_alpinus	mito	1	1	3	4	false	0	259890	0.4770923	821.6667	ok
Potamogeton_berchtoldii	mito	1	1	3	4	false	0	237488	0.4762353	1360.6666	ok
Potamogeton_coloratus	mito	1	1	1	0	false	0	258488	0.47542632	227	ok
Potamogeton_compressus	mito	1	1	3	4	false	0	238427	0.47652364	721.3333	ok
Potamogeton_epihydrus	mito	1	2	3	4	false	0	238185	0.47646758	689.6667	ok
Potamogeton_epihydrus	mito	2	2	1	0	false	0	253169	0.38750795	135	ok
Potamogeton_friesii	mito	1	5	1	0	false	0	79572	0.47600916	57	ok
Potamogeton_friesii	mito	2	5	1	0	false	0	13720	0.50524783	44	ok
Potamogeton_friesii	mito	3	5	1	0	false	0	24348	0.4581485	55	ok
Potamogeton_friesii	mito	4	5	1	0	false	0	26586	0.4735951	52	ok
Potamogeton_friesii	mito	5	5	1	0	false	0	58600	0.47496587	62	ok
Potamogeton_gramineus	mito	1	2	1	0	false	0	138797	0.35765183	70	ok
Potamogeton_gramineus	mito	2	2	1	0	false	0	10111	0.32242113	44	ok
Potamogeton_lucens	mito	1	1	3	4	false	0	243535	0.4774886	1030.3334	ok
Potamogeton_natans	mito	1	1	3	4	false	0	258143	0.47705984	544.3333	ok
Potamogeton_nodosus	mito	1	1	6	8	false	0	251024	0.4876075	1606.3334	ok
Potamogeton_obtusifolius	mito	1	1	3	4	false	0	238949	0.4762788	830	ok
Potamogeton_perfoliatus	mito	1	1	3	4	false	0	252004	0.4790081	986.3333	ok
Potamogeton_polygonifolius	mito	1	2	20	27	false	0	371103	0.43371755	528.35	ok
Potamogeton_polygonifolius	mito	2	2	3	4	false	0	261475	0.47471166	1060	ok
Potamogeton_praelongus	mito	1	1	3	4	false	0	279329	0.47562054	1332.6666	ok
Potamogeton_pusillus	mito	1	1	3	4	false	0	236385	0.4762605	2986.6667	ok
Potamogeton_rutilus	mito	1	1	3	4	false	0	236354	0.47628263	1119.3334	ok
Potamogeton_trichoides	mito	1	1	3	4	false	0	238221	0.4764327	1339.3334	ok
Potentilla_anglica	mito	1	1	3	4	false	0	350622	0.4554241	3555.3333	ok
Potentilla_anserina	mito	1	1	3	4	false	0	290869	0.45137915	348	ok
Potentilla_crantzii	mito	1	1	6	8	false	0	394741	0.4419222	2626	ok
Potentilla_erecta	mito	1	2	3	4	false	0	250019	0.44616246	3242	ok
Potentilla_erecta	mito	2	2	3	4	false	0	111796	0.43819034	1964.3334	ok
Potentilla_indica	mito	1	1	3	4	false	0	435184	0.44955325	1948.3334	ok
Potentilla_reptans	mito	1	1	3	4	false	0	351627	0.4551666	921.6667	ok
Potentilla_sterilis	mito	1	1	6	8	false	0	450425	0.4516963	979.6667	ok
Potentilla_verna	mito	1	1	6	8	false	0	368155	0.4497073	2735.8333	ok
Poterium_sanguisorba	mito	1	1	6	8	false	0	345423	0.45585847	1647.3334	ok
Primula_farinosa	mito	1	1	6	8	false	0	345423	0.45585847	1647.3334	ok
Primula_scotica	mito	1	1	11	16	false	0	355186	0.45964614	5599.909	ok
Primula_veris	mito	1	1	5	8	false	0	326576	0.47226992	5108.2	ok
Primula_vulgaris	mito	1	1	6	8	false	0	327389	0.45086107	5104.8335	ok
Prunella_vulgaris	mito	1	1	3	4	false	0	293995	0.44051704	926.6667	ok
Prunus_avium	mito	1	2	1	1	true	0	281132	0.4593643	3568	ok
Prunus_avium	mito	2	2	1	1	true	0	164743	0.4506231	3486	ok
Prunus_domestica	mito	1	1	3	4	false	0	480767	0.47128272	1358.6666	ok
Prunus_laurocerasus	mito	1	2	2	4	true	0	327891	0.45596007	648	ok
Prunus_laurocerasus	mito	2	2	3	4	false	0	257185	0.45869848	909.3333	ok
Prunus_lusitanica	mito	1	1	8	12	false	0	504584	0.44558042	596.625	ok
Prunus_padus	mito	1	2	3	4	false	0	278483	0.45438543	3558	ok
Prunus_padus	mito	2	2	1	1	true	0	156645	0.45761436	2737	ok
Prunus_spinosa	mito	1	1	1	1	true	0	477457	0.4546797	1373	ok
Pseudisothecium_interludens	mito	1	1	1	1	true	0	105770	0.411525	3828	ok
Pseudobryum_cinclidioides	mito	1	1	1	1	true	0	100192	0.39825535	4364	ok
Pseudofumaria_lutea	mito	1	1	3	4	false	0	632900	0.46172738	2096.6667	ok
Pseudognaphalium_luteoalbum	mito	1	1	3	4	false	0	234032	0.4564054	2456	ok
Pseudoscleropodium_purum	mito	1	1	1	1	true	0	105336	0.41021115	1414	ok
Pseudotaxiphyllum_elegans	mito	1	1	3	4	false	0	107297	0.3804654	2955.3333	ok
Pseudotsuga_menziesii	mito	1	2	1	0	false	0	10078	0.38271484	43	ok
Pseudotsuga_menziesii	mito	2	2	1	0	false	0	20739	0.43840107	44	ok
Pteridium_aquilinum	mito	1	1	61	98	false	0	207092	0.49043143	110.11475	ok
Pterigynandrum_filiforme	mito	1	1	3	4	false	0	107050	0.38865328	960.6667	ok
Ptilidium_ciliare	mito	1	1	1	1	true	0	179604	0.44812477	1155	ok
Ptilium_crista_castrensis	mito	1	1	3	4	false	0	106813	0.38177347	1743.6666	ok
Ptychomitrium_polyphyllum	mito	1	1	1	1	true	0	103205	0.39674434	465	ok
Ptychostomum_cyclophyllum	mito	1	1	3	4	false	0	101772	0.39526403	1576	ok
Ptychostomum_pallens	mito	1	1	1	1	true	0	100584	0.3928756	1464	ok
Puccinellia_maritima	mito	1	1	13	18	false	0	475299	0.45158738	874	ok
Pulicaria_dysenterica	mito	1	1	8	11	false	0	353925	0.44648814	704.625	ok
Pulicaria_vulgaris	mito	1	2	3	4	false	0	201159	0.45220992	664.3333	ok
Pulicaria_vulgaris	mito	2	2	3	4	false	0	133951	0.43470454	591.3333	ok
Pyrola_rotundifolia	mito	1	1	20	28	false	0	786571	0.4566682	868.05	ok
Pyrus_communis	mito	1	2	1	1	true	0	184092	0.454262	998	ok
Pyrus_communis	mito	2	2	1	1	true	0	260391	0.4512675	1051	ok
Quercus_cerris	mito	1	3	33	49	false	1	1046083	0.4526372	942.9697	ok
Quercus_cerris	mito	2	3	6	8	true	0	398305	0.45081234	936.3333	ok
Quercus_cerris	mito	3	3	1	1	true	0	78962	0.43971783	805	ok
Quercus_ilex	mito	1	1	17	24	false	0	540667	0.45420378	1681.1177	ok
Quercus_petraea	mito	1	1	8	11	false	0	375478	0.45854422	3009.875	ok
Quercus_robur	mito	1	1	9	12	false	0	377745	0.4561322	855.7778	ok
Racomitrium_heterostichum	mito	1	1	1	1	true	0	107080	0.39738512	421	ok
Radula_complanata	mito	1	1	1	1	true	0	145078	0.43455246	1183	ok
Ranunculus_acris	mito	1	1	15	20	false	0	938153	0.4551386	122.6	ok
Ranunculus_auricomus	mito	1	2	14	19	false	0	577834	0.46149325	1015.2143	ok
Ranunculus_auricomus	mito	2	2	1	1	true	0	75633	0.46373937	725	ok
Ranunculus_bulbosus	mito	1	1	12	16	true	0	859034	0.46289706	427.25	ok
Ranunculus_flammula	mito	1	1	15	20	false	0	938631	0.45857716	344.93332	ok
Ranunculus_omiophyllus	mito	1	6	3	2	false	3	110101	0.46495652	57.666668	ok
Ranunculus_omiophyllus	mito	2	6	1	0	false	0	29836	0.45776913	52	ok
Ranunculus_omiophyllus	mito	3	6	1	0	false	0	105435	0.45798832	52	ok
Ranunculus_omiophyllus	mito	4	6	1	0	false	0	59680	0.45160857	53	ok
Ranunculus_omiophyllus	mito	5	6	1	0	false	0	36130	0.45806807	44	ok
Ranunculus_omiophyllus	mito	6	6	1	0	false	0	87736	0.45944652	52	ok
Ranunculus_repens	mito	1	3	6	8	true	0	566804	0.46259058	370.66666	ok
Ranunculus_repens	mito	2	3	3	4	false	0	171088	0.45949057	377	ok
Ranunculus_repens	mito	3	3	1	1	true	0	84408	0.45691165	267	ok
Ranunculus_sardous	mito	1	1	9	12	true	0	828996	0.46062264	1033	ok
Ranunculus_sceleratus	mito	1	1	14	19	false	0	850209	0.45952994	983.9286	ok
Raphanus_raphanistrum	mito	1	1	20	27	false	0	252894	0.45250973	3162.2	ok
Reseda_lutea	mito	1	1	6	8	true	0	649029	0.43894252	3138.6667	ok
Reseda_luteola	mito	1	2	20	28	false	0	526147	0.44903007	2317.45	ok
Reseda_luteola	mito	2	2	1	1	true	0	88894	0.4535739	2458	ok
Reynoutria_japonica	mito	1	1	9	14	false	0	357982	0.4357572	1089.3334	ok
Rhabdoweisia_crispata	mito	1	1	1	1	true	0	106313	0.3979852	784	ok
Rhamnus_cathartica	mito	1	1	21	28	false	0	528155	0.43356383	2715.9524	ok
Rhinanthus_minor	mito	1	6	8	11	false	0	94423	0.4550072	1682.25	ok
Rhinanthus_minor	mito	2	6	1	1	true	0	75438	0.43516532	2511	ok
Rhinanthus_minor	mito	3	6	1	1	true	0	44475	0.4489938	2357	ok
Rhinanthus_minor	mito	4	6	1	1	true	0	39256	0.44938353	2107	ok
Rhinanthus_minor	mito	5	6	1	1	true	0	62525	0.44567773	2428	ok
Rhinanthus_minor	mito	6	6	1	1	true	0	27188	0.4376931	1552	ok
Rhodiola_rosea	mito	1	1	17	23	false	0	253619	0.4385305	1273.8823	ok
Rhodobryum_roseum	mito	1	1	1	1	true	0	103698	0.39676753	741	ok
Rhododendron_ponticum	mito	1	1	9	12	false	0	962869	0.45499304	1898	ok
Rhynchospora_alba	mito	1	1	36	48	false	0	1204173	0.42334795	1405.3611	ok
Rhynchostegiella_tenella	mito	1	1	1	1	true	0	105269	0.41107067	327	ok
Rhynchostegium_confertum	mito	1	1	1	1	true	0	104716	0.40946943	220	ok
Rhynchostegium_megapolitanum	mito	1	1	1	1	true	0	104582	0.4093343	469	ok
Rhynchostegium_riparioides	mito										missing_gfa
Rhytidiadelphus_loreus	mito	1	1	1	1	true	0	106094	0.40875074	708	ok
Rhytidium_rugosum	mito	1	1	1	1	true	0	104292	0.41044375	853	ok
Ribes_nigrum	mito	1	2	1	1	true	0	146415	0.4551378	1662	ok
Ribes_nigrum	mito	2	2	1	1	true	0	303901	0.45967603	1686	ok
Ribes_rubrum	mito	1	1	12	16	false	0	523661	0.4548293	2860.3333	ok
Ribes_uva_crispa	mito	1	1	3	4	false	0	444788	0.4585166	1669	ok
Riccardia_palmata	mito	1	1	5	7	false	0	153191	0.43756518	704.6	ok
Riccia_beyrichiana	mito	1	1	1	1	true	0	187466	0.42615193	1636	ok
Riccia_sorocarpa	mito	1	1	1	1	true	0	187554	0.42603198	1241	ok
Robinia_pseudoacacia	mito	1	1	3	4	false	0	404249	0.45695361	1957.3334	ok
Rorippa_islandica	mito	1	1	1	1	true	0	255784	0.45016497	927	ok
Rorippa_sylvestris	mito	1	2	1	1	true	0	189261	0.4482487	1443	ok
Rorippa_sylvestris	mito	2	2	1	1	true	0	65918	0.45307806	1093	ok
Rosa_agrestis	mito	1	1	1	1	true	0	271910	0.45397374	1047	ok
Rosa_canina	mito	1	1	3	4	false	0	260972	0.4518716	617.3333	ok
Rosa_rubiginosa	mito	1	1	2	2	false	0	271795	0.45328522	323	ok
Rosa_rugosa	mito	1	1	1	1	true	0	303366	0.45232162	827	ok
Rosa_spinosissima	mito	1	1	3	4	false	0	287776	0.4630356	2243	ok
Rosulabryum_capillare	mito	1	1	1	1	true	0	101271	0.39260992	5429	ok
Rubus_caesius	mito	1	1	6	8	false	0	406798	0.43943694	555.1667	ok
Rubus_chamaemorus	mito	1	2	1	1	true	0	148876	0.4414748	745	ok
Rubus_chamaemorus	mito	2	2	1	1	true	0	207345	0.4491934	657	ok
Rubus_idaeus	mito	1	1	3	4	false	0	406600	0.44236872	1094.6666	ok
Rubus_saxatilis	mito	1	1	3	4	false	0	379820	0.44162393	2987.3333	ok
Rumex_acetosa	mito	1	7	1	1	true	0	41670	0.43688506	270	ok
Rumex_acetosa	mito	2	7	1	1	true	0	46014	0.43571523	301	ok
Rumex_acetosa	mito	3	7	1	1	true	0	73655	0.4524608	462	ok
Rumex_acetosa	mito	4	7	1	1	true	0	45707	0.4437176	307	ok
Rumex_acetosa	mito	5	7	1	1	true	0	47241	0.43676046	298	ok
Rumex_acetosa	mito	6	7	1	1	true	0	40939	0.43039644	268	ok
Rumex_acetosa	mito	7	7	1	1	true	0	50848	0.4563798	276	ok
Rumex_acetosella	mito	1	7	7	8	false	0	44862	0.4085367	721.8571	ok
Rumex_acetosella	mito	2	7	1	1	true	0	85818	0.4391503	947	ok
Rumex_acetosella	mito	3	7	1	1	true	0	29394	0.4165816	588	ok
Rumex_acetosella	mito	4	7	1	1	true	0	63875	0.43353423	856	ok
Rumex_acetosella	mito	5	7	1	1	true	0	30975	0.43405974	568	ok
Rumex_acetosella	mito	6	7	1	1	true	0	41549	0.44318756	646	ok
Rumex_acetosella	mito	7	7	1	1	true	0	33692	0.4474356	585	ok
Rumex_hydrolapathum	mito	1	1	10	16	false	0	406085	0.44186583	560.9	ok
Rumex_obtusifolius	mito	1	1	17	23	false	0	416565	0.43383446	533.17645	ok
Rumex_sanguineus	mito	1	2	23	30	false	0	423205	0.43213588	1025.3043	ok
Rumex_sanguineus	mito	2	2	14	20	false	0	428933	0.44430336	1074.7142	ok
Ruppia_maritima	mito	1	1	6	8	false	0	237292	0.49838808	2091	ok
Ruscus_aculeatus	mito	1	5	14	14	false	7	214097	0.45120826	82.28571	ok
Ruscus_aculeatus	mito	2	5	3	2	false	3	85014	0.46367574	61	ok
Ruscus_aculeatus	mito	3	5	1	0	false	0	25973	0.44985178	65	ok
Ruscus_aculeatus	mito	4	5	1	0	false	0	30116	0.45045823	50	ok
Ruscus_aculeatus	mito	5	5	1	0	false	0	10353	0.5143437	46	ok
Sabulina_verna	mito	1	1	14	20	false	0	376962	0.43981934	3184.2856	ok
Saccogyna_viticulosa	mito	1	1	1	1	true	0	164479	0.45093903	1532	ok
Sagina_nodosa	mito										missing_gfa
Sagina_procumbens	mito	1	1	33	47	false	0	868370	0.38499206	475.66666	ok
Salicornia_ramosissima	mito	1	1	18	24	false	0	321844	0.4466888	3541.2778	ok
Salix_alba	mito	1	1	1	1	true	0	755160	0.44785607	2788	ok
Salix_arbuscula	mito	1	2	1	1	true	0	447070	0.4516049	668	ok
Salix_arbuscula	mito	2	2	1	1	true	0	178438	0.44598684	645	ok
Salix_aurita	mito	1	1	3	4	false	0	631540	0.4449687	3284	ok
Salix_caprea	mito	1	2	3	4	false	0	475983	0.45179594	624	ok
Salix_caprea	mito	2	2	1	1	true	0	133113	0.45433578	737	ok
Salix_cinerea	mito	1	1	6	8	false	0	654430	0.44522533	784.1667	ok
Salix_euxina	mito	1	1	1	1	true	0	755149	0.4478467	504	ok
Salix_herbacea	mito	1	1	7	10	false	0	645428	0.43657848	993.7143	ok
Salix_lanata	mito	1	1	3	4	false	0	632497	0.44723144	2335	ok
Salix_lapponum	mito	1	1	3	4	false	0	591638	0.44668993	1296.6666	ok
Salix_myrsinifolia	mito	1	1	1	1	true	0	630066	0.4498735	1004	ok
Salix_pentandra	mito	1	1	3	4	false	0	756958	0.45125523	732.3333	ok
Salix_phylicifolia	mito	1	1	3	4	false	0	270346	0.4548351	373.66666	ok
Salix_purpurea	mito	1	1	3	4	false	0	637021	0.4506543	1493.6666	ok
Salix_repens	mito	1	1	3	4	false	0	641629	0.4526243	1186.3334	ok
Salix_reticulata	mito	1	1	3	4	false	0	635358	0.441968	3409.3333	ok
Salix_triandra	mito	1	1	1	1	true	0	764007	0.44783622	1234	ok
Salix_viminalis	mito	1	2	3	4	false	0	316484	0.4497466	1033.6666	ok
Salix_viminalis	mito	2	2	1	1	true	0	319291	0.4492109	949	ok
Salvia_pratensis	mito	1	1	26	35	false	0	341132	0.4532414	3467.9614	ok
Salvia_verbenaca	mito	1	2	6	8	false	0	180754	0.45562896	2984.6667	ok
Salvia_verbenaca	mito	2	2	1	1	true	0	111027	0.44416222	2895	ok
Sambucus_ebulus	mito	1	1	6	8	false	0	647510	0.45485076	256.83334	ok
Sambucus_nigra	mito	1	1	5	8	false	0	718256	0.4580783	398.6	ok
Samolus_valerandi	mito	1	1	3	4	false	0	432016	0.45101547	2191.6667	ok
Sanguisorba_minor	mito	1	2	12	17	false	0	275878	0.42628452	654.1667	ok
Sanguisorba_minor	mito	2	2	11	15	false	0	265675	0.42385814	2432.0908	ok
Sanicula_europaea	mito	1	1	16	23	false	0	302762	0.43943614	484.875	ok
Saponaria_officinalis	mito	1	1	17	23	false	1	374122	0.44575635	720.05884	ok
Sarmentypnum_exannulatum	mito	1	1	1	1	true	0	105607	0.40833467	420	ok
Sarmentypnum_sarmentosum	mito	1	1	1	1	true	0	106608	0.41060707	473	ok
Sarracenia_purpurea	mito	1	1	18	24	false	0	656297	0.45230854	1372.9445	ok
Saxifraga_aizoides	mito	1	2	3	4	false	0	356609	0.45073983	2432.6667	ok
Saxifraga_aizoides	mito	2	2	1	1	true	0	77270	0.4473405	2127	ok
Saxifraga_cernua	mito	1	5	11	16	false	0	468729	0.44868413	398.27274	ok
Saxifraga_cernua	mito	2	5	1	1	true	0	21858	0.45717815	232	ok
Saxifraga_cernua	mito	3	5	1	1	true	0	71399	0.44139275	339	ok
Saxifraga_cernua	mito	4	5	1	1	true	0	32045	0.44347012	247	ok
Saxifraga_cernua	mito	5	5	1	1	true	0	43136	0.45055175	267	ok
Saxifraga_cespitosa	mito	1	1	5	8	false	0	486026	0.44624534	474	ok
Saxifraga_hirsuta	mito	1	1	3	4	false	0	447165	0.4438814	886	ok
Saxifraga_hypnoides	mito	1	2	11	16	false	0	436374	0.4472989	603.4545	ok
Saxifraga_hypnoides	mito	2	2	1	1	true	0	124969	0.43804464	699	ok
Saxifraga_oppositifolia	mito	1	2	19	26	false	0	438477	0.4450793	744.8947	ok
Saxifraga_oppositifolia	mito	2	2	1	1	true	0	77728	0.44774085	573	ok
Saxifraga_tridactylites	mito	1	1	3	4	false	0	288941	0.45260218	3651	ok
Scabiosa_columbaria	mito	1	1	37	51	false	0	539720	0.45234862	2126.4866	ok
Scapania_compacta	mito	1	1	3	4	false	0	146514	0.46433446	452	ok
Scapania_gracilis	mito	1	1	1	1	true	0	144499	0.4489512	534	ok
Scapania_irrigua	mito	1	1	1	0	false	0	139783	0.44956827	499	ok
Scapania_ornithopodioides	mito	1	1	1	1	true	0	144322	0.45121327	403	ok
Scapania_uliginosa	mito	1	1	1	1	true	0	142592	0.4497868	484	ok
Scapania_undulata	mito	1	1	1	1	true	0	141817	0.45024925	1091	ok
Scheuchzeria_palustris	mito	1	1	3	4	false	0	424362	0.48344752	2839	ok
Schistidium_strictum	mito	1	1	1	1	true	0	107246	0.39524084	835	ok
Schoenoplectus_lacustris	mito	1	1	21	28	false	0	2074166	0.43165794	179.5238	ok
Schoenoplectus_tabernaemontani	mito	1	1	34	46	false	0	2130341	0.43083584	1156.4706	ok
Schoenoplectus_triqueter	mito	1	1	21	28	false	0	1614964	0.42894122	569.7619	ok
Schoenus_ferrugineus	mito	1	1	37	50	true	0	2225419	0.4197078	697.8919	ok
Schoenus_nigricans	mito	1	1	27	36	false	0	1657227	0.42705303	678.1852	ok
Scilla_verna	mito	1	1	29	39	false	0	430005	0.4839076	1374.6207	ok
Scirpus_sylvaticus	mito	1	1	20	27	false	0	1961564	0.41511378	341.15	ok
Sciuro_hypnum_glaciale	mito	1	1	3	4	false	0	106705	0.38132414	717	ok
Sciuro_hypnum_plumosum	mito	1	1	1	1	true	0	105607	0.40834415	594	ok
Scleranthus_perennis	mito	1	1	62	94	false	0	278251	0.42766362	2746.4033	ok
Scorpidium_scorpioides	mito	1	1	1	1	true	0	105644	0.4134357	196	ok
Scorzonera_humilis	mito	1	1	20	27	false	0	381406	0.45037133	1189.4	ok
Scorzoneroides_autumnalis	mito	1	2	32	46	false	1	370346	0.43937227	575.21875	ok
Scorzoneroides_autumnalis	mito	2	2	6	8	true	0	321332	0.45514545	270	ok
Scrophularia_auriculata	mito	1	1	5	8	false	0	860881	0.44797048	1177.8	ok
Scrophularia_umbrosa	mito	1	1	6	8	false	0	757865	0.4439976	348.83334	ok
Scrophularia_vernalis	mito	1	4	3	4	false	0	604664	0.45415974	1229	ok
Scrophularia_vernalis	mito	2	4	1	1	true	0	127100	0.45110148	1136	ok
Scrophularia_vernalis	mito	3	4	1	1	true	0	243456	0.45124376	1197	ok
Scrophularia_vernalis	mito	4	4	1	1	true	0	54520	0.44710198	1065	ok
Scutellaria_galericulata	mito	1	1	1	1	true	0	327327	0.45466155	1175	ok
Scutellaria_minor	mito	1	1	6	8	false	0	376501	0.4457419	2260.6667	ok
Sedum_acre	mito	1	2	1	1	true	0	80489	0.44657034	1070	ok
Sedum_acre	mito	2	2	1	1	true	0	123957	0.44402495	1169	ok
Sedum_album	mito	1	1	1	1	true	0	197001	0.45313984	381	ok
Sedum_anglicum	mito	1	1	9	12	false	0	219153	0.44991916	3462	ok
Selaginella_selaginoides	mito	1	1	75	114	false	1	189333	0.55874616	4082.4666	ok
Senecio_eboracensis	mito	1	1	6	8	false	0	295555	0.4413935	856.1667	ok
Senecio_squalidus	mito	1	1	12	16	false	0	343857	0.45069134	2285.5	ok
Senecio_sylvaticus	mito	1	1	3	4	false	0	264779	0.45652995	1352	ok
Senecio_viscosus	mito	1	1	6	8	false	0	312259	0.44939756	2052.5	ok
Senecio_vulgaris	mito	1	1	3	4	false	0	273973	0.44920197	1253.3334	ok
Sesleria_caerulea	mito	1	2	8	11	false	0	405405	0.44612265	781.5	ok
Sesleria_caerulea	mito	2	2	1	1	true	0	101843	0.43749693	583	ok
Sherardia_arvensis	mito	1	1	2	4	false	0	192771	0.43111765	1513	ok
Sibbaldia_procumbens	mito	1	1	1	1	true	0	243207	0.4523143	138	ok
Sibthorpia_europaea	mito	1	1	10	14	false	0	336611	0.43690377	1280.4	ok
Silaum_silaus	mito	1	3	8	10	false	3	174821	0.44480234	270.375	ok
Silaum_silaus	mito	2	3	4	6	false	1	74558	0.45690387	231.5	ok
Silaum_silaus	mito	3	3	1	1	true	0	39014	0.45178655	272	ok
Silene_acaulis	mito	1	4	36	49	false	0	1395549	0.42905948	781.44446	ok
Silene_acaulis	mito	2	4	1	1	true	0	177851	0.42129084	501	ok
Silene_acaulis	mito	3	4	1	1	true	0	31797	0.44057617	490	ok
Silene_acaulis	mito	4	4	1	1	true	0	35532	0.42032534	445	ok
Silene_dioica	mito	1	5	3	2	false	3	74715	0.42962256	68.666664	ok
Silene_dioica	mito	2	5	3	2	false	3	48310	0.44146273	69	ok
Silene_dioica	mito	3	5	1	0	false	0	62954	0.4022461	62	ok
Silene_dioica	mito	4	5	1	0	false	0	15796	0.43124843	44	ok
Silene_dioica	mito	5	5	1	1	true	0	41462	0.43562782	72	ok
Silene_flos_cuculi	mito										missing_gfa
Silene_latifolia	mito	1	1	12	16	false	1	291150	0.41830203	693.75	ok
Silene_uniflora	mito	1	1	145	221	false	3	508560	0.41099128	1642.5586	ok
Silene_vulgaris	mito	1	2	172	284	false	2	566644	0.3752851	329.09302	ok
Silene_vulgaris	mito	2	2	1	1	true	0	4817	0.47062486	470	ok
Sinapis_arvensis	mito	1	1	14	20	false	0	245486	0.44827908	5059.857	ok
Sisymbrium_altissimum	mito	1	1	1	1	true	0	314629	0.44993308	1376	ok
Sisymbrium_officinale	mito	1	1	9	12	false	0	288841	0.44158858	1237.8889	ok
Sisyrinchium_bermudianum	mito	1	1	6	8	false	0	257165	0.452389	825.5	ok
Sium_latifolium	mito	1	1	8	11	false	0	338927	0.4479064	479.125	ok
Smyrnium_perfoliatum	mito	1	2	158	260	false	10	513017	0.4222293	609.3924	ok
Smyrnium_perfoliatum	mito	2	2	1	0	false	0	11541	0.45680618	191	ok
Solanum_crispum	mito	1	1	9	12	false	0	478901	0.45067775	237.55556	ok
Solanum_dulcamara	mito	1	2	9	12	false	0	397783	0.45442575	1599.7778	ok
Solanum_dulcamara	mito	2	2	1	1	true	0	56430	0.44908735	1128	ok
Solanum_nigrum	mito	1	1	9	12	true	0	465397	0.45446074	1256.7778	ok
Soleirolia_soleirolii	mito	1	1	52	76	false	0	453113	0.4281792	8246.77	ok
Solenostoma_gracillimum	mito	1	3	1	1	true	0	33513	0.26789603	753	ok
Solenostoma_gracillimum	mito	2	3	1	1	true	0	32738	0.2696866	121	ok
Solenostoma_gracillimum	mito	3	3	1	1	true	0	159141	0.44669822	481	ok
Solidago_canadensis	mito	1	1	3	4	false	0	257596	0.4553175	1799.3334	ok
Solidago_virgaurea	mito	1	1	3	4	false	0	270346	0.4548351	432	ok
Sonchus_arvensis	mito	1	1	1	0	false	0	629007	0.44982964	144	ok
Sonchus_asper	mito	1	1	13	18	false	0	335981	0.4455058	1924.2307	ok
Sonchus_oleraceus	mito	1	1	13	19	false	0	335977	0.44550598	971.1539	ok
Sorbus_bristoliensis	mito	1	1	1	1	true	0	386950	0.45315674	2356	ok
Sorbus_cuneifolia	mito	1	1	1	1	true	0	389477	0.4536725	1211	ok
Sorbus_devoniensis	mito	1	1	1	1	true	0	386950	0.4531464	1716	ok
Sorbus_hibernica	mito	1	1	3	4	false	0	425231	0.46471432	924	ok
Southbya_tophacea	mito	1	1	1	0	false	0	164460	0.45394015	363	ok
Sparganium_angustifolium	mito	1	3	1	1	true	0	114849	0.46314725	658	ok
Sparganium_angustifolium	mito	2	3	1	1	true	0	185123	0.46324876	490	ok
Sparganium_angustifolium	mito	3	3	1	1	true	0	133579	0.46722913	508	ok
Sparganium_emersum	mito	1	3	1	1	true	0	115033	0.46300626	557	ok
Sparganium_emersum	mito	2	3	1	1	true	0	132649	0.46656966	432	ok
Sparganium_emersum	mito	3	3	1	1	true	0	172665	0.46350446	445	ok
Sparganium_erectum	mito	1	3	1	1	true	0	129981	0.4616521	786	ok
Sparganium_erectum	mito	2	3	1	1	true	0	241334	0.46773764	658	ok
Sparganium_erectum	mito	3	3	1	1	true	0	67867	0.45384353	512	ok
Sparganium_natans	mito	1	3	1	1	true	0	143313	0.46071187	879	ok
Sparganium_natans	mito	2	3	1	1	true	0	156028	0.46639064	727	ok
Sparganium_natans	mito	3	3	1	1	true	0	133127	0.46607375	622	ok
Spergula_arvensis	mito	1	1	7	12	false	0	335332	0.44828624	487.7143	ok
Spergularia_bocconei	mito	1	1	22	32	false	0	334589	0.4458264	3355.818	ok
Spergularia_marina	mito	1	1	19	28	false	0	333072	0.44665277	1255.421	ok
Spergularia_media	mito	1	1	20	29	false	0	322984	0.43953228	5438.15	ok
Spergularia_rubra	mito	1	1	13	24	false	0	293343	0.44459873	2458.1538	ok
Sphagnum_angustifolium	mito	1	3	1	0	false	0	18222	0.4012732	46	ok
Sphagnum_angustifolium	mito	2	3	1	0	false	0	45925	0.3853239	45	ok
Sphagnum_angustifolium	mito	3	3	1	0	false	0	26442	0.38321608	44	ok
Sphagnum_capillifolium	mito	1	1	1	1	true	0	141805	0.39042348	116	ok
Sphagnum_compactum	mito	1	1	1	1	true	0	142506	0.39057302	208	ok
Sphagnum_contortum	mito	1	1	1	1	true	0	141744	0.38999182	1243	ok
Sphagnum_fallax	mito	1	1	1	1	true	0	141575	0.39020306	155	ok
Sphagnum_fimbriatum	mito	1	1	1	1	true	0	142650	0.390354	211	ok
Sphagnum_girgensohnii	mito	1	1	1	1	true	0	142534	0.39055243	695	ok
Sphagnum_inundatum	mito	1	1	1	1	true	0	139961	0.38884404	275	ok
Sphagnum_lindbergii	mito	1	1	1	1	true	0	143046	0.39102107	399	ok
Sphagnum_medium	mito	1	1	1	1	true	0	142108	0.3899288	502	ok
Sphagnum_palustre	mito	1	1	1	1	true	0	142181	0.39014354	622	ok
Sphagnum_papillosum	mito	1	1	1	1	true	0	142651	0.39014798	267	ok
Sphagnum_riparium	mito	1	1	1	1	true	0	142272	0.39029464	371	ok
Sphagnum_rubellum	mito	1	1	1	1	true	0	142566	0.39026135	286	ok
Sphagnum_squarrosum	mito	1	1	1	1	true	0	143115	0.39011285	2417	ok
Sphagnum_tenellum	mito	1	1	1	1	true	0	141348	0.38999492	872	ok
Sphagnum_teres	mito	1	1	1	1	true	0	142216	0.3907577	785	ok
Spinacia_oleracea	mito	1	1	3	4	false	0	325567	0.43999222	680.3333	ok
Spiraea_salicifolia	mito	1	1	6	8	false	0	299714	0.45676196	386.83334	ok
Spirodela_polyrhiza	mito	1	1	2	4	false	0	229867	0.46110725	2408.5	ok
Splachnum_sphaericum	mito	1	1	1	1	true	0	104545	0.39979914	261	ok
Stachys_alpina	mito	1	4	2	3	true	0	173679	0.44506216	2502.5	ok
Stachys_alpina	mito	2	4	1	1	true	0	60299	0.4537057	2130	ok
Stachys_alpina	mito	3	4	1	1	true	0	49111	0.43898517	1863	ok
Stachys_alpina	mito	4	4	1	1	true	0	79179	0.44917214	2148	ok
Stachys_palustris	mito	1	2	3	4	false	0	240344	0.44341156	1042.3334	ok
Stachys_palustris	mito	2	2	1	1	true	0	104789	0.44875893	806	ok
Stachys_sylvatica	mito	1	1	1	1	true	0	229000	0.45430568	172	ok
Stellaria_alsine	mito	1	3	7	8	false	3	10333	0.38451725	571.5714	ok
Stellaria_alsine	mito	2	3	4	4	false	4	6499	0.4057026	937.75	ok
Stellaria_alsine	mito	3	3	5	5	false	2	7027	0.37371525	852.6	ok
Stellaria_graminea	mito	1	4	5	6	false	5	7141	0.39625162	498.6	ok
Stellaria_graminea	mito	2	4	6	8	false	6	9720	0.4097917	906	ok
Stellaria_graminea	mito	3	4	5	6	false	5	7010	0.40286508	548.8	ok
Stellaria_graminea	mito	4	4	5	6	false	5	7010	0.40272388	594	ok
Stellaria_holostea	mito	1	1	14	18	false	10	22701	0.43884325	53.785713	ok
Stellaria_media	mito	1	1	11	15	false	0	471125	0.44419843	511.81818	ok
Stellaria_palustris	mito	1	1	32	40	false	8	58437	0.4858083	501.40625	ok
Stereodon_callichrous	mito	1	1	1	1	true	0	104862	0.41076845	325	ok
Straminergon_stramineum	mito	1	1	1	1	true	0	105488	0.40867206	432	ok
Struthiopteris_spicant	mito	1	1	38	54	false	0	189067	0.47355792	6161.3687	ok
Stuckenia_filiformis	mito	1	1	3	4	false	0	263551	0.4763759	151.33333	ok
Stuckenia_pectinata	mito	1	1	9	12	false	0	268797	0.4808629	415.33334	ok
Suaeda_maritima	mito	1	1	11	15	false	0	602285	0.45053738	1034.5454	ok
Suaeda_vera	mito	1	1	19	27	false	0	635417	0.44470808	1109.579	ok
Succisa_pratensis	mito	1	2	12	16	false	0	481411	0.45474955	607	ok
Succisa_pratensis	mito	2	2	1	1	true	0	64361	0.43737668	506	ok
Symphytum_tuberosum	mito	1	1	8	11	false	0	356160	0.4603059	2324.625	ok
Syntrichia_ruraliformis	mito	1	1	1	1	true	0	106300	0.3957573	1156	ok
Syringa_vulgaris	mito	1	1	6	8	false	0	771760	0.4442779	1678.5	ok
Tamarix_gallica	mito	1	1	9	12	false	0	456413	0.44767106	1598.7778	ok
Tanacetum_parthenium	mito	1	1	2	3	false	0	222020	0.4557281	289.5	ok
Tanacetum_vulgare	mito	1	1	1	1	true	0	228043	0.45415118	345	ok
Tellima_grandiflora	mito	1	1	7	9	false	0	532972	0.45359844	987.1429	ok
Tephroseris_palustris	mito	1	1	3	4	false	0	300417	0.45342517	442	ok
Tetraplodon_mnioides	mito	1	1	1	1	true	0	106309	0.39993793	470	ok
Teucrium_botrys	mito	1	10	4	6	true	0	118528	0.44878933	848.5	ok
Teucrium_botrys	mito	2	10	1	1	true	0	36575	0.44836637	628	ok
Teucrium_botrys	mito	3	10	1	1	true	0	31200	0.46621794	546	ok
Teucrium_botrys	mito	4	10	1	1	true	0	69452	0.45002303	733	ok
Teucrium_botrys	mito	5	10	1	1	true	0	41857	0.45703226	654	ok
Teucrium_botrys	mito	6	10	1	1	true	0	20998	0.44980475	446	ok
Teucrium_botrys	mito	7	10	1	1	true	0	29716	0.45076725	545	ok
Teucrium_botrys	mito	8	10	1	1	true	0	23839	0.44989303	465	ok
Teucrium_botrys	mito	9	10	1	1	true	0	31060	0.4461687	568	ok
Teucrium_botrys	mito	10	10	1	1	true	0	24822	0.4458142	485	ok
Teucrium_chamaedrys	mito	1	6	9	12	false	0	119384	0.4711095	987.1111	ok
Teucrium_chamaedrys	mito	2	6	6	8	false	0	149994	0.44968474	1334	ok
Teucrium_chamaedrys	mito	3	6	3	4	false	0	88563	0.4480888	1189.3334	ok
Teucrium_chamaedrys	mito	4	6	2	4	false	0	57082	0.45488685	962	ok
Teucrium_chamaedrys	mito	5	6	1	1	true	0	25705	0.44862866	739	ok
Teucrium_chamaedrys	mito	6	6	1	1	true	0	27771	0.4463649	787	ok
Teucrium_scorodonia	mito	1	3	27	38	true	0	437862	0.45067418	880.8889	ok
Teucrium_scorodonia	mito	2	3	3	4	false	0	47676	0.4423798	441	ok
Teucrium_scorodonia	mito	3	3	1	1	true	0	32691	0.44617784	626	ok
Thalictrum_alpinum	mito	1	1	13	17	false	0	417387	0.4597905	1590.9231	ok
Thalictrum_flavum	mito	1	1	3	4	false	0	447808	0.45862186	646	ok
Thalictrum_minus	mito	1	1	3	4	false	0	422940	0.46362844	376.33334	ok
Thamnobryum_alopecurum	mito	1	1	1	1	true	0	105465	0.41175747	634	ok
Thelypteris_palustris	mito	1	1	56	86	false	0	220625	0.4816247	655.5357	ok
Thuidium_delicatulum	mito	1	1	1	1	true	0	103257	0.41060653	210	ok
Thuidium_tamariscinum	mito	1	1	1	1	true	0	103489	0.41057503	225	ok
Thymus_drucei	mito	1	1	71	100	false	1	479878	0.43064022	1315.8451	ok
Thymus_pulegioides	mito	1	1	79	113	false	0	456401	0.43407664	2670.8481	ok
Thymus_serpyllum	mito	1	1	119	170	false	0	526958	0.43409476	2012.8152	ok
Tilia_cordata	mito	1	1	3	4	false	0	789305	0.44873026	1454.6666	ok
Tofieldia_pusilla	mito	1	1	16	22	false	0	815950	0.4549236	1260	ok
Torilis_japonica	mito	1	1	24	32	false	0	293079	0.44033992	4027.7083	ok
Tortella_tortuosa	mito	1	1	1	1	true	0	104589	0.3919724	1022	ok
Tragopogon_porrifolius	mito	1	1	13	18	false	0	346208	0.458483	814	ok
Tragopogon_pratensis	mito	1	1	10	14	false	0	337952	0.46015844	1498.1	ok
Tricholepidozia_tetradactyla	mito	1	1	3	4	false	0	168738	0.4698139	950.6667	ok
Trichophorum_cespitosum	mito	1	1	12	16	false	0	1511433	0.41955698	514.6667	ok
Trichostomum_littorale	mito	1	1	1	1	true	0	105930	0.39315584	1063	ok
Trifolium_arvense	mito	1	1	1	1	true	0	317238	0.44944173	1919	ok
Trifolium_bocconei	mito	1	1	1	1	true	0	307929	0.44999984	640	ok
Trifolium_campestre	mito	1	1	8	11	true	0	317392	0.4448609	1534	ok
Trifolium_dubium	mito	1	3	1	1	true	0	51656	0.44351092	571	ok
Trifolium_dubium	mito	2	3	1	1	true	0	82292	0.44462404	749	ok
Trifolium_dubium	mito	3	3	1	1	true	0	183666	0.45519584	1042	ok
Trifolium_fragiferum	mito	1	1	3	4	false	0	296439	0.46318552	555.6667	ok
Trifolium_incarnatum	mito	1	3	3	4	false	0	187571	0.44722638	609	ok
Trifolium_incarnatum	mito	2	3	1	1	true	0	77566	0.45531547	427	ok
Trifolium_incarnatum	mito	3	3	1	1	true	0	56018	0.45190832	457	ok
Trifolium_medium	mito	1	1	2	4	true	0	298608	0.4515234	1090	ok
Trifolium_occidentale	mito	1	1	3	4	true	0	321896	0.45389763	2073	ok
Trifolium_ochroleucon	mito	1	1	12	16	false	0	327500	0.45350015	312.25	ok
Trifolium_pratense	mito	1	1	3	4	false	0	299594	0.45639446	1723.3334	ok
Trifolium_repens	mito	1	1	1	1	true	0	351277	0.44963947	733	ok
Trifolium_scabrum	mito	1	1	12	16	false	0	332608	0.45041907	3324.0833	ok
Trifolium_squamosum	mito	1	1	13	18	false	0	311640	0.45402268	635.1539	ok
Trifolium_striatum	mito	1	1	5	7	false	0	286982	0.44218245	723.4	ok
Trifolium_strictum	mito	1	1	2	4	true	0	346095	0.45007217	159.5	ok
Trifolium_subterraneum	mito	1	1	6	8	false	0	308677	0.4473666	2352.1667	ok
Triglochin_maritima	mito	1	2	13	17	false	1	310738	0.47656614	1004.1539	ok
Triglochin_maritima	mito	2	2	1	1	true	0	38950	0.48500642	828	ok
Triglochin_palustris	mito	1	2	1	1	true	0	220713	0.48638278	275	ok
Triglochin_palustris	mito	2	2	1	1	true	0	132754	0.47868237	198	ok
Trinia_glauca	mito										missing_gfa
Tripleurospermum_maritimum	mito	1	1	1	1	true	0	228999	0.4543033	590	ok
Tripolium_pannonicum	mito	1	2	6	8	false	0	216723	0.4455105	472.16666	ok
Tripolium_pannonicum	mito	2	2	1	1	true	0	84330	0.4493063	470	ok
Trocdaris_verticillatum	mito	1	1	17	25	false	0	298614	0.43398774	1090.1765	ok
Trollius_europaeus	mito	1	1	9	12	true	0	701564	0.47024024	603	ok
Tulipa_sylvestris	mito										missing_gfa
Turritis_glabra	mito	1	2	1	1	true	0	138187	0.44949237	1951	ok
Turritis_glabra	mito	2	2	1	1	true	0	139032	0.44702658	1710	ok
Tussilago_farfara	mito	1	1	12	16	false	0	303483	0.45184407	1404.1666	ok
Typha_latifolia	mito	1	7	1	0	false	0	37862	0.46555912	98	ok
Typha_latifolia	mito	2	7	1	0	false	0	102530	0.4614064	110	ok
Typha_latifolia	mito	3	7	1	0	false	0	16258	0.47392052	88	ok
Typha_latifolia	mito	4	7	1	0	false	0	31257	0.4727261	96	ok
Typha_latifolia	mito	5	7	1	0	false	0	41711	0.46059793	100	ok
Typha_latifolia	mito	6	7	1	0	false	0	31107	0.46635807	101	ok
Typha_latifolia	mito	7	7	1	0	false	0	38934	0.4635794	92	ok
Ulex_europaeus	mito	1	1	3	4	false	0	430272	0.4521056	1133.6666	ok
Ulex_minor	mito	1	1	1	1	true	0	481414	0.44900647	604	ok
Ulmus_glabra	mito	1	1	1	1	true	0	521320	0.45015153	1417	ok
Ulmus_minor	mito	1	1	3	4	false	0	523275	0.4136162	707	ok
Ulmus_plotii	mito	1	1	6	8	false	0	312910	0.43601927	2101.1667	ok
Ulmus_procera	mito	1	1	1	1	true	0	521320	0.45013812	1464	ok
Ulota_crispa	mito	1	1	1	1	true	0	105547	0.39854282	867	ok
Ulota_phyllantha	mito	1	1	1	1	true	0	105477	0.3978403	574	ok
Umbilicus_rupestris	mito	1	1	1	1	true	0	242384	0.45168412	1525	ok
Urtica_dioica	mito	1	1	12	16	false	0	313641	0.37745628	2237.9167	ok
Urtica_urens	mito	1	1	3	4	false	0	334764	0.3883233	1231.3334	ok
Utricularia_minor	mito	1	2	1	0	false	0	173449	0.44217607	333	ok
Utricularia_minor	mito	2	2	1	0	false	0	206417	0.44748735	357	ok
Utricularia_vulgaris	mito	1	1	3	4	false	0	381346	0.4405116	979.3333	ok
Vaccinium_myrtillus	mito	1	1	3	4	false	0	751658	0.45223346	3528.3333	ok
Vaccinium_oxycoccos	mito	1	2	1	1	true	0	223647	0.45368817	572	ok
Vaccinium_oxycoccos	mito	2	2	1	1	true	0	262301	0.4536887	638	ok
Vaccinium_vitis_idaea	mito	1	1	1	1	true	0	551720	0.45395127	754	ok
Valeriana_officinalis	mito	1	1	14	19	false	0	1088941	0.41737986	941.2857	ok
Valeriana_pyrenaica	mito	1	1	12	16	true	0	1354233	0.42324397	183.08333	ok
Valerianella_locusta	mito	1	16	1	1	true	0	61799	0.39604202	1507	ok
Valerianella_locusta	mito	2	16	1	1	true	0	120086	0.39933047	1930	ok
Valerianella_locusta	mito	3	16	1	1	true	0	67044	0.39873815	1697	ok
Valerianella_locusta	mito	4	16	1	1	true	0	113971	0.40137404	1886	ok
Valerianella_locusta	mito	5	16	1	1	true	0	83420	0.40118676	1660	ok
Valerianella_locusta	mito	6	16	1	1	true	0	71272	0.40067628	1725	ok
Valerianella_locusta	mito	7	16	1	1	true	0	84955	0.3986699	1700	ok
Valerianella_locusta	mito	8	16	1	1	true	0	78148	0.39627373	1630	ok
Valerianella_locusta	mito	9	16	1	1	true	0	78910	0.4005449	1903	ok
Valerianella_locusta	mito	10	16	1	1	true	0	58994	0.4155677	1703	ok
Valerianella_locusta	mito	11	16	1	1	true	0	46768	0.4206295	1458	ok
Valerianella_locusta	mito	12	16	1	1	true	0	99220	0.400766	1663	ok
Valerianella_locusta	mito	13	16	1	1	true	0	71114	0.40070873	1640	ok
Valerianella_locusta	mito	14	16	1	1	true	0	93215	0.3948077	1831	ok
Valerianella_locusta	mito	15	16	1	1	true	0	63904	0.38596958	1636	ok
Valerianella_locusta	mito	16	16	1	1	true	0	123040	0.39429453	1995	ok
Vandenboschia_speciosa	mito	1	1	173	272	false	2	772292	0.48851737	192.37572	ok
Verbascum_nigrum	mito	1	2	3	4	false	0	325752	0.44869778	1258.6666	ok
Verbascum_nigrum	mito	2	2	1	1	true	0	159090	0.45286945	962	ok
Verbascum_thapsus	mito	1	2	3	4	false	0	318099	0.4490308	747.6667	ok
Verbascum_thapsus	mito	2	2	3	4	false	0	159163	0.46952763	505	ok
Verbena_officinalis	mito	1	1	6	8	false	0	491677	0.45579365	2151.3333	ok
Veronica_anagallis_aquatica	mito	1	1	3	4	false	0	340626	0.43969873	907	ok
Veronica_arvensis	mito	1	1	3	4	false	0	277530	0.46141568	2454.3333	ok
Veronica_beccabunga	mito	1	1	3	4	false	0	333737	0.44435206	5038.3335	ok
Veronica_chamaedrys	mito	1	1	6	8	false	0	309949	0.4435526	1756.5	ok
Veronica_filiformis	mito	1	1	21	28	false	0	314594	0.43305743	2349.7144	ok
Veronica_hederifolia	mito	1	1	17	23	false	0	307211	0.42844662	1953.4706	ok
Veronica_montana	mito	1	2	6	8	false	0	312910	0.43601927	1580	ok
Veronica_montana	mito	2	2	1	1	true	0	486596	0.45245954	746	ok
Veronica_officinalis	mito	1	1	3	4	true	0	352053	0.43084058	2158.3333	ok
Veronica_persica	mito	1	1	12	16	false	0	319010	0.44867685	2447.4167	ok
Veronica_praecox	mito	1	1	6	8	false	0	347280	0.43622315	5625	ok
Veronica_scutellata	mito	1	2	1	1	true	0	201946	0.44463867	830	ok
Veronica_scutellata	mito	2	2	1	1	true	0	134064	0.4377163	815	ok
Veronica_serpyllifolia	mito	1	1	3	4	false	0	324799	0.44683936	2164	ok
Veronica_spicata	mito	1	1	6	8	false	0	525603	0.44763172	2225.8333	ok
Veronica_triphyllos	mito	1	1	6	8	false	0	324556	0.43483087	3981.8333	ok
Veronica_verna	mito	1	1	3	4	false	0	306776	0.45387718	2312.6667	ok
Viburnum_lantana	mito	1	1	5	7	false	0	654271	0.46217814	787	ok
Viburnum_opulus	mito	1	1	3	4	true	0	681034	0.457381	875	ok
Vicia_cracca	mito	1	1	11	16	false	0	452245	0.43255612	272.63635	ok
Vicia_hirsuta	mito	1	1	1	1	true	0	326260	0.45159996	365	ok
Vicia_lutea	mito	1	1	6	8	true	0	374924	0.44621238	158.16667	ok
Vicia_parviflora	mito	1	2	1	1	true	0	342495	0.4525263	476	ok
Vicia_parviflora	mito	2	2	1	1	true	0	64613	0.4476963	398	ok
Vicia_sativa	mito	1	1	3	4	false	0	401813	0.4647546	1856	ok
Vicia_sepium	mito	1	1	6	8	false	0	386602	0.46066022	461.33334	ok
Vinca_minor	mito	1	2	32	47	false	1	1044690	0.4514191	1188.8438	ok
Vinca_minor	mito	2	2	1	1	true	0	78962	0.43971783	981	ok
Viola_hirta	mito	1	1	3	4	false	0	487345	0.44241014	2049.6667	ok
Viola_lutea	mito	1	3	1	1	true	0	154250	0.44395462	576	ok
Viola_lutea	mito	2	3	1	1	true	0	132170	0.44431415	516	ok
Viola_lutea	mito	3	3	1	1	true	0	133797	0.4387916	562	ok
Viola_odorata	mito	1	1	1	1	true	0	482146	0.4417749	1274	ok
Viola_palustris	mito	1	1	3	4	true	0	516080	0.44280955	2536	ok
Viola_riviniana	mito	1	3	17	22	false	2	661661	0.46426213	165.11765	ok
Viola_riviniana	mito	2	3	2	2	true	1	285115	0.44750673	82	ok
Viola_riviniana	mito	3	3	1	1	true	0	138671	0.44690672	199	ok
Viola_stagnina	mito	1	1	1	1	true	0	485622	0.44061637	778	ok
Viola_tricolor	mito	1	3	1	1	true	0	152206	0.4439444	1304	ok
Viola_tricolor	mito	2	3	1	1	true	0	133235	0.4448681	1167	ok
Viola_tricolor	mito	3	3	1	1	true	0	135191	0.43793595	1329	ok
Viscaria_vulgaris	mito	1	1	20	28	true	1	433975	0.42666864	1096.2	ok
Viscum_album	mito	1	3	3	4	false	0	120787	0.454627	88	ok
Viscum_album	mito	2	3	3	4	true	0	289094	0.45140448	104.333336	ok
Viscum_album	mito	3	3	1	1	true	0	134321	0.46244445	84	ok
Vitis_vinifera	mito	1	1	1	1	true	0	817464	0.44188246	563	ok
Woodsia_ilvensis	mito	1	1	43	61	false	0	195933	0.4733477	793.907	ok
Xerophyllum_tenax	mito	1	3	9	12	false	0	852935	0.46249968	699	ok
Xerophyllum_tenax	mito	2	3	1	1	true	0	104151	0.46921298	520	ok
Xerophyllum_tenax	mito	3	3	1	1	true	0	106380	0.46296296	568	ok
Zostera_marina	mito	1	1	35	48	false	0	209791	0.4517521	5356.8857	ok
Zostera_noltei	mito	1	5	1	0	false	0	84997	0.38200173	54	ok
Zostera_noltei	mito	2	5	1	0	false	0	24380	0.36706316	43	ok
Zostera_noltei	mito	3	5	1	0	false	0	22321	0.44464853	50	ok
Zostera_noltei	mito	4	5	1	0	false	0	10038	0.45706317	43	ok
Zostera_noltei	mito	5	5	1	0	false	0	36222	0.39561594	50	ok
Zygodon_viridissimus	mito	1	1	1	1	true	0	104035	0.3941462	652	ok
Acaena_ovalifolia	pltd	1	1	3	4	false	0	131325	0.36650443	9600.667	ok
Acer_campestre	pltd	1	1	7	10	false	0	136367	0.3590207	5300.857	ok
Acer_pseudoplatanus	pltd	1	1	3	4	false	0	132400	0.3716102	14891	ok
Achillea_maritima	pltd	1	1	3	4	false	0	128575	0.3690082	7660.3335	ok
Achillea_millefolium	pltd	1	1	3	4	false	0	127599	0.3696704	4750.6665	ok
Achillea_ptarmica	pltd	1	1	3	4	false	0	127734	0.36948788	1353.6666	ok
Aconitum_napellus	pltd	1	1	3	4	false	0	131304	0.37326744	3662.3333	ok
Adiantum_capillus_veneris	pltd	1	1	9	14	false	0	139154	0.41636673	26640.111	ok
Adonis_annua	pltd	1	1	3	4	false	0	128372	0.3710992	6357	ok
Adoxa_moschatellina	pltd	1	1	3	4	false	0	133749	0.36969897	18967.334	ok
Aegonychon_purpurocaeruleum	pltd	1	1	5	7	false	0	130021	0.36533052	32283.4	ok
Aesculus_hippocastanum	pltd	1	1	3	4	false	0	131604	0.3700038	31381	ok
Aethusa_cynapium	pltd	1	1	3	4	false	0	132633	0.37764826	9908.333	ok
Agrimonia_eupatoria	pltd	1	1	3	4	false	0	130347	0.35956374	4204.6665	ok
Agrostemma_githago	pltd	1	1	3	4	false	0	129699	0.35562125	14707.333	ok
Agrostis_capillaris	pltd	1	1	3	4	false	0	117795	0.37998882	4798	ok
Agrostis_gigantea	pltd	1	2	3	4	false	0	113367	0.37779894	546.6667	ok
Agrostis_gigantea	pltd	2	2	3	4	false	0	117806	0.37999168	716	ok
Agrostis_stolonifera	pltd	1	1	5	7	false	0	120334	0.39286837	6087.2	ok
Ailanthus_altissima	pltd	1	1	3	4	false	0	136435	0.3713418	20250.334	ok
Ajuga_chamaepitys	pltd	1	1	3	4	false	0	127409	0.37573293	31173.334	ok
Ajuga_reptans	pltd	1	1	3	4	false	0	126564	0.3760098	14210.667	ok
Alchemilla_alpina	pltd	1	1	3	4	false	0	127980	0.36147118	1955.6666	ok
Alchemilla_arvensis	pltd	1	1	3	4	false	0	128423	0.36164138	11439.333	ok
Alchemilla_glaucescens	pltd	1	1	3	4	false	0	128318	0.36118254	17375.666	ok
Alchemilla_micans	pltd	1	1	3	4	false	0	128310	0.36122885	8544.667	ok
Alisma_plantago_aquatica	pltd	1	1	3	4	false	0	136071	0.35606018	4833.6665	ok
Alleniella_complanata	pltd	1	1	3	4	false	0	118207	0.3371067	183.33333	ok
Alliaria_petiolata	pltd	1	1	3	4	false	0	129228	0.35511255	12735	ok
Allium_paradoxum	pltd	1	1	3	4	false	0	123563	0.3626964	5032.6665	ok
Allium_schoenoprasum	pltd	1	1	3	4	false	0	128250	0.35751787	2995.3333	ok
Allium_triquetrum	pltd	1	1	3	4	false	0	128514	0.36052823	6396.6665	ok
Alnus_cordata	pltd	1	1	3	4	false	0	137551	0.35991725	6920.3335	ok
Alnus_glutinosa	pltd	1	1	3	4	false	0	137001	0.35976815	7450.6665	ok
Alnus_incana	pltd	1	1	7	11	false	0	141253	0.36027026	27873.857	ok
Alopecurus_geniculatus	pltd	1	1	3	4	false	0	117661	0.37579587	2538.3333	ok
Alopecurus_pratensis	pltd	1	1	3	4	false	0	116593	0.3781012	4784.6665	ok
Ammi_majus	pltd	1	1	3	4	false	0	132655	0.36948895	6436.6665	ok
Ammophila_arenaria	pltd	1	2	3	4	false	0	117178	0.38017476	2131.6667	ok
Ammophila_arenaria	pltd	2	2	3	4	false	0	135953	0.37648118	326	ok
Amphidium_lapponicum	pltd	1	1	3	4	false	0	117995	0.32539818	1270	ok
Amphidium_mougeotii	pltd	1	1	3	4	false	0	117918	0.32771352	2102.6667	ok
Amsinckia_menziesii	pltd	1	1	25	39	false	0	154920	0.37200314	101487.2	ok
Anacamptis_pyramidalis	pltd	1	1	3	4	false	0	127570	0.36380997	12084.667	ok
Anagallis_arvensis	pltd	1	1	3	4	false	0	129668	0.36024335	50067	ok
Anagallis_tenella	pltd	1	1	3	4	false	0	130807	0.3613304	8595	ok
Anastrepta_orcadensis	pltd	1	1	7	10	false	0	115185	0.3310466	3837.5715	ok
Anastrophyllum_donnianum	pltd	1	1	9	14	false	0	118779	0.3447275	2234.889	ok
Anchusa_arvensis	pltd	1	1	3	4	false	0	126524	0.37104976	7314.3335	ok
Andreaea_frigida	pltd	1	1	3	4	false	0	126714	0.33498147	569.3333	ok
Andreaea_hookeri	pltd	1	1	3	4	false	0	128015	0.34279656	743.6667	ok
Andreaea_mutabilis	pltd	1	1	3	4	false	0	128143	0.34235334	478	ok
Andreaea_nivalis	pltd	1	1	3	4	false	0	129689	0.33457634	252.66667	ok
Andreaea_rothii	pltd	1	1	3	4	false	0	127272	0.33263382	544.3333	ok
Andreaea_rupestris	pltd	1	1	3	4	false	0	128350	0.3430942	989	ok
Andromeda_polifolia	pltd	1	1	6	9	true	0	152012	0.3590273	22348.834	ok
Anemone_nemorosa	pltd	1	1	3	4	false	0	131860	0.3663362	8958.667	ok
Anemone_pulsatilla	pltd	1	1	4	5	false	0	132769	0.38565055	5683	ok
Anethum_foeniculum	pltd	1	1	3	4	false	0	132529	0.3682303	11846	ok
Angelica_archangelica	pltd	1	1	3	4	false	0	131524	0.3774642	9772	ok
Angelica_sylvestris	pltd	1	1	3	4	false	0	133042	0.37732208	4435.6665	ok
Anoectangium_aestivum	pltd	1	1	3	4	false	0	118895	0.3145436	1431	ok
Anomodon_viticulosus	pltd	1	1	3	4	false	0	117974	0.3268821	2669.6667	ok
Antennaria_dioica	pltd	1	1	3	4	false	0	130591	0.36955366	1696.3334	ok
Anthelia_julacea	pltd	1	1	3	4	false	0	111449	0.36911488	3015	ok
Anthoxanthum_odoratum	pltd	1	1	3	4	false	0	115418	0.3757776	1602	ok
Anthriscus_caucalis	pltd	1	1	3	4	false	0	129670	0.3644112	691	ok
Anthriscus_sylvestris	pltd	1	1	3	4	false	0	130236	0.36498368	7599.6665	ok
Anthyllis_vulneraria	pltd	1	1	15	22	false	0	146911	0.31346092	18908.4	ok
Antitrichia_curtipendula	pltd	1	1	3	4	false	0	117157	0.3285044	2072.3333	ok
Aponogeton_distachyos	pltd	1	1	5	7	false	0	135286	0.34431985	4780.8	ok
Aquilegia_vulgaris	pltd	1	1	3	4	false	0	138739	0.38191423	18766.334	ok
Arabidopsis_thaliana	pltd	1	1	3	4	false	0	132509	0.3552203	8871.667	ok
Arabis_alpina	pltd	1	1	3	4	false	0	130316	0.35627285	21236	ok
Arabis_hirsuta	pltd	1	1	3	4	false	0	131611	0.35611078	12161	ok
Arabis_scabra	pltd	1	2	3	4	false	0	131484	0.35671866	23194	ok
Arabis_scabra	pltd	2	2	3	4	false	0	143029	0.3802544	7771.3335	ok
Arbutus_unedo	pltd	1	1	3	4	false	0	126031	0.35582805	3340.3333	ok
Archidium_alternifolium	pltd	1	1	3	4	false	0	119287	0.32239747	6484.3335	ok
Arctium_lappa	pltd	1	1	3	4	false	0	130161	0.37247905	4948	ok
Arctium_minus	pltd	1	2	3	4	false	0	135529	0.36108267	3923.6667	ok
Arctium_minus	pltd	2	2	3	4	false	0	130162	0.37251472	1060.3334	ok
Arctostaphylos_uva_ursi	pltd	1	1	6	8	false	0	126887	0.35900673	22486	ok
Arctous_alpina	pltd	1	1	6	8	false	0	127575	0.35959873	11700.333	ok
Arenaria_serpyllifolia	pltd	1	1	3	4	false	0	126448	0.35542652	22775.666	ok
Aria_edulis	pltd	1	1	3	4	false	0	136435	0.36081824	11546.667	ok
Aristolochia_clematitis	pltd	1	1	3	4	false	0	135952	0.37647882	28844.666	ok
Armoracia_rusticana	pltd	1	2	3	4	false	0	131572	0.35510102	36653.668	ok
Armoracia_rusticana	pltd	2	2	3	4	false	0	132565	0.3656666	840	ok
Arrhenatherum_elatius	pltd	1	1	3	4	false	0	117716	0.3772849	3388.3333	ok
Artemisia_campestris	pltd	1	1	3	4	false	0	128702	0.36966458	7039	ok
Artemisia_maritima	pltd	1	1	3	4	false	0	128732	0.36937284	2404.3333	ok
Artemisia_vulgaris	pltd	1	1	3	4	false	0	128844	0.37000772	4480.6665	ok
Arum_italicum	pltd	1	1	7	10	false	0	145144	0.29863438	3094	ok
Arum_maculatum	pltd	1	2	11	17	false	0	150409	0.27927682	6252.909	ok
Arum_maculatum	pltd	2	2	3	4	false	0	130643	0.37293196	136	ok
Asparagus_officinalis	pltd	1	1	3	4	false	0	130810	0.36732733	16184.667	ok
Asplenium_adiantum_nigrum	pltd	1	1	3	4	false	0	130774	0.40905142	9477	ok
Asplenium_ceterach	pltd	1	1	3	4	false	0	128861	0.40546992	11372.333	ok
Asplenium_marinum	pltd	1	1	3	4	false	0	136434	0.4101518	1706	ok
Asplenium_scolopendrium	pltd	1	1	3	4	false	0	129013	0.40737382	7858.3335	ok
Asplenium_septentrionale	pltd										missing_gfa
Asplenium_trichomanes	pltd	1	1	3	4	false	0	129439	0.40491295	6340.6665	ok
Asplenium_viride	pltd	1	1	3	4	false	0	131896	0.4130797	13112.667	ok
Astragalus_alpinus	pltd	1	1	3	4	false	0	125713	0.3205204	6507.6665	ok
Astragalus_danicus	pltd	1	1	1	1	true	0	123446	0.34077248	9273	ok
Astragalus_glycyphyllos	pltd	1	1	3	4	false	0	125828	0.2851724	4202.3335	ok
Atractylocarpus_subporodictyon	pltd	1	1	3	4	false	0	121291	0.32075697	1770.3334	ok
Atriplex_laciniata	pltd	1	1	5	8	false	0	131557	0.37516478	15636.4	ok
Atriplex_littoralis	pltd	1	1	5	8	false	0	131744	0.37585533	25704.6	ok
Atriplex_praecox	pltd	1	1	5	8	false	0	131778	0.37579733	25043.2	ok
Atropa_belladonna	pltd	1	1	3	4	false	0	132918	0.36963162	19023	ok
Aulacomnium_androgynum	pltd	1	1	3	4	false	0	119328	0.33540964	3095.6667	ok
Aulacomnium_palustre	pltd	1	3	2	2	false	1	29283	0.37632054	73.5	ok
Aulacomnium_palustre	pltd	2	3	1	0	false	0	31503	0.28121132	51	ok
Aulacomnium_palustre	pltd	3	3	1	0	false	0	18616	0.2871186	46	ok
Avenella_flexuosa	pltd	1	2	3	4	false	0	116397	0.3759345	995	ok
Avenella_flexuosa	pltd	2	2	3	4	false	0	117097	0.37631854	1102	ok
Azolla_filiculoides	pltd	1	1	3	4	false	0	128727	0.42122602	3797.6667	ok
Baldellia_ranunculoides	pltd	1	1	3	4	false	0	135729	0.35659882	9393.667	ok
Ballota_nigra	pltd	1	1	3	4	false	0	130100	0.37715998	10382.667	ok
Barbarea_vulgaris	pltd	1	1	44	58	false	0	202116	0.34700927	31787.592	ok
Bartramia_pomiformis	pltd	1	1	3	4	false	0	120273	0.33087546	3196.3333	ok
Bazzania_pearsonii	pltd	1	1	3	4	false	0	113845	0.37966898	8517	ok
Bazzania_tricrenata	pltd	1	1	3	4	false	0	112750	0.38182652	7406.6665	ok
Bazzania_trilobata	pltd	1	1	11	18	false	0	122801	0.36639202	2844.2727	ok
Bellardia_viscosa	pltd	1	1	3	4	false	0	129153	0.3737676	14393.667	ok
Bellis_perennis	pltd	1	1	7	10	false	0	131389	0.3718455	13815.286	ok
Berberis_aquifolium	pltd	1	1	3	4	false	0	132820	0.36735108	13954.333	ok
Berberis_vulgaris	pltd	1	1	3	4	false	0	132595	0.36781573	24338	ok
Berula_erecta	pltd	1	2	7	8	false	0	132841	0.36005348	59925.715	ok
Berula_erecta	pltd	2	2	1	0	false	0	33260	0.34356585	88	ok
Beta_vulgaris	pltd	1	1	3	4	false	0	127414	0.36375067	26149	ok
Betonica_officinalis	pltd	1	1	3	4	false	0	128204	0.37853196	6753.6665	ok
Betula_pendula	pltd	1	1	3	4	false	0	136144	0.35624805	13936.333	ok
Betula_pubescens	pltd	1	1	3	4	false	0	136145	0.35625052	4177.6665	ok
Bidens_cernua	pltd	1	1	3	4	false	0	128754	0.37033942	9243.333	ok
Bistorta_vivipara	pltd	1	1	3	4	false	0	130795	0.36870483	7484.6665	ok
Blackstonia_perfoliata	pltd	1	1	3	4	false	0	130915	0.37240317	20159	ok
Blasia_pusilla	pltd	1	1	3	4	false	0	113375	0.31866148	21291.334	ok
Blindia_acuta	pltd	1	1	3	4	false	0	116212	0.32727787	2971	ok
Blindiadelphus_recurvatus	pltd	1	1	3	4	false	0	117298	0.33191434	1147.6666	ok
Blitum_bonus_henricus	pltd	1	1	3	4	false	0	130040	0.36166826	30253.334	ok
Blysmopsis_rufa	pltd	1	1	8	11	false	0	179316	0.31682113	16085.125	ok
Borago_officinalis	pltd	1	1	7	10	false	0	130334	0.3848835	28018.857	ok
Brachydontium_trichodes	pltd	1	1	3	4	false	0	117236	0.326807	1457.6666	ok
Brachypodium_pinnatum	pltd	1	1	3	4	false	0	117824	0.37821874	22054.666	ok
Brachypodium_sylvaticum	pltd	1	1	5	7	false	0	120528	0.3565672	4577.2	ok
Brachythecium_rutabulum	pltd	1	1	3	4	false	0	116656	0.34047875	1740.3334	ok
Brassica_nigra	pltd	1	1	3	4	false	0	131910	0.35664192	14702.333	ok
Brassica_oleracea	pltd	1	1	3	4	false	0	129093	0.35315445	140.33333	ok
Braunia_imberbis	pltd	1	1	3	4	false	0	115640	0.328568	1685.3334	ok
Briza_media	pltd	1	1	3	4	false	0	115546	0.37917265	1644.3334	ok
Bromus_benekenii	pltd	1	1	3	4	false	0	116972	0.37779525	4860	ok
Bromus_hordeaceus	pltd	1	1	3	4	false	0	117497	0.3767235	2796	ok
Bromus_interruptus	pltd	1	2	3	4	false	0	117526	0.37671733	7016	ok
Bromus_interruptus	pltd	2	2	3	4	false	0	135954	0.37648353	633.3333	ok
Bromus_secalinus	pltd	1	2	1	1	true	0	125221	0.35125896	14696	ok
Bromus_secalinus	pltd	2	2	3	4	false	0	117456	0.3769717	2434.6667	ok
Bromus_sterilis	pltd	1	1	3	4	false	0	116859	0.37579203	5422	ok
Bryoerythrophyllum_caledonicum	pltd	1	2	3	4	false	0	116729	0.32143703	2747.6667	ok
Bryoerythrophyllum_caledonicum	pltd	2	2	2	2	false	1	112855	0.32497483	153.5	ok
Bryoerythrophyllum_ferruginascens	pltd	1	1	3	4	false	0	116954	0.3231715	5856.3335	ok
Bryonia_dioica	pltd	1	1	3	4	false	0	132565	0.3656666	29794.666	ok
Bryum_calophyllum	pltd	1	1	5	7	false	0	116914	0.285374	23961	ok
Bryum_knowltonii	pltd	1	1	3	4	false	0	116683	0.32261547	13620.333	ok
Bryum_marratii	pltd	1	1	3	4	false	0	115754	0.31906328	14550	ok
Bryum_riparium	pltd	1	1	3	4	false	0	115306	0.31682932	16416.334	ok
Buddleja_davidii	pltd	1	1	3	4	false	0	131165	0.37539065	11396.667	ok
Butomus_umbellatus	pltd	1	1	3	4	false	0	135529	0.36108267	8215.667	ok
Buxus_sempervirens	pltd	1	1	3	4	false	0	137059	0.38092718	5237.3335	ok
Cakile_maritima	pltd	1	2	3	4	false	0	131109	0.35590482	23993.666	ok
Cakile_maritima	pltd	2	2	3	4	false	0	129885	0.38130805	1322.6666	ok
Calendula_officinalis	pltd	1	1	9	13	false	0	135224	0.37053543	26482.555	ok
Calliergon_cordifolium	pltd	1	1	7	11	false	0	122006	0.27288416	17726.857	ok
Calliergon_giganteum	pltd	1	1	3	4	false	0	116941	0.32600066	1277.3334	ok
Calliergonella_cuspidata	pltd	1	1	3	4	false	0	117129	0.33249667	3453	ok
Callitriche_obtusangula	pltd	1	1	3	4	false	0	128707	0.36524507	11243	ok
Callitriche_stagnalis	pltd	1	1	3	4	false	0	126261	0.36630782	11092.333	ok
Calluna_vulgaris	pltd	1	1	8	11	false	0	164396	0.36141944	18139.875	ok
Calypogeia_arguta	pltd	1	1	3	4	false	0	114218	0.3769455	2902.3333	ok
Calypogeia_muelleriana	pltd	1	1	5	7	false	0	117665	0.3685429	6794.2	ok
Calystegia_pulchra	pltd	1	1	8	11	false	0	135843	0.40076303	2411	ok
Calystegia_sepium	pltd	1	1	9	13	false	0	137510	0.34666756	10566.223	ok
Calystegia_soldanella	pltd	1	1	5	7	false	0	135390	0.35910225	35508.6	ok
Campanula_glomerata	pltd	1	2	3	4	false	0	147571	0.37166926	3326.6667	ok
Campanula_glomerata	pltd	2	2	3	4	false	0	127968	0.3805499	20798.666	ok
Campanula_medium	pltd	1	1	21	30	false	0	160820	0.3816479	25014.523	ok
Campanula_patula	pltd	1	1	6	8	false	0	156125	0.359965	25381.166	ok
Campanula_rotundifolia	pltd	1	1	3	4	false	0	149917	0.3670174	2323.3333	ok
Camptothecium_lutescens	pltd	1	1	3	4	false	0	116421	0.33800313	645.6667	ok
Campylium_stellatum	pltd	1	1	6	9	false	0	123331	0.2893357	11884.167	ok
Campylopus_flexuosus	pltd	1	1	3	4	false	0	116790	0.31513187	1430	ok
Campylopus_introflexus	pltd	1	1	3	4	false	0	117002	0.31811583	1139.3334	ok
Capsella_bursa_pastoris	pltd	1	1	3	4	false	0	131503	0.35710597	31985.334	ok
Cardamine_amara	pltd	1	1	3	4	false	0	132104	0.3560251	7699.3335	ok
Cardamine_bulbifera	pltd	1	1	3	4	false	0	130026	0.3534011	27695	ok
Cardamine_flexuosa	pltd	1	1	3	4	false	0	131518	0.35734776	20489.334	ok
Cardamine_hirsuta	pltd	1	1	3	4	false	0	131613	0.35766292	18290	ok
Cardamine_pratensis	pltd	1	1	3	4	false	0	131190	0.35624292	14799.333	ok
Cardamine_raphanifolia	pltd	1	1	3	4	false	0	132143	0.35605058	26724.666	ok
Carduus_crispus	pltd	1	1	3	4	false	0	129890	0.3721623	5272.3335	ok
Carduus_nutans	pltd	1	2	3	4	false	0	129890	0.3721623	21705.334	ok
Carduus_nutans	pltd	2	2	3	4	false	0	133895	0.36842856	563.6667	ok
Carduus_tenuiflorus	pltd	1	1	3	4	false	0	129946	0.37235013	12453	ok
Carex_acutiformis	pltd	1	1	6	8	false	0	182375	0.301611	10983.667	ok
Carex_aquatilis	pltd	1	1	9	12	false	0	173736	0.34172752	2932.2222	ok
Carex_arenaria	pltd	1	1	3	4	false	0	158920	0.32735568	9963.667	ok
Carex_atrata	pltd	1	1	3	4	false	0	157668	0.3195026	18992.334	ok
Carex_bigelowii	pltd	1	1	6	8	false	0	163175	0.33229265	23772	ok
Carex_buxbaumii	pltd	1	1	3	4	false	0	154746	0.3238324	9491.667	ok
Carex_canescens	pltd	1	1	3	4	false	0	148000	0.3290169	4723	ok
Carex_capillaris	pltd	1	1	8	11	true	0	168645	0.315566	15599.75	ok
Carex_caryophyllea	pltd	1	1	9	12	false	0	174555	0.3218871	5119.778	ok
Carex_depauperata	pltd	1	1	3	4	false	0	167555	0.31198013	2455.3333	ok
Carex_distans	pltd	1	1	3	4	false	0	159464	0.31813228	5174	ok
Carex_disticha	pltd	1	1	3	4	false	0	154426	0.32822526	5470.6665	ok
Carex_divulsa	pltd	1	1	3	4	false	0	150180	0.3291992	14253.333	ok
Carex_echinata	pltd	1	1	3	4	false	0	145776	0.3275667	3280	ok
Carex_elata	pltd	1	1	19	26	false	0	182820	0.33010235	7739.1577	ok
Carex_extensa	pltd	1	1	7	10	true	0	169404	0.30182886	5778.143	ok
Carex_hirta	pltd	1	1	3	4	false	0	172650	0.32179442	43403	ok
Carex_lachenalii	pltd	1	1	3	4	false	0	149079	0.32929012	5927.3335	ok
Carex_laevigata	pltd	1	1	14	20	false	0	173277	0.3227241	22721.785	ok
Carex_lepidocarpa	pltd	1	1	3	4	false	0	175358	0.3070269	3181.6667	ok
Carex_leporina	pltd	1	1	3	4	false	0	149010	0.32751623	9808.333	ok
Carex_montana	pltd	1	1	17	24	true	0	185593	0.31787995	8056.1177	ok
Carex_nigra	pltd	1	1	3	4	false	0	163398	0.32624504	11005.333	ok
Carex_otrubae	pltd	1	1	3	4	false	0	152183	0.32800648	9985	ok
Carex_pallescens	pltd	1	1	6	8	false	0	177435	0.31848437	8113.3335	ok
Carex_panicea	pltd	1	1	9	12	false	0	170722	0.33523658	3942.4443	ok
Carex_paniculata	pltd	1	2	6	8	false	0	155174	0.29842922	34157.832	ok
Carex_paniculata	pltd	2	2	3	4	false	0	127421	0.30679077	3546	ok
Carex_pendula	pltd	1	1	3	4	false	0	168615	0.31883094	7119.6665	ok
Carex_pseudocyperus	pltd	1	2	3	4	false	0	164336	0.31990096	7901.6665	ok
Carex_pseudocyperus	pltd	2	2	1	0	false	0	27618	0.42834383	132	ok
Carex_pulicaris	pltd	1	1	3	4	false	0	148357	0.32234037	5036.6665	ok
Carex_remota	pltd	1	1	3	4	false	0	148000	0.32966614	8010.6665	ok
Carex_riparia	pltd	1	1	6	8	false	0	167038	0.3323677	7287.8335	ok
Carex_rostrata	pltd	1	1	7	10	false	0	170138	0.34288523	26134.285	ok
Carex_rupestris	pltd	1	1	5	7	true	0	159565	0.33278936	9407	ok
Carex_saxatilis	pltd	1	1	17	27	false	0	184700	0.32935262	13116.235	ok
Carex_spicata	pltd	1	1	3	4	false	0	150503	0.32951283	3034.3333	ok
Carex_strigosa	pltd	1	1	3	4	false	0	168529	0.31533414	7302	ok
Carex_sylvatica	pltd	1	1	9	12	false	0	174863	0.31051707	4613.6665	ok
Carex_vaginata	pltd	1	1	7	10	true	0	164114	0.3383209	44968.145	ok
Carex_viridula	pltd	1	1	3	4	false	0	173495	0.3120625	6096.3335	ok
Carlina_vulgaris	pltd	1	1	3	4	false	0	129887	0.3726066	5543	ok
Carpinus_betulus	pltd	1	1	5	8	false	0	137811	0.37239772	20266.4	ok
Carpobrotus_edulis	pltd	1	1	8	12	false	0	134115	0.34029615	9025.75	ok
Castanea_sativa	pltd	1	1	3	4	false	0	136785	0.36377272	13527.333	ok
Centaurea_cyanus	pltd	1	1	3	4	false	0	129888	0.3727901	873	ok
Centaurea_nigra	pltd	1	1	3	4	false	0	130454	0.37168598	9165	ok
Centaurium_erythraea	pltd	1	1	3	4	false	0	130938	0.37285614	19516.666	ok
Centaurium_intermedium	pltd	1	1	3	4	false	0	130800	0.373209	36501.332	ok
Centranthus_ruber	pltd	1	1	5	7	false	0	133076	0.3554197	30570	ok
Cephalanthera_damasonium	pltd	1	1	3	4	false	0	136341	0.36457908	5537	ok
Cephalanthera_longifolia	pltd	1	1	3	4	false	0	137503	0.36546507	16318.667	ok
Cephalozia_bicuspidata	pltd	1	1	3	4	false	0	108489	0.37270936	2012	ok
Cerastium_arvense	pltd	1	1	3	4	false	0	125493	0.3544527	12071.667	ok
Cerastium_diffusum	pltd	1	1	3	4	false	0	126716	0.35427424	8291.333	ok
Cerastium_fontanum	pltd	1	2	4	5	false	0	132099	0.3653564	9970	ok
Cerastium_fontanum	pltd	2	2	3	4	false	0	126279	0.3542049	8644	ok
Cerastium_glomeratum	pltd	1	1	3	4	false	0	126172	0.35409102	8640	ok
Cerastium_semidecandrum	pltd	1	1	6	8	false	0	129056	0.3746601	14237.5	ok
Ceratocapnos_claviculata	pltd	1	1	6	8	false	0	147643	0.39889598	24494.166	ok
Ceratodon_purpureus	pltd	1	1	3	4	false	0	117744	0.32589594	2035.6666	ok
Ceratophyllum_demersum	pltd	1	2	3	4	false	0	132597	0.37827078	4869.3335	ok
Ceratophyllum_demersum	pltd	2	2	3	4	false	0	125645	0.37096968	7574.6665	ok
Chaenorhinum_minus	pltd	1	1	9	12	false	0	136380	0.35566938	28150.889	ok
Chamaemelum_nobile	pltd	1	1	3	4	false	0	128549	0.36880848	4543	ok
Chamaenerion_angustifolium	pltd	1	1	3	4	false	0	136069	0.37562513	18285.666	ok
Chelidonium_majus	pltd	1	1	3	4	false	0	136366	0.38042888	31135	ok
Chenopodium_album	pltd	1	1	3	4	false	0	129616	0.36614552	34416.668	ok
Chionoloma_tenuirostre	pltd	1	1	3	4	false	0	116442	0.31477073	1272.3334	ok
Chrysosplenium_alternifolium	pltd	1	1	3	4	false	0	130086	0.36644337	19506.334	ok
Chrysosplenium_oppositifolium	pltd	1	1	3	4	false	0	128703	0.3673562	30241	ok
Cicerbita_alpina	pltd	1	1	3	4	false	0	130241	0.37147114	4235.3335	ok
Cicerbita_macrophylla	pltd	1	1	3	4	false	0	129954	0.37083867	2730	ok
Cicerbita_muralis	pltd	1	1	3	4	false	0	130195	0.37117922	1187.6666	ok
Cichorium_intybus	pltd	1	1	3	4	false	0	130607	0.3704033	142.66667	ok
Cicuta_virosa	pltd	1	1	3	4	false	0	129909	0.36486733	28278	ok
Circaea_lutetiana	pltd	1	1	3	4	false	0	133666	0.37391725	16602	ok
Cirsium_acaule	pltd	1	1	3	4	false	0	129984	0.3723856	28184.334	ok
Cirsium_arvense	pltd	1	1	3	4	false	0	129895	0.372442	10089	ok
Cirsium_dissectum	pltd	1	1	3	4	false	0	129986	0.37244096	40916	ok
Cirsium_eriophorum	pltd	1	1	3	4	false	0	130027	0.3725312	24134.334	ok
Cirsium_heterophyllum	pltd	1	1	3	4	false	0	130023	0.37244523	10331.667	ok
Cirsium_vulgare	pltd	1	1	3	4	false	0	130065	0.3723686	4106.3335	ok
Claytonia_perfoliata	pltd	1	1	3	4	false	0	128355	0.36390945	28114.334	ok
Claytonia_sibirica	pltd	1	1	3	4	false	0	129185	0.3629214	21419.334	ok
Clematis_vitalba	pltd	1	1	3	4	false	0	130795	0.36850846	6506.3335	ok
Clematis_viticella	pltd	1	1	3	4	false	0	130761	0.36814797	1370	ok
Climacium_dendroides	pltd	1	1	3	4	false	0	117585	0.3330404	4862	ok
Clinopodium_vulgare	pltd	1	1	3	4	false	0	128544	0.37078038	6424.3335	ok
Cochlearia_officinalis	pltd	1	1	3	4	false	0	132303	0.35302877	14599	ok
Codriophorus_aciculare	pltd	1	1	3	4	false	0	116192	0.3260429	1771	ok
Coincya_wrightii	pltd	1	1	3	4	false	0	130032	0.35757503	53043.668	ok
Colchicum_autumnale	pltd	1	1	3	4	false	0	132004	0.3632455	6564.3335	ok
Colura_calyptrifolia	pltd	1	1	3	4	false	0	107414	0.33666095	1200.3334	ok
Comarum_palustre	pltd	1	1	3	4	false	0	130804	0.36601314	14873.667	ok
Conium_maculatum	pltd	1	1	3	4	false	0	130819	0.3569187	26909.334	ok
Conocephalum_conicum	pltd	1	1	2	2	false	1	56330	0.28137305	4689	ok
Conopodium_majus	pltd	1	1	3	4	false	0	131690	0.3567997	10996	ok
Convallaria_majalis	pltd	1	1	3	4	false	0	133895	0.36842856	201	ok
Convolvulus_arvensis	pltd	1	1	5	7	false	0	134931	0.35958514	11510.6	ok
Cornus_suecica	pltd	1	1	3	4	false	0	133616	0.36983776	42367	ok
Corylus_avellana	pltd	1	1	3	4	false	0	136729	0.35984334	7089	ok
Corylus_colurna	pltd	1	1	3	4	false	0	136692	0.3599399	5371	ok
Corynephorus_canescens	pltd	1	1	3	4	false	0	116492	0.37460542	5861.6665	ok
Cotoneaster_cambricus	pltd	1	1	3	4	false	0	136486	0.3610011	16356	ok
Cotoneaster_horizontalis	pltd	1	1	3	4	false	0	136078	0.36171928	39149	ok
Crassula_aquatica	pltd	1	1	3	4	false	0	122525	0.37838778	3752	ok
Crassula_helmsii	pltd	1	1	3	4	false	0	121929	0.37524927	29087	ok
Crataegus_laevigata	pltd	1	1	3	4	false	0	136362	0.36171326	17082	ok
Crataegus_monogyna	pltd	1	1	3	4	false	0	136358	0.361679	13826.667	ok
Cratoneuron_filicinum	pltd	1	2	3	4	false	0	115950	0.32767865	1971.3334	ok
Cratoneuron_filicinum	pltd	2	2	3	4	false	0	118102	0.33475247	236	ok
Crepis_paludosa	pltd	1	1	3	4	false	0	130995	0.37349296	4368.6665	ok
Crithmum_maritimum	pltd	1	1	3	4	false	0	133998	0.36740634	9979.667	ok
Crocosmia_x_crocosmiiflora	pltd	1	1	3	4	false	0	129741	0.36852396	13522	ok
Crocus_tommasinianus	pltd	1	1	9	15	false	0	135177	0.34975493	50760.445	ok
Cruciata_laevipes	pltd	1	1	3	4	false	0	129564	0.36670128	8848.667	ok
Cryphaea_heteromalla	pltd	1	1	3	4	false	0	117389	0.3257601	2103	ok
Cryptogramma_crispa	pltd	1	1	3	4	false	0	130835	0.42178273	932	ok
Ctenidium_molluscum	pltd	1	1	3	4	false	0	117299	0.33031806	577.3333	ok
Cuscuta_epithymum	pltd	1	1	1	1	true	0	96558	0.3513536	14110	ok
Cymbalaria_muralis	pltd	1	1	3	4	false	0	129002	0.37191787	47705.668	ok
Cynodontium_bruntonii	pltd	1	1	3	4	false	0	118341	0.3214614	3200	ok
Cynoglossum_officinale	pltd	1	1	3	4	false	0	129225	0.3659952	12241.333	ok
Cynosurus_cristatus	pltd	1	1	3	4	false	0	115000	0.37624073	2033.3334	ok
Cyperus_fuscus	pltd	1	1	4	5	false	0	153831	0.312504	52711.5	ok
Cystopteris_fragilis	pltd	1	1	3	4	false	0	131171	0.42684016	3284	ok
Cystopteris_montana	pltd	1	1	3	4	false	0	130471	0.4262887	7858.6665	ok
Cytisus_scoparius	pltd	1	1	3	4	false	0	130202	0.36138365	17114.666	ok
Daboecia_cantabrica	pltd	1	1	3	4	false	0	140624	0.330847	9402.333	ok
Dactylis_glomerata	pltd	1	1	3	4	false	0	115457	0.37995863	16734	ok
Dactylorhiza_fuchsii	pltd	1	1	3	4	false	0	129445	0.36083892	18192.334	ok
Dactylorhiza_incarnata	pltd	1	1	3	4	false	0	129316	0.36154595	5181.6665	ok
Dactylorhiza_purpurella	pltd	1	1	5	7	false	0	130905	0.38952175	49027.4	ok
Dactylorhiza_viridis	pltd	1	1	3	4	false	0	129468	0.36081886	21934.666	ok
Damasonium_alisma	pltd	1	1	3	4	false	0	136855	0.35690248	1941.6666	ok
Danthonia_decumbens	pltd	1	1	3	4	false	0	113153	0.37728548	11254.333	ok
Daphne_laureola	pltd	1	1	3	4	false	0	134217	0.3411049	10650.333	ok
Daphne_mezereum	pltd	1	2	12	17	false	0	145552	0.3731536	6723.0835	ok
Daphne_mezereum	pltd	2	2	3	4	false	0	116859	0.37579203	6514.3335	ok
Dasiphora_fruticosa	pltd	1	1	3	4	false	0	129818	0.36769566	19141.666	ok
Datura_stramonium	pltd	1	1	3	4	false	0	131288	0.37263176	69972	ok
Daucus_carota	pltd	1	1	3	4	false	0	131580	0.36763668	3398.6667	ok
Deschampsia_cespitosa	pltd	1	1	3	4	false	0	115756	0.3765554	5486.3335	ok
Descurainia_sophia	pltd	1	1	3	4	false	0	128609	0.35500613	19213.334	ok
Dianthus_deltoides	pltd	1	1	3	4	false	0	127886	0.3560995	16294.667	ok
Diapensia_lapponica	pltd	1	1	3	4	false	0	139712	0.36435196	6878.3335	ok
Dichodontium_palustre	pltd	1	1	3	4	false	0	118046	0.32402465	6528.6665	ok
Dicranodontium_denudatum	pltd	1	1	3	4	false	0	119749	0.32096162	1709	ok
Dicranoweisia_cirrata	pltd	1	1	3	4	false	0	118217	0.3136983	3216	ok
Dicranum_bonjeanii	pltd	1	1	3	4	false	0	116768	0.3390522	4613.3335	ok
Dicranum_flexicaule	pltd	1	1	3	4	false	0	116038	0.33899197	7360	ok
Dicranum_fuscescens	pltd	1	1	3	4	false	0	116026	0.33900085	1976	ok
Dicranum_majus	pltd	1	1	3	4	false	0	116689	0.3362886	2687.3333	ok
Dicranum_scoparium	pltd	1	1	3	4	false	0	116135	0.34002373	1781.6666	ok
Dicranum_scottianum	pltd	1	1	3	4	false	0	115737	0.33946213	1161.6666	ok
Dicranum_tauricum	pltd	1	1	3	4	false	0	115842	0.337119	2031.6666	ok
Didymodon_insulanus	pltd	1	1	3	4	false	0	116317	0.31456208	1756	ok
Didymodon_rigidulus	pltd	1	1	3	4	false	0	116214	0.32372	2609.3333	ok
Digitalis_purpurea	pltd	1	3	7	10	false	0	136003	0.3481856	1013.8571	ok
Digitalis_purpurea	pltd	2	3	3	4	false	0	129441	0.37800857	28290	ok
Digitalis_purpurea	pltd	3	3	4	4	false	2	133944	0.34935686	193.75	ok
Digitaria_sanguinalis	pltd	1	1	3	4	false	0	116570	0.37676528	20796.666	ok
Dilutineuron_fasciculare	pltd	1	1	3	4	false	0	116309	0.32540673	1301	ok
Dioscorea_communis	pltd	1	1	3	4	false	0	130717	0.3657392	25415.666	ok
Diphasiastrum_alpinum	pltd	1	1	11	16	false	0	155457	0.38860825	2023.6364	ok
Dipsacus_fullonum	pltd	1	1	3	4	false	0	134711	0.38273385	9917.333	ok
Disphyma_crassifolium	pltd	1	1	10	15	false	0	136992	0.32694143	9803.7	ok
Distichium_capillaceum	pltd	1	1	3	4	false	0	120923	0.3284008	1578.3334	ok
Ditrichum_cornubicum	pltd	1	1	3	4	false	0	118038	0.31917256	35229.668	ok
Doronicum_pardalianches	pltd	1	1	3	4	false	0	130356	0.3700494	30951	ok
Douinia_ovata	pltd	1	1	11	18	false	0	121591	0.33633035	1020.36365	ok
Draba_incana	pltd	1	1	3	4	false	0	131487	0.35735044	12156.333	ok
Draba_verna	pltd	1	1	3	4	false	0	127454	0.3548042	20440	ok
Dracunculus_vulgaris	pltd	1	1	12	19	false	0	161002	0.20901172	9352.5	ok
Drosera_anglica	pltd	1	1	6	9	false	0	144302	0.35791543	6394.8335	ok
Drosera_rotundifolia	pltd	1	1	3	4	false	0	143611	0.36090016	11422	ok
Dryas_octopetala	pltd	1	1	3	4	false	0	134887	0.3582914	6526	ok
Dryopteris_borreri	pltd	1	1	3	4	false	0	128603	0.43058512	5201.6665	ok
Dryopteris_dilatata	pltd	1	1	3	4	false	0	130878	0.43205342	8277.667	ok
Dryopteris_filix_mas	pltd	1	1	3	4	false	0	128602	0.4306024	3495.3333	ok
Echium_vulgare	pltd	1	2	3	4	false	0	127527	0.36774477	26321.666	ok
Echium_vulgare	pltd	2	2	3	4	false	0	124428	0.37831262	4878.3335	ok
Eleocharis_parvula	pltd	1	1	3	4	false	0	156712	0.31528637	4503	ok
Eleocharis_quinqueflora	pltd	1	1	3	4	false	0	166436	0.30894685	6258.3335	ok
Elodea_nuttallii	pltd	1	1	3	4	false	0	134128	0.363047	20352.666	ok
Empetrum_nigrum	pltd	1	1	3	4	false	0	143389	0.33892462	16556	ok
Encalypta_ciliata	pltd	1	1	3	4	false	0	116512	0.328987	1799.6666	ok
Entodon_concinnus	pltd	1	1	5	7	false	0	119506	0.29882154	1060.2	ok
Epilobium_alsinifolium	pltd	1	1	3	4	false	0	137738	0.37391615	26722	ok
Epilobium_anagallidifolium	pltd	1	1	3	4	false	0	136579	0.37659636	36815.668	ok
Epilobium_brunnescens	pltd	1	1	3	4	false	0	136645	0.3744162	12325.333	ok
Epilobium_ciliatum	pltd	1	1	3	4	false	0	136996	0.37618184	11083.667	ok
Epilobium_hirsutum	pltd	1	1	3	4	false	0	137133	0.37385753	11127	ok
Epilobium_palustre	pltd	1	1	3	4	false	0	137196	0.37424588	11544	ok
Epilobium_parviflorum	pltd	1	1	6	8	false	0	141756	0.37937078	3224.3333	ok
Epipactis_purpurata	pltd	1	1	3	4	false	0	134789	0.3657186	37803.668	ok
Equisetum_arvense	pltd	1	1	3	4	false	0	124291	0.3629868	6095	ok
Equisetum_fluviatile	pltd	1	1	3	4	false	0	123649	0.3640267	4196.6665	ok
Equisetum_hyemale	pltd	1	1	3	4	false	0	121741	0.36432528	6867	ok
Equisetum_palustre	pltd	1	1	3	4	false	0	123648	0.36400726	1513	ok
Equisetum_pratense	pltd	1	1	9	12	false	0	129494	0.328914	11015.223	ok
Equisetum_sylvaticum	pltd	1	1	9	12	false	0	130813	0.33059558	4692.4443	ok
Equisetum_telmateia	pltd	1	1	7	10	false	0	128696	0.29996797	7852.7144	ok
Equisetum_variegatum	pltd	1	1	3	4	false	0	120585	0.3659989	2809.6667	ok
Eranthis_hyemalis	pltd	1	1	3	4	false	0	130614	0.36929834	32336.334	ok
Erica_ciliaris	pltd	1	1	3	4	false	0	146532	0.34070504	26468	ok
Erica_cinerea	pltd	1	1	3	4	false	0	150937	0.33071366	3569.3333	ok
Erica_mackaiana	pltd	1	1	3	4	false	0	152327	0.3383793	7780.6665	ok
Erica_tetralix	pltd	1	1	3	4	false	0	152023	0.33857772	5966	ok
Erigeron_borealis	pltd	1	1	3	4	false	0	131355	0.36805812	3358.3333	ok
Erinus_alpinus	pltd	1	1	3	4	false	0	128734	0.36212263	4767.6665	ok
Eriocaulon_aquaticum	pltd	1	1	3	4	false	0	129897	0.351115	12410	ok
Eriophorum_angustifolium	pltd	1	1	28	44	true	0	193403	0.30124664	20470.107	ok
Eriophorum_latifolium	pltd	1	2	85	96	false	1	204368	0.3507843	14023.317	ok
Eriophorum_latifolium	pltd	2	2	1	0	false	0	77620	0.33076528	108	ok
Eriophorum_vaginatum	pltd	1	1	9	12	false	0	170347	0.33113807	18505.223	ok
Erodium_cicutarium	pltd	1	1	1	1	true	0	117569	0.39149776	14195	ok
Erodium_maritimum	pltd	1	1	6	8	false	0	122879	0.39471355	10149.333	ok
Erodium_moschatum	pltd	1	1	3	4	false	0	121684	0.37784347	17498.334	ok
Eryngium_campestre	pltd	1	1	3	4	false	0	132433	0.37440562	5621	ok
Eryngium_maritimum	pltd	1	1	3	4	false	0	131196	0.3743557	9196	ok
Erythranthe_lutea	pltd	1	1	3	4	false	0	130930	0.37001315	17753.334	ok
Euonymus_europaeus	pltd	1	1	3	4	false	0	133081	0.36750367	17846.334	ok
Eupatorium_cannabinum	pltd	1	1	3	4	false	0	129927	0.37183467	6310.3335	ok
Euphorbia_amygdaloides	pltd	1	2	6	9	false	0	141852	0.3461182	9757.833	ok
Euphorbia_amygdaloides	pltd	2	2	3	4	false	0	133538	0.33593726	401.33334	ok
Euphorbia_exigua	pltd	1	1	3	4	false	0	137459	0.35225335	1585	ok
Euphorbia_helioscopia	pltd	1	1	3	4	false	0	138099	0.3539091	6676	ok
Euphorbia_lathyris	pltd	1	1	5	7	false	0	141834	0.34034294	22394.4	ok
Euphorbia_maculata	pltd	1	1	3	4	false	0	139432	0.3508817	5793.3335	ok
Euphorbia_paralias	pltd	1	1	3	4	false	0	137668	0.35351387	22198	ok
Euphorbia_peplus	pltd	1	1	6	8	false	0	140132	0.36178043	25061.666	ok
Euphorbia_portlandica	pltd	1	1	3	4	false	0	136879	0.35328448	11229.667	ok
Euphrasia_anglica	pltd	1	1	3	4	false	0	121695	0.3722142	12879.667	ok
Euphrasia_confusa	pltd	1	1	3	4	false	0	121610	0.37033832	16614.666	ok
Euphrasia_foulaensis	pltd	1	1	3	4	false	0	121613	0.3703833	105.666664	ok
Euphrasia_nemorosa	pltd	1	1	3	4	false	0	121608	0.37031284	10218.333	ok
Euphrasia_tetraquetra	pltd	1	2	3	4	false	0	122160	0.37273923	15195	ok
Euphrasia_tetraquetra	pltd	2	2	3	4	false	0	126219	0.36576033	328	ok
Eurhynchium_striatum	pltd	1	1	3	4	false	0	115666	0.33504495	864.3333	ok
Exsertotheca_crispa	pltd	1	1	3	4	false	0	119322	0.33629942	4412.3335	ok
Fagus_sylvatica	pltd	1	1	3	4	false	0	133962	0.3653978	12004.333	ok
Fallopia_baldschuanica	pltd	1	1	3	4	false	0	134990	0.3655299	14889.667	ok
Fallopia_convolvulus	pltd	1	1	9	12	false	0	140940	0.33345875	12914.111	ok
Fallopia_sachalinensis	pltd	1	2	3	4	false	0	135495	0.3661724	9650	ok
Fallopia_sachalinensis	pltd	2	2	3	4	false	0	124481	0.37012935	8890.333	ok
Festuca_arundinacea	pltd	1	1	3	4	false	0	115806	0.37800434	3610.6667	ok
Festuca_gigantea	pltd	1	1	3	4	false	0	115843	0.37769207	6465	ok
Festuca_heterophylla	pltd	1	1	3	4	false	0	113992	0.37845528	5037.3335	ok
Festuca_rubra	pltd	1	1	3	4	false	0	113846	0.37817582	4145.3335	ok
Festuca_vivipara	pltd	1	1	3	4	false	0	113944	0.37887213	3820	ok
Ficaria_verna	pltd	1	1	3	4	false	0	134721	0.38084552	10152	ok
Ficus_carica	pltd	1	1	3	4	false	0	137219	0.35396227	15524.333	ok
Filago_lutescens	pltd	1	1	3	4	false	0	129362	0.36888662	46967.332	ok
Filago_pyramidata	pltd	1	1	3	4	false	0	129263	0.36893812	21022.334	ok
Filipendula_ulmaria	pltd	1	1	3	4	false	0	129901	0.3575803	4443	ok
Filipendula_vulgaris	pltd	1	2	3	4	false	0	130819	0.3569187	10334.667	ok
Filipendula_vulgaris	pltd	2	2	3	4	false	0	131609	0.36859313	13159	ok
Fissidens_adianthoides	pltd	1	1	3	4	false	0	116508	0.3461883	5213.6665	ok
Fissidens_bryoides	pltd	1	1	3	4	false	0	115088	0.32206836	4518.6665	ok
Fissidens_dubius	pltd	1	1	3	4	false	0	116661	0.34680906	3421.3333	ok
Fissidens_pusillus	pltd	1	1	3	4	false	0	115827	0.33098724	4927.3335	ok
Fissidens_taxifolius	pltd	1	1	3	4	false	0	118768	0.33614233	2066.3333	ok
Flexitrichum_flexicaule	pltd	1	1	3	4	false	0	120662	0.32469392	2239	ok
Flexitrichum_gracile	pltd	1	1	3	4	false	0	120218	0.33472586	1140	ok
Fontinalis_squamosa	pltd	1	1	3	4	false	0	117625	0.32940084	791	ok
Fragaria_moschata	pltd	1	1	3	4	false	0	132089	0.3668519	50175.332	ok
Fragaria_vesca	pltd	1	1	3	4	false	0	132117	0.36687836	19375.334	ok
Frangula_alnus	pltd	1	1	5	7	false	0	139068	0.3567567	12571.2	ok
Frankenia_laevis	pltd	1	1	5	7	false	0	132721	0.37823611	17119	ok
Fraxinus_excelsior	pltd	1	1	3	4	false	0	133159	0.37222686	10009.667	ok
Fritillaria_meleagris	pltd	1	2	4	5	false	0	129191	0.3870647	33034.75	ok
Fritillaria_meleagris	pltd	2	2	3	4	false	0	128734	0.36212263	2752	ok
Fuchsia_magellanica	pltd	1	2	3	4	false	0	133461	0.3712174	25114.334	ok
Fuchsia_magellanica	pltd	2	2	3	4	false	0	136144	0.35624805	353	ok
Fumaria_bastardii	pltd	1	2	4	5	false	0	144213	0.3835268	19525.5	ok
Fumaria_bastardii	pltd	2	2	3	4	false	0	144373	0.3819635	23976	ok
Fumaria_densiflora	pltd	1	2	3	4	false	0	131484	0.35671866	19723.334	ok
Fumaria_densiflora	pltd	2	2	3	4	false	0	143029	0.3802544	22742	ok
Fumaria_muralis	pltd	1	1	20	27	false	0	159259	0.41218978	51811.6	ok
Fumaria_occidentalis	pltd	1	1	3	4	false	0	145400	0.38236025	1145.6666	ok
Fumaria_purpurea	pltd	1	1	3	4	false	0	143044	0.37976727	7264	ok
Funaria_hygrometrica	pltd	1	1	3	4	false	0	115296	0.3286552	4380.3335	ok
Galanthus_nivalis	pltd	1	1	3	4	false	0	134325	0.36859962	4527	ok
Galatella_linosyris	pltd	1	1	3	4	false	0	131212	0.3659126	2991.6667	ok
Galega_officinalis	pltd	1	1	1	1	true	0	125141	0.34182242	29661	ok
Galeopsis_tetrahit	pltd	1	1	3	4	false	0	128678	0.3789134	8923	ok
Galium_aparine	pltd	1	1	3	4	false	0	128455	0.36441386	8770.667	ok
Galium_boreale	pltd	1	1	3	4	false	0	129602	0.36402106	3277	ok
Galium_odoratum	pltd	1	1	3	4	false	0	129145	0.36726466	10796.667	ok
Galium_saxatile	pltd	1	1	3	4	false	0	129642	0.3641702	5761.6665	ok
Galium_uliginosum	pltd	1	1	3	4	false	0	129402	0.36365804	4350.6665	ok
Galium_verum	pltd	1	2	3	4	false	0	130022	0.36333308	2948.6667	ok
Galium_verum	pltd	2	2	3	4	false	0	115756	0.37707484	845.3333	ok
Geheebia_maxima	pltd	1	1	3	4	false	0	117669	0.31599718	1553.3334	ok
Genista_anglica	pltd	1	1	3	4	false	0	129081	0.3632101	53769.332	ok
Genista_pilosa	pltd	1	1	3	4	false	0	130188	0.36107525	10818.333	ok
Genista_tinctoria	pltd	1	1	3	4	false	0	129556	0.36134756	7702	ok
Gentiana_pneumonanthe	pltd	1	1	3	4	false	0	125653	0.3690109	10353.333	ok
Gentiana_verna	pltd	1	1	3	4	false	0	124704	0.37033263	13636.333	ok
Gentianella_amarella	pltd	1	1	3	4	false	0	129315	0.37749803	6964.6665	ok
Gentianella_campestris	pltd	1	1	3	4	false	0	129145	0.3774035	17995.334	ok
Geranium_dissectum	pltd	1	1	7	10	false	0	189128	0.38672906	30235	ok
Geranium_lucidum	pltd	1	1	8	11	false	0	147689	0.4113761	15358.25	ok
Geranium_molle	pltd	1	1	36	56	true	0	210347	0.3800254	48346.918	ok
Geranium_phaeum	pltd	1	1	88	140	true	0	295729	0.40228185	59649.94	ok
Geranium_pratense	pltd	1	1	7	12	true	0	179590	0.36272335	25310.428	ok
Geranium_pyrenaicum	pltd	1	1	15	21	false	0	210730	0.4072959	14911.134	ok
Geranium_robertianum	pltd	1	1	3	4	false	0	146707	0.4026505	40223.332	ok
Geranium_rotundifolium	pltd	1	1	6	8	false	0	157908	0.3951768	24537	ok
Geranium_sanguineum	pltd	1	1	15	24	false	0	191065	0.39593485	76739	ok
Geranium_sylvaticum	pltd	1	1	14	21	true	0	199562	0.39201027	146	ok
Geum_rivale	pltd	1	1	3	4	false	0	132492	0.36280546	3840	ok
Geum_urbanum	pltd	1	1	3	4	false	0	132486	0.3627808	4976.3335	ok
Ginkgo_biloba	pltd	1	1	3	4	false	0	141854	0.40046278	2879.3333	ok
Glaucium_flavum	pltd	1	1	3	4	false	0	137431	0.3653765	21939	ok
Glaux_maritima	pltd	1	1	3	4	false	0	131314	0.35960427	14166	ok
Glebionis_segetum	pltd	1	1	5	7	false	0	129876	0.37637362	7838.2	ok
Glechoma_hederacea	pltd	1	1	8	12	false	0	135329	0.3827039	44756.75	ok
Glyceria_declinata	pltd	1	1	3	4	false	0	115675	0.3798841	13038	ok
Glyceria_fluitans	pltd	1	1	3	4	false	0	115809	0.37969232	13408.667	ok
Glyceria_maxima	pltd	1	1	3	4	false	0	115756	0.37707484	4356.6665	ok
Gnaphalium_supinum	pltd	1	1	3	4	false	0	129668	0.36963153	7880	ok
Gnaphalium_uliginosum	pltd	1	1	3	4	false	0	130902	0.36712638	5512	ok
Grimmia_atrata	pltd	1	1	3	4	false	0	117474	0.3263917	3843.6667	ok
Grimmia_decipiens	pltd	1	2	3	4	false	0	116543	0.3259151	5911	ok
Grimmia_decipiens	pltd	2	2	1	0	false	0	18830	0.4858736	91	ok
Grimmia_donniana	pltd	1	1	3	4	false	0	117118	0.3258231	2555.6667	ok
Grimmia_elongata	pltd	1	1	3	4	false	0	117028	0.32794186	1265.3334	ok
Grimmia_funalis	pltd	1	1	3	4	false	0	117647	0.32370922	2027.3334	ok
Grimmia_montana	pltd	1	1	3	4	false	0	116647	0.32748955	2744	ok
Grimmia_pulvinata	pltd	1	1	3	4	false	0	116421	0.32650465	1889.3334	ok
Grimmia_ramondii	pltd	1	1	3	4	false	0	116509	0.3316305	2129.3333	ok
Grimmia_trichophylla	pltd	1	1	3	4	false	0	117633	0.32907397	3071.6667	ok
Groenlandia_densa	pltd	1	1	3	4	false	0	131270	0.35242626	3689.3333	ok
Gunnera_tinctoria	pltd	1	1	3	4	false	0	134007	0.36143196	2243.3333	ok
Gymnadenia_conopsea	pltd	1	1	3	4	false	0	129242	0.36128473	25700	ok
Gymnocarpium_robertianum	pltd	1	1	3	4	false	0	131756	0.42820296	9330.667	ok
Gymnomitrion_concinnatum	pltd	1	1	3	4	false	0	115342	0.37550154	1816	ok
Gymnomitrion_obtusum	pltd	1	1	3	4	false	0	114249	0.37464985	551.3333	ok
Gymnostomum_aeruginosum	pltd	1	1	3	4	false	0	114289	0.31687883	517.3333	ok
Halimione_portulacoides	pltd	1	2	3	4	false	0	137887	0.38443413	1160.3334	ok
Halimione_portulacoides	pltd	2	2	3	4	false	0	128362	0.36662054	12269	ok
Harpanthus_flotovianus	pltd	1	1	3	4	false	0	114407	0.36777544	14480.333	ok
Hedera_helix	pltd	1	1	5	7	false	0	135239	0.38187215	6871.4	ok
Hedera_hibernica	pltd	1	2	3	4	false	0	132705	0.3728509	4675.3335	ok
Hedera_hibernica	pltd	2	2	3	4	false	0	128584	0.35970497	596	ok
Hedwigia_stellata	pltd	1	1	3	4	false	0	118550	0.32567433	979.3333	ok
Helianthemum_apenninum	pltd	1	1	34	47	true	0	215599	0.35192472	8605.323	ok
Helianthemum_oelandicum	pltd	1	1	7	10	true	0	169053	0.34280118	11692.857	ok
Helictochloa_pratensis	pltd	1	1	3	4	false	0	114858	0.37687275	3210.3333	ok
Helleborus_foetidus	pltd	1	1	3	4	false	0	131560	0.36999965	13736	ok
Helleborus_viridis	pltd	1	1	3	4	false	0	131016	0.37097457	19522.334	ok
Helminthotheca_echioides	pltd	1	2	3	4	false	0	128865	0.36768317	5806.6665	ok
Helminthotheca_echioides	pltd	2	2	3	4	false	0	130643	0.37293196	168.33333	ok
Helosciadium_nodiflorum	pltd	1	1	5	7	false	0	133888	0.3777371	23182.4	ok
Heracleum_sphondylium	pltd	1	1	3	4	false	0	132698	0.37438115	15220.667	ok
Herbertus_borealis	pltd	1	1	3	4	false	0	111716	0.35005197	615.3333	ok
Herbertus_hutchinsiae	pltd	1	1	3	4	false	0	108932	0.34237322	3143.6667	ok
Herbertus_stramineus	pltd	1	1	3	4	false	0	111921	0.3478227	5061.6665	ok
Herniaria_ciliolata	pltd	1	2	3	4	false	0	131543	0.3543835	3687	ok
Herniaria_ciliolata	pltd	2	2	3	4	false	0	126279	0.3542049	10940.333	ok
Hesperis_matronalis	pltd	1	1	3	4	false	0	132788	0.35648128	6059.6665	ok
Heterocladium_heteropterum	pltd	1	1	3	4	false	0	116781	0.33552566	8810.667	ok
Hibiscus_tridactylites	pltd	1	1	3	4	false	0	137638	0.36424947	3413	ok
Hibiscus_trionum	pltd	1	1	3	4	false	0	138181	0.36394182	932.6667	ok
Hibiscus_verdcourtii	pltd	1	1	3	4	false	0	138133	0.36314258	6575.6665	ok
Hieracium_aggregatifolium	pltd	1	1	9	10	false	0	133228	0.41664007	6359.3335	ok
Hieracium_attenboroughianum	pltd	1	1	3	4	false	0	129671	0.36992645	6958.3335	ok
Hieracium_britannicum	pltd	1	1	3	4	false	0	129681	0.3699293	10171	ok
Hieracium_drummondii	pltd	1	1	3	4	false	0	130270	0.36904994	2221	ok
Hieracium_radyrense	pltd	1	1	3	4	false	0	129670	0.3699384	3258	ok
Hieracium_richianum	pltd	1	1	3	4	false	0	129975	0.36957303	3478.6667	ok
Hieracium_sabaudum	pltd	1	1	3	4	false	0	130066	0.36993656	3098.6667	ok
Hieracium_scullyi	pltd	1	1	3	4	false	0	130325	0.36895278	3442	ok
Hieracium_snowdoniense	pltd	1	1	3	4	false	0	129666	0.3697053	5085	ok
Hieracium_sp_SM_2023a	pltd	1	1	3	4	false	0	129667	0.3699502	9577.667	ok
Hierochloe_odorata	pltd	1	1	3	4	false	0	118232	0.37965146	12460.333	ok
Hippocrepis_comosa	pltd	1	1	9	12	false	0	133035	0.36988226	15007.777	ok
Hippophae_rhamnoides	pltd	1	1	3	4	false	0	133218	0.35904053	13770.667	ok
Hippuris_vulgaris	pltd	1	1	3	4	false	0	129852	0.36881185	13805	ok
Holcus_lanatus	pltd	1	1	3	4	false	0	116173	0.37740755	6925	ok
Holcus_mollis	pltd	1	1	3	4	false	0	115975	0.37950066	7418.3335	ok
Homalia_trichomanoides	pltd	1	1	3	4	false	0	117109	0.33599678	1007.3333	ok
Homalothecium_sericeum	pltd	1	1	3	4	false	0	116456	0.33790722	380.33334	ok
Homogyne_alpina	pltd	1	1	3	4	false	0	129572	0.3694961	4733	ok
Honckenya_peploides	pltd	1	1	7	10	false	0	132208	0.37013265	4469.7144	ok
Hookeria_lucens	pltd	1	1	3	4	false	0	117243	0.32905045	4095.3333	ok
Hordeum_murinum	pltd	1	1	3	4	false	0	116264	0.37663904	6250.6665	ok
Hordeum_vulgare	pltd	1	1	3	4	false	0	117043	0.37629512	30889.334	ok
Hornungia_petraea	pltd	1	1	3	4	false	0	129525	0.35595533	12332.667	ok
Hottonia_palustris	pltd	1	1	3	4	false	0	129312	0.36002278	13175	ok
Humulus_lupulus	pltd	1	1	3	4	false	0	130217	0.36257353	617.3333	ok
Huperzia_selago	pltd	1	1	3	4	false	0	148901	0.365855	9202.333	ok
Hyacinthoides_non_scripta	pltd	1	1	3	4	false	0	129537	0.36712453	10132.667	ok
Hydrocotyle_ranunculoides	pltd	1	1	3	4	false	0	131718	0.37040088	11025	ok
Hydrocotyle_vulgaris	pltd	1	1	3	4	false	0	130277	0.36951113	34178.332	ok
Hygrohypnum_duriusculum	pltd	1	1	3	4	false	0	118102	0.33475253	11300.667	ok
Hylocomiadelphus_triquetrus	pltd	1	1	18	24	false	0	206367	0.32877678	3314.3333	ok
Hylocomiastrum_umbratum	pltd										missing_gfa
Hyocomium_armoricum	pltd	1	1	3	4	false	0	116016	0.32649323	10631.333	ok
Hypericum_androsaemum	pltd	1	1	3	4	false	0	141440	0.36630663	7000	ok
Hypericum_hircinum	pltd	1	1	6	8	false	0	144329	0.38814983	6396	ok
Hypericum_hirsutum	pltd	1	1	31	47	true	0	161703	0.35796112	19044.387	ok
Hypericum_linariifolium	pltd	1	1	16	22	true	0	147728	0.42117465	6031.625	ok
Hypericum_maculatum	pltd	1	1	8	13	false	0	131340	0.37975943	12930.75	ok
Hypericum_perforatum	pltd	1	1	53	78	false	0	183870	0.38007846	22244.963	ok
Hypericum_pulchrum	pltd	1	1	17	23	false	0	157388	0.34264377	9546.117	ok
Hypericum_tetrapterum	pltd	1	1	11	16	false	0	139312	0.3734026	7911.091	ok
Hypnum_andoi	pltd	1	1	3	4	false	0	117740	0.32763073	343.66666	ok
Hypnum_cupressiforme	pltd	1	1	3	4	false	0	116633	0.32684937	2191	ok
Hypnum_jutlandicum	pltd										missing_gfa
Hypochaeris_maculata	pltd	1	1	3	4	false	0	128854	0.36871994	10221	ok
Hypochaeris_radicata	pltd	1	1	3	4	false	0	130649	0.37301472	8786.667	ok
Ilex_aquifolium	pltd	1	1	3	4	false	0	132937	0.36986196	4270	ok
Impatiens_glandulifera	pltd	1	1	5	7	false	0	131557	0.35131428	13968.8	ok
Impatiens_noli_tangere	pltd	1	1	5	7	false	0	131904	0.37379345	17683.2	ok
Impatiens_parviflora	pltd	1	1	3	4	false	0	127948	0.35973108	31486.666	ok
Inula_conyza	pltd	1	1	3	4	false	0	129150	0.37167493	7353	ok
Inula_salicina	pltd	1	1	3	4	false	0	129360	0.37163368	8229	ok
Iris_foetidissima	pltd	1	1	3	4	false	0	129965	0.3722479	7935	ok
Iris_pseudacorus	pltd	1	1	3	4	false	0	130638	0.37147263	14478	ok
Isolepis_cernua	pltd	1	1	3	4	false	0	159435	0.31124488	3475	ok
Isopterygiella_pulchella	pltd	1	2	3	4	false	0	117222	0.33606136	8748.333	ok
Isopterygiella_pulchella	pltd	2	2	3	4	false	0	110836	0.3432064	654	ok
Isothecium_holtii	pltd	1	1	3	4	false	0	118589	0.3364391	3314.6667	ok
Isothecium_myosuroides	pltd	1	1	3	4	false	0	118569	0.33629608	2118.3333	ok
Jacobaea_erucifolia	pltd	1	1	3	4	false	0	128836	0.3666388	9282.333	ok
Jacobaea_maritima	pltd	1	1	3	4	false	0	129072	0.36671385	8798	ok
Jacobaea_vulgaris	pltd	1	1	3	4	false	0	129183	0.36695862	9915	ok
Jasione_montana	pltd	1	1	3	4	false	0	155578	0.37237343	6483	ok
Juglans_regia	pltd	1	1	5	8	false	0	138850	0.37028143	41127.2	ok
Juncus_bufonius	pltd	1	1	3	4	false	0	130215	0.3356473	5790.6665	ok
Juncus_conglomeratus	pltd	1	1	6	8	false	0	144506	0.3179544	7865.1665	ok
Juncus_effusus	pltd	1	1	3	4	false	0	138199	0.33501935	6060.3335	ok
Juncus_gerardii	pltd	1	1	3	4	false	0	137060	0.33387232	6245.6665	ok
Juncus_inflexus	pltd	1	1	6	8	false	0	139919	0.34374562	6367.1665	ok
Juncus_squarrosus	pltd	1	1	8	11	false	0	134800	0.35652456	9670.375	ok
Juncus_tenuis	pltd	1	2	3	4	false	0	130899	0.33652267	9713.333	ok
Juncus_tenuis	pltd	2	2	1	0	false	0	17685	0.3371784	116	ok
Jungermannia_exsertifolia	pltd	1	1	3	4	false	0	112791	0.36520204	609.6667	ok
Kali_turgidum	pltd	1	2	3	4	false	0	131545	0.3593209	23881	ok
Kali_turgidum	pltd	2	2	3	4	false	0	129402	0.36365804	2033.3334	ok
Kalmia_procumbens	pltd	1	1	2	2	false	1	160639	0.36761364	14902	ok
Kiaeria_blyttii	pltd	1	1	3	4	false	0	117389	0.32764098	1409.3334	ok
Kickxia_elatine	pltd	1	2	3	4	false	0	128800	0.37555596	20424	ok
Kickxia_elatine	pltd	2	2	5	8	false	0	135239	0.34102237	16386.8	ok
Knautia_arvensis	pltd	1	1	3	4	false	0	135778	0.3808205	8350.333	ok
Koeleria_macrantha	pltd	1	1	3	4	false	0	118175	0.37685797	4542.6665	ok
Kurzia_trichoclados	pltd	1	2	3	4	false	0	112561	0.38310528	3882.3333	ok
Kurzia_trichoclados	pltd	2	2	3	4	false	0	112141	0.36521828	378.66666	ok
Laburnum_anagyroides	pltd	1	1	3	4	false	0	129859	0.36041918	19090	ok
Lactuca_saligna	pltd	1	1	3	4	false	0	130655	0.36965513	16429	ok
Lactuca_serriola	pltd	1	1	3	4	false	0	130489	0.36907542	53200.668	ok
Lamium_album	pltd	1	1	5	8	false	0	129769	0.41149682	28532.2	ok
Lamium_amplexicaule	pltd	1	1	3	4	false	0	127406	0.37785196	22704.666	ok
Lamium_galeobdolon	pltd	1	1	3	4	false	0	128290	0.3797327	21788	ok
Lamium_purpureum	pltd	1	1	3	4	false	0	127442	0.38012028	18942.666	ok
Lapsana_communis	pltd	1	1	3	4	false	0	128535	0.36979532	7246.3335	ok
Lathraea_clandestina	pltd	1	6	3	4	false	0	108848	0.36469182	18746.334	ok
Lathraea_clandestina	pltd	2	6	1	0	false	0	18563	0.32413942	6	ok
Lathraea_clandestina	pltd	3	6	1	0	false	0	18563	0.32403168	122	ok
Lathraea_clandestina	pltd	4	6	1	0	false	0	23592	0.346431	90	ok
Lathraea_clandestina	pltd	5	6	1	0	false	0	11234	0.34110734	88	ok
Lathraea_clandestina	pltd	6	6	1	0	false	0	14629	0.34739217	85	ok
Lathraea_squamaria	pltd	1	1	3	4	false	0	126542	0.3721386	12414.667	ok
Lathyrus_aphaca	pltd	1	1	2	3	true	0	149162	0.35348582	94	ok
Lathyrus_linifolius	pltd	1	1	1	1	true	0	134854	0.3482136	17253	ok
Lathyrus_nissolia	pltd	1	1	1	1	true	0	119979	0.35063636	11344	ok
Lathyrus_pratensis	pltd	1	1	9	13	false	0	169365	0.34901345	12907.667	ok
Lathyrus_sylvestris	pltd	1	1	1	1	true	0	122356	0.35171956	13021	ok
Leersia_oryzoides	pltd	1	1	3	4	false	0	116446	0.382907	5990.6665	ok
Lemna_japonica	pltd	1	2	5	7	false	0	139747	0.32281795	899	ok
Lemna_japonica	pltd	2	2	3	4	false	0	138640	0.34786534	15222	ok
Lemna_minuta	pltd	1	2	3	4	false	0	138530	0.34646568	3110	ok
Lemna_minuta	pltd	2	2	3	4	false	0	129172	0.36797777	239.33333	ok
Lemna_trisulca	pltd	1	1	3	4	false	0	138692	0.34718123	21862.334	ok
Leontodon_hispidus	pltd	1	1	3	4	false	0	128741	0.36816537	12232.667	ok
Leontodon_saxatilis	pltd	1	1	3	4	false	0	128987	0.36776945	62385	ok
Lepidium_campestre	pltd	1	1	3	4	false	0	131697	0.35418937	26867.334	ok
Lepidium_didymum	pltd	1	1	3	4	false	0	132134	0.35489988	22131.666	ok
Lepidium_draba	pltd	1	1	3	4	false	0	131490	0.35569063	15322.667	ok
Lepidium_heterophyllum	pltd	1	1	3	4	false	0	131574	0.35420915	38638.332	ok
Lepidium_latifolium	pltd	1	1	3	4	false	0	131079	0.3561629	36007.668	ok
Lepidozia_cupressina	pltd	1	1	3	4	false	0	113294	0.38218275	10484.333	ok
Lepidozia_reptans	pltd	1	1	7	10	false	0	118382	0.3927965	11468.857	ok
Leucanthemum_vulgare	pltd	1	1	3	4	false	0	127763	0.36923647	4950.3335	ok
Leucobryum_glaucum	pltd	1	1	3	4	false	0	117424	0.33652702	2298.3333	ok
Leucobryum_juniperoideum	pltd	1	1	3	4	false	0	118199	0.3364407	936	ok
Leucojum_aestivum	pltd	1	1	3	4	false	0	133176	0.37159935	5963.6665	ok
Levisticum_officinale	pltd	1	1	3	4	false	0	134015	0.37701043	8528.333	ok
Lewinskya_affinis	pltd	1	1	3	4	false	0	117165	0.32012638	1529.6666	ok
Lewinskya_rupestris	pltd	1	1	3	4	false	0	117132	0.3279743	1807	ok
Lewinskya_speciosa	pltd	1	1	3	4	false	0	115742	0.32039133	1290.3334	ok
Ligusticum_scoticum	pltd	1	1	5	7	false	0	131268	0.35735977	9196.6	ok
Ligustrum_vulgare	pltd	1	1	5	7	false	0	134714	0.3718372	14442.4	ok
Limonium_binervosum	pltd	1	1	3	4	false	0	130079	0.3598627	29940	ok
Limosella_aquatica	pltd	1	1	3	4	false	0	126870	0.36700884	37387	ok
Linaria_purpurea	pltd	1	1	3	4	false	0	127511	0.36956477	32914.332	ok
Linaria_repens	pltd	1	1	3	4	false	0	126714	0.3694006	1094	ok
Linaria_vulgaris	pltd	1	1	3	4	false	0	127500	0.3691155	13860	ok
Linnaea_borealis	pltd	1	1	3	4	false	0	135265	0.37549078	26207.334	ok
Linum_bienne	pltd	1	1	7	10	false	0	133680	0.34919363	11599.143	ok
Linum_catharticum	pltd	1	1	3	4	false	0	129586	0.3680912	10539.667	ok
Lithospermum_officinale	pltd	1	1	3	4	false	0	127254	0.36846486	29906.666	ok
Littorella_uniflora	pltd	1	1	3	4	false	0	129449	0.36599848	1699.6666	ok
Lobelia_dortmanna	pltd	1	1	3	4	false	0	129272	0.3805808	33494.668	ok
Lobelia_urens	pltd	1	1	3	4	false	0	129644	0.37101367	49340	ok
Loeskeobryum_brevirostre	pltd	1	1	3	4	false	0	117072	0.3344787	5423	ok
Logfia_minima	pltd	1	1	3	4	false	0	129184	0.36895952	5704.3335	ok
Lolium_perenne	pltd	1	1	26	34	false	0	138562	0.36635315	6764.115	ok
Lonicera_periclymenum	pltd	1	2	3	4	false	0	132918	0.3783219	4882.6665	ok
Lonicera_periclymenum	pltd	2	2	1	0	false	0	26695	0.4251358	124	ok
Lophocolea_bispinosa	pltd	1	1	3	4	false	0	109323	0.36228928	10316.333	ok
Lophozia_ventricosa	pltd	1	2	7	10	false	0	116093	0.36632496	5905.2856	ok
Lophozia_ventricosa	pltd	2	2	1	1	true	0	142013	0.34866527	228	ok
Lotus_corniculatus	pltd	1	1	3	4	false	0	127179	0.3526368	5069.3335	ok
Lotus_pedunculatus	pltd	1	1	8	12	false	0	131608	0.37067202	23205.125	ok
Lotus_tenuis	pltd	1	1	7	12	false	0	131351	0.3676363	21503.715	ok
Ludwigia_grandiflora	pltd	1	1	3	4	false	0	137404	0.36993602	12857.333	ok
Lunaria_annua	pltd	1	1	3	4	false	0	132795	0.35723972	26325.334	ok
Lunularia_cruciata	pltd	1	1	3	4	false	0	113580	0.31544694	15538	ok
Luzula_campestris	pltd	1	2	3	4	false	0	137117	0.38718522	3117	ok
Luzula_campestris	pltd	2	2	3	4	false	0	129172	0.36797777	146.33333	ok
Luzula_pallescens	pltd	1	1	3	4	false	0	144569	0.328452	9065.333	ok
Luzula_spicata	pltd	1	1	3	4	false	0	144767	0.32689133	13822.333	ok
Luzula_sylvatica	pltd	1	1	6	8	false	0	147483	0.37216207	11139.167	ok
Lycopodium_clavatum	pltd	1	1	3	4	false	0	156272	0.3474009	3998	ok
Lycopus_europaeus	pltd	1	2	3	4	false	0	129570	0.3735969	19536	ok
Lycopus_europaeus	pltd	2	2	1	1	true	0	128683	0.34529814	368	ok
Lysimachia_nemorum	pltd	1	1	3	4	false	0	129653	0.36013353	22040.334	ok
Lysimachia_nummularia	pltd	1	1	3	4	false	0	131487	0.36328506	4112.6665	ok
Lysimachia_thyrsiflora	pltd	1	1	3	4	false	0	133800	0.3644499	15930.667	ok
Lysimachia_vulgaris	pltd	1	1	3	4	false	0	131524	0.36187991	5972.3335	ok
Lythrum_hyssopifolia	pltd	1	1	3	4	false	0	135269	0.36268973	26349.334	ok
Lythrum_salicaria	pltd	1	1	3	4	false	0	136402	0.3625268	24054	ok
Malus_domestica	pltd	1	2	3	4	false	0	136031	0.3611007	7098.6665	ok
Malus_domestica	pltd	2	2	3	4	false	0	136200	0.36073804	2055	ok
Malus_sylvestris	pltd	1	1	3	4	false	0	135898	0.36122122	10978	ok
Malus_x_robusta	pltd	1	1	3	4	false	0	136143	0.3607339	6556.3335	ok
Malva_arborea	pltd	1	1	6	8	false	0	137156	0.34766492	17365.166	ok
Malva_neglecta	pltd	1	1	9	14	false	0	142463	0.35575166	11826.889	ok
Malva_sylvestris	pltd	1	1	8	12	false	0	142193	0.3560028	12000.625	ok
Marchantia_polymorpha	pltd	1	1	3	4	false	0	113091	0.3265217	7259	ok
Marchantia_quadrata	pltd	1	1	3	4	false	0	114551	0.32017642	9182	ok
Marsupella_aquatica	pltd	1	1	3	4	false	0	114905	0.37358895	2541.3333	ok
Marsupella_emarginata	pltd	1	1	3	4	false	0	114877	0.37368008	6782.6665	ok
Mastigophora_woodsii	pltd	1	1	3	4	false	0	113977	0.34960127	4788.3335	ok
Matricaria_chamomilla	pltd	1	2	5	7	false	0	128868	0.36179203	13325.2	ok
Matricaria_chamomilla	pltd	2	2	3	4	false	0	129866	0.37174535	376.66666	ok
Matricaria_discoidea	pltd	1	1	3	4	false	0	127532	0.36596283	40618.668	ok
Matthiola_sinuata	pltd	1	1	3	4	false	0	132391	0.35237193	27553.666	ok
Meconopsis_cambrica	pltd	1	1	3	4	false	0	129844	0.3814095	5639	ok
Medicago_arabica	pltd	1	1	1	1	true	0	125940	0.34405273	8967	ok
Medicago_lupulina	pltd	1	1	8	11	false	0	130337	0.3549717	13049.5	ok
Medicago_sativa	pltd	1	1	1	1	true	0	126622	0.33829823	15174	ok
Meesia_triquetra	pltd	1	1	3	4	false	0	116900	0.3217971	11227.333	ok
Melampyrum_pratense	pltd	1	1	3	4	false	0	120689	0.37383413	11590	ok
Melampyrum_sylvaticum	pltd	1	1	3	4	false	0	120884	0.37319955	3857	ok
Melica_uniflora	pltd	1	1	3	4	false	0	114836	0.3782711	9454.667	ok
Melilotus_altissimus	pltd	1	1	10	16	false	0	140420	0.33768922	17582.7	ok
Melissa_officinalis	pltd	1	1	3	4	false	0	128256	0.37273392	7625.6665	ok
Melittis_melissophyllum	pltd	1	1	3	4	false	0	128513	0.37285993	35455.668	ok
Mentha_aquatica	pltd	1	1	3	4	false	0	129866	0.37174535	16089.333	ok
Mentha_arvensis	pltd	1	1	3	4	false	0	129869	0.37195387	19575.666	ok
Mercurialis_annua	pltd	1	1	13	19	false	0	151510	0.45566803	16170.462	ok
Mercurialis_perennis	pltd	1	1	3	4	false	0	137773	0.350826	16664.334	ok
Mesoptychia_bantriensis	pltd	1	1	3	4	false	0	115499	0.36750004	4550.6665	ok
Mesoptychia_rutheana	pltd	1	1	3	4	false	0	113636	0.3706539	5210	ok
Metzgeria_conjugata	pltd	1	1	3	4	false	0	109376	0.39892352	9992.333	ok
Metzgeria_furcata	pltd	1	1	3	4	false	0	110998	0.40143004	7483	ok
Metzgeria_violacea	pltd	1	1	3	4	false	0	109369	0.38937756	1867	ok
Meum_athamanticum	pltd	1	1	3	4	false	0	132779	0.36901855	11355	ok
Milium_effusum	pltd	1	1	3	4	false	0	116866	0.37823954	6285.3335	ok
Mimulus_peregrinus	pltd	1	1	3	4	false	0	130969	0.3699917	14676.667	ok
Misopates_orontium	pltd	1	1	3	4	false	0	129132	0.37297478	21419.666	ok
Mnium_stellare	pltd	1	1	3	4	false	0	117934	0.33964276	4044.6667	ok
Moehringia_trinervia	pltd	1	1	3	4	false	0	127809	0.35567412	29323	ok
Molinia_caerulea	pltd	1	1	3	4	false	0	117497	0.37892747	11175.333	ok
Mollugo_verticillata	pltd	1	1	3	4	false	0	131985	0.36249122	29641.666	ok
Monotropa_hypopitys	pltd	1	1	3	4	false	0	39462	0.35498333	1862.6666	ok
Montia_fontana	pltd	1	1	3	4	false	0	129201	0.36283362	25088.334	ok
Myosotis_alpestris	pltd	1	1	3	4	false	0	125473	0.36421606	2786	ok
Myosotis_ramosissima	pltd	1	1	3	4	false	0	128015	0.36437288	26310.666	ok
Myosotis_sylvatica	pltd	1	1	6	9	false	0	128870	0.35621557	12349.833	ok
Myrica_gale	pltd	1	1	3	4	false	0	135545	0.35536852	12679.333	ok
Myriophyllum_alterniflorum	pltd	1	1	3	4	false	0	135682	0.35922253	6735	ok
Myriophyllum_aquaticum	pltd	1	2	3	4	false	0	136833	0.35918745	14044.333	ok
Myriophyllum_aquaticum	pltd	2	2	3	4	false	0	135023	0.35941625	11721.333	ok
Myriophyllum_spicatum	pltd	1	1	3	4	false	0	135326	0.35888794	4631.6665	ok
Myrrhis_odorata	pltd	1	1	3	4	false	0	130455	0.36394033	12517.333	ok
Narcissus_pseudonarcissus	pltd	1	1	3	4	false	0	132743	0.36929426	11769	ok
Nardia_scalaris	pltd	1	1	3	4	false	0	115024	0.3716108	3730.3333	ok
Narthecium_ossifragum	pltd	1	1	3	4	false	0	130622	0.36769077	21757	ok
Nasturtium_officinale	pltd	1	1	3	4	false	0	131246	0.35509595	14885.667	ok
Neckera_pumila	pltd	1	1	3	4	false	0	118183	0.33629873	817	ok
Neoorthocaulis_attenuatus	pltd	1	1	11	18	false	0	123429	0.3366831	3974.818	ok
Neoorthocaulis_floerkei	pltd	1	1	3	4	false	0	112052	0.3676503	141	ok
Neottia_nidus_avis	pltd	1	1	3	4	false	0	69558	0.31696197	1603.3334	ok
Neottia_ovata	pltd	1	1	3	4	false	0	133087	0.36683133	2161	ok
Nigella_damascena	pltd	1	1	3	4	false	0	131943	0.3815527	8876.667	ok
Niphotrichum_ericoides	pltd	1	1	3	4	false	0	115704	0.32582876	1070.6666	ok
Nowellia_curvifolia	pltd	1	1	3	4	false	0	106687	0.3651838	2065.3333	ok
Nuphar_pumila	pltd	1	1	3	4	false	0	137645	0.38673103	14449.667	ok
Nymphaea_alba	pltd	1	1	3	4	false	0	137924	0.3879944	17688	ok
Nymphoides_peltata	pltd	1	1	3	4	false	0	129267	0.36459664	11460.333	ok
Odontites_vernus	pltd	1	1	3	4	false	0	129831	0.37561333	29739.334	ok
Odontoschisma_sphagni	pltd	1	1	3	4	false	0	110512	0.39063653	4070.3333	ok
Oedipodium_griffithianum	pltd	1	1	5	7	false	0	127692	0.31986326	6152.8	ok
Oenanthe_crocata	pltd	1	1	3	4	false	0	131349	0.3655461	18456.334	ok
Oenanthe_lachenalii	pltd	1	1	3	4	false	0	129992	0.36544964	16358.667	ok
Oenanthe_pimpinelloides	pltd	1	1	3	4	false	0	131045	0.3671317	24520	ok
Oenothera_biennis	pltd	1	1	3	4	false	0	140370	0.3850863	17130.334	ok
Oligotrichum_hercynicum	pltd	1	1	3	4	false	0	118708	0.3380384	9898.333	ok
Onobrychis_viciifolia	pltd	1	1	1	1	true	0	122344	0.34577912	28177	ok
Onoclea_sensibilis	pltd	1	1	3	4	false	0	128527	0.4427551	6153	ok
Ononis_reclinata	pltd	1	1	1	1	true	0	125281	0.33984402	41347	ok
Ononis_repens	pltd	1	1	1	1	true	0	124850	0.33994395	4888	ok
Onopordum_acanthium	pltd	1	1	3	4	false	0	130556	0.37304774	39568.668	ok
Ophioglossum_vulgatum	pltd	1	1	3	4	false	0	132544	0.45288053	13049.333	ok
Ophrys_apifera	pltd	1	1	3	4	false	0	124578	0.36066687	14844.667	ok
Orchis_mascula	pltd	1	1	3	4	false	0	124540	0.36502087	5798.3335	ok
Oreojuncus_trifidus	pltd	1	2	3	4	false	0	140465	0.33729884	12412.333	ok
Oreojuncus_trifidus	pltd	2	2	2	2	false	1	109052	0.35446984	119.5	ok
Origanum_vulgare	pltd	1	2	3	4	false	0	129475	0.37123868	13865.667	ok
Origanum_vulgare	pltd	2	2	3	4	false	0	129774	0.3696634	4376	ok
Ornithopus_perpusillus	pltd	1	1	3	4	false	0	128593	0.35441652	14102.333	ok
Orobanche_alba	pltd	1	1	3	4	false	0	70365	0.33718422	9186	ok
Orobanche_hederae	pltd	1	1	3	4	false	0	74558	0.33516255	9114.667	ok
Orobanche_minor	pltd	1	1	3	4	false	0	73927	0.3293323	3520	ok
Orontium_aquaticum	pltd	1	1	3	4	false	0	136572	0.3604758	1594	ok
Orthothecium_rufescens	pltd	1	1	3	4	false	0	117307	0.32981887	7469	ok
Orthotrichum_anomalum	pltd	1	1	3	4	false	0	117937	0.32012787	1001.6667	ok
Orthotrichum_lyellii	pltd	1	1	3	4	false	0	115817	0.3169315	2601.6667	ok
Orthotrichum_pulchellum	pltd	1	1	3	4	false	0	115430	0.32175547	802	ok
Orthotrichum_striatum	pltd	1	1	3	4	false	0	117321	0.32739946	1736	ok
Oxalis_acetosella	pltd	1	1	5	6	false	0	130359	0.38400418	14482.4	ok
Oxybasis_chenopodioides	pltd	1	1	12	16	false	0	136706	0.39941105	64708.25	ok
Oxyria_digyna	pltd	1	1	8	11	false	0	137422	0.3699419	88333.75	ok
Oxytropis_halleri	pltd	1	1	1	1	true	0	122628	0.34329027	9152	ok
Palustriella_falcata	pltd	1	1	3	4	false	0	123738	0.35139918	306	ok
Papaver_rhoeas	pltd	1	1	3	4	false	0	129885	0.38130805	10610.333	ok
Papaver_somniferum	pltd	1	1	5	7	false	0	129427	0.39364493	17944.4	ok
Parietaria_judaica	pltd	1	1	3	4	false	0	129958	0.35761383	6102.6665	ok
Parnassia_palustris	pltd	1	1	6	10	false	0	128509	0.3798481	9904.5	ok
Parthenocissus_inserta	pltd	1	1	3	4	false	0	137840	0.3693168	40208	ok
Pastinaca_sativa	pltd	1	1	3	4	false	0	132455	0.37373027	6609	ok
Paulownia_tomentosa	pltd	1	1	5	7	false	0	134086	0.37994537	17309.8	ok
Pedicularis_palustris	pltd	1	1	3	4	false	0	124428	0.37831262	37207.332	ok
Pedicularis_sylvatica	pltd	1	1	3	4	false	0	125641	0.36508146	3796.3333	ok
Pentaglottis_sempervirens	pltd	1	1	3	4	false	0	123992	0.36906672	6296.3335	ok
Persicaria_amphibia	pltd	1	1	3	4	false	0	130991	0.36890516	8511.667	ok
Persicaria_hydropiper	pltd	1	1	3	4	false	0	131077	0.37122187	5466	ok
Persicaria_maculosa	pltd	1	1	6	7	false	0	132411	0.3979275	3630	ok
Persicaria_nepalensis	pltd	1	1	3	4	false	0	130540	0.3683083	9713.333	ok
Petalophyllum_ralfsii	pltd	1	1	3	4	false	0	117644	0.45582223	2410.6667	ok
Petasites_albus	pltd	1	1	3	4	false	0	129458	0.3697976	13544	ok
Petasites_fragrans	pltd	1	1	3	4	false	0	128970	0.3704748	17717.334	ok
Petasites_hybridus	pltd	1	1	10	15	false	0	137802	0.38230628	10578.3	ok
Petasites_japonicus	pltd	1	1	3	4	false	0	129152	0.37020925	7900.6665	ok
Phacelia_tanacetifolia	pltd	1	1	3	4	false	0	129494	0.37142435	30909.334	ok
Phaeoceros_laevis	pltd	1	1	3	4	false	0	151453	0.37923038	2354.6667	ok
Phalaris_arundinacea	pltd	1	1	3	4	false	0	115983	0.37993416	7271.6665	ok
Phegopteris_connectilis	pltd	1	1	3	4	false	0	130852	0.4279441	8994.333	ok
Phleum_pratense	pltd	1	1	3	4	false	0	116346	0.37950432	7763.3335	ok
Phragmites_australis	pltd	1	1	3	4	false	0	118214	0.37833467	10429.333	ok
Physcomitrium_patens	pltd	1	1	3	4	false	0	115374	0.32626963	7451	ok
Phyteuma_orbiculare	pltd	1	1	13	19	false	0	170115	0.38430962	17740.615	ok
Phyteuma_spicatum	pltd	1	1	14	22	false	0	165029	0.3411241	18527.357	ok
Phytolacca_acinosa	pltd	1	1	3	4	false	0	132746	0.36176455	6184	ok
Pilosella_aurantiaca	pltd	1	1	3	4	false	0	130256	0.36847523	5726	ok
Pilosella_officinarum	pltd	1	1	3	4	false	0	130099	0.36859512	7107	ok
Pilularia_globulifera	pltd	1	1	3	4	false	0	130851	0.40502897	8549.333	ok
Pimpinella_saxifraga	pltd	1	1	3	4	false	0	130078	0.37237716	12471.333	ok
Pinguicula_vulgaris	pltd	1	1	3	4	false	0	126363	0.3697004	24211	ok
Plagiochila_asplenioides	pltd	1	1	3	4	false	0	109701	0.367102	1875.3334	ok
Plagiochila_carringtonii	pltd	1	1	3	4	false	0	110142	0.36547813	2758.3333	ok
Plagiothecium_denticulatum	pltd	1	1	3	4	false	0	116537	0.33463284	31818.666	ok
Plantago_coronopus	pltd	1	1	18	26	false	0	142319	0.35977706	31855.834	ok
Plantago_lanceolata	pltd	1	2	3	4	false	0	127120	0.3773142	8022.3335	ok
Plantago_lanceolata	pltd	2	2	3	4	false	0	127051	0.3774537	9728	ok
Plantago_major	pltd	1	1	11	15	false	0	137074	0.3900712	37212.184	ok
Plantago_maritima	pltd	1	1	3	4	false	0	127214	0.37356758	40664.668	ok
Platanus_orientalis	pltd	1	1	3	4	false	0	139059	0.3784864	5408.3335	ok
Platanus_x_hispanica	pltd	1	1	3	4	false	0	139059	0.3784864	7456	ok
Pleuridium_subulatum	pltd	1	1	3	4	false	0	116747	0.32457432	467.33334	ok
Poa_alpina	pltd	1	1	3	4	false	0	116698	0.3774654	7167.3335	ok
Poa_chaixii	pltd	1	1	3	4	false	0	116012	0.37653065	6705	ok
Poa_infirma	pltd	1	1	3	4	false	0	116033	0.3761724	3097	ok
Poa_nemoralis	pltd	1	1	3	4	false	0	115657	0.37716356	5102.3335	ok
Poa_trivialis	pltd	1	2	3	4	false	0	115138	0.37715712	5881	ok
Poa_trivialis	pltd	2	2	3	4	false	0	127761	0.3692235	2110.6667	ok
Pogonatum_aloides	pltd	1	1	3	4	false	0	118955	0.33183846	2862.3333	ok
Pohlia_annotina	pltd	1	1	3	4	false	0	117499	0.31964958	4622.3335	ok
Pohlia_cruda	pltd	1	1	3	4	false	0	118382	0.32486567	9398.667	ok
Pohlia_nutans	pltd	1	1	3	4	false	0	117873	0.32510123	10061.667	ok
Pohlia_wahlenbergii	pltd	1	1	3	4	false	0	117149	0.3300363	6577.3335	ok
Polygala_serpyllifolia	pltd	1	1	3	4	false	0	131378	0.34809378	7021.6665	ok
Polygala_vulgaris	pltd	1	1	3	4	false	0	131293	0.34815845	1774.3334	ok
Polygonum_aviculare	pltd	1	1	3	4	false	0	135247	0.36360607	8226.667	ok
Polygonum_maritimum	pltd	1	1	7	10	false	0	138276	0.33916777	29443.428	ok
Polypodium_vulgare	pltd	1	1	3	4	false	0	134067	0.41179946	7138.3335	ok
Polypogon_viridis	pltd	1	1	3	4	false	0	117774	0.37959728	2420.3333	ok
Polystichum_lonchitis	pltd	1	1	3	4	false	0	129516	0.4270905	16241.667	ok
Polystichum_setiferum	pltd	1	1	6	8	false	0	142730	0.45679775	2003	ok
Polytrichastrum_sexangulare	pltd	1	1	3	4	false	0	119706	0.34132543	3575	ok
Polytrichum_commune	pltd	1	1	3	4	false	0	120271	0.33581105	3953	ok
Polytrichum_formosum	pltd	1	1	3	4	false	0	119992	0.33299902	10152.667	ok
Polytrichum_juniperinum	pltd	1	1	3	4	false	0	119922	0.3328295	11490	ok
Polytrichum_piliferum	pltd	1	1	3	4	false	0	118796	0.3304321	8439	ok
Polytrichum_strictum	pltd	1	1	3	4	false	0	120160	0.3334558	3030.6667	ok
Pontederia_cordata	pltd	1	1	3	4	false	0	137919	0.3598691	21157.666	ok
Populus_alba	pltd	1	1	3	4	false	0	131061	0.35754943	19392	ok
Populus_nigra	pltd	1	1	3	4	false	0	132710	0.35823512	23732	ok
Populus_tremula	pltd	1	1	3	4	false	0	131799	0.35790965	17988.666	ok
Porella_arboris_vitae	pltd	1	1	3	4	false	0	114125	0.3662173	13061	ok
Porella_cordaeana	pltd	1	1	3	4	false	0	115363	0.36595058	6808.6665	ok
Potamogeton_alpinus	pltd	1	1	3	4	false	0	132291	0.35719863	4005	ok
Potamogeton_berchtoldii	pltd	1	1	5	7	false	0	135017	0.35347873	10941.4	ok
Potamogeton_coloratus	pltd	1	1	3	4	false	0	131647	0.35768747	2774	ok
Potamogeton_compressus	pltd	1	1	5	7	false	0	135252	0.35304222	11705.4	ok
Potamogeton_epihydrus	pltd	1	1	16	22	false	0	149600	0.36236498	8878.5	ok
Potamogeton_friesii	pltd	1	1	3	4	false	0	133004	0.3575729	1516	ok
Potamogeton_gramineus	pltd	1	1	3	4	false	0	132285	0.35733974	1897.6666	ok
Potamogeton_lucens	pltd	1	1	5	7	false	0	135319	0.3525081	6097.6	ok
Potamogeton_natans	pltd	1	1	3	4	false	0	132100	0.35782382	7121.6665	ok
Potamogeton_nodosus	pltd	1	1	3	4	false	0	132886	0.35751638	32039.666	ok
Potamogeton_obtusifolius	pltd	1	1	3	4	false	0	132736	0.35726264	6396.3335	ok
Potamogeton_perfoliatus	pltd	1	1	3	4	false	0	132078	0.35736862	9646.667	ok
Potamogeton_polygonifolius	pltd	1	2	10	15	false	0	143808	0.33984184	16591.3	ok
Potamogeton_polygonifolius	pltd	2	2	3	4	false	0	116570	0.37676528	4986	ok
Potamogeton_praelongus	pltd	1	1	6	9	false	0	137528	0.34158316	8480.5	ok
Potamogeton_pusillus	pltd	1	1	3	4	false	0	132995	0.3575513	14293.333	ok
Potamogeton_rutilus	pltd	1	1	3	4	false	0	133117	0.3576556	7424.6665	ok
Potamogeton_trichoides	pltd	1	1	3	4	false	0	132564	0.3573667	5390.6665	ok
Potentilla_anglica	pltd	1	1	3	4	false	0	134367	0.36353305	26115.334	ok
Potentilla_anserina	pltd	1	1	3	4	false	0	131885	0.36244497	3575.6667	ok
Potentilla_crantzii	pltd	1	2	3	4	false	0	133970	0.363585	25494.334	ok
Potentilla_crantzii	pltd	2	2	3	4	false	0	129081	0.3632101	567.6667	ok
Potentilla_erecta	pltd	1	1	3	4	false	0	133171	0.36403874	18476.334	ok
Potentilla_indica	pltd	1	1	3	4	false	0	133726	0.3644762	14196.667	ok
Potentilla_reptans	pltd	1	1	3	4	false	0	134348	0.363513	15860.667	ok
Potentilla_sterilis	pltd	1	1	3	4	false	0	132412	0.36697164	9797	ok
Potentilla_verna	pltd	1	1	3	4	false	0	133939	0.36386093	11988.667	ok
Poterium_sanguisorba	pltd	1	1	3	4	false	0	131485	0.36171916	6080.3335	ok
Primula_farinosa	pltd	1	1	3	4	false	0	131485	0.36171916	6080.3335	ok
Primula_scotica	pltd	1	1	3	4	false	0	131483	0.361732	29310.334	ok
Primula_veris	pltd	1	1	3	4	false	0	129670	0.36040738	15320.333	ok
Primula_vulgaris	pltd	1	2	3	4	false	0	129920	0.36085263	8037.6665	ok
Primula_vulgaris	pltd	2	2	1	0	false	0	40643	0.39194942	156	ok
Prunella_vulgaris	pltd	1	1	3	4	false	0	126959	0.37033382	24427.666	ok
Prunus_avium	pltd	1	1	3	4	false	0	135436	0.36041093	28734	ok
Prunus_domestica	pltd	1	1	3	4	false	0	134205	0.36183795	9889.667	ok
Prunus_laurocerasus	pltd	1	1	3	4	false	0	134648	0.36017334	2525.3333	ok
Prunus_lusitanica	pltd	1	1	3	4	false	0	135595	0.36083528	3648.6667	ok
Prunus_padus	pltd	1	1	3	4	false	0	135361	0.3613399	35710.332	ok
Prunus_spinosa	pltd	1	1	3	4	false	0	134114	0.36208388	11224	ok
Pseudisothecium_interludens	pltd	1	1	3	4	false	0	118636	0.33630955	10419	ok
Pseudobryum_cinclidioides	pltd	1	1	3	4	false	0	117629	0.34124133	17720.666	ok
Pseudofumaria_lutea	pltd	1	1	3	4	false	0	146666	0.37888965	6831.6665	ok
Pseudognaphalium_luteoalbum	pltd	1	1	3	4	false	0	131233	0.36736682	10332	ok
Pseudoscleropodium_purum	pltd	1	1	3	4	false	0	116226	0.33431813	4114.3335	ok
Pseudotaxiphyllum_elegans	pltd	1	1	3	4	false	0	117640	0.33135068	15067	ok
Pseudotsuga_menziesii	pltd	1	1	1	1	true	0	121989	0.3876907	3665	ok
Pteridium_aquilinum	pltd	1	1	3	4	false	0	130862	0.41270056	809	ok
Pterigynandrum_filiforme	pltd	1	1	3	4	false	0	116622	0.3264642	6335.6665	ok
Ptilidium_ciliare	pltd	1	1	3	4	false	0	112489	0.36578402	11690.333	ok
Ptilium_crista_castrensis	pltd	1	1	3	4	false	0	116472	0.32917735	12239.667	ok
Ptychomitrium_polyphyllum	pltd	1	1	3	4	false	0	116409	0.32446304	966.6667	ok
Ptychostomum_cyclophyllum	pltd	1	1	3	4	false	0	115116	0.31678545	8854.333	ok
Ptychostomum_pallens	pltd	1	1	5	7	false	0	116802	0.28597736	4324.8	ok
Puccinellia_maritima	pltd	1	1	3	4	false	0	116267	0.3768104	4820.6665	ok
Pulicaria_dysenterica	pltd	1	1	3	4	false	0	129408	0.37288466	6376	ok
Pulicaria_vulgaris	pltd	1	1	3	4	false	0	129542	0.37242663	7464.6665	ok
Pyrola_rotundifolia	pltd	1	1	3	4	false	0	145707	0.35368243	13334	ok
Pyrus_communis	pltd	1	1	3	4	false	0	136652	0.36123678	4684	ok
Quercus_cerris	pltd	1	1	3	4	false	0	136906	0.3641992	7224	ok
Quercus_ilex	pltd	1	1	3	4	false	0	136890	0.36423495	15046.667	ok
Quercus_petraea	pltd	1	1	3	4	false	0	136906	0.36464584	22488.334	ok
Quercus_robur	pltd	1	1	3	4	false	0	136900	0.3646481	26328.334	ok
Racomitrium_heterostichum	pltd	1	1	3	4	false	0	115657	0.32449254	883.6667	ok
Radula_complanata	pltd	1	1	3	4	false	0	112876	0.34692967	7359	ok
Ranunculus_acris	pltd	1	1	4	5	false	0	133856	0.3775807	8778.25	ok
Ranunculus_auricomus	pltd	1	1	3	4	false	0	133571	0.37338665	15884	ok
Ranunculus_bulbosus	pltd	1	1	3	4	false	0	132911	0.3715259	12771.333	ok
Ranunculus_flammula	pltd	1	1	3	4	false	0	132159	0.36886632	5672.3335	ok
Ranunculus_omiophyllus	pltd	1	1	3	4	false	0	134358	0.37374553	1433	ok
Ranunculus_repens	pltd	1	1	3	4	false	0	132322	0.37119278	7830.6665	ok
Ranunculus_sardous	pltd	1	1	3	4	false	0	131821	0.36931404	17986	ok
Ranunculus_sceleratus	pltd	1	1	3	4	false	0	133460	0.374603	7894.6665	ok
Raphanus_raphanistrum	pltd	1	1	4	5	false	0	130662	0.363065	44070.25	ok
Reseda_lutea	pltd	1	1	3	4	false	0	128706	0.35700655	75800.336	ok
Reseda_luteola	pltd	1	1	3	4	false	0	130076	0.35588193	27214.334	ok
Reynoutria_japonica	pltd	1	1	3	4	false	0	135720	0.36570558	4146.6665	ok
Rhabdoweisia_crispata	pltd	1	1	3	4	false	0	117377	0.3153058	3051	ok
Rhamnus_cathartica	pltd	1	1	6	9	false	0	141654	0.35562018	16425.834	ok
Rhinanthus_minor	pltd	1	1	3	4	false	0	121897	0.36794767	23142.666	ok
Rhodiola_rosea	pltd	1	2	3	4	false	0	129019	0.37034705	11432.667	ok
Rhodiola_rosea	pltd	2	2	3	4	false	0	126432	0.3585523	223.33333	ok
Rhodobryum_roseum	pltd	1	1	3	4	false	0	118368	0.33459106	7297	ok
Rhododendron_ponticum	pltd	1	1	3	4	false	0	161212	0.33651885	19090.666	ok
Rhynchospora_alba	pltd	1	1	9	12	false	0	145552	0.34339005	15071.223	ok
Rhynchostegiella_tenella	pltd	1	1	3	4	false	0	115777	0.33437672	1171.6666	ok
Rhynchostegium_confertum	pltd	1	1	3	4	false	0	116332	0.33764687	2482.3333	ok
Rhynchostegium_megapolitanum	pltd	1	1	3	4	false	0	116488	0.33665082	2740.3333	ok
Rhynchostegium_riparioides	pltd	1	1	3	4	false	0	116086	0.33608446	132	ok
Rhytidiadelphus_loreus	pltd	1	1	3	4	false	0	116718	0.33144855	3203.3333	ok
Rhytidium_rugosum	pltd	1	1	3	4	false	0	115505	0.3245689	1747.3334	ok
Ribes_nigrum	pltd	1	1	3	4	false	0	133699	0.37618247	23621	ok
Ribes_rubrum	pltd	1	1	6	9	false	0	139410	0.38733208	53094	ok
Ribes_uva_crispa	pltd	1	1	3	4	false	0	135494	0.3780115	33029.332	ok
Riccardia_palmata	pltd	1	1	3	4	false	0	110973	0.39943147	15270.667	ok
Riccia_beyrichiana	pltd	1	1	5	7	false	0	116136	0.29432625	8911	ok
Riccia_sorocarpa	pltd	1	1	3	4	false	0	114612	0.3239994	8312.667	ok
Robinia_pseudoacacia	pltd	1	1	9	12	false	0	140067	0.3646827	20560.555	ok
Rorippa_islandica	pltd	1	1	3	4	false	0	132634	0.3542572	20003.334	ok
Rorippa_sylvestris	pltd	1	1	3	4	false	0	130790	0.3544627	30048.666	ok
Rosa_agrestis	pltd	1	1	3	4	false	0	133548	0.36753997	5574.3335	ok
Rosa_canina	pltd	1	1	3	4	false	0	133522	0.36717638	4226	ok
Rosa_rubiginosa	pltd	1	1	4	5	false	0	134452	0.3643906	3794	ok
Rosa_rugosa	pltd	1	1	3	4	false	0	133267	0.36660847	3657.3333	ok
Rosa_spinosissima	pltd	1	1	5	7	false	0	137394	0.35040283	12808.2	ok
Rosulabryum_capillare	pltd	1	1	3	4	false	0	115873	0.31797585	20333.334	ok
Rubus_caesius	pltd	1	1	3	4	false	0	133315	0.3663052	7289.6665	ok
Rubus_chamaemorus	pltd	1	1	3	4	false	0	133791	0.36730632	9198.333	ok
Rubus_idaeus	pltd	1	1	3	4	false	0	132023	0.36763856	8508.667	ok
Rubus_saxatilis	pltd	1	1	3	4	false	0	133934	0.3664267	27382.334	ok
Rumex_acetosa	pltd	1	1	7	10	false	0	137708	0.32920694	3406.8572	ok
Rumex_acetosella	pltd	1	1	8	9	false	0	133604	0.35551035	8828.375	ok
Rumex_hydrolapathum	pltd	1	1	3	4	false	0	132576	0.36442795	8006.6665	ok
Rumex_obtusifolius	pltd	1	1	3	4	false	0	131942	0.36468527	6318	ok
Rumex_sanguineus	pltd	1	1	55	71	false	0	179571	0.3616035	15426.055	ok
Ruppia_maritima	pltd	1	1	3	4	false	0	134276	0.34927353	10191	ok
Ruscus_aculeatus	pltd	1	1	3	4	false	0	129053	0.36917368	278.33334	ok
Sabulina_verna	pltd	1	1	3	4	false	0	128931	0.35651207	9291.333	ok
Saccogyna_viticulosa	pltd	1	1	7	10	false	0	117058	0.36771062	12686.143	ok
Sagina_nodosa	pltd	1	1	3	4	false	0	128909	0.36010173	6060	ok
Sagina_procumbens	pltd	1	1	3	4	false	0	128146	0.3611704	9247.333	ok
Salicornia_ramosissima	pltd	1	1	3	4	false	0	130685	0.35655165	32114.334	ok
Salix_alba	pltd	1	1	3	4	false	0	131060	0.3579007	48032	ok
Salix_arbuscula	pltd	1	1	3	4	false	0	130512	0.35782108	15739	ok
Salix_aurita	pltd	1	1	3	4	false	0	130576	0.3578048	56130.668	ok
Salix_caprea	pltd	1	1	3	4	false	0	130562	0.3577663	10873.667	ok
Salix_cinerea	pltd	1	1	3	4	false	0	130614	0.35772634	12041.667	ok
Salix_euxina	pltd	1	1	3	4	false	0	131046	0.35787523	14713.667	ok
Salix_herbacea	pltd	1	1	3	4	false	0	130607	0.35767853	22931.334	ok
Salix_lanata	pltd	1	1	3	4	false	0	130538	0.3577781	43275.668	ok
Salix_lapponum	pltd	1	1	3	4	false	0	130599	0.3577136	15957.667	ok
Salix_myrsinifolia	pltd	1	2	3	4	false	0	130527	0.35777566	15282.667	ok
Salix_myrsinifolia	pltd	2	2	3	4	false	0	130048	0.37268826	2152	ok
Salix_pentandra	pltd	1	1	7	10	false	0	137359	0.34942195	34200.285	ok
Salix_phylicifolia	pltd	1	1	3	4	false	0	130733	0.36883223	3616.3333	ok
Salix_purpurea	pltd	1	1	3	4	false	0	130485	0.35794663	15343	ok
Salix_repens	pltd	1	1	3	4	false	0	130598	0.35772324	10523.333	ok
Salix_reticulata	pltd	1	1	3	4	false	0	130481	0.35788834	79257	ok
Salix_triandra	pltd	1	1	3	4	false	0	130713	0.35756055	31041.666	ok
Salix_viminalis	pltd	1	1	3	4	false	0	130519	0.3578668	8079	ok
Salvia_pratensis	pltd	1	1	3	4	false	0	129102	0.3725609	17777.334	ok
Salvia_verbenaca	pltd	1	1	3	4	false	0	128743	0.3720444	39598.668	ok
Sambucus_ebulus	pltd	1	1	3	4	false	0	133370	0.3717568	2937	ok
Sambucus_nigra	pltd	1	1	3	4	false	0	133544	0.3711884	5815.6665	ok
Samolus_valerandi	pltd	1	2	3	4	false	0	131075	0.35634294	30559	ok
Samolus_valerandi	pltd	2	2	3	4	false	0	135821	0.35657477	1631	ok
Sanguisorba_minor	pltd	1	1	13	18	false	0	157844	0.36815593	8858.23	ok
Sanicula_europaea	pltd	1	1	3	4	false	0	132293	0.3732132	3786.3333	ok
Saponaria_officinalis	pltd	1	1	3	4	false	0	128498	0.35947308	7586.3335	ok
Sarmentypnum_exannulatum	pltd	1	1	3	4	false	0	117121	0.32516792	2574.3333	ok
Sarmentypnum_sarmentosum	pltd	1	1	5	7	false	0	119506	0.29882887	1593	ok
Sarracenia_purpurea	pltd	1	1	3	4	false	0	130226	0.3543811	9782.667	ok
Saxifraga_aizoides	pltd	1	1	3	4	false	0	130008	0.37056312	59115.332	ok
Saxifraga_cernua	pltd	1	1	3	4	false	0	128743	0.3691231	16135.333	ok
Saxifraga_cespitosa	pltd	1	1	3	4	false	0	126778	0.37056205	6946.3335	ok
Saxifraga_hirsuta	pltd	1	1	3	4	false	0	130478	0.37129986	20128	ok
Saxifraga_hypnoides	pltd	1	1	3	4	false	0	126654	0.36952487	10720	ok
Saxifraga_oppositifolia	pltd	1	1	3	4	false	0	129192	0.36939022	3167.6667	ok
Saxifraga_tridactylites	pltd	1	1	3	4	false	0	128368	0.37088108	30661.666	ok
Scabiosa_columbaria	pltd	1	1	8	13	false	0	142043	0.3813576	16194.125	ok
Scapania_compacta	pltd	1	1	11	18	false	0	121822	0.32922843	1398.909	ok
Scapania_gracilis	pltd	1	1	3	4	false	0	111021	0.37521482	2831	ok
Scapania_irrigua	pltd	1	1	3	4	false	0	110019	0.36688685	2738	ok
Scapania_ornithopodioides	pltd	1	1	3	4	false	0	110673	0.37331375	1841.3334	ok
Scapania_uliginosa	pltd	1	1	3	4	false	0	110097	0.36857387	2784.6667	ok
Scapania_undulata	pltd	1	1	3	4	false	0	110486	0.37276554	5608	ok
Scheuchzeria_palustris	pltd	1	1	3	4	false	0	137703	0.37088463	20950	ok
Schistidium_strictum	pltd	1	1	3	4	false	0	116892	0.32568446	1354.6666	ok
Schoenoplectus_lacustris	pltd	1	1	5	7	true	0	176275	0.31480387	4755.6	ok
Schoenoplectus_tabernaemontani	pltd	1	1	5	7	true	0	176150	0.3139717	27271.8	ok
Schoenoplectus_triqueter	pltd	1	1	11	15	false	0	184026	0.31949064	6946	ok
Schoenus_ferrugineus	pltd	1	1	9	14	false	0	150305	0.33205703	10106	ok
Schoenus_nigricans	pltd	1	1	7	10	false	0	146789	0.33535907	7320.143	ok
Scilla_verna	pltd	1	1	3	4	false	0	131464	0.36686978	16474	ok
Scirpus_sylvaticus	pltd	1	1	3	4	false	0	153020	0.32661274	7258.3335	ok
Sciuro_hypnum_glaciale	pltd	1	1	3	4	false	0	118190	0.34180757	7185.6665	ok
Sciuro_hypnum_plumosum	pltd	1	1	3	4	false	0	116119	0.3228853	3339	ok
Scleranthus_perennis	pltd	1	1	3	4	false	0	129213	0.35933575	37576	ok
Scorpidium_scorpioides	pltd	1	1	3	4	false	0	116426	0.32723406	1299.3334	ok
Scorzonera_humilis	pltd	1	1	3	4	false	0	130611	0.3717266	14644.333	ok
Scorzoneroides_autumnalis	pltd	1	2	3	4	false	0	129475	0.37123868	8709.333	ok
Scorzoneroides_autumnalis	pltd	2	2	3	4	false	0	129774	0.3696634	2562.6667	ok
Scrophularia_auriculata	pltd	1	1	3	4	false	0	128613	0.37187436	10995.333	ok
Scrophularia_umbrosa	pltd	1	1	3	4	false	0	128118	0.37145662	11698	ok
Scrophularia_vernalis	pltd	1	1	20	30	false	0	147353	0.36977386	64539.1	ok
Scutellaria_galericulata	pltd	1	1	3	4	false	0	130421	0.37824726	17280.334	ok
Scutellaria_minor	pltd	1	1	3	4	false	0	130686	0.3785007	12017.333	ok
Sedum_acre	pltd	1	1	3	4	false	0	126489	0.3695989	8849	ok
Sedum_album	pltd	1	1	3	4	false	0	126093	0.37166905	7138.6665	ok
Sedum_anglicum	pltd	1	1	3	4	false	0	127169	0.37457868	32720	ok
Selaginella_selaginoides	pltd	1	1	110	176	false	1	221037	0.53935695	19719.49	ok
Senecio_eboracensis	pltd	1	1	3	4	false	0	129766	0.3658352	13135.333	ok
Senecio_squalidus	pltd	1	1	3	4	false	0	129449	0.36599848	39319.332	ok
Senecio_sylvaticus	pltd	1	1	3	4	false	0	129743	0.3658292	14130.333	ok
Senecio_viscosus	pltd	1	1	3	4	false	0	129776	0.3658241	22432	ok
Senecio_vulgaris	pltd	1	2	3	4	false	0	129402	0.36599764	5514.3335	ok
Senecio_vulgaris	pltd	2	2	3	4	false	0	123992	0.36906672	145.66667	ok
Sesleria_caerulea	pltd	1	1	3	4	false	0	116277	0.37953892	2413.6667	ok
Sherardia_arvensis	pltd	1	1	3	4	false	0	130054	0.36564565	25871	ok
Sibbaldia_procumbens	pltd	1	1	3	4	false	0	131248	0.36747822	1334.3334	ok
Sibthorpia_europaea	pltd	1	1	3	4	false	0	126030	0.37160158	3910.6667	ok
Silaum_silaus	pltd	1	1	4	5	false	0	131364	0.4014143	6808.25	ok
Silene_acaulis	pltd	1	1	6	8	false	0	133966	0.3463312	4044.3333	ok
Silene_dioica	pltd	1	1	3	4	false	0	127594	0.35406157	647	ok
Silene_flos_cuculi	pltd	1	1	3	4	false	0	126432	0.3585523	5205	ok
Silene_latifolia	pltd	1	1	3	4	false	0	127570	0.35420537	18677.666	ok
Silene_uniflora	pltd	1	1	3	4	false	0	127391	0.35200492	19311.334	ok
Silene_vulgaris	pltd	1	1	3	4	false	0	127085	0.3514757	9554	ok
Sinapis_arvensis	pltd	1	1	3	4	false	0	131797	0.35526085	119361	ok
Sisymbrium_altissimum	pltd	1	1	3	4	false	0	132509	0.35672572	30624	ok
Sisymbrium_officinale	pltd	1	1	3	4	false	0	131088	0.35568985	33882.332	ok
Sisyrinchium_bermudianum	pltd	1	1	3	4	false	0	127670	0.36608252	8939.333	ok
Sium_latifolium	pltd	1	1	3	4	false	0	132325	0.3658446	19081	ok
Smyrnium_perfoliatum	pltd	1	1	13	15	false	0	146743	0.4008896	23769.615	ok
Solanum_crispum	pltd	1	1	3	4	false	0	132234	0.3726498	3921.6667	ok
Solanum_dulcamara	pltd	1	1	3	4	false	0	130579	0.37189218	13472	ok
Solanum_nigrum	pltd	1	1	3	4	false	0	131009	0.37258634	34040.668	ok
Soleirolia_soleirolii	pltd	1	1	3	4	false	0	131181	0.35673258	52554	ok
Solenostoma_gracillimum	pltd	1	1	3	4	false	0	112571	0.36933795	3136.3333	ok
Solidago_canadensis	pltd	1	1	3	4	false	0	131633	0.36902002	4058.3333	ok
Solidago_virgaurea	pltd	1	1	3	4	false	0	130733	0.36883223	4339.3335	ok
Sonchus_arvensis	pltd	1	2	3	4	false	0	130527	0.35777566	3734	ok
Sonchus_arvensis	pltd	2	2	3	4	false	0	130048	0.37268826	863.6667	ok
Sonchus_asper	pltd	1	2	3	4	false	0	129969	0.37269497	59091.668	ok
Sonchus_asper	pltd	2	2	3	4	false	0	131046	0.35787523	3220.3333	ok
Sonchus_oleraceus	pltd	1	1	3	4	false	0	130138	0.373075	25053	ok
Sorbus_bristoliensis	pltd	1	1	7	10	false	0	139344	0.3426765	19955	ok
Sorbus_cuneifolia	pltd	1	1	3	4	false	0	136510	0.36083218	26105.334	ok
Sorbus_devoniensis	pltd	1	1	3	4	false	0	136027	0.36037818	4601.3335	ok
Sorbus_hibernica	pltd	1	1	3	4	false	0	136435	0.36081824	13031	ok
Southbya_tophacea	pltd	1	1	3	4	false	0	113582	0.38755035	4825.6665	ok
Sparganium_angustifolium	pltd	1	1	3	4	false	0	137449	0.36289477	18850.666	ok
Sparganium_emersum	pltd	1	1	3	4	false	0	137318	0.36322144	8660	ok
Sparganium_erectum	pltd	1	1	3	4	false	0	135851	0.36016405	9044.667	ok
Sparganium_natans	pltd	1	1	3	4	false	0	135163	0.35941043	27014	ok
Spergula_arvensis	pltd	1	1	3	4	false	0	128859	0.35930046	11447.333	ok
Spergularia_bocconei	pltd	1	1	3	4	false	0	129710	0.35818806	15602.333	ok
Spergularia_marina	pltd	1	1	3	4	false	0	129595	0.35836732	13346	ok
Spergularia_media	pltd	1	1	4	5	false	0	131084	0.3541041	20160	ok
Spergularia_rubra	pltd	1	1	3	4	false	0	130123	0.35814333	10789	ok
Sphagnum_angustifolium	pltd	1	1	3	4	false	0	132059	0.39551353	263.33334	ok
Sphagnum_capillifolium	pltd	1	1	3	4	false	0	130985	0.39521432	528.3333	ok
Sphagnum_compactum	pltd	1	1	3	4	false	0	132735	0.39493433	1389.3334	ok
Sphagnum_contortum	pltd	1	1	3	4	false	0	132047	0.39553937	3917.6667	ok
Sphagnum_fallax	pltd	1	1	3	4	false	0	131778	0.39532852	1693.3334	ok
Sphagnum_fimbriatum	pltd	1	1	3	4	false	0	131486	0.3959249	1045.3334	ok
Sphagnum_girgensohnii	pltd	1	1	3	4	false	0	131547	0.3961763	2323.3333	ok
Sphagnum_inundatum	pltd	1	1	3	4	false	0	131750	0.3960329	2162	ok
Sphagnum_lindbergii	pltd	1	1	3	4	false	0	131083	0.3957884	1752.3334	ok
Sphagnum_medium	pltd	1	1	3	4	false	0	132295	0.39485824	3085.6667	ok
Sphagnum_palustre	pltd	1	1	3	4	false	0	132341	0.39547864	2405	ok
Sphagnum_papillosum	pltd	1	1	3	4	false	0	132316	0.39530048	1541	ok
Sphagnum_riparium	pltd	1	1	3	4	false	0	131724	0.3956287	2878.3333	ok
Sphagnum_rubellum	pltd	1	1	3	4	false	0	130962	0.39536425	1500.3334	ok
Sphagnum_squarrosum	pltd	1	1	3	4	false	0	131190	0.39491305	15276.333	ok
Sphagnum_tenellum	pltd	1	1	3	4	false	0	132079	0.3947856	3843.3333	ok
Sphagnum_teres	pltd	1	1	3	4	false	0	131131	0.3948556	3838.3333	ok
Spinacia_oleracea	pltd	1	1	3	4	false	0	127679	0.3602818	14363.333	ok
Spiraea_salicifolia	pltd	1	1	3	4	false	0	132439	0.36170006	3569.6667	ok
Spirodela_polyrhiza	pltd	1	3	8	12	false	0	145921	0.35468867	14978.625	ok
Spirodela_polyrhiza	pltd	2	3	3	4	false	0	138640	0.34786534	137	ok
Spirodela_polyrhiza	pltd	3	3	1	0	false	0	10912	0.34127566	44	ok
Splachnum_sphaericum	pltd	1	1	3	4	false	0	116053	0.31597474	603	ok
Stachys_alpina	pltd	1	1	3	4	false	0	127003	0.37907198	29893	ok
Stachys_palustris	pltd	1	1	3	4	false	0	126500	0.37758175	6212.3335	ok
Stachys_sylvatica	pltd	1	2	3	4	false	0	126457	0.37768325	22223.666	ok
Stachys_sylvatica	pltd	2	2	3	4	false	0	128493	0.3696618	2128	ok
Stellaria_alsine	pltd	1	1	3	4	false	0	124755	0.3559055	16352	ok
Stellaria_graminea	pltd	1	2	5	6	false	1	151131	0.40446997	174.2	ok
Stellaria_graminea	pltd	2	2	3	4	false	0	126614	0.35605824	13621	ok
Stellaria_holostea	pltd	1	1	3	4	false	0	124799	0.35788858	6954.6665	ok
Stellaria_media	pltd	1	1	3	4	false	0	115975	0.37950066	9611	ok
Stellaria_palustris	pltd	1	1	3	4	false	0	127053	0.35591578	7487.3335	ok
Stereodon_callichrous	pltd	1	1	3	4	false	0	116208	0.33303568	1146.6666	ok
Straminergon_stramineum	pltd	1	1	3	4	false	0	117002	0.32570544	1521	ok
Struthiopteris_spicant	pltd	1	1	3	4	false	0	132308	0.43607196	15192.333	ok
Stuckenia_filiformis	pltd	1	1	3	4	false	0	132718	0.35785794	2074.6667	ok
Stuckenia_pectinata	pltd	1	1	3	4	false	0	131861	0.35682154	5354	ok
Suaeda_maritima	pltd	1	1	3	4	false	0	129148	0.3565549	38202.332	ok
Suaeda_vera	pltd	1	1	6	9	false	0	129892	0.3415215	27454.334	ok
Succisa_pratensis	pltd	1	1	3	4	false	0	137887	0.38443413	7270.6665	ok
Symphytum_tuberosum	pltd	1	1	3	4	false	0	122733	0.3695338	32151.666	ok
Syntrichia_ruraliformis	pltd	1	1	3	4	false	0	115049	0.31345636	4107.6665	ok
Syringa_vulgaris	pltd	1	1	3	4	false	0	132272	0.37443113	30617.334	ok
Tamarix_gallica	pltd	1	1	3	4	false	0	132234	0.35665616	8566.333	ok
Tanacetum_parthenium	pltd	1	1	3	4	false	0	136900	0.3646481	18862.334	ok
Tanacetum_vulgare	pltd	1	1	3	4	false	0	128725	0.36885384	6315.6665	ok
Tellima_grandiflora	pltd	1	1	3	4	false	0	132295	0.37316203	21130.334	ok
Tephroseris_palustris	pltd	1	1	3	4	false	0	129383	0.36824596	14523	ok
Tetraplodon_mnioides	pltd	1	1	3	4	false	0	116813	0.32140505	1750	ok
Teucrium_botrys	pltd	1	1	3	4	false	0	128173	0.37319812	16206.333	ok
Teucrium_chamaedrys	pltd	1	1	3	4	false	0	127298	0.37422052	10217	ok
Teucrium_scorodonia	pltd	1	1	3	4	false	0	128150	0.37501773	8153.6665	ok
Thalictrum_alpinum	pltd	1	1	4	5	false	0	132167	0.39916456	37582	ok
Thalictrum_flavum	pltd	1	1	3	4	false	0	131559	0.37563443	12666	ok
Thalictrum_minus	pltd	1	1	3	4	false	0	131497	0.37564778	6417.6665	ok
Thamnobryum_alopecurum	pltd	1	1	3	4	false	0	118085	0.34184703	2439	ok
Thelypteris_palustris	pltd	1	1	7	10	false	0	134797	0.43630728	3553.7144	ok
Thuidium_delicatulum	pltd	1	1	3	4	false	0	116840	0.3348917	1226.3334	ok
Thuidium_tamariscinum	pltd	1	1	3	4	false	0	117283	0.33449817	1180	ok
Thymus_drucei	pltd	1	1	3	4	false	0	129285	0.37140146	6749.6665	ok
Thymus_pulegioides	pltd	1	1	3	4	false	0	129380	0.37142584	9580.333	ok
Thymus_serpyllum	pltd	1	1	3	4	false	0	129303	0.37136778	10258	ok
Tilia_cordata	pltd	1	1	6	9	false	0	144110	0.37221012	14926.667	ok
Tofieldia_pusilla	pltd	1	1	3	4	false	0	131414	0.36918738	6924.3335	ok
Torilis_japonica	pltd	1	1	3	4	false	0	131916	0.3627263	10093	ok
Tortella_tortuosa	pltd	1	1	3	4	false	0	115259	0.3150665	2144.3333	ok
Tragopogon_porrifolius	pltd	1	1	3	4	false	0	130651	0.37197986	14674.667	ok
Tragopogon_pratensis	pltd	1	1	3	4	false	0	130725	0.37208554	12432	ok
Tricholepidozia_tetradactyla	pltd	1	1	7	10	false	0	117454	0.40028635	12362.143	ok
Trichophorum_cespitosum	pltd	1	1	3	4	false	0	152370	0.3299931	9910	ok
Trichostomum_littorale	pltd	1	1	3	4	false	0	118134	0.31632608	2188	ok
Trifolium_arvense	pltd	1	1	1	1	true	0	145734	0.34068233	8066	ok
Trifolium_bocconei	pltd	1	1	4	6	false	0	163681	0.32890373	20657.5	ok
Trifolium_campestre	pltd	1	1	1	1	true	0	127175	0.34824455	22110	ok
Trifolium_dubium	pltd	1	1	1	1	true	0	126886	0.34807622	13870	ok
Trifolium_fragiferum	pltd	1	1	1	1	true	0	139197	0.34116396	7898	ok
Trifolium_incarnatum	pltd	1	1	1	1	true	0	150994	0.3409407	10143	ok
Trifolium_medium	pltd	1	1	18	26	false	0	162605	0.2966979	14470.444	ok
Trifolium_occidentale	pltd	1	1	3	4	false	0	135596	0.33282575	57593.668	ok
Trifolium_ochroleucon	pltd	1	1	15	25	false	0	163567	0.3058901	9857.333	ok
Trifolium_pratense	pltd	1	1	1	1	true	0	149496	0.34310618	16662	ok
Trifolium_repens	pltd	1	1	1	1	true	0	132712	0.34268942	25810	ok
Trifolium_scabrum	pltd	1	1	1	1	true	0	141082	0.33944088	48376	ok
Trifolium_squamosum	pltd	1	1	1	1	true	0	142974	0.3426497	19786	ok
Trifolium_striatum	pltd	1	1	1	1	true	0	134064	0.34476072	12855	ok
Trifolium_strictum	pltd	1	1	1	1	true	0	126721	0.34429967	4625	ok
Trifolium_subterraneum	pltd	1	1	3	4	false	0	145273	0.33071473	29057.666	ok
Triglochin_maritima	pltd	1	1	3	4	false	0	132606	0.35957447	12727.333	ok
Triglochin_palustris	pltd	1	1	3	4	false	0	132879	0.3591287	8852.333	ok
Trinia_glauca	pltd										missing_gfa
Tripleurospermum_maritimum	pltd	1	2	3	4	false	0	128493	0.3696618	8361	ok
Tripleurospermum_maritimum	pltd	2	2	1	0	false	0	22709	0.42890483	99	ok
Tripolium_pannonicum	pltd	1	1	3	4	false	0	129366	0.3649062	7126	ok
Trocdaris_verticillatum	pltd	1	1	3	4	false	0	136645	0.36673093	6710	ok
Trollius_europaeus	pltd	1	1	3	4	false	0	135828	0.3729646	15724.333	ok
Tulipa_sylvestris	pltd	1	1	3	4	false	0	128146	0.35691628	2162.3333	ok
Turritis_glabra	pltd	1	1	3	4	false	0	131801	0.35672116	16701.666	ok
Tussilago_farfara	pltd	1	1	3	4	false	0	129124	0.36870947	33348.668	ok
Typha_latifolia	pltd	1	1	3	4	false	0	137087	0.36046913	1711.6666	ok
Ulex_europaeus	pltd	1	1	6	8	false	0	130861	0.37051964	4125.3335	ok
Ulex_minor	pltd	1	1	6	8	false	0	132056	0.3744913	5495	ok
Ulmus_glabra	pltd	1	1	3	4	false	0	136891	0.34916672	10841	ok
Ulmus_minor	pltd	1	1	3	4	false	0	136882	0.3492969	23606.666	ok
Ulmus_plotii	pltd	1	1	3	4	false	0	126884	0.37462345	21787	ok
Ulmus_procera	pltd	1	1	3	4	false	0	136923	0.34933075	12273	ok
Ulota_crispa	pltd	1	1	3	4	false	0	116772	0.32103685	2107.6667	ok
Ulota_phyllantha	pltd	1	1	3	4	false	0	116350	0.32012233	1681	ok
Umbilicus_rupestris	pltd	1	1	3	4	false	0	126736	0.36857328	22128	ok
Urtica_dioica	pltd	1	1	3	4	false	0	125830	0.36195198	22466.666	ok
Urtica_urens	pltd	1	1	3	4	false	0	124101	0.35445115	20273.666	ok
Utricularia_minor	pltd	1	1	3	4	false	0	130777	0.36398387	1918.3334	ok
Utricularia_vulgaris	pltd	1	1	3	4	false	0	131149	0.36410627	4321.3335	ok
Vaccinium_myrtillus	pltd	1	1	9	13	false	0	150763	0.34840825	37007.223	ok
Vaccinium_oxycoccos	pltd	1	1	6	8	false	0	147082	0.35624507	11892.667	ok
Vaccinium_vitis_idaea	pltd	1	1	5	7	true	0	146837	0.3514485	15022.8	ok
Valeriana_officinalis	pltd	1	2	3	4	false	0	129922	0.37426186	15641.667	ok
Valeriana_officinalis	pltd	2	2	3	4	false	0	132918	0.3783219	224	ok
Valeriana_pyrenaica	pltd	1	1	3	4	false	0	128314	0.3775884	11279.667	ok
Valerianella_locusta	pltd	1	1	3	4	false	0	127307	0.37151948	19585.666	ok
Vandenboschia_speciosa	pltd	1	1	3	4	false	0	130496	0.38546005	4467.3335	ok
Verbascum_nigrum	pltd	1	1	3	4	false	0	130178	0.37364683	10695.333	ok
Verbascum_thapsus	pltd	1	1	3	4	false	0	130130	0.37344977	4755	ok
Verbena_officinalis	pltd	1	1	3	4	false	0	129237	0.38370934	2879.3333	ok
Veronica_anagallis_aquatica	pltd	1	1	3	4	false	0	127372	0.3722316	12743.333	ok
Veronica_arvensis	pltd	1	1	3	4	false	0	125645	0.37096968	5569	ok
Veronica_beccabunga	pltd	1	1	3	4	false	0	125726	0.37169826	43265.332	ok
Veronica_chamaedrys	pltd	1	1	3	4	false	0	129133	0.37230834	10281	ok
Veronica_filiformis	pltd	1	1	12	18	false	0	134641	0.3648026	72222	ok
Veronica_hederifolia	pltd	1	2	3	4	false	0	126634	0.37042937	4690	ok
Veronica_hederifolia	pltd	2	2	3	4	false	0	126669	0.37050405	14502.667	ok
Veronica_montana	pltd	1	2	3	4	false	0	134384	0.3473661	4900.3335	ok
Veronica_montana	pltd	2	2	3	4	false	0	126884	0.37462342	12580.667	ok
Veronica_officinalis	pltd	1	1	3	4	false	0	126572	0.3740714	26910	ok
Veronica_persica	pltd	1	1	3	4	false	0	128475	0.37067962	55764.668	ok
Veronica_praecox	pltd	1	3	3	4	false	0	124914	0.37149397	62866.668	ok
Veronica_praecox	pltd	2	3	3	4	false	0	136341	0.36457908	4939	ok
Veronica_praecox	pltd	3	3	1	1	true	0	144321	0.34263206	523	ok
Veronica_scutellata	pltd	1	1	3	4	false	0	126430	0.37399673	13181.333	ok
Veronica_serpyllifolia	pltd	1	1	3	4	false	0	127307	0.37358323	20375.334	ok
Veronica_spicata	pltd	1	1	3	4	false	0	127872	0.37207857	13393.667	ok
Veronica_triphyllos	pltd	1	1	3	4	false	0	125656	0.37114868	43453	ok
Veronica_verna	pltd	1	1	3	4	false	0	126904	0.37023774	38432.668	ok
Viburnum_lantana	pltd	1	1	3	4	false	0	134229	0.37329772	12613.333	ok
Viburnum_opulus	pltd	1	1	3	4	false	0	134055	0.373521	20705.666	ok
Vicia_cracca	pltd	1	1	3	4	false	0	129864	0.31720495	4639.3335	ok
Vicia_hirsuta	pltd	1	1	1	1	true	0	124748	0.34068683	6551	ok
Vicia_lutea	pltd	1	1	1	1	true	0	123406	0.34431064	2540	ok
Vicia_parviflora	pltd	1	1	1	1	true	0	122276	0.34318262	5819	ok
Vicia_sativa	pltd	1	1	1	1	true	0	125221	0.35125896	12829	ok
Vicia_sepium	pltd	1	1	1	1	true	0	125232	0.3502699	7384	ok
Vinca_minor	pltd	1	1	3	4	false	0	130313	0.3744676	24468	ok
Viola_hirta	pltd	1	1	3	4	false	0	134817	0.35425997	29037	ok
Viola_lutea	pltd	1	1	7	10	false	0	136897	0.3545298	6780.4287	ok
Viola_odorata	pltd	1	1	3	4	false	0	134285	0.35303584	12614	ok
Viola_palustris	pltd	1	1	3	4	false	0	133664	0.3537021	15960	ok
Viola_riviniana	pltd	1	4	3	4	false	0	129568	0.3735833	1601.6666	ok
Viola_riviniana	pltd	2	4	3	4	false	0	127499	0.36911294	1629.6666	ok
Viola_riviniana	pltd	3	4	3	4	false	0	136366	0.38042888	8134.6665	ok
Viola_riviniana	pltd	4	4	1	1	true	0	128681	0.34528795	1545	ok
Viola_stagnina	pltd	1	1	3	4	false	0	135245	0.3534038	13223.333	ok
Viola_tricolor	pltd	1	1	9	14	false	0	141124	0.35164592	16317.889	ok
Viscaria_vulgaris	pltd	1	1	3	4	false	0	130002	0.35413805	9471.667	ok
Viscum_album	pltd	1	1	3	4	false	0	107792	0.34129572	401.66666	ok
Vitis_vinifera	pltd	1	1	3	4	false	0	137661	0.36866558	15223.333	ok
Woodsia_ilvensis	pltd	1	1	3	4	false	0	131459	0.42788395	3600.6667	ok
Xerophyllum_tenax	pltd	1	1	3	4	false	0	131300	0.37046424	14524.667	ok
Zostera_marina	pltd	1	1	3	4	false	0	121726	0.34487867	39912	ok
Zostera_noltei	pltd	1	1	3	4	false	0	123738	0.35139918	9050.333	ok
Zygodon_viridissimus	pltd	1	1	3	4	false	0	116327	0.32254115	2071	ok
