species	status	resolver	run_prefix	graph_bp	n_unitigs	genome_depth	low_depth_bp	embedded_low_bp	n_embedded_pieces	self_contained_low_bp	embedded_low_frac	assembly_bp_via_low	assembly_frac_via_low	flagged
Acaena_ovalifolia	ok	oatk_pathfinder	Acaena_ovalifolia	358496	3	576.0	0	0	0	0	0.0	0	0.0	False
Acer_campestre	ok	oatk_pathfinder	Acer_campestre	750721	9	815.0	0	0	0	0	0.0	0	0.0	False
Acer_pseudoplatanus	ok	oatk_pathfinder	Acer_pseudoplatanus.k1001.s31.c80	732180	4	819.0	0	0	0	0	0.0	0	0.0	False
Achillea_maritima	ok	oatk_pathfinder	Achillea_maritima.k1001.s31.c80	202131	1	1272.0	0	0	0	0	0.0	0	0.0	False
Achillea_millefolium	ok	oatk_pathfinder	Achillea_millefolium.k1001.s31.c80	195982	1	363.0	0	0	0	0	0.0	0	0.0	False
Achillea_ptarmica	ok	oatk_pathfinder	Achillea_ptarmica.k1001.s31.c80	188653	1	239.0	0	0	0	0	0.0	0	0.0	False
Aconitum_napellus	ok	oatk_pathfinder	Aconitum_napellus.k1001.s31.c80	66789	4	91.0	0	0	0	0	0.0			False
Adiantum_capillus_veneris	ok	gfatk_resolve	Adiantum_capillus_veneris.k1001.s31.c30	248689	73	4607.0	31298	31298	18	0	0.126	38199	0.113	True
Adonis_annua	ok	oatk_pathfinder	Adonis_annua.k1001.s31.c40.deadend_c40	587123	9	402.0	0	0	0	0	0.0			False
Adoxa_moschatellina	ok	oatk_pathfinder	Adoxa_moschatellina.k1001.s31.c80	685747	4	342.0	0	0	0	0	0.0	0	0.0	False
Aegonychon_purpurocaeruleum	ok	oatk_pathfinder	Aegonychon_purpurocaeruleum.k1001.s31.c80	297260	3	3330.0	0	0	0	0	0.0	0	0.0	False
Aesculus_hippocastanum	ok	oatk_pathfinder	Aesculus_hippocastanum	506845	9	1586.0	2369	2369	1	0	0.005	0	0.0	False
Aethusa_cynapium	ok	oatk_pathfinder	Aethusa_cynapium.k1001.s31.c80	257781	14	523.0	0	0	0	0	0.0	0	0.0	False
Agrimonia_eupatoria	ok	oatk_pathfinder	Agrimonia_eupatoria.k1001.s31.c80	319533	6	508.0	0	0	0	0	0.0	0	0.0	False
Agrostemma_githago	ok	oatk_pathfinder	Agrostemma_githago	244138	9	1304.0	0	0	0	0	0.0	0	0.0	False
Agrostis_capillaris	ok	oatk_pathfinder	Agrostis_capillaris.k1001.s31.c80	564309	12	370.0	0	0	0	0	0.0	0	0.0	False
Agrostis_gigantea	ok	oatk_pathfinder	Agrostis_gigantea.k1001.s31.c40.deadend_c40	616546	12	120.0	0	0	0	0	0.0	0	0.0	False
Agrostis_stolonifera	ok	oatk_pathfinder	Agrostis_stolonifera.k1001.s31.c80	511556	9	309.0	0	0	0	0	0.0			False
Ailanthus_altissima	ok	oatk_pathfinder	Ailanthus_altissima	658069	3	1296.0	0	0	0	0	0.0	0	0.0	False
Ajuga_chamaepitys	ok	oatk_pathfinder	Ajuga_chamaepitys	406560	6	860.0	0	0	0	0	0.0	0	0.0	False
Ajuga_reptans	ok	oatk_pathfinder	Ajuga_reptans.k1001.s31.c80	379759	21	1344.0	3906	3906	2	0	0.01	0	0.0	False
Alchemilla_alpina	ok	oatk_pathfinder	Alchemilla_alpina.k1001.s31.c80	321841	2	500.0	0	0	0	0	0.0	0	0.0	False
Alchemilla_arvensis	ok	oatk_pathfinder	Alchemilla_arvensis.k1001.s31.c80	287215	1	1184.0	0	0	0	0	0.0			False
Alchemilla_glaucescens	ok	oatk_pathfinder	Alchemilla_glaucescens.k1001.s31.c80	311968	3	1156.0	2196	2196	1	0	0.007			False
Alchemilla_micans	ok	oatk_pathfinder	Alchemilla_micans.k1001.s31.c80	309262	1	1324.0	0	0	0	0	0.0	0	0.0	False
Alisma_plantago_aquatica	ok	oatk_pathfinder	Alisma_plantago_aquatica	246240	11	315.0	0	0	0	0	0.0	0	0.0	False
Alleniella_complanata	ok	oatk_pathfinder	Alleniella_complanata.k1001.s31.c40.mitoempty_c40	104861	1	55.0	0	0	0	0	0.0	0	0.0	False
Alliaria_petiolata	ok	oatk_pathfinder	Alliaria_petiolata.k1001.s31.c80	277577	2	566.0	0	0	0	0	0.0	0	0.0	False
Allium_paradoxum	ok	oatk_pathfinder	Allium_paradoxum.k1001.s31.c80	316156	9	485.0	0	0	0	0	0.0			False
Allium_schoenoprasum	ok	oatk_pathfinder	Allium_schoenoprasum.k1001.s31.c80	470358	39	439.0	2730	2730	2	0	0.006	0	0.0	False
Allium_triquetrum	ok	oatk_pathfinder	Allium_triquetrum.k1001.s31.c80	359465	3	316.0	0	0	0	0	0.0	0	0.0	False
Alnus_cordata	ok	oatk_pathfinder	Alnus_cordata.k1001.s31.c80	624351	5	131.0	0	0	0	0	0.0			False
Alnus_glutinosa	ok	oatk_pathfinder	Alnus_glutinosa	663388	4	735.0	0	0	0	0	0.0	0	0.0	False
Alnus_incana	ok	oatk_pathfinder	Alnus_incana	664479	6	2044.0	1410	1410	1	0	0.002	0	0.0	False
Alopecurus_geniculatus	ok	oatk_pathfinder	Alopecurus_geniculatus.k1001.s31.c80	533139	12	167.0	0	0	0	0	0.0	0	0.0	False
Alopecurus_pratensis	ok	oatk_pathfinder	Alopecurus_pratensis.k1001.s31.c80	492273	9	138.0	0	0	0	0	0.0	0	0.0	False
Ammi_majus	ok	oatk_pathfinder	Ammi_majus	248792	14	1347.0	0	0	0	0	0.0	0	0.0	False
Ammophila_arenaria	ok	oatk_pathfinder	Ammophila_arenaria.k1001.s31.c80	496630	10	126.0	0	0	0	0	0.0	0	0.0	False
Amphidium_lapponicum	ok	oatk_pathfinder	Amphidium_lapponicum.k1001.s31.c80	106595	1	535.0	0	0	0	0	0.0	0	0.0	False
Amphidium_mougeotii	ok	oatk_pathfinder	Amphidium_mougeotii.k1001.s31.c80	107210	1	951.0	0	0	0	0	0.0	0	0.0	False
Amsinckia_menziesii	ok	oatk_pathfinder	Amsinckia_menziesii.k1001.s31.c80	12743	9	1.0	0	0	0	0	0.0			False
Anacamptis_pyramidalis	ok	oatk_pathfinder	Anacamptis_pyramidalis.k1001.s31.c40.fragmented_c40	632278	46	1701.0	29120	29120	17	0	0.046			True
Anagallis_arvensis	ok	oatk_pathfinder	Anagallis_arvensis.k1001.s31.c80	506574	9	3702.0	2866	2866	2	0	0.006	0	0.0	False
Anagallis_tenella	ok	oatk_pathfinder	Anagallis_tenella.k1001.s31.c80	382425	15	1555.0	3077	3077	2	0	0.008	0	0.0	False
Anastrepta_orcadensis	ok	oatk_pathfinder	Anastrepta_orcadensis.k1001.s31.c80	147195	3	960.0	1546	1546	1	0	0.011	0	0.0	False
Anastrophyllum_donnianum	ok	oatk_pathfinder	Anastrophyllum_donnianum.k1001.s31.c80	148217	1	695.0	0	0	0	0	0.0	0	0.0	False
Anchusa_arvensis	ok	oatk_pathfinder	Anchusa_arvensis.k1001.s31.c80	340389	1	468.0	0	0	0	0	0.0	0	0.0	False
Andreaea_frigida	ok	oatk_pathfinder	Andreaea_frigida.k1001.s31.c80	119106	1	410.0	0	0	0	0	0.0	0	0.0	False
Andreaea_hookeri	ok	oatk_pathfinder	Andreaea_hookeri.k1001.s31.c80	119987	1	460.0	0	0	0	0	0.0	0	0.0	False
Andreaea_mutabilis	ok	oatk_pathfinder	Andreaea_mutabilis.k1001.s31.c80	192670	2	293.0	0	0	0	0	0.0			False
Andreaea_nivalis	ok	oatk_pathfinder	Andreaea_nivalis.k1001.s31.c80	120446	1	248.0	0	0	0	0	0.0	0	0.0	False
Andreaea_rothii	ok	oatk_pathfinder	Andreaea_rothii.k1001.s31.c80	119686	1	446.0	0	0	0	0	0.0	0	0.0	False
Andreaea_rupestris	ok	oatk_pathfinder	Andreaea_rupestris.k1001.s31.c80	122835	3	671.0	2267	2267	1	0	0.018	0	0.0	False
Andromeda_polifolia	ok	oatk_pathfinder	Andromeda_polifolia.k1001.s31.c80	462348	6	810.0	0	0	0	0	0.0	0	0.0	False
Anemone_nemorosa	ok	oatk_pathfinder	Anemone_nemorosa.k1001.s31.c40.deadend_c40	801905	28	144.0	0	0	0	0	0.0	0	0.0	False
Anemone_pulsatilla	ok	oatk_pathfinder	Anemone_pulsatilla.k1001.s31.c40.deadend_c40	792017	12	181.0	0	0	0	0	0.0			False
Anethum_foeniculum	ok	oatk_pathfinder	Anethum_foeniculum.k1001.s31.c80	244735	12	2839.0	2850	2850	2	0	0.012	0	0.0	False
Angelica_archangelica	ok	gfatk_resolve	Angelica_archangelica.k1001.s31.c80	331734	69	685.0	16979	16979	12	0	0.051	22246	0.049	False
Angelica_sylvestris	ok	oatk_pathfinder	Angelica_sylvestris.k1001.s31.c40.deadend_c40	263190	17	438.0	0	0	0	0	0.0			False
Anoectangium_aestivum	ok	oatk_pathfinder	Anoectangium_aestivum.k1001.s31.c80	106947	1	572.0	0	0	0	0	0.0	0	0.0	False
Anomodon_viticulosus	ok	oatk_pathfinder	Anomodon_viticulosus.k1001.s31.c80	106540	3	677.0	1902	1902	1	0	0.018	0	0.0	False
Antennaria_dioica	ok	oatk_pathfinder	Antennaria_dioica.k1001.s31.c40.deadend_c40	325033	23	518.0	1646	1646	1	0	0.005	0	0.0	False
Anthelia_julacea	ok	oatk_pathfinder	Anthelia_julacea.k1001.s31.c80	165408	1	455.0	0	0	0	0	0.0	0	0.0	False
Anthoxanthum_odoratum	ok	oatk_pathfinder	Anthoxanthum_odoratum.k1001.s31.c40.deadend_c40	572864	22	115.0	0	0	0	0	0.0	0	0.0	False
Anthriscus_sylvestris	ok	oatk_pathfinder	Anthriscus_sylvestris.k1001.s31.c40.deadend_c40	347908	21	186.0	0	0	0	0	0.0			False
Anthyllis_vulneraria	ok	oatk_pathfinder	Anthyllis_vulneraria.k1001.s31.c80	336837	30	3369.0	7913	7913	5	0	0.023	0	0.0	False
Antitrichia_curtipendula	ok	oatk_pathfinder	Antitrichia_curtipendula	106559	1	849.0	0	0	0	0	0.0	0	0.0	False
Aponogeton_distachyos	ok	oatk_pathfinder	Aponogeton_distachyos	229972	6	219.0	0	0	0	0	0.0			False
Aquilegia_vulgaris	ok	oatk_pathfinder	Aquilegia_vulgaris	492481	4	1090.0	0	0	0	0	0.0	0	0.0	False
Arabidopsis_thaliana	ok	oatk_pathfinder	Arabidopsis_thaliana	363316	6	923.0	0	0	0	0	0.0	0	0.0	False
Arabis_alpina	ok	oatk_pathfinder	Arabis_alpina.k1001.s31.c80	309798	9	1427.0	1675	1675	1	0	0.005	0	0.0	False
Arabis_hirsuta	ok	oatk_pathfinder	Arabis_hirsuta	325981	9	1163.0	0	0	0	0	0.0	0	0.0	False
Arabis_scabra	ok	oatk_pathfinder	Arabis_scabra.k1001.s31.c80	763294	13	1086.0	0	0	0	0	0.0			False
Arbutus_unedo	ok	oatk_pathfinder	Arbutus_unedo.k1001.s31.c80	840122	9	283.0	0	0	0	0	0.0			False
Archidium_alternifolium	ok	oatk_pathfinder	Archidium_alternifolium.k1001.s31.c80	111862	1	1897.0	0	0	0	0	0.0	0	0.0	False
Arctium_lappa	ok	oatk_pathfinder	Arctium_lappa.k1001.s31.c80	284669	9	226.0	0	0	0	0	0.0	0	0.0	False
Arctium_minus	ok	oatk_pathfinder	Arctium_minus	723447	15	212.0	0	0	0	0	0.0	0	0.0	False
Arctostaphylos_uva_ursi	ok	oatk_pathfinder	Arctostaphylos_uva_ursi.k1001.s31.c80	599084	6	433.0	0	0	0	0	0.0	0	0.0	False
Arctous_alpina	ok	oatk_pathfinder	Arctous_alpina.k1001.s31.c80	3619343	3	612.0	0	0	0	0	0.0			False
Arenaria_serpyllifolia	ok	oatk_pathfinder	Arenaria_serpyllifolia.k1001.s31.c40.fragmented_c40	442361	16	2559.0	2844	2844	2	0	0.006			False
Aria_edulis	ok	oatk_pathfinder	Aria_edulis.k1001.s31.c80	425231	3	688.0	0	0	0	0	0.0	0	0.0	False
Aristolochia_clematitis	ok	oatk_pathfinder	Aristolochia_clematitis.k1001.s31.c80	348584	11	771.0	0	0	0	0	0.0	0	0.0	False
Armoracia_rusticana	ok	oatk_pathfinder	Armoracia_rusticana.k1001.s31.c80	306166	6	1976.0	0	0	0	0	0.0	0	0.0	False
Arrhenatherum_elatius	ok	oatk_pathfinder	Arrhenatherum_elatius.k1001.s31.c80	433432	11	213.0	0	0	0	0	0.0	0	0.0	False
Artemisia_campestris	ok	oatk_pathfinder	Artemisia_campestris.k1001.s31.c80	225885	1	545.0	0	0	0	0	0.0	0	0.0	False
Artemisia_maritima	ok	oatk_pathfinder	Artemisia_maritima.k1001.s31.c80	213875	3	184.0	0	0	0	0	0.0	0	0.0	False
Artemisia_vulgaris	ok	oatk_pathfinder	Artemisia_vulgaris.k1001.s31.c80	223732	1	265.0	0	0	0	0	0.0	0	0.0	False
Arum_italicum	ok	oatk_pathfinder	Arum_italicum.k1001.s31.c80	711431	12	249.0	0	0	0	0	0.0	0	0.0	False
Arum_maculatum	ok	oatk_pathfinder	Arum_maculatum.k1001.s31.c80	659631	17	409.0	0	0	0	0	0.0	0	0.0	False
Asparagus_officinalis	ok	oatk_pathfinder	Asparagus_officinalis.k1001.s31.c80	474121	6	644.0	0	0	0	0	0.0	0	0.0	False
Asplenium_adiantum_nigrum	ok	gfatk_resolve	Asplenium_adiantum_nigrum.k1001.s31.c100	215288	47	1534.0	2067	2067	1	0	0.01			False
Asplenium_ceterach	ok	gfatk_resolve	Asplenium_ceterach.k1001.s31.c100	257465	79	2213.0	12362	12362	7	0	0.048			False
Asplenium_marinum	ok	gfatk_resolve	Asplenium_marinum.k1001.s31.c40.deadend_c40	291700	89	347.0	5557	5557	4	0	0.019			False
Asplenium_scolopendrium	ok	gfatk_resolve	Asplenium_scolopendrium.k1001.s31.c15	276446	84	618.0	29930	29930	20	0	0.108			True
Asplenium_trichomanes	ok	gfatk_resolve	Asplenium_trichomanes.k1001.s31.c100	230117	57	899.0	0	0	0	0	0.0	0	0.0	False
Asplenium_viride	ok	gfatk_resolve	Asplenium_viride.k1001.s31.c100	257114	76	2114.0	5112	5112	3	0	0.02	4434	0.012	False
Astragalus_alpinus	ok	oatk_pathfinder	Astragalus_alpinus	311629	5	471.0	0	0	0	0	0.0	0	0.0	False
Astragalus_danicus	ok	oatk_pathfinder	Astragalus_danicus.k1001.s31.c80	304654	3	2602.0	1415	1415	1	0	0.005	0	0.0	False
Astragalus_glycyphyllos	ok	oatk_pathfinder	Astragalus_glycyphyllos	360323	4	600.0	0	0	0	0	0.0			False
Atractylocarpus_subporodictyon	ok	oatk_pathfinder	Atractylocarpus_subporodictyon.k1001.s31.c80	102510	1	651.0	0	0	0	0	0.0	0	0.0	False
Atriplex_laciniata	ok	oatk_pathfinder	Atriplex_laciniata.k1001.s31.c80	288453	7	2687.0	0	0	0	0	0.0	0	0.0	False
Atriplex_littoralis	ok	oatk_pathfinder	Atriplex_littoralis.k1001.s31.c80	283460	5	1168.0	0	0	0	0	0.0			False
Atriplex_praecox	ok	oatk_pathfinder	Atriplex_praecox.k1001.s31.c80	276986	6	2207.0	0	0	0	0	0.0	0	0.0	False
Atropa_belladonna	ok	oatk_pathfinder	Atropa_belladonna.k1001.s31.c80	430739	7	1167.0	0	0	0	0	0.0	0	0.0	False
Aulacomnium_androgynum	ok	oatk_pathfinder	Aulacomnium_androgynum.k1001.s31.c80	105111	1	725.0	0	0	0	0	0.0	0	0.0	False
Aulacomnium_palustre	ok	oatk_pathfinder	Aulacomnium_palustre.k1001.s31.c80	782533	1	196.0	0	0	0	0	0.0			False
Avenella_flexuosa	ok	gfatk_resolve	Avenella_flexuosa.k1001.s31.c80	653524	155	260.0	0	0	0	0	0.0	0	0.0	False
Azolla_filiculoides	ok	gfatk_resolve	Azolla_filiculoides.k1001.s31.c20	385042	175	403.0	127630	81969	50	45661	0.213	165119	0.216	True
Baldellia_ranunculoides	ok	oatk_pathfinder	Baldellia_ranunculoides.k1001.s31.c80	266010	6	345.0	0	0	0	0	0.0	0	0.0	False
Ballota_nigra	ok	oatk_pathfinder	Ballota_nigra	397940	3	1111.0	0	0	0	0	0.0	0	0.0	False
Barbarea_vulgaris	ok	oatk_pathfinder	Barbarea_vulgaris	428430	62	3215.0	0	0	0	0	0.0	0	0.0	False
Bartramia_pomiformis	ok	oatk_pathfinder	Bartramia_pomiformis.k1001.s31.c80	108691	3	1684.0	1901	1901	1	0	0.017	0	0.0	False
Bazzania_pearsonii	ok	oatk_pathfinder	Bazzania_pearsonii.k1001.s31.c80	161868	1	1000.0	0	0	0	0	0.0			False
Bazzania_tricrenata	ok	oatk_pathfinder	Bazzania_tricrenata.k1001.s31.c80	162501	1	956.0	0	0	0	0	0.0	0	0.0	False
Bazzania_trilobata	ok	oatk_pathfinder	Bazzania_trilobata.k1001.s31.c80	162531	1	1074.0	0	0	0	0	0.0	0	0.0	False
Bellardia_viscosa	ok	oatk_pathfinder	Bellardia_viscosa.k1001.s31.c80	542056	7	714.0	1383	1383	1	0	0.003	0	0.0	False
Bellis_perennis	ok	oatk_pathfinder	Bellis_perennis.k1001.s31.c80	258284	3	832.0	0	0	0	0	0.0	0	0.0	False
Berberis_aquifolium	ok	oatk_pathfinder	Berberis_aquifolium.k1001.s31.c80	858096	12	1781.0	1406	1406	1	0	0.002			False
Berberis_vulgaris	ok	oatk_pathfinder	Berberis_vulgaris	759191	9	948.0	0	0	0	0	0.0	0	0.0	False
Berula_erecta	ok	oatk_pathfinder	Berula_erecta.k1001.s31.c80	379192	15	1855.0	3333	3333	2	0	0.009			False
Beta_vulgaris	ok	oatk_pathfinder	Beta_vulgaris.k1001.s31.c80	341196	9	2357.0	0	0	0	0	0.0			False
Betonica_officinalis	ok	oatk_pathfinder	Betonica_officinalis.k1001.s31.c80	337297	10	508.0	0	0	0	0	0.0	0	0.0	False
Betula_pendula	ok	oatk_pathfinder	Betula_pendula.k1001.s31.c80	645776	6	724.0	0	0	0	0	0.0	0	0.0	False
Betula_pubescens	ok	oatk_pathfinder	Betula_pubescens.k1001.s31.c80	639908	6	182.0	0	0	0	0	0.0	0	0.0	False
Bidens_cernua	ok	oatk_pathfinder	Bidens_cernua.k1001.s31.c80	213469	12	468.0	0	0	0	0	0.0	0	0.0	False
Bistorta_vivipara	ok	oatk_pathfinder	Bistorta_vivipara.k1001.s31.c80	357848	7	1153.0	0	0	0	0	0.0			False
Blackstonia_perfoliata	ok	oatk_pathfinder	Blackstonia_perfoliata.k1001.s31.c80	333526	11	2547.0	2897	2897	2	0	0.009			False
Blasia_pusilla	ok	oatk_pathfinder	Blasia_pusilla.k1001.s31.c80	186320	1	4793.0	0	0	0	0	0.0	0	0.0	False
Blindia_acuta	ok	oatk_pathfinder	Blindia_acuta.k1001.s31.c80	106870	1	1416.0	0	0	0	0	0.0	0	0.0	False
Blindiadelphus_recurvatus	ok	oatk_pathfinder	Blindiadelphus_recurvatus.k1001.s31.c80	108024	1	311.0	0	0	0	0	0.0	0	0.0	False
Blitum_bonus_henricus	ok	oatk_pathfinder	Blitum_bonus_henricus	302965	9	4736.0	0	0	0	0	0.0			False
Blysmopsis_rufa	ok	oatk_pathfinder	Blysmopsis_rufa.k1001.s31.c80	2447226	73	409.0	0	0	0	0	0.0			False
Borago_officinalis	ok	oatk_pathfinder	Borago_officinalis.k1001.s31.c80	429774	6	897.0	0	0	0	0	0.0	0	0.0	False
Brachydontium_trichodes	ok	oatk_pathfinder	Brachydontium_trichodes.k1001.s31.c80	104389	1	525.0	0	0	0	0	0.0	0	0.0	False
Brachypodium_pinnatum	ok	oatk_pathfinder	Brachypodium_pinnatum.k1001.s31.c80	457403	12	2673.0	0	0	0	0	0.0	0	0.0	False
Brachypodium_sylvaticum	ok	oatk_pathfinder	Brachypodium_sylvaticum.k1001.s31.c80	489210	14	578.0	0	0	0	0	0.0	0	0.0	False
Brachythecium_rutabulum	ok	oatk_pathfinder	Brachythecium_rutabulum.k1001.s31.c80	104566	1	537.0	0	0	0	0	0.0	0	0.0	False
Brassica_nigra	ok	oatk_pathfinder	Brassica_nigra	227052	3	324.0	0	0	0	0	0.0	0	0.0	False
Braunia_imberbis	ok	oatk_pathfinder	Braunia_imberbis.k1001.s31.c80	108463	1	633.0	0	0	0	0	0.0	0	0.0	False
Briza_media	ok	oatk_pathfinder	Briza_media.k1001.s31.c80	477685	6	180.0	0	0	0	0	0.0			False
Bromus_benekenii	ok	oatk_pathfinder	Bromus_benekenii.k1001.s31.c80	454081	20	229.0	0	0	0	0	0.0			False
Bromus_hordeaceus	ok	oatk_pathfinder	Bromus_hordeaceus.k1001.s31.c80	464581	14	395.0	0	0	0	0	0.0	0	0.0	False
Bromus_interruptus	ok	oatk_pathfinder	Bromus_interruptus.k1001.s31.c80	464581	14	251.0	0	0	0	0	0.0	0	0.0	False
Bromus_secalinus	ok	oatk_pathfinder	Bromus_secalinus.k1001.s31.c80	401813	3	785.0	0	0	0	0	0.0			False
Bromus_sterilis	ok	oatk_pathfinder	Bromus_sterilis	487981	17	614.0	0	0	0	0	0.0	0	0.0	False
Bryoerythrophyllum_caledonicum	ok	oatk_pathfinder	Bryoerythrophyllum_caledonicum	106954	1	874.0	0	0	0	0	0.0	0	0.0	False
Bryoerythrophyllum_ferruginascens	ok	oatk_pathfinder	Bryoerythrophyllum_ferruginascens.k1001.s31.c80	107442	1	1449.0	0	0	0	0	0.0	0	0.0	False
Bryonia_dioica	ok	oatk_pathfinder	Bryonia_dioica.k1001.s31.c80	353654	2	1744.0	0	0	0	0	0.0			False
Bryum_calophyllum	ok	oatk_pathfinder	Bryum_calophyllum.k1001.s31.c80	99392	1	3694.0	0	0	0	0	0.0	0	0.0	False
Bryum_knowltonii	ok	oatk_pathfinder	Bryum_knowltonii.k1001.s31.c80	106983	6	1897.0	6357	6357	3	0	0.059	0	0.0	False
Bryum_marratii	ok	oatk_pathfinder	Bryum_marratii.k1001.s31.c80	101464	1	3103.0	0	0	0	0	0.0	0	0.0	False
Bryum_riparium	ok	oatk_pathfinder	Bryum_riparium.k1001.s31.c80	102049	1	3005.0	0	0	0	0	0.0	0	0.0	False
Buddleja_davidii	ok	oatk_pathfinder	Buddleja_davidii.k1001.s31.c80	523477	3	1246.0	0	0	0	0	0.0	0	0.0	False
Butomus_umbellatus	ok	oatk_pathfinder	Butomus_umbellatus.k1001.s31.c80	438808	6	297.0	0	0	0	0	0.0	0	0.0	False
Buxus_sempervirens	ok	oatk_pathfinder	Buxus_sempervirens.k1001.s31.c40.unresolved_c40	952869	28	1198.0	3216	3216	2	0	0.003			False
Cakile_maritima	ok	oatk_pathfinder	Cakile_maritima.k1001.s31.c80	442904	16	1620.0	4642	4642	3	0	0.01			False
Calendula_officinalis	ok	oatk_pathfinder	Calendula_officinalis	315747	7	3290.0	0	0	0	0	0.0	0	0.0	False
Calliergon_cordifolium	ok	oatk_pathfinder	Calliergon_cordifolium	104705	1	5104.0	0	0	0	0	0.0	0	0.0	False
Calliergon_giganteum	ok	oatk_pathfinder	Calliergon_giganteum.k1001.s31.c80	105434	1	186.0	0	0	0	0	0.0	0	0.0	False
Calliergonella_cuspidata	ok	oatk_pathfinder	Calliergonella_cuspidata.k1001.s31.c80	107923	3	734.0	0	0	0	0	0.0	0	0.0	False
Callitriche_obtusangula	ok	oatk_pathfinder	Callitriche_obtusangula	385006	17	1466.0	0	0	0	0	0.0			False
Callitriche_stagnalis	ok	oatk_pathfinder	Callitriche_stagnalis.k1001.s31.c80	280418	14	1955.0	1640	1640	1	0	0.006			False
Calluna_vulgaris	ok	oatk_pathfinder	Calluna_vulgaris	431208	3	1632.0	0	0	0	0	0.0	0	0.0	False
Calypogeia_arguta	ok	oatk_pathfinder	Calypogeia_arguta.k1001.s31.c80	159675	1	218.0	0	0	0	0	0.0	0	0.0	False
Calypogeia_muelleriana	ok	oatk_pathfinder	Calypogeia_muelleriana.k1001.s31.c80	160946	1	1147.0	0	0	0	0	0.0			False
Calystegia_pulchra	ok	oatk_pathfinder	Calystegia_pulchra.k1001.s31.c80	306829	14	936.0	0	0	0	0	0.0			False
Calystegia_sepium	ok	oatk_pathfinder	Calystegia_sepium.k1001.s31.c80	319286	28	1709.0	2882	2882	2	0	0.009	0	0.0	False
Calystegia_soldanella	ok	oatk_pathfinder	Calystegia_soldanella	297885	42	4011.0	14857	14857	9	0	0.05	0	0.0	False
Campanula_glomerata	ok	oatk_pathfinder	Campanula_glomerata.k1001.s31.c80	432006	7	487.0	0	0	0	0	0.0	0	0.0	False
Campanula_medium	ok	oatk_pathfinder	Campanula_medium.k1001.s31.c80	275291	9	1735.0	1381	1381	1	0	0.005	0	0.0	False
Campanula_patula	ok	oatk_pathfinder	Campanula_patula.k1001.s31.c80	305990	6	3425.0	0	0	0	0	0.0	0	0.0	False
Campanula_rotundifolia	ok	oatk_pathfinder	Campanula_rotundifolia.k1001.s31.c40.deadend_c40	340649	3	140.0	0	0	0	0	0.0	0	0.0	False
Camptothecium_lutescens	ok	oatk_pathfinder	Camptothecium_lutescens.k1001.s31.c80	104344	1	162.0	0	0	0	0	0.0	0	0.0	False
Campylium_stellatum	ok	oatk_pathfinder	Campylium_stellatum.k1001.s31.c80	104176	1	3710.0	0	0	0	0	0.0	0	0.0	False
Campylopus_flexuosus	ok	oatk_pathfinder	Campylopus_flexuosus.k1001.s31.c80	141469	2	597.0	0	0	0	0	0.0	0	0.0	False
Campylopus_introflexus	ok	oatk_pathfinder	Campylopus_introflexus.k1001.s31.c80	101720	1	773.0	0	0	0	0	0.0	0	0.0	False
Capsella_bursa_pastoris	ok	oatk_pathfinder	Capsella_bursa_pastoris.k1001.s31.c80	288773	3	3262.0	1406	1406	1	0	0.005	0	0.0	False
Cardamine_amara	ok	oatk_pathfinder	Cardamine_amara.k1001.s31.c80	304383	3	629.0	0	0	0	0	0.0	0	0.0	False
Cardamine_bulbifera	ok	oatk_pathfinder	Cardamine_bulbifera.k1001.s31.c80	290755	6	1392.0	3303	3303	2	0	0.011	0	0.0	False
Cardamine_flexuosa	ok	oatk_pathfinder	Cardamine_flexuosa	292844	8	1953.0	2865	2865	2	0	0.01			False
Cardamine_hirsuta	ok	oatk_pathfinder	Cardamine_hirsuta	290587	6	1160.0	1430	1430	1	0	0.005			False
Cardamine_pratensis	ok	oatk_pathfinder	Cardamine_pratensis.k1001.s31.c80	295926	6	3689.0	0	0	0	0	0.0	0	0.0	False
Cardamine_raphanifolia	ok	oatk_pathfinder	Cardamine_raphanifolia.k1001.s31.c80	279240	3	1894.0	1401	1401	1	0	0.005	0	0.0	False
Carduus_crispus	ok	oatk_pathfinder	Carduus_crispus.k1001.s31.c80	325619	9	3147.0	1804	1804	1	0	0.006	0	0.0	False
Carduus_nutans	ok	oatk_pathfinder	Carduus_nutans	322691	6	2394.0	0	0	0	0	0.0	0	0.0	False
Carduus_tenuiflorus	ok	oatk_pathfinder	Carduus_tenuiflorus.k1001.s31.c80	344372	6	456.0	0	0	0	0	0.0			False
Carex_acutiformis	ok	oatk_pathfinder	Carex_acutiformis.k1001.s31.c40.unresolved_c40	1360221	21	190.0	0	0	0	0	0.0	0	0.0	False
Carex_aquatilis	ok	oatk_pathfinder	Carex_aquatilis.k1001.s31.c40.deadend_c40	1384390	21	125.0	0	0	0	0	0.0	0	0.0	False
Carex_arenaria	ok	oatk_pathfinder	Carex_arenaria	1397042	13	476.0	0	0	0	0	0.0			False
Carex_atrata	ok	oatk_pathfinder	Carex_atrata.k1001.s31.c80	1310914	6	267.0	0	0	0	0	0.0	0	0.0	False
Carex_bigelowii	ok	oatk_pathfinder	Carex_bigelowii.k1001.s31.c80	1184025	15	973.0	0	0	0	0	0.0	0	0.0	False
Carex_buxbaumii	ok	oatk_pathfinder	Carex_buxbaumii.k1001.s31.c80	1078479	9	700.0	0	0	0	0	0.0	0	0.0	False
Carex_canescens	ok	oatk_pathfinder	Carex_canescens.k1001.s31.c80	1593869	9	142.0	0	0	0	0	0.0			False
Carex_capillaris	ok	oatk_pathfinder	Carex_capillaris.k1001.s31.c80	1225043	9	813.0	1383	1383	1	0	0.001	0	0.0	False
Carex_caryophyllea	ok	oatk_pathfinder	Carex_caryophyllea	1280156	18	466.0	0	0	0	0	0.0	0	0.0	False
Carex_depauperata	ok	oatk_pathfinder	Carex_depauperata.k1001.s31.c40.deadend_c40	1706535	29	200.0	0	0	0	0	0.0	0	0.0	False
Carex_distans	ok	oatk_pathfinder	Carex_distans.k1001.s31.c40.unresolved_c40	2015487	12	391.0	0	0	0	0	0.0			False
Carex_disticha	ok	oatk_pathfinder	Carex_disticha.k1001.s31.c80	1168451	21	337.0	0	0	0	0	0.0	0	0.0	False
Carex_divulsa	ok	oatk_pathfinder	Carex_divulsa	1373558	7	382.0	0	0	0	0	0.0	0	0.0	False
Carex_echinata	ok	oatk_pathfinder	Carex_echinata.k1001.s31.c80	1366741	18	268.0	0	0	0	0	0.0			False
Carex_elata	ok	oatk_pathfinder	Carex_elata.k1001.s31.c80	1327453	15	461.0	0	0	0	0	0.0			False
Carex_extensa	ok	oatk_pathfinder	Carex_extensa	1883418	19	166.0	0	0	0	0	0.0	0	0.0	False
Carex_hirta	ok	oatk_pathfinder	Carex_hirta	1413439	12	2480.0	0	0	0	0	0.0	0	0.0	False
Carex_lachenalii	ok	oatk_pathfinder	Carex_lachenalii.k1001.s31.c80	1603180	6	295.0	0	0	0	0	0.0			False
Carex_laevigata	ok	oatk_pathfinder	Carex_laevigata	2738350	6	927.0	0	0	0	0	0.0			False
Carex_lepidocarpa	ok	oatk_pathfinder	Carex_lepidocarpa.k1001.s31.c80	1340403	13	466.0	0	0	0	0	0.0	0	0.0	False
Carex_leporina	ok	oatk_pathfinder	Carex_leporina.k1001.s31.c80	1366867	9	788.0	0	0	0	0	0.0	0	0.0	False
Carex_montana	ok	oatk_pathfinder	Carex_montana.k1001.s31.c80	1239416	17	407.0	0	0	0	0	0.0			False
Carex_nigra	ok	oatk_pathfinder	Carex_nigra	1446556	15	523.0	0	0	0	0	0.0	0	0.0	False
Carex_otrubae	ok	oatk_pathfinder	Carex_otrubae.k1001.s31.c80	1143535	21	439.0	0	0	0	0	0.0			False
Carex_pallescens	ok	oatk_pathfinder	Carex_pallescens.k1001.s31.c80	1518009	6	459.0	0	0	0	0	0.0	0	0.0	False
Carex_panicea	ok	oatk_pathfinder	Carex_panicea.k1001.s31.c80	1239530	15	509.0	0	0	0	0	0.0	0	0.0	False
Carex_paniculata	ok	oatk_pathfinder	Carex_paniculata.k1001.s31.c80	2327147	23	763.0	5082	5082	3	0	0.002			False
Carex_pendula	ok	oatk_pathfinder	Carex_pendula	1795118	19	283.0	0	0	0	0	0.0	0	0.0	False
Carex_pseudocyperus	ok	oatk_pathfinder	Carex_pseudocyperus.k1001.s31.c80	1153844	6	333.0	0	0	0	0	0.0			False
Carex_pulicaris	ok	oatk_pathfinder	Carex_pulicaris.k1001.s31.c80	1598797	6	464.0	0	0	0	0	0.0			False
Carex_remota	ok	oatk_pathfinder	Carex_remota.k1001.s31.c80	1508171	16	298.0	0	0	0	0	0.0	0	0.0	False
Carex_riparia	ok	oatk_pathfinder	Carex_riparia.k1001.s31.c10	1205403	17	197.0	0	0	0	0	0.0			False
Carex_rostrata	ok	oatk_pathfinder	Carex_rostrata	1516362	18	619.0	0	0	0	0	0.0			False
Carex_rupestris	ok	oatk_pathfinder	Carex_rupestris.k1001.s31.c80	1432003	16	249.0	0	0	0	0	0.0	0	0.0	False
Carex_saxatilis	ok	oatk_pathfinder	Carex_saxatilis.k1001.s31.c80	1654818	12	401.0	0	0	0	0	0.0	0	0.0	False
Carex_spicata	ok	oatk_pathfinder	Carex_spicata.k1001.s31.c80	1329841	9	267.0	0	0	0	0	0.0	0	0.0	False
Carex_strigosa	ok	oatk_pathfinder	Carex_strigosa.k1001.s31.c80	1547696	15	217.0	0	0	0	0	0.0			False
Carex_sylvatica	ok	oatk_pathfinder	Carex_sylvatica	1834260	9	348.0	0	0	0	0	0.0	0	0.0	False
Carex_vaginata	ok	oatk_pathfinder	Carex_vaginata.k1001.s31.c80	1140576	9	331.0	0	0	0	0	0.0	0	0.0	False
Carex_viridula	ok	oatk_pathfinder	Carex_viridula.k1001.s31.c80	1276880	11	389.0	0	0	0	0	0.0	0	0.0	False
Carlina_vulgaris	ok	oatk_pathfinder	Carlina_vulgaris	308208	15	367.0	0	0	0	0	0.0			False
Carpinus_betulus	ok	oatk_pathfinder	Carpinus_betulus.k1001.s31.c80	737693	4	1257.0	2167	2167	1	0	0.003	0	0.0	False
Carpobrotus_edulis	ok	oatk_pathfinder	Carpobrotus_edulis.k1001.s31.c80	2388281	27	1034.0	5201	5201	3	0	0.002			False
Castanea_sativa	ok	oatk_pathfinder	Castanea_sativa.k1001.s31.c80	411476	9	1044.0	1430	1430	1	0	0.003	0	0.0	False
Centaurea_cyanus	ok	oatk_pathfinder	Centaurea_cyanus.k1001.s31.c80	303723	3	1030.0	0	0	0	0	0.0	0	0.0	False
Centaurea_nigra	ok	oatk_pathfinder	Centaurea_nigra.k1001.s31.c80	307006	6	921.0	0	0	0	0	0.0	0	0.0	False
Centaurium_erythraea	ok	oatk_pathfinder	Centaurium_erythraea.k1001.s31.c80	345606	11	3655.0	3793	3793	2	0	0.011			False
Centaurium_intermedium	ok	oatk_pathfinder	Centaurium_intermedium.k1001.s31.c80	298665	12	1917.0	0	0	0	0	0.0			False
Centranthus_ruber	ok	oatk_pathfinder	Centranthus_ruber.k1001.s31.c80	1091852	35	2052.0	4894	4894	3	0	0.004			False
Cephalanthera_damasonium	ok	oatk_pathfinder	Cephalanthera_damasonium.k1001.s31.c80	497815	19	128.0	0	0	0	0	0.0			False
Cephalanthera_longifolia	ok	oatk_pathfinder	Cephalanthera_longifolia.k1001.s31.c80	589098	24	303.0	0	0	0	0	0.0			False
Cephalozia_bicuspidata	ok	oatk_pathfinder	Cephalozia_bicuspidata.k1001.s31.c80	151863	1	276.0	0	0	0	0	0.0	0	0.0	False
Cerastium_diffusum	ok	gfatk_resolve	Cerastium_diffusum.k1001.s31.c40.deadend_c40	519718	330	980.0	86734	86734	46	0	0.167			True
Cerastium_fontanum	ok	oatk_pathfinder	Cerastium_fontanum.k1001.s31.c80	276407	6	1310.0	0	0	0	0	0.0	0	0.0	False
Cerastium_glomeratum	ok	gfatk_resolve	Cerastium_glomeratum.k1001.s31.c80	143006	71	1530.0	67571	67571	43	0	0.473	97090	0.38	True
Cerastium_semidecandrum	ok	gfatk_resolve	Cerastium_semidecandrum.k1001.s31.c80	203153	113	177.0	1481	1481	1	0	0.007			False
Ceratocapnos_claviculata	ok	oatk_pathfinder	Ceratocapnos_claviculata.k1001.s31.c80	553646	5	1751.0	1463	1463	1	0	0.003	0	0.0	False
Ceratodon_purpureus	ok	oatk_pathfinder	Ceratodon_purpureus.k1001.s31.c80	107223	1	796.0	0	0	0	0	0.0	0	0.0	False
Ceratophyllum_demersum	ok	oatk_pathfinder	Ceratophyllum_demersum.k1001.s31.c80	864034	10	595.0	0	0	0	0	0.0	0	0.0	False
Chaenorhinum_minus	ok	oatk_pathfinder	Chaenorhinum_minus.k1001.s31.c80	457420	9	3621.0	2864	2864	2	0	0.006	0	0.0	False
Chamaemelum_nobile	ok	oatk_pathfinder	Chamaemelum_nobile.k1001.s31.c80	224527	3	348.0	0	0	0	0	0.0	0	0.0	False
Chamaenerion_angustifolium	ok	oatk_pathfinder	Chamaenerion_angustifolium	486356	3	859.0	0	0	0	0	0.0	0	0.0	False
Chelidonium_majus	ok	oatk_pathfinder	Chelidonium_majus.k1001.s31.c80	668083	24	926.0	2821	2821	2	0	0.004			False
Chenopodium_album	ok	oatk_pathfinder	Chenopodium_album	306277	6	1197.0	0	0	0	0	0.0	0	0.0	False
Chionoloma_tenuirostre	ok	oatk_pathfinder	Chionoloma_tenuirostre.k1001.s31.c80	193539	2	524.0	0	0	0	0	0.0	0	0.0	False
Chrysosplenium_alternifolium	ok	oatk_pathfinder	Chrysosplenium_alternifolium.k1001.s31.c80	309406	9	2819.0	3557	3557	2	0	0.011	0	0.0	False
Chrysosplenium_oppositifolium	ok	oatk_pathfinder	Chrysosplenium_oppositifolium.k1001.s31.c80	423930	20	2802.0	2927	2927	2	0	0.007	0	0.0	False
Cicerbita_alpina	ok	oatk_pathfinder	Cicerbita_alpina.k1001.s31.c40.deadend_c40	315636	6	157.0	0	0	0	0	0.0			False
Cicerbita_macrophylla	ok	oatk_pathfinder	Cicerbita_macrophylla.k1001.s31.c80	315945	8	159.0	0	0	0	0	0.0	0	0.0	False
Cicerbita_muralis	ok	oatk_pathfinder	Cicerbita_muralis.k1001.s31.c80	228008	5	112.0	0	0	0	0	0.0			False
Cicuta_virosa	ok	oatk_pathfinder	Cicuta_virosa.k1001.s31.c80	390966	25	1960.0	5847	5847	3	0	0.015			False
Circaea_lutetiana	ok	oatk_pathfinder	Circaea_lutetiana.k1001.s31.c80	430298	4	806.0	0	0	0	0	0.0	0	0.0	False
Cirsium_acaule	ok	oatk_pathfinder	Cirsium_acaule.k1001.s31.c80	348572	42	2087.0	4217	4217	3	0	0.012	0	0.0	False
Cirsium_arvense	ok	oatk_pathfinder	Cirsium_arvense.k1001.s31.c80	329238	73	429.0	2838	2838	2	0	0.009			False
Cirsium_dissectum	ok	oatk_pathfinder	Cirsium_dissectum.k1001.s31.c80	337137	50	4890.0	13967	13967	9	0	0.041	0	0.0	False
Cirsium_eriophorum	ok	oatk_pathfinder	Cirsium_eriophorum	311775	12	1311.0	0	0	0	0	0.0			False
Cirsium_heterophyllum	ok	oatk_pathfinder	Cirsium_heterophyllum.k1001.s31.c80	295829	3	475.0	0	0	0	0	0.0	0	0.0	False
Cirsium_vulgare	ok	oatk_pathfinder	Cirsium_vulgare.k1001.s31.c80	321831	13	504.0	0	0	0	0	0.0	0	0.0	False
Claytonia_perfoliata	ok	oatk_pathfinder	Claytonia_perfoliata.k1001.s31.c80	340359	3	1056.0	0	0	0	0	0.0	0	0.0	False
Claytonia_sibirica	ok	oatk_pathfinder	Claytonia_sibirica.k1001.s31.c80	362739	6	755.0	0	0	0	0	0.0	0	0.0	False
Clematis_vitalba	ok	oatk_pathfinder	Clematis_vitalba.k1001.s31.c80	729178	9	229.0	0	0	0	0	0.0	0	0.0	False
Clematis_viticella	ok	oatk_pathfinder	Clematis_viticella.k1001.s31.c80	228506	10	88.0	0	0	0	0	0.0			False
Climacium_dendroides	ok	oatk_pathfinder	Climacium_dendroides	107465	3	1027.0	0	0	0	0	0.0	0	0.0	False
Clinopodium_vulgare	ok	oatk_pathfinder	Clinopodium_vulgare.k1001.s31.c80	197277	6	1496.0	0	0	0	0	0.0	0	0.0	False
Cochlearia_officinalis	ok	oatk_pathfinder	Cochlearia_officinalis.k1001.s31.c80	411807	13	679.0	0	0	0	0	0.0	0	0.0	False
Codriophorus_aciculare	ok	oatk_pathfinder	Codriophorus_aciculare.k1001.s31.c80	106879	1	539.0	0	0	0	0	0.0	0	0.0	False
Coincya_wrightii	ok	oatk_pathfinder	Coincya_wrightii.k1001.s31.c80	254963	7	3063.0	2899	2899	2	0	0.011	0	0.0	False
Colchicum_autumnale	ok	oatk_pathfinder	Colchicum_autumnale.k1001.s31.c40.deadend_c40	593970	11	165.0	0	0	0	0	0.0			False
Colura_calyptrifolia	ok	oatk_pathfinder	Colura_calyptrifolia.k1001.s31.c80	133575	1	228.0	0	0	0	0	0.0	0	0.0	False
Comarum_palustre	ok	oatk_pathfinder	Comarum_palustre	359018	14	1051.0	5003	5003	3	0	0.014	3079	0.008	False
Conium_maculatum	ok	oatk_pathfinder	Conium_maculatum.k1001.s31.c80	575110	3	1826.0	0	0	0	0	0.0	0	0.0	False
Conocephalum_conicum	ok	oatk_pathfinder	Conocephalum_conicum.k1001.s31.c80	187418	1	2268.0	0	0	0	0	0.0	0	0.0	False
Conopodium_majus	ok	oatk_pathfinder	Conopodium_majus.k1001.s31.c80	335549	14	1151.0	1498	1498	1	0	0.004			False
Convolvulus_arvensis	ok	oatk_pathfinder	Convolvulus_arvensis	320870	25	1027.0	6300	6300	4	0	0.02	0	0.0	False
Cornus_suecica	ok	oatk_pathfinder	Cornus_suecica	379645	3	5319.0	0	0	0	0	0.0	0	0.0	False
Corylus_avellana	ok	oatk_pathfinder	Corylus_avellana	628462	3	762.0	0	0	0	0	0.0			False
Corylus_colurna	ok	oatk_pathfinder	Corylus_colurna.k1001.s31.c80	605959	3	458.0	0	0	0	0	0.0			False
Corynephorus_canescens	ok	oatk_pathfinder	Corynephorus_canescens.k1001.s31.c80	484912	12	397.0	0	0	0	0	0.0	0	0.0	False
Cotoneaster_cambricus	ok	oatk_pathfinder	Cotoneaster_cambricus.k1001.s31.c80	424107	2	1472.0	0	0	0	0	0.0	0	0.0	False
Cotoneaster_horizontalis	ok	oatk_pathfinder	Cotoneaster_horizontalis.k1001.s31.c80	434516	10	3747.0	4951	4951	3	0	0.011	0	0.0	False
Crassula_aquatica	ok	oatk_pathfinder	Crassula_aquatica.k1001.s31.c80	73047	1	1331.0	0	0	0	0	0.0			False
Crassula_helmsii	ok	oatk_pathfinder	Crassula_helmsii.k1001.s31.c80	87160	3	3929.0	0	0	0	0	0.0			False
Crataegus_laevigata	ok	oatk_pathfinder	Crataegus_laevigata	455503	15	1460.0	2865	2865	2	0	0.006	2865	0.006	False
Crataegus_monogyna	ok	oatk_pathfinder	Crataegus_monogyna.k1001.s31.c80	458579	18	2900.0	4264	4264	3	0	0.009	2865	0.006	False
Cratoneuron_filicinum	ok	oatk_pathfinder	Cratoneuron_filicinum	103934	1	395.0	0	0	0	0	0.0	0	0.0	False
Crepis_paludosa	ok	oatk_pathfinder	Crepis_paludosa.k1001.s31.c80	247500	3	241.0	0	0	0	0	0.0	0	0.0	False
Crithmum_maritimum	ok	oatk_pathfinder	Crithmum_maritimum.k1001.s31.c80	243722	6	862.0	0	0	0	0	0.0			False
Crocosmia_x_crocosmiiflora	ok	oatk_pathfinder	Crocosmia_x_crocosmiiflora.k1001.s31.c80	388605	18	827.0	0	0	0	0	0.0	0	0.0	False
Crocus_tommasinianus	ok	oatk_pathfinder	Crocus_tommasinianus.k1001.s31.c80	476332	24	1417.0	0	0	0	0	0.0			False
Cruciata_laevipes	ok	oatk_pathfinder	Cruciata_laevipes	234125	2	1165.0	0	0	0	0	0.0	0	0.0	False
Cryphaea_heteromalla	ok	oatk_pathfinder	Cryphaea_heteromalla.k1001.s31.c80	104939	3	856.0	1681	1681	1	0	0.016	0	0.0	False
Cryptogramma_crispa	ok	oatk_pathfinder	Cryptogramma_crispa.k1001.s31.c40.deadend_c40	207760	52	143.0	0	0	0	0	0.0			False
Ctenidium_molluscum	ok	oatk_pathfinder	Ctenidium_molluscum.k1001.s31.c80	103899	1	148.0	0	0	0	0	0.0			False
Cuscuta_epithymum	ok	oatk_pathfinder	Cuscuta_epithymum.k1001.s31.c80	430279	27	4592.0	14618	14618	8	0	0.034	0	0.0	False
Cymbalaria_muralis	ok	oatk_pathfinder	Cymbalaria_muralis	561063	16	2079.0	1376	1376	1	0	0.002			False
Cynodontium_bruntonii	ok	oatk_pathfinder	Cynodontium_bruntonii.k1001.s31.c80	107354	1	1083.0	0	0	0	0	0.0	0	0.0	False
Cynoglossum_officinale	ok	oatk_pathfinder	Cynoglossum_officinale.k1001.s31.c80	11401	7	333.0	0	0	0	0	0.0			False
Cynosurus_cristatus	ok	oatk_pathfinder	Cynosurus_cristatus.k1001.s31.c80	540710	9	215.0	0	0	0	0	0.0	0	0.0	False
Cyperus_fuscus	ok	oatk_pathfinder	Cyperus_fuscus	896795	9	3410.0	0	0	0	0	0.0	0	0.0	False
Cystopteris_fragilis	ok	gfatk_resolve	Cystopteris_fragilis.k1001.s31.c100	189986	33	785.0	0	0	0	0	0.0	0	0.0	False
Cystopteris_montana	ok	gfatk_resolve	Cystopteris_montana.k1001.s31.c100	196865	40	656.0	0	0	0	0	0.0	0	0.0	False
Cytisus_scoparius	ok	oatk_pathfinder	Cytisus_scoparius.k1001.s31.c80	450465	5	2155.0	0	0	0	0	0.0	0	0.0	False
Daboecia_cantabrica	ok	oatk_pathfinder	Daboecia_cantabrica.k1001.s31.c80	479213	3	803.0	0	0	0	0	0.0	0	0.0	False
Dactylis_glomerata	ok	oatk_pathfinder	Dactylis_glomerata.k1001.s31.c80	577165	9	397.0	0	0	0	0	0.0	0	0.0	False
Dactylorhiza_fuchsii	ok	oatk_pathfinder	Dactylorhiza_fuchsii.k1001.s31.c80	590883	14	1645.0	0	0	0	0	0.0			False
Dactylorhiza_incarnata	ok	oatk_pathfinder	Dactylorhiza_incarnata.k1001.s31.c80	135526	4	118.0	0	0	0	0	0.0			False
Dactylorhiza_purpurella	ok	oatk_pathfinder	Dactylorhiza_purpurella.k1001.s31.c40.fragmented_c40	829732	20	884.0	4072	4072	3	0	0.005			False
Dactylorhiza_viridis	ok	oatk_pathfinder	Dactylorhiza_viridis.k1001.s31.c80	342046	8	130.0	0	0	0	0	0.0			False
Damasonium_alisma	ok	oatk_pathfinder	Damasonium_alisma.k1001.s31.c80	210577	4	114.0	0	0	0	0	0.0	0	0.0	False
Danthonia_decumbens	ok	oatk_pathfinder	Danthonia_decumbens.k1001.s31.c80	391620	6	675.0	0	0	0	0	0.0	0	0.0	False
Daphne_laureola	ok	oatk_pathfinder	Daphne_laureola.k1001.s31.c40.deadend_c40	391976	14	1338.0	4412	4412	3	0	0.011	0	0.0	False
Daphne_mezereum	ok	oatk_pathfinder	Daphne_mezereum.k1001.s31.c80	894036	20	315.0	0	0	0	0	0.0	0	0.0	False
Dasiphora_fruticosa	ok	oatk_pathfinder	Dasiphora_fruticosa.k1001.s31.c80	288501	1	1093.0	0	0	0	0	0.0	0	0.0	False
Datura_stramonium	ok	oatk_pathfinder	Datura_stramonium.k1001.s31.c80	349377	25	3681.0	6752	6752	4	0	0.019	0	0.0	False
Daucus_carota	ok	oatk_pathfinder	Daucus_carota.k1001.s31.c40.deadend_c40	265361	13	887.0	4097	4097	2	0	0.015	0	0.0	False
Deschampsia_cespitosa	ok	oatk_pathfinder	Deschampsia_cespitosa.k1001.s31.c80	565126	20	334.0	0	0	0	0	0.0	0	0.0	False
Descurainia_sophia	ok	oatk_pathfinder	Descurainia_sophia.k1001.s31.c80	266404	1	850.0	0	0	0	0	0.0	0	0.0	False
Dianthus_deltoides	ok	oatk_pathfinder	Dianthus_deltoides.k1001.s31.c80	495344	26	907.0	0	0	0	0	0.0			False
Diapensia_lapponica	ok	oatk_pathfinder	Diapensia_lapponica.k1001.s31.c80	1439112	32	983.0	4149	4149	3	0	0.003			False
Dichodontium_palustre	ok	oatk_pathfinder	Dichodontium_palustre.k1001.s31.c80	108322	3	1544.0	1418	1418	1	0	0.013	0	0.0	False
Dicranodontium_denudatum	ok	oatk_pathfinder	Dicranodontium_denudatum.k1001.s31.c80	102799	1	737.0	0	0	0	0	0.0	0	0.0	False
Dicranoweisia_cirrata	ok	oatk_pathfinder	Dicranoweisia_cirrata.k1001.s31.c80	105879	1	946.0	0	0	0	0	0.0	0	0.0	False
Dicranum_bonjeanii	ok	oatk_pathfinder	Dicranum_bonjeanii.k1001.s31.c80	105810	1	1603.0	0	0	0	0	0.0	0	0.0	False
Dicranum_flexicaule	ok	oatk_pathfinder	Dicranum_flexicaule.k1001.s31.c80	106573	1	2093.0	0	0	0	0	0.0	0	0.0	False
Dicranum_fuscescens	ok	oatk_pathfinder	Dicranum_fuscescens.k1001.s31.c80	587135	117	158.0	9748	9748	3	0	0.017			False
Dicranum_majus	ok	oatk_pathfinder	Dicranum_majus.k1001.s31.c80	107460	3	933.0	1943	1943	1	0	0.018	0	0.0	False
Dicranum_scoparium	ok	oatk_pathfinder	Dicranum_scoparium.k1001.s31.c80	107041	1	658.0	0	0	0	0	0.0	0	0.0	False
Dicranum_scottianum	ok	oatk_pathfinder	Dicranum_scottianum.k1001.s31.c80	138839	2	743.0	0	0	0	0	0.0			False
Dicranum_tauricum	ok	oatk_pathfinder	Dicranum_tauricum.k1001.s31.c80	105690	1	780.0	0	0	0	0	0.0	0	0.0	False
Didymodon_insulanus	ok	oatk_pathfinder	Didymodon_insulanus.k1001.s31.c80	105642	1	731.0	0	0	0	0	0.0	0	0.0	False
Didymodon_rigidulus	ok	oatk_pathfinder	Didymodon_rigidulus.k1001.s31.c80	107595	1	957.0	0	0	0	0	0.0	0	0.0	False
Digitalis_purpurea	ok	oatk_pathfinder	Digitalis_purpurea.k1001.s31.c80	363496	3	1713.0	0	0	0	0	0.0	0	0.0	False
Digitaria_sanguinalis	ok	oatk_pathfinder	Digitaria_sanguinalis	374806	25	1085.0	1425	1425	1	0	0.004			False
Dilutineuron_fasciculare	ok	oatk_pathfinder	Dilutineuron_fasciculare.k1001.s31.c80	110006	3	903.0	2055	2055	1	0	0.019	0	0.0	False
Dioscorea_communis	ok	oatk_pathfinder	Dioscorea_communis.k1001.s31.c80	567743	7	580.0	0	0	0	0	0.0	0	0.0	False
Diphasiastrum_alpinum	ok	oatk_pathfinder	Diphasiastrum_alpinum.k1001.s31.c40.mitoempty_c40	410542	2	71.0	0	0	0	0	0.0			False
Dipsacus_fullonum	ok	oatk_pathfinder	Dipsacus_fullonum.k1001.s31.c80	552701	6	656.0	0	0	0	0	0.0	0	0.0	False
Disphyma_crassifolium	ok	oatk_pathfinder	Disphyma_crassifolium.k1001.s31.c80	1786658	23	1978.0	1503	1503	1	0	0.001			False
Distichium_capillaceum	ok	oatk_pathfinder	Distichium_capillaceum.k1001.s31.c80	109349	3	694.0	0	0	0	0	0.0	0	0.0	False
Ditrichum_cornubicum	ok	oatk_pathfinder	Ditrichum_cornubicum.k1001.s31.c80	107328	1	2022.0	0	0	0	0	0.0	0	0.0	False
Doronicum_pardalianches	ok	oatk_pathfinder	Doronicum_pardalianches.k1001.s31.c80	349663	3	1122.0	0	0	0	0	0.0	0	0.0	False
Douinia_ovata	ok	oatk_pathfinder	Douinia_ovata.k1001.s31.c80	146013	3	562.0	0	0	0	0	0.0	0	0.0	False
Draba_incana	ok	oatk_pathfinder	Draba_incana	284340	1	2526.0	0	0	0	0	0.0	0	0.0	False
Draba_verna	ok	oatk_pathfinder	Draba_verna	281090	11	3017.0	4547	4547	3	0	0.016	0	0.0	False
Dracunculus_vulgaris	ok	oatk_pathfinder	Dracunculus_vulgaris.k1001.s31.c80	720519	13	622.0	0	0	0	0	0.0			False
Drosera_anglica	ok	oatk_pathfinder	Drosera_anglica.k1001.s31.c80	493587	4	898.0	0	0	0	0	0.0			False
Drosera_rotundifolia	ok	oatk_pathfinder	Drosera_rotundifolia.k1001.s31.c80	494166	3	1079.0	0	0	0	0	0.0	0	0.0	False
Dryas_octopetala	ok	oatk_pathfinder	Dryas_octopetala	352388	6	4014.0	3283	3283	2	0	0.009	3283	0.009	False
Dryopteris_borreri	ok	gfatk_resolve	Dryopteris_borreri.k1001.s31.c100	188835	35	542.0	0	0	0	0	0.0	0	0.0	False
Dryopteris_dilatata	ok	gfatk_resolve	Dryopteris_dilatata.k1001.s31.c100	209527	44	910.0	0	0	0	0	0.0			False
Dryopteris_filix_mas	ok	gfatk_resolve	Dryopteris_filix_mas.k1001.s31.c100	189438	36	436.0	0	0	0	0	0.0	0	0.0	False
Echium_vulgare	ok	oatk_pathfinder	Echium_vulgare.k1001.s31.c80	332685	7	4090.0	0	0	0	0	0.0			False
Eleocharis_parvula	ok	oatk_pathfinder	Eleocharis_parvula.k1001.s31.c80	1266152	15	189.0	0	0	0	0	0.0			False
Eleocharis_quinqueflora	ok	oatk_pathfinder	Eleocharis_quinqueflora	1967042	14	302.0	0	0	0	0	0.0			False
Elodea_nuttallii	ok	oatk_pathfinder	Elodea_nuttallii.k1001.s31.c80	287656	1	1182.0	0	0	0	0	0.0	0	0.0	False
Empetrum_nigrum	ok	oatk_pathfinder	Empetrum_nigrum.k1001.s31.c80	562907	2	1356.0	0	0	0	0	0.0	0	0.0	False
Encalypta_ciliata	ok	oatk_pathfinder	Encalypta_ciliata.k1001.s31.c80	109007	1	524.0	0	0	0	0	0.0	0	0.0	False
Entodon_concinnus	ok	oatk_pathfinder	Entodon_concinnus.k1001.s31.c80	106608	1	253.0	0	0	0	0	0.0	0	0.0	False
Epilobium_alsinifolium	ok	oatk_pathfinder	Epilobium_alsinifolium.k1001.s31.c80	423105	3	1027.0	0	0	0	0	0.0	0	0.0	False
Epilobium_anagallidifolium	ok	oatk_pathfinder	Epilobium_anagallidifolium.k1001.s31.c80	423843	3	829.0	0	0	0	0	0.0	0	0.0	False
Epilobium_brunnescens	ok	oatk_pathfinder	Epilobium_brunnescens.k1001.s31.c80	422773	3	1158.0	0	0	0	0	0.0	0	0.0	False
Epilobium_ciliatum	ok	oatk_pathfinder	Epilobium_ciliatum.k1001.s31.c80	422120	3	1075.0	0	0	0	0	0.0	0	0.0	False
Epilobium_hirsutum	ok	oatk_pathfinder	Epilobium_hirsutum	430790	3	1751.0	0	0	0	0	0.0			False
Epilobium_palustre	ok	oatk_pathfinder	Epilobium_palustre.k1001.s31.c80	424279	3	848.0	0	0	0	0	0.0	0	0.0	False
Epilobium_parviflorum	ok	oatk_pathfinder	Epilobium_parviflorum.k1001.s31.c80	433969	3	201.0	0	0	0	0	0.0			False
Epipactis_purpurata	ok	oatk_pathfinder	Epipactis_purpurata.k1001.s31.c40.fragmented_c40	414256	22	959.0	3106	3106	2	0	0.007			False
Equisetum_arvense	ok	oatk_pathfinder	Equisetum_arvense.k1001.s31.c100	231436	15	440.0	0	0	0	0	0.0	0	0.0	False
Equisetum_fluviatile	ok	oatk_pathfinder	Equisetum_fluviatile.k1001.s31.c100	231184	18	320.0	0	0	0	0	0.0	0	0.0	False
Equisetum_palustre	ok	oatk_pathfinder	Equisetum_palustre.k1001.s31.c80.missing_c80	224413	9	266.0	0	0	0	0	0.0	0	0.0	False
Equisetum_pratense	ok	oatk_pathfinder	Equisetum_pratense.k1001.s31.c100	235062	20	825.0	1708	1708	1	0	0.007	0	0.0	False
Equisetum_sylvaticum	ok	oatk_pathfinder	Equisetum_sylvaticum.k1001.s31.c100	229781	11	287.0	0	0	0	0	0.0	0	0.0	False
Equisetum_telmateia	ok	oatk_pathfinder	Equisetum_telmateia.k1001.s31.c100	238735	25	1323.0	6098	6098	4	0	0.026	2919	0.012	False
Eranthis_hyemalis	ok	oatk_pathfinder	Eranthis_hyemalis.k1001.s31.c80	765498	24	595.0	0	0	0	0	0.0			False
Erica_ciliaris	ok	oatk_pathfinder	Erica_ciliaris.k1001.s31.c80	623378	6	1507.0	0	0	0	0	0.0	0	0.0	False
Erica_cinerea	ok	oatk_pathfinder	Erica_cinerea.k1001.s31.c80	655166	3	456.0	0	0	0	0	0.0			False
Erica_mackaiana	ok	oatk_pathfinder	Erica_mackaiana.k1001.s31.c80	617594	7	611.0	0	0	0	0	0.0	0	0.0	False
Erica_tetralix	ok	oatk_pathfinder	Erica_tetralix.k1001.s31.c80	615661	4	330.0	0	0	0	0	0.0			False
Erigeron_borealis	ok	oatk_pathfinder	Erigeron_borealis.k1001.s31.c80	256338	6	607.0	0	0	0	0	0.0	0	0.0	False
Erinus_alpinus	ok	oatk_pathfinder	Erinus_alpinus.k1001.s31.c80	443222	20	113.0	0	0	0	0	0.0			False
Eriocaulon_aquaticum	ok	oatk_pathfinder	Eriocaulon_aquaticum.k1001.s31.c80	241591	17	1291.0	4391	4391	3	0	0.018	0	0.0	False
Eriophorum_angustifolium	ok	oatk_pathfinder	Eriophorum_angustifolium.k1001.s31.c80	2839378	18	361.0	0	0	0	0	0.0	0	0.0	False
Eriophorum_latifolium	ok	gfatk_resolve	Eriophorum_latifolium.k1001.s31.c80	2808345	93	680.0	74914	74914	25	0	0.027	65128	0.022	True
Eriophorum_vaginatum	ok	oatk_pathfinder	Eriophorum_vaginatum.k1001.s31.c40	1787323	15	195.0	0	0	0	0	0.0			False
Erodium_cicutarium	ok	oatk_pathfinder	Erodium_cicutarium.k1001.s31.c80	189538	7	432.0	0	0	0	0	0.0			False
Erodium_maritimum	ok	oatk_pathfinder	Erodium_maritimum	303841	11	898.0	0	0	0	0	0.0	0	0.0	False
Erodium_moschatum	ok	oatk_pathfinder	Erodium_moschatum	259211	6	1955.0	0	0	0	0	0.0			False
Eryngium_campestre	ok	oatk_pathfinder	Eryngium_campestre.k1001.s31.c80	239935	6	444.0	0	0	0	0	0.0	0	0.0	False
Eryngium_maritimum	ok	oatk_pathfinder	Eryngium_maritimum.k1001.s31.c80	238514	3	550.0	0	0	0	0	0.0	0	0.0	False
Erythranthe_lutea	ok	oatk_pathfinder	Erythranthe_lutea.k1001.s31.c80	512442	4	2208.0	0	0	0	0	0.0	0	0.0	False
Euonymus_europaeus	ok	oatk_pathfinder	Euonymus_europaeus	1444958	16	1365.0	1752	1752	1	0	0.001			False
Eupatorium_cannabinum	ok	oatk_pathfinder	Eupatorium_cannabinum.k1001.s31.c80	266581	14	398.0	0	0	0	0	0.0			False
Euphorbia_amygdaloides	ok	oatk_pathfinder	Euphorbia_amygdaloides.k1001.s31.c80	858721	31	1014.0	1475	1475	1	0	0.002	0	0.0	False
Euphorbia_exigua	ok	oatk_pathfinder	Euphorbia_exigua.k1001.s31.c40.deadend_c40	839172	24	120.0	0	0	0	0	0.0			False
Euphorbia_helioscopia	ok	oatk_pathfinder	Euphorbia_helioscopia.k1001.s31.c80	632568	9	1437.0	0	0	0	0	0.0			False
Euphorbia_lathyris	ok	oatk_pathfinder	Euphorbia_lathyris	1021757	18	1175.0	0	0	0	0	0.0	0	0.0	False
Euphorbia_maculata	ok	oatk_pathfinder	Euphorbia_maculata	696573	7	547.0	0	0	0	0	0.0	0	0.0	False
Euphorbia_paralias	ok	oatk_pathfinder	Euphorbia_paralias.k1001.s31.c80	832969	28	1414.0	2801	2801	2	0	0.003	0	0.0	False
Euphorbia_peplus	ok	oatk_pathfinder	Euphorbia_peplus.k1001.s31.c40.deadend_c40	810413	24	1137.0	9383	9383	6	0	0.012			False
Euphorbia_portlandica	ok	oatk_pathfinder	Euphorbia_portlandica.k1001.s31.c40.deadend_c40	996112	117	1386.0	81782	81782	29	0	0.082			True
Euphrasia_anglica	ok	oatk_pathfinder	Euphrasia_anglica.k1001.s31.c80	418738	4	3181.0	0	0	0	0	0.0	0	0.0	False
Euphrasia_confusa	ok	oatk_pathfinder	Euphrasia_confusa	433776	10	1349.0	0	0	0	0	0.0	0	0.0	False
Euphrasia_foulaensis	ok	oatk_pathfinder	Euphrasia_foulaensis.k1001.s31.c40.mitoempty_c40	21100	2	48.0	0	0	0	0	0.0			False
Euphrasia_nemorosa	ok	oatk_pathfinder	Euphrasia_nemorosa.k1001.s31.c80	433771	10	1672.0	0	0	0	0	0.0	0	0.0	False
Euphrasia_tetraquetra	ok	oatk_pathfinder	Euphrasia_tetraquetra.k1001.s31.c80	395902	4	1411.0	0	0	0	0	0.0	0	0.0	False
Eurhynchium_striatum	ok	oatk_pathfinder	Eurhynchium_striatum.k1001.s31.c80	104743	1	136.0	0	0	0	0	0.0	0	0.0	False
Exsertotheca_crispa	ok	oatk_pathfinder	Exsertotheca_crispa.k1001.s31.c80	105973	1	1636.0	0	0	0	0	0.0	0	0.0	False
Fagus_sylvatica	ok	oatk_pathfinder	Fagus_sylvatica	508244	5	1270.0	2789	2789	2	0	0.005	0	0.0	False
Fallopia_baldschuanica	ok	oatk_pathfinder	Fallopia_baldschuanica.k1001.s31.c80	360787	19	1072.0	0	0	0	0	0.0			False
Fallopia_convolvulus	ok	oatk_pathfinder	Fallopia_convolvulus	359074	8	1419.0	0	0	0	0	0.0	0	0.0	False
Fallopia_sachalinensis	ok	oatk_pathfinder	Fallopia_sachalinensis.k1001.s31.c80	654827	14	553.0	0	0	0	0	0.0			False
Festuca_arundinacea	ok	oatk_pathfinder	Festuca_arundinacea.k1001.s31.c80	419487	4	187.0	0	0	0	0	0.0	0	0.0	False
Festuca_gigantea	ok	oatk_pathfinder	Festuca_gigantea.k1001.s31.c80	510071	9	635.0	0	0	0	0	0.0			False
Festuca_heterophylla	ok	oatk_pathfinder	Festuca_heterophylla.k1001.s31.c80	427174	8	284.0	0	0	0	0	0.0	0	0.0	False
Festuca_rubra	ok	oatk_pathfinder	Festuca_rubra.k1001.s31.c80	402865	16	261.0	0	0	0	0	0.0			False
Festuca_vivipara	ok	oatk_pathfinder	Festuca_vivipara.k1001.s31.c40.deadend_c40	429070	11	174.0	0	0	0	0	0.0	0	0.0	False
Ficaria_verna	ok	oatk_pathfinder	Ficaria_verna.k1001.s31.c80	819239	22	242.0	0	0	0	0	0.0	0	0.0	False
Ficus_carica	ok	oatk_pathfinder	Ficus_carica.k1001.s31.c80	482210	2	1213.0	0	0	0	0	0.0	0	0.0	False
Filago_lutescens	ok	oatk_pathfinder	Filago_lutescens	234771	8	2876.0	7462	7462	3	0	0.032	0	0.0	False
Filago_pyramidata	ok	oatk_pathfinder	Filago_pyramidata.k1001.s31.c80	224565	1	1245.0	0	0	0	0	0.0	0	0.0	False
Filipendula_ulmaria	ok	oatk_pathfinder	Filipendula_ulmaria	868182	11	328.0	0	0	0	0	0.0			False
Filipendula_vulgaris	ok	oatk_pathfinder	Filipendula_vulgaris.k1001.s31.c80	842722	15	733.0	9484	9484	1	0	0.011			False
Fissidens_adianthoides	ok	oatk_pathfinder	Fissidens_adianthoides.k1001.s31.c80	104654	1	1464.0	0	0	0	0	0.0	0	0.0	False
Fissidens_bryoides	ok	oatk_pathfinder	Fissidens_bryoides.k1001.s31.c80	106581	3	979.0	2264	2264	1	0	0.021	0	0.0	False
Fissidens_dubius	ok	oatk_pathfinder	Fissidens_dubius.k1001.s31.c80	105888	1	1201.0	0	0	0	0	0.0	0	0.0	False
Fissidens_pusillus	ok	oatk_pathfinder	Fissidens_pusillus.k1001.s31.c80	103399	1	1721.0	0	0	0	0	0.0	0	0.0	False
Fissidens_taxifolius	ok	oatk_pathfinder	Fissidens_taxifolius.k1001.s31.c80	105236	1	748.0	0	0	0	0	0.0	0	0.0	False
Flexitrichum_flexicaule	ok	oatk_pathfinder	Flexitrichum_flexicaule.k1001.s31.c80	108837	1	1082.0	0	0	0	0	0.0	0	0.0	False
Flexitrichum_gracile	ok	oatk_pathfinder	Flexitrichum_gracile.k1001.s31.c80	108851	1	739.0	0	0	0	0	0.0	0	0.0	False
Fontinalis_squamosa	ok	oatk_pathfinder	Fontinalis_squamosa.k1001.s31.c80	105437	1	457.0	0	0	0	0	0.0	0	0.0	False
Fragaria_moschata	ok	oatk_pathfinder	Fragaria_moschata	349547	3	3982.0	0	0	0	0	0.0	0	0.0	False
Fragaria_vesca	ok	oatk_pathfinder	Fragaria_vesca	343999	9	1864.0	1908	1908	1	0	0.006	0	0.0	False
Frangula_alnus	ok	oatk_pathfinder	Frangula_alnus	481712	6	1589.0	0	0	0	0	0.0	0	0.0	False
Frankenia_laevis	ok	oatk_pathfinder	Frankenia_laevis.k1001.s31.c80	264363	3	2141.0	0	0	0	0	0.0			False
Fraxinus_excelsior	ok	oatk_pathfinder	Fraxinus_excelsior.k1001.s31.c80	686256	13	377.0	0	0	0	0	0.0			False
Fritillaria_meleagris	ok	oatk_pathfinder	Fritillaria_meleagris.k1001.s31.c80	317636	3	3196.0	0	0	0	0	0.0	0	0.0	False
Fuchsia_magellanica	ok	oatk_pathfinder	Fuchsia_magellanica.k1001.s31.c80	399091	4	1874.0	0	0	0	0	0.0	0	0.0	False
Fumaria_bastardii	ok	oatk_pathfinder	Fumaria_bastardii.k1001.s31.c80	928847	4	516.0	0	0	0	0	0.0			False
Fumaria_densiflora	ok	oatk_pathfinder	Fumaria_densiflora.k1001.s31.c80	763294	13	1532.0	0	0	0	0	0.0			False
Fumaria_muralis	ok	oatk_pathfinder	Fumaria_muralis.k1001.s31.c80	486658	9	2695.0	2849	2849	2	0	0.006			False
Fumaria_occidentalis	ok	oatk_pathfinder	Fumaria_occidentalis.k1001.s31.c40.mitoempty_c40	465410	5	68.0	0	0	0	0	0.0			False
Fumaria_purpurea	ok	oatk_pathfinder	Fumaria_purpurea.k1001.s31.c80	487126	1	878.0	0	0	0	0	0.0	0	0.0	False
Funaria_hygrometrica	ok	oatk_pathfinder	Funaria_hygrometrica.k1001.s31.c80	109809	1	719.0	0	0	0	0	0.0	0	0.0	False
Galanthus_nivalis	ok	oatk_pathfinder	Galanthus_nivalis.k1001.s31.c80	337074	3	163.0	0	0	0	0	0.0			False
Galatella_linosyris	ok	oatk_pathfinder	Galatella_linosyris	254402	4	349.0	0	0	0	0	0.0	0	0.0	False
Galega_officinalis	ok	oatk_pathfinder	Galega_officinalis.k1001.s31.c80	349172	7	1101.0	0	0	0	0	0.0	0	0.0	False
Galeopsis_tetrahit	ok	oatk_pathfinder	Galeopsis_tetrahit	366833	12	398.0	0	0	0	0	0.0			False
Galium_aparine	ok	oatk_pathfinder	Galium_aparine	217125	12	3407.0	3516	3516	2	0	0.016			False
Galium_boreale	ok	oatk_pathfinder	Galium_boreale.k1001.s31.c80	195729	1	590.0	0	0	0	0	0.0			False
Galium_odoratum	ok	oatk_pathfinder	Galium_odoratum.k1001.s31.c80	217867	3	1246.0	0	0	0	0	0.0			False
Galium_saxatile	ok	oatk_pathfinder	Galium_saxatile.k1001.s31.c80	201007	1	966.0	0	0	0	0	0.0	0	0.0	False
Galium_uliginosum	ok	oatk_pathfinder	Galium_uliginosum	189097	1	778.0	0	0	0	0	0.0	0	0.0	False
Galium_verum	ok	oatk_pathfinder	Galium_verum.k1001.s31.c80	188844	1	712.0	0	0	0	0	0.0	0	0.0	False
Geheebia_maxima	ok	oatk_pathfinder	Geheebia_maxima.k1001.s31.c80	108206	1	1107.0	0	0	0	0	0.0	0	0.0	False
Genista_anglica	ok	oatk_pathfinder	Genista_anglica.k1001.s31.c80	515415	3	2000.0	0	0	0	0	0.0	0	0.0	False
Genista_pilosa	ok	oatk_pathfinder	Genista_pilosa.k1001.s31.c80	431482	6	1165.0	0	0	0	0	0.0	0	0.0	False
Genista_tinctoria	ok	oatk_pathfinder	Genista_tinctoria.k1001.s31.c80	413863	3	548.0	0	0	0	0	0.0	0	0.0	False
Gentiana_pneumonanthe	ok	gfatk_resolve	Gentiana_pneumonanthe.k1001.s31.c80	362061	60	831.0	12743	12743	6	0	0.035			False
Gentiana_verna	ok	oatk_pathfinder	Gentiana_verna.k1001.s31.c80	310111	11	1265.0	1393	1393	1	0	0.004	1393	0.004	False
Gentianella_amarella	ok	oatk_pathfinder	Gentianella_amarella.k1001.s31.c80	543003	354	541.0	12993	12993	9	0	0.024			False
Gentianella_campestris	ok	oatk_pathfinder	Gentianella_campestris.k1001.s31.c40.deadend_c40	613333	400	284.0	45056	45056	30	0	0.073			True
Geranium_dissectum	ok	oatk_pathfinder	Geranium_dissectum.k1001.s31.c80	301605	6	1480.0	0	0	0	0	0.0			False
Geranium_lucidum	ok	oatk_pathfinder	Geranium_lucidum.k1001.s31.c80	473257	6	474.0	0	0	0	0	0.0	0	0.0	False
Geranium_molle	ok	oatk_pathfinder	Geranium_molle	395683	11	2500.0	13079	13079	3	0	0.033	0	0.0	False
Geranium_phaeum	ok	oatk_pathfinder	Geranium_phaeum.k1001.s31.c80	276893	12	5188.0	4716	4716	3	0	0.017			False
Geranium_pratense	ok	oatk_pathfinder	Geranium_pratense.k1001.s31.c80	306120	3	406.0	0	0	0	0	0.0	0	0.0	False
Geranium_pyrenaicum	ok	oatk_pathfinder	Geranium_pyrenaicum.k1001.s31.c80	463229	6	259.0	0	0	0	0	0.0			False
Geranium_robertianum	ok	oatk_pathfinder	Geranium_robertianum.k1001.s31.c80	804598	7	1305.0	0	0	0	0	0.0	0	0.0	False
Geranium_rotundifolium	ok	oatk_pathfinder	Geranium_rotundifolium	331981	3	981.0	0	0	0	0	0.0	0	0.0	False
Geranium_sanguineum	ok	gfatk_resolve	Geranium_sanguineum.k1001.s31.c80	1232896	88	761.0	14847	14847	9	0	0.012			False
Geum_rivale	ok	oatk_pathfinder	Geum_rivale	324628	8	1614.0	1527	1527	1	0	0.005	0	0.0	False
Geum_urbanum	ok	oatk_pathfinder	Geum_urbanum	324628	8	882.0	2971	2971	2	0	0.009	2971	0.009	False
Ginkgo_biloba	ok	oatk_pathfinder	Ginkgo_biloba.k1001.s31.c60	345058	6	158.0	0	0	0	0	0.0	0	0.0	False
Glaucium_flavum	ok	oatk_pathfinder	Glaucium_flavum.k1001.s31.c80	3043759	24	490.0	0	0	0	0	0.0			False
Glaux_maritima	ok	oatk_pathfinder	Glaux_maritima.k1001.s31.c80	304000	6	2160.0	0	0	0	0	0.0	0	0.0	False
Glebionis_segetum	ok	oatk_pathfinder	Glebionis_segetum.k1001.s31.c80	214838	1	361.0	0	0	0	0	0.0	0	0.0	False
Glechoma_hederacea	ok	gfatk_resolve	Glechoma_hederacea.k1001.s31.c80	475107	64	4544.0	23232	23232	12	0	0.049	19964	0.042	True
Glyceria_declinata	ok	oatk_pathfinder	Glyceria_declinata.k1001.s31.c80	488506	9	522.0	0	0	0	0	0.0	0	0.0	False
Glyceria_fluitans	ok	oatk_pathfinder	Glyceria_fluitans.k1001.s31.c80	483116	9	325.0	0	0	0	0	0.0	0	0.0	False
Glyceria_maxima	ok	oatk_pathfinder	Glyceria_maxima.k1001.s31.c80	115160	5	93.0	0	0	0	0	0.0			False
Gnaphalium_supinum	ok	oatk_pathfinder	Gnaphalium_supinum	250765	2	1522.0	0	0	0	0	0.0	0	0.0	False
Gnaphalium_uliginosum	ok	oatk_pathfinder	Gnaphalium_uliginosum	196229	1	1158.0	0	0	0	0	0.0	0	0.0	False
Grimmia_atrata	ok	oatk_pathfinder	Grimmia_atrata.k1001.s31.c80	107796	1	1344.0	0	0	0	0	0.0	0	0.0	False
Grimmia_decipiens	ok	oatk_pathfinder	Grimmia_decipiens.k1001.s31.c80	107140	1	2006.0	0	0	0	0	0.0	0	0.0	False
Grimmia_donniana	ok	oatk_pathfinder	Grimmia_donniana.k1001.s31.c80	110121	3	1293.0	1992	1992	1	0	0.018	0	0.0	False
Grimmia_elongata	ok	oatk_pathfinder	Grimmia_elongata.k1001.s31.c80	107390	1	838.0	0	0	0	0	0.0	0	0.0	False
Grimmia_funalis	ok	oatk_pathfinder	Grimmia_funalis.k1001.s31.c80	108348	1	1193.0	0	0	0	0	0.0	0	0.0	False
Grimmia_montana	ok	oatk_pathfinder	Grimmia_montana.k1001.s31.c80	108108	1	1218.0	0	0	0	0	0.0	0	0.0	False
Grimmia_pulvinata	ok	oatk_pathfinder	Grimmia_pulvinata.k1001.s31.c80	107888	1	696.0	0	0	0	0	0.0	0	0.0	False
Grimmia_ramondii	ok	oatk_pathfinder	Grimmia_ramondii.k1001.s31.c80	107570	1	1037.0	0	0	0	0	0.0	0	0.0	False
Grimmia_trichophylla	ok	oatk_pathfinder	Grimmia_trichophylla.k1001.s31.c80	108618	3	858.0	1743	1743	1	0	0.016	0	0.0	False
Groenlandia_densa	ok	oatk_pathfinder	Groenlandia_densa.k1001.s31.c80	222755	6	963.0	0	0	0	0	0.0			False
Gunnera_tinctoria	ok	oatk_pathfinder	Gunnera_tinctoria.k1001.s31.c40.mitoempty_c40	258770	7	55.0	0	0	0	0	0.0			False
Gymnadenia_conopsea	ok	oatk_pathfinder	Gymnadenia_conopsea.k1001.s31.c80	522093	15	245.0	0	0	0	0	0.0			False
Gymnocarpium_robertianum	ok	gfatk_resolve	Gymnocarpium_robertianum.k1001.s31.c100	203620	33	1044.0	0	0	0	0	0.0	0	0.0	False
Gymnomitrion_concinnatum	ok	oatk_pathfinder	Gymnomitrion_concinnatum.k1001.s31.c80	189515	2	300.0	0	0	0	0	0.0	0	0.0	False
Gymnomitrion_obtusum	ok	oatk_pathfinder	Gymnomitrion_obtusum.k1001.s31.c80	170068	5	104.0	0	0	0	0	0.0			False
Gymnostomum_aeruginosum	ok	oatk_pathfinder	Gymnostomum_aeruginosum.k1001.s31.c80	105477	1	224.0	0	0	0	0	0.0	0	0.0	False
Halimione_portulacoides	ok	oatk_pathfinder	Halimione_portulacoides.k1001.s31.c80	294082	9	2301.0	2318	2318	1	0	0.008	0	0.0	False
Harpanthus_flotovianus	ok	oatk_pathfinder	Harpanthus_flotovianus.k1001.s31.c80	154504	1	1246.0	0	0	0	0	0.0	0	0.0	False
Hedera_helix	ok	oatk_pathfinder	Hedera_helix	649797	48	1411.0	5776	5776	2	0	0.009	0	0.0	False
Hedera_hibernica	ok	oatk_pathfinder	Hedera_hibernica.k1001.s31.c80	599601	10	544.0	0	0	0	0	0.0	0	0.0	False
Hedwigia_stellata	ok	oatk_pathfinder	Hedwigia_stellata.k1001.s31.c80	108027	1	662.0	0	0	0	0	0.0	0	0.0	False
Helianthemum_apenninum	ok	oatk_pathfinder	Helianthemum_apenninum.k1001.s31.c80	416485	9	559.0	0	0	0	0	0.0	0	0.0	False
Helianthemum_oelandicum	ok	oatk_pathfinder	Helianthemum_oelandicum.k1001.s31.c80	470473	9	1225.0	1425	1425	1	0	0.003	0	0.0	False
Helictochloa_pratensis	ok	oatk_pathfinder	Helictochloa_pratensis.k1001.s31.c80	452325	12	152.0	0	0	0	0	0.0	0	0.0	False
Helleborus_foetidus	ok	oatk_pathfinder	Helleborus_foetidus.k1001.s31.c80	573307	18	218.0	0	0	0	0	0.0	0	0.0	False
Helleborus_viridis	ok	oatk_pathfinder	Helleborus_viridis.k1001.s31.c80	740563	15	386.0	0	0	0	0	0.0			False
Helminthotheca_echioides	ok	oatk_pathfinder	Helminthotheca_echioides.k1001.s31.c80	286936	6	239.0	0	0	0	0	0.0	0	0.0	False
Helosciadium_nodiflorum	ok	oatk_pathfinder	Helosciadium_nodiflorum.k1001.s31.c80	331338	12	2992.0	1931	1931	1	0	0.006	0	0.0	False
Heracleum_sphondylium	ok	oatk_pathfinder	Heracleum_sphondylium.k1001.s31.c80	280078	23	1047.0	0	0	0	0	0.0	0	0.0	False
Herbertus_borealis	ok	oatk_pathfinder	Herbertus_borealis.k1001.s31.c40.mitoempty_c40	162790	1	78.0	0	0	0	0	0.0	0	0.0	False
Herbertus_hutchinsiae	ok	oatk_pathfinder	Herbertus_hutchinsiae	162942	1	608.0	0	0	0	0	0.0	0	0.0	False
Herbertus_stramineus	ok	oatk_pathfinder	Herbertus_stramineus.k1001.s31.c80	162322	1	1241.0	0	0	0	0	0.0	0	0.0	False
Herniaria_ciliolata	ok	oatk_pathfinder	Herniaria_ciliolata.k1001.s31.c80	276407	6	909.0	0	0	0	0	0.0	0	0.0	False
Hesperis_matronalis	ok	oatk_pathfinder	Hesperis_matronalis.k1001.s31.c80	351215	3	117.0	0	0	0	0	0.0			False
Heterocladium_heteropterum	ok	oatk_pathfinder	Heterocladium_heteropterum	106079	1	3897.0	0	0	0	0	0.0	0	0.0	False
Hibiscus_tridactylites	ok	oatk_pathfinder	Hibiscus_tridactylites	519880	9	1221.0	0	0	0	0	0.0			False
Hibiscus_trionum	ok	oatk_pathfinder	Hibiscus_trionum.k1001.s31.c80	516585	8	264.0	0	0	0	0	0.0	0	0.0	False
Hibiscus_verdcourtii	ok	oatk_pathfinder	Hibiscus_verdcourtii	534935	7	1117.0	0	0	0	0	0.0	0	0.0	False
Hieracium_aggregatifolium	ok	oatk_pathfinder	Hieracium_aggregatifolium.k1001.s31.c80	324166	12	173.0	0	0	0	0	0.0			False
Hieracium_attenboroughianum	ok	oatk_pathfinder	Hieracium_attenboroughianum.k1001.s31.c80	350399	12	277.0	0	0	0	0	0.0	0	0.0	False
Hieracium_britannicum	ok	oatk_pathfinder	Hieracium_britannicum.k1001.s31.c80	350399	12	501.0	0	0	0	0	0.0	0	0.0	False
Hieracium_drummondii	ok	oatk_pathfinder	Hieracium_drummondii.k1001.s31.c80	321050	6	143.0	0	0	0	0	0.0	0	0.0	False
Hieracium_radyrense	ok	oatk_pathfinder	Hieracium_radyrense.k1001.s31.c80	350379	12	179.0	0	0	0	0	0.0	0	0.0	False
Hieracium_richianum	ok	oatk_pathfinder	Hieracium_richianum.k1001.s31.c40.deadend_c40	364366	9	107.0	0	0	0	0	0.0	0	0.0	False
Hieracium_sabaudum	ok	oatk_pathfinder	Hieracium_sabaudum.k1001.s31.c80	319816	8	225.0	0	0	0	0	0.0	0	0.0	False
Hieracium_scullyi	ok	oatk_pathfinder	Hieracium_scullyi.k1001.s31.c80	321052	6	812.0	0	0	0	0	0.0	0	0.0	False
Hieracium_snowdoniense	ok	oatk_pathfinder	Hieracium_snowdoniense.k1001.s31.c80	342844	6	305.0	0	0	0	0	0.0	0	0.0	False
Hieracium_sp_SM_2023a	ok	oatk_pathfinder	Hieracium_sp_SM_2023a.k1001.s31.c80	349490	12	370.0	0	0	0	0	0.0	0	0.0	False
Hierochloe_odorata	ok	oatk_pathfinder	Hierochloe_odorata.k1001.s31.c80	512934	6	424.0	0	0	0	0	0.0	0	0.0	False
Hippocrepis_comosa	ok	oatk_pathfinder	Hippocrepis_comosa.k1001.s31.c80	391711	6	1146.0	0	0	0	0	0.0	0	0.0	False
Hippophae_rhamnoides	ok	oatk_pathfinder	Hippophae_rhamnoides.k1001.s31.c80	455103	6	611.0	0	0	0	0	0.0			False
Hippuris_vulgaris	ok	oatk_pathfinder	Hippuris_vulgaris.k1001.s31.c80	547976	3	551.0	0	0	0	0	0.0	0	0.0	False
Holcus_lanatus	ok	oatk_pathfinder	Holcus_lanatus.k1001.s31.c80	457387	9	176.0	0	0	0	0	0.0	0	0.0	False
Holcus_mollis	ok	oatk_pathfinder	Holcus_mollis.k1001.s31.c80	471124	11	628.0	0	0	0	0	0.0	0	0.0	False
Homalia_trichomanoides	ok	oatk_pathfinder	Homalia_trichomanoides.k1001.s31.c80	104781	1	293.0	0	0	0	0	0.0	0	0.0	False
Homalothecium_sericeum	ok	oatk_pathfinder	Homalothecium_sericeum.k1001.s31.c40.mitoempty_c40	46285	3	48.0	0	0	0	0	0.0			False
Homogyne_alpina	ok	oatk_pathfinder	Homogyne_alpina.k1001.s31.c40.deadend_c40	346143	13	132.0	0	0	0	0	0.0	0	0.0	False
Honckenya_peploides	ok	oatk_pathfinder	Honckenya_peploides.k1001.s31.c80	751764	11	538.0	0	0	0	0	0.0	0	0.0	False
Hookeria_lucens	ok	oatk_pathfinder	Hookeria_lucens.k1001.s31.c80	105000	1	1491.0	0	0	0	0	0.0	0	0.0	False
Hordeum_murinum	ok	oatk_pathfinder	Hordeum_murinum.k1001.s31.c80	420290	7	374.0	0	0	0	0	0.0	0	0.0	False
Hordeum_vulgare	ok	oatk_pathfinder	Hordeum_vulgare.k1001.s31.c80	475420	15	761.0	0	0	0	0	0.0	0	0.0	False
Hornungia_petraea	ok	oatk_pathfinder	Hornungia_petraea.k1001.s31.c80	313086	6	940.0	0	0	0	0	0.0	0	0.0	False
Hottonia_palustris	ok	oatk_pathfinder	Hottonia_palustris.k1001.s31.c80	324417	4	1828.0	0	0	0	0	0.0	0	0.0	False
Humulus_lupulus	ok	oatk_pathfinder	Humulus_lupulus.k1001.s31.c10	401295	1	75.0	0	0	0	0	0.0	0	0.0	False
Huperzia_selago	ok	oatk_pathfinder	Huperzia_selago.k1001.s31.c100	397477	3	508.0	0	0	0	0	0.0	0	0.0	False
Hyacinthoides_non_scripta	ok	gfatk_resolve	Hyacinthoides_non_scripta.k1001.s31.c80	422986	74	242.0	0	0	0	0	0.0			False
Hydrocotyle_ranunculoides	ok	oatk_pathfinder	Hydrocotyle_ranunculoides.k1001.s31.c80	436068	6	491.0	0	0	0	0	0.0	0	0.0	False
Hydrocotyle_vulgaris	ok	oatk_pathfinder	Hydrocotyle_vulgaris	567568	10	1900.0	3279	3279	2	0	0.006			False
Hygrohypnum_duriusculum	ok	oatk_pathfinder	Hygrohypnum_duriusculum.k1001.s31.c80	104128	1	2047.0	0	0	0	0	0.0	0	0.0	False
Hylocomiadelphus_triquetrus	ok	oatk_pathfinder	Hylocomiadelphus_triquetrus.k1001.s31.c80	104267	1	1683.0	0	0	0	0	0.0	0	0.0	False
Hyocomium_armoricum	ok	oatk_pathfinder	Hyocomium_armoricum	104473	1	2892.0	0	0	0	0	0.0	0	0.0	False
Hypericum_androsaemum	ok	oatk_pathfinder	Hypericum_androsaemum	418341	4	697.0	0	0	0	0	0.0	0	0.0	False
Hypericum_hircinum	ok	oatk_pathfinder	Hypericum_hircinum.k1001.s31.c80	470686	4	396.0	0	0	0	0	0.0	0	0.0	False
Hypericum_hirsutum	ok	oatk_pathfinder	Hypericum_hirsutum	474752	3	1079.0	0	0	0	0	0.0	0	0.0	False
Hypericum_linariifolium	ok	oatk_pathfinder	Hypericum_linariifolium.k1001.s31.c80	498521	2	297.0	0	0	0	0	0.0	0	0.0	False
Hypericum_maculatum	ok	oatk_pathfinder	Hypericum_maculatum.k1001.s31.c80	429587	1	1479.0	0	0	0	0	0.0	0	0.0	False
Hypericum_perforatum	ok	oatk_pathfinder	Hypericum_perforatum.k1001.s31.c80	410489	1	848.0	0	0	0	0	0.0			False
Hypericum_pulchrum	ok	oatk_pathfinder	Hypericum_pulchrum	495292	4	882.0	0	0	0	0	0.0	0	0.0	False
Hypericum_tetrapterum	ok	oatk_pathfinder	Hypericum_tetrapterum.k1001.s31.c80	479715	1	565.0	0	0	0	0	0.0	0	0.0	False
Hypnum_andoi	ok	oatk_pathfinder	Hypnum_andoi.k1001.s31.c80	64992	3	89.0	0	0	0	0	0.0			False
Hypnum_cupressiforme	ok	oatk_pathfinder	Hypnum_cupressiforme	104805	1	456.0	0	0	0	0	0.0	0	0.0	False
Hypochaeris_maculata	ok	oatk_pathfinder	Hypochaeris_maculata.k1001.s31.c80	335248	6	704.0	0	0	0	0	0.0			False
Hypochaeris_radicata	ok	oatk_pathfinder	Hypochaeris_radicata.k1001.s31.c80	321021	9	231.0	0	0	0	0	0.0			False
Ilex_aquifolium	ok	oatk_pathfinder	Ilex_aquifolium	539365	1	1953.0	0	0	0	0	0.0	0	0.0	False
Impatiens_glandulifera	ok	oatk_pathfinder	Impatiens_glandulifera	466250	18	972.0	0	0	0	0	0.0			False
Impatiens_noli_tangere	ok	oatk_pathfinder	Impatiens_noli_tangere.k1001.s31.c80	431291	16	707.0	0	0	0	0	0.0			False
Impatiens_parviflora	ok	oatk_pathfinder	Impatiens_parviflora	464118	16	834.0	0	0	0	0	0.0			False
Inula_conyza	ok	oatk_pathfinder	Inula_conyza.k1001.s31.c80	336421	3	812.0	0	0	0	0	0.0	0	0.0	False
Inula_salicina	ok	oatk_pathfinder	Inula_salicina.k1001.s31.c80	369219	3	506.0	0	0	0	0	0.0	0	0.0	False
Iris_foetidissima	ok	oatk_pathfinder	Iris_foetidissima	418224	6	599.0	0	0	0	0	0.0	0	0.0	False
Iris_pseudacorus	ok	oatk_pathfinder	Iris_pseudacorus.k1001.s31.c80	477248	33	1107.0	9862	9862	5	0	0.021			False
Isolepis_cernua	ok	oatk_pathfinder	Isolepis_cernua.k1001.s31.c80	1709922	9	431.0	0	0	0	0	0.0			False
Isopterygiella_pulchella	ok	oatk_pathfinder	Isopterygiella_pulchella	105093	1	2348.0	0	0	0	0	0.0	0	0.0	False
Isothecium_holtii	ok	oatk_pathfinder	Isothecium_holtii.k1001.s31.c80	105392	1	729.0	0	0	0	0	0.0	0	0.0	False
Isothecium_myosuroides	ok	oatk_pathfinder	Isothecium_myosuroides	105398	1	429.0	0	0	0	0	0.0	0	0.0	False
Jacobaea_erucifolia	ok	oatk_pathfinder	Jacobaea_erucifolia.k1001.s31.c80	303581	16	722.0	4232	4232	3	0	0.014	1421	0.005	False
Jacobaea_maritima	ok	oatk_pathfinder	Jacobaea_maritima	316088	8	742.0	0	0	0	0	0.0	0	0.0	False
Jacobaea_vulgaris	ok	oatk_pathfinder	Jacobaea_vulgaris	280156	3	692.0	0	0	0	0	0.0	0	0.0	False
Jasione_montana	ok	oatk_pathfinder	Jasione_montana	322876	3	2699.0	1355	1355	1	0	0.004	0	0.0	False
Juglans_regia	ok	oatk_pathfinder	Juglans_regia.k1001.s31.c80	859455	15	2000.0	0	0	0	0	0.0			False
Juncus_bufonius	ok	oatk_pathfinder	Juncus_bufonius.k1001.s31.c80	945306	9	759.0	0	0	0	0	0.0	0	0.0	False
Juncus_conglomeratus	ok	oatk_pathfinder	Juncus_conglomeratus.k1001.s31.c80	547887	44	1585.0	46841	46841	13	0	0.085	0	0.0	True
Juncus_effusus	ok	oatk_pathfinder	Juncus_effusus	488823	3	875.0	0	0	0	0	0.0	0	0.0	False
Juncus_gerardii	ok	oatk_pathfinder	Juncus_gerardii.k1001.s31.c80	798748	3	1242.0	0	0	0	0	0.0			False
Juncus_inflexus	ok	oatk_pathfinder	Juncus_inflexus.k1001.s31.c80	782137	3	1104.0	0	0	0	0	0.0			False
Juncus_squarrosus	ok	oatk_pathfinder	Juncus_squarrosus	985867	9	966.0	6043	6043	1	0	0.006	0	0.0	False
Juncus_tenuis	ok	oatk_pathfinder	Juncus_tenuis.k1001.s31.c80	638401	6	390.0	0	0	0	0	0.0	0	0.0	False
Jungermannia_exsertifolia	ok	oatk_pathfinder	Jungermannia_exsertifolia.k1001.s31.c40.mitoempty_c40	128734	3	53.0	0	0	0	0	0.0			False
Kali_turgidum	ok	oatk_pathfinder	Kali_turgidum.k1001.s31.c80	189097	1	237.0	0	0	0	0	0.0	0	0.0	False
Kalmia_procumbens	ok	oatk_pathfinder	Kalmia_procumbens.k1001.s31.c80	566137	9	1092.0	0	0	0	0	0.0			False
Kiaeria_blyttii	ok	oatk_pathfinder	Kiaeria_blyttii.k1001.s31.c80	128885	2	450.0	0	0	0	0	0.0	0	0.0	False
Kickxia_elatine	ok	oatk_pathfinder	Kickxia_elatine.k1001.s31.c80	1216867	12	1107.0	0	0	0	0	0.0			False
Knautia_arvensis	ok	oatk_pathfinder	Knautia_arvensis.k1001.s31.c80	540294	16	559.0	0	0	0	0	0.0	0	0.0	False
Koeleria_macrantha	ok	oatk_pathfinder	Koeleria_macrantha.k1001.s31.c80	408262	17	451.0	0	0	0	0	0.0			False
Kurzia_trichoclados	ok	oatk_pathfinder	Kurzia_trichoclados.k1001.s31.c80	164757	3	808.0	0	0	0	0	0.0	0	0.0	False
Laburnum_anagyroides	ok	oatk_pathfinder	Laburnum_anagyroides	421492	3	1165.0	0	0	0	0	0.0	0	0.0	False
Lactuca_saligna	ok	oatk_pathfinder	Lactuca_saligna.k1001.s31.c80	301249	6	1185.0	0	0	0	0	0.0	0	0.0	False
Lactuca_serriola	ok	oatk_pathfinder	Lactuca_serriola.k1001.s31.c80	323939	12	1229.0	1627	1627	1	0	0.005	0	0.0	False
Lamium_album	ok	oatk_pathfinder	Lamium_album.k1001.s31.c80	316191	6	2323.0	0	0	0	0	0.0	0	0.0	False
Lamium_amplexicaule	ok	oatk_pathfinder	Lamium_amplexicaule	299451	6	2174.0	0	0	0	0	0.0	0	0.0	False
Lamium_galeobdolon	ok	oatk_pathfinder	Lamium_galeobdolon.k1001.s31.c80	349149	10	2022.0	2697	2697	2	0	0.008	0	0.0	False
Lamium_purpureum	ok	oatk_pathfinder	Lamium_purpureum	296376	15	1899.0	4605	4605	3	0	0.016	1749	0.006	False
Lapsana_communis	ok	oatk_pathfinder	Lapsana_communis	293943	8	274.0	0	0	0	0	0.0	0	0.0	False
Lathraea_clandestina	ok	oatk_pathfinder	Lathraea_clandestina.k1001.s31.c80	389137	10	4153.0	3529	3529	2	0	0.009			False
Lathraea_squamaria	ok	oatk_pathfinder	Lathraea_squamaria.k1001.s31.c80	389713	15	6311.0	3280	3280	2	0	0.008			False
Lathyrus_aphaca	ok	oatk_pathfinder	Lathyrus_aphaca	370128	3	419.0	0	0	0	0	0.0	0	0.0	False
Lathyrus_linifolius	ok	oatk_pathfinder	Lathyrus_linifolius	427013	17	378.0	0	0	0	0	0.0	0	0.0	False
Lathyrus_nissolia	ok	oatk_pathfinder	Lathyrus_nissolia.k1001.s31.c80	410689	3	354.0	0	0	0	0	0.0	0	0.0	False
Lathyrus_pratensis	ok	oatk_pathfinder	Lathyrus_pratensis.k1001.s31.c80	350246	3	261.0	0	0	0	0	0.0	0	0.0	False
Lathyrus_sylvestris	ok	oatk_pathfinder	Lathyrus_sylvestris.k1001.s31.c80	418455	3	666.0	0	0	0	0	0.0	0	0.0	False
Leersia_oryzoides	ok	oatk_pathfinder	Leersia_oryzoides	380293	6	253.0	0	0	0	0	0.0			False
Lemna_japonica	ok	oatk_pathfinder	Lemna_japonica.k1001.s31.c80	350708	4	470.0	0	0	0	0	0.0			False
Lemna_minuta	ok	oatk_pathfinder	Lemna_minuta	186789	1	302.0	0	0	0	0	0.0			False
Lemna_trisulca	ok	oatk_pathfinder	Lemna_trisulca.k1001.s31.c80	210808	1	1303.0	0	0	0	0	0.0	0	0.0	False
Leontodon_hispidus	ok	oatk_pathfinder	Leontodon_hispidus.k1001.s31.c80	310835	14	639.0	0	0	0	0	0.0	0	0.0	False
Leontodon_saxatilis	ok	oatk_pathfinder	Leontodon_saxatilis.k1001.s31.c80	282837	9	2561.0	0	0	0	0	0.0	0	0.0	False
Lepidium_campestre	ok	oatk_pathfinder	Lepidium_campestre.k1001.s31.c80	307716	3	1628.0	0	0	0	0	0.0	0	0.0	False
Lepidium_didymum	ok	oatk_pathfinder	Lepidium_didymum	263508	1	5631.0	0	0	0	0	0.0	0	0.0	False
Lepidium_draba	ok	oatk_pathfinder	Lepidium_draba.k1001.s31.c80	281997	3	661.0	0	0	0	0	0.0	0	0.0	False
Lepidium_heterophyllum	ok	oatk_pathfinder	Lepidium_heterophyllum.k1001.s31.c80	309872	6	1336.0	0	0	0	0	0.0	0	0.0	False
Lepidium_latifolium	ok	oatk_pathfinder	Lepidium_latifolium.k1001.s31.c80	270458	1	2426.0	0	0	0	0	0.0	0	0.0	False
Lepidozia_cupressina	ok	oatk_pathfinder	Lepidozia_cupressina.k1001.s31.c80	166386	1	1015.0	0	0	0	0	0.0	0	0.0	False
Lepidozia_reptans	ok	oatk_pathfinder	Lepidozia_reptans.k1001.s31.c80	167867	4	1566.0	3453	3453	2	0	0.021	0	0.0	False
Leucanthemum_vulgare	ok	oatk_pathfinder	Leucanthemum_vulgare.k1001.s31.c80	220459	1	312.0	0	0	0	0	0.0	0	0.0	False
Leucobryum_glaucum	ok	oatk_pathfinder	Leucobryum_glaucum.k1001.s31.c80	103402	1	1125.0	0	0	0	0	0.0	0	0.0	False
Leucobryum_juniperoideum	ok	oatk_pathfinder	Leucobryum_juniperoideum.k1001.s31.c80	446185	2	117.0	0	0	0	0	0.0	0	0.0	False
Leucojum_aestivum	ok	oatk_pathfinder	Leucojum_aestivum.k1001.s31.c80	346226	10	199.0	0	0	0	0	0.0	0	0.0	False
Levisticum_officinale	ok	oatk_pathfinder	Levisticum_officinale.k1001.s31.c80	258053	28	683.0	2001	2001	1	0	0.008	0	0.0	False
Lewinskya_affinis	ok	oatk_pathfinder	Lewinskya_affinis.k1001.s31.c80	105895	1	792.0	0	0	0	0	0.0			False
Lewinskya_rupestris	ok	oatk_pathfinder	Lewinskya_rupestris.k1001.s31.c80	106721	3	881.0	1834	1834	1	0	0.017	0	0.0	False
Lewinskya_speciosa	ok	oatk_pathfinder	Lewinskya_speciosa.k1001.s31.c80	106726	3	763.0	0	0	0	0	0.0	0	0.0	False
Ligusticum_scoticum	ok	oatk_pathfinder	Ligusticum_scoticum.k1001.s31.c80	301080	10	707.0	1295	1295	1	0	0.004	1295	0.004	False
Ligustrum_vulgare	ok	oatk_pathfinder	Ligustrum_vulgare	965431	3	2192.0	1395	1395	1	0	0.001	0	0.0	False
Limonium_binervosum	ok	oatk_pathfinder	Limonium_binervosum.k1001.s31.c80	296578	2	2595.0	0	0	0	0	0.0	0	0.0	False
Limosella_aquatica	ok	oatk_pathfinder	Limosella_aquatica.k1001.s31.c80	669714	3	1834.0	0	0	0	0	0.0	0	0.0	False
Linaria_purpurea	ok	oatk_pathfinder	Linaria_purpurea.k1001.s31.c80	467360	1	3779.0	0	0	0	0	0.0	0	0.0	False
Linaria_repens	ok	oatk_pathfinder	Linaria_repens.k1001.s31.c80	487246	6	289.0	0	0	0	0	0.0	0	0.0	False
Linaria_vulgaris	ok	oatk_pathfinder	Linaria_vulgaris	458732	4	1023.0	0	0	0	0	0.0	0	0.0	False
Linnaea_borealis	ok	oatk_pathfinder	Linnaea_borealis.k1001.s31.c80	684511	3	1063.0	0	0	0	0	0.0	0	0.0	False
Linum_bienne	ok	oatk_pathfinder	Linum_bienne.k1001.s31.c80	336755	7	1256.0	1458	1458	1	0	0.004			False
Linum_catharticum	ok	oatk_pathfinder	Linum_catharticum.k1001.s31.c80	501562	5	1707.0	2079	2079	1	0	0.004	2079	0.004	False
Lithospermum_officinale	ok	oatk_pathfinder	Lithospermum_officinale.k1001.s31.c80	285730	3	1566.0	0	0	0	0	0.0	0	0.0	False
Littorella_uniflora	ok	oatk_pathfinder	Littorella_uniflora.k1001.s31.c40.deadend_c40	341866	9	96.0	0	0	0	0	0.0	0	0.0	False
Lobelia_dortmanna	ok	oatk_pathfinder	Lobelia_dortmanna	519299	40	4340.0	17906	17906	4	0	0.034	0	0.0	False
Lobelia_urens	ok	oatk_pathfinder	Lobelia_urens	511945	16	5836.0	1363	1363	1	0	0.003	0	0.0	False
Loeskeobryum_brevirostre	ok	oatk_pathfinder	Loeskeobryum_brevirostre.k1001.s31.c80	103888	1	1286.0	0	0	0	0	0.0	0	0.0	False
Logfia_minima	ok	oatk_pathfinder	Logfia_minima	221959	1	690.0	0	0	0	0	0.0	0	0.0	False
Lolium_perenne	ok	oatk_pathfinder	Lolium_perenne.k1001.s31.c80	623185	47	656.0	0	0	0	0	0.0	0	0.0	False
Lonicera_periclymenum	ok	oatk_pathfinder	Lonicera_periclymenum.k1001.s31.c80	1018676	4	165.0	0	0	0	0	0.0	0	0.0	False
Lophocolea_bispinosa	ok	oatk_pathfinder	Lophocolea_bispinosa.k1001.s31.c80	178299	2	820.0	0	0	0	0	0.0	0	0.0	False
Lophozia_ventricosa	ok	oatk_pathfinder	Lophozia_ventricosa.k1001.s31.c80	145592	1	1236.0	0	0	0	0	0.0	0	0.0	False
Lotus_corniculatus	ok	oatk_pathfinder	Lotus_corniculatus.k1001.s31.c80	387196	6	1379.0	0	0	0	0	0.0	0	0.0	False
Lotus_pedunculatus	ok	oatk_pathfinder	Lotus_pedunculatus.k1001.s31.c80	414266	6	1176.0	0	0	0	0	0.0	0	0.0	False
Lotus_tenuis	ok	oatk_pathfinder	Lotus_tenuis.k1001.s31.c80	366740	12	2144.0	5347	5347	3	0	0.015	0	0.0	False
Ludwigia_grandiflora	ok	oatk_pathfinder	Ludwigia_grandiflora.k1001.s31.c80	685750	16	465.0	0	0	0	0	0.0	0	0.0	False
Lunaria_annua	ok	oatk_pathfinder	Lunaria_annua.k1001.s31.c80	292595	3	1021.0	0	0	0	0	0.0	0	0.0	False
Lunularia_cruciata	ok	oatk_pathfinder	Lunularia_cruciata	191461	1	2028.0	0	0	0	0	0.0	0	0.0	False
Luzula_campestris	ok	oatk_pathfinder	Luzula_campestris.k1001.s31.c80	597945	9	3168.0	0	0	0	0	0.0	0	0.0	False
Luzula_pallescens	ok	oatk_pathfinder	Luzula_pallescens	653022	3	184.0	0	0	0	0	0.0	0	0.0	False
Luzula_spicata	ok	oatk_pathfinder	Luzula_spicata.k1001.s31.c80	503677	4	760.0	0	0	0	0	0.0	0	0.0	False
Luzula_sylvatica	ok	oatk_pathfinder	Luzula_sylvatica	649416	12	756.0	0	0	0	0	0.0	0	0.0	False
Lycopodium_clavatum	ok	oatk_pathfinder	Lycopodium_clavatum.k1001.s31.c100	431003	3	425.0	0	0	0	0	0.0	0	0.0	False
Lycopus_europaeus	ok	oatk_pathfinder	Lycopus_europaeus	295850	9	1470.0	0	0	0	0	0.0	0	0.0	False
Lysimachia_nemorum	ok	oatk_pathfinder	Lysimachia_nemorum.k1001.s31.c80	457297	2	1295.0	0	0	0	0	0.0	0	0.0	False
Lysimachia_nummularia	ok	oatk_pathfinder	Lysimachia_nummularia.k1001.s31.c80	357854	1	160.0	0	0	0	0	0.0	0	0.0	False
Lysimachia_thyrsiflora	ok	oatk_pathfinder	Lysimachia_thyrsiflora.k1001.s31.c80	313923	3	1134.0	0	0	0	0	0.0	0	0.0	False
Lysimachia_vulgaris	ok	oatk_pathfinder	Lysimachia_vulgaris.k1001.s31.c80	298084	3	575.0	0	0	0	0	0.0	0	0.0	False
Lythrum_hyssopifolia	ok	oatk_pathfinder	Lythrum_hyssopifolia.k1001.s31.c80	261696	3	2786.0	0	0	0	0	0.0	0	0.0	False
Lythrum_salicaria	ok	oatk_pathfinder	Lythrum_salicaria.k1001.s31.c80	318243	1	995.0	0	0	0	0	0.0			False
Malus_domestica	ok	oatk_pathfinder	Malus_domestica	418803	23	1167.0	7347	7347	3	0	0.018	0	0.0	False
Malus_sylvestris	ok	oatk_pathfinder	Malus_sylvestris	392784	3	536.0	0	0	0	0	0.0	0	0.0	False
Malus_x_robusta	ok	oatk_pathfinder	Malus_x_robusta	374153	3	552.0	0	0	0	0	0.0	0	0.0	False
Malva_arborea	ok	oatk_pathfinder	Malva_arborea.k1001.s31.c80	553896	9	1013.0	1453	1453	1	0	0.003	0	0.0	False
Malva_neglecta	ok	oatk_pathfinder	Malva_neglecta	548720	13	1175.0	0	0	0	0	0.0	0	0.0	False
Malva_sylvestris	ok	oatk_pathfinder	Malva_sylvestris.k1001.s31.c80	545516	12	458.0	0	0	0	0	0.0	0	0.0	False
Marchantia_polymorpha	ok	oatk_pathfinder	Marchantia_polymorpha.k1001.s31.c80	188432	3	1929.0	0	0	0	0	0.0	0	0.0	False
Marchantia_quadrata	ok	oatk_pathfinder	Marchantia_quadrata.k1001.s31.c80	189903	1	1925.0	0	0	0	0	0.0	0	0.0	False
Marsupella_aquatica	ok	oatk_pathfinder	Marsupella_aquatica.k1001.s31.c80	164779	3	543.0	0	0	0	0	0.0	0	0.0	False
Marsupella_emarginata	ok	oatk_pathfinder	Marsupella_emarginata.k1001.s31.c80	164775	3	1023.0	1382	1382	1	0	0.008	0	0.0	False
Mastigophora_woodsii	ok	oatk_pathfinder	Mastigophora_woodsii.k1001.s31.c80	191889	4	517.0	1521	1521	1	0	0.008	0	0.0	False
Matricaria_chamomilla	ok	oatk_pathfinder	Matricaria_chamomilla	220295	1	849.0	0	0	0	0	0.0	0	0.0	False
Matricaria_discoidea	ok	oatk_pathfinder	Matricaria_discoidea	225232	3	2697.0	1372	1372	1	0	0.006	0	0.0	False
Matthiola_sinuata	ok	oatk_pathfinder	Matthiola_sinuata	424756	11	1967.0	2776	2776	2	0	0.007	0	0.0	False
Meconopsis_cambrica	ok	oatk_pathfinder	Meconopsis_cambrica.k1001.s31.c80	222177	24	611.0	1352	1352	1	0	0.006			False
Medicago_arabica	ok	oatk_pathfinder	Medicago_arabica	325268	17	1516.0	2765	2765	2	0	0.009			False
Medicago_lupulina	ok	oatk_pathfinder	Medicago_lupulina	297329	3	2412.0	2029	2029	1	0	0.007	0	0.0	False
Medicago_sativa	ok	oatk_pathfinder	Medicago_sativa.k1001.s31.c80	296383	3	2027.0	0	0	0	0	0.0	0	0.0	False
Meesia_triquetra	ok	oatk_pathfinder	Meesia_triquetra.k1001.s31.c80	104359	1	2773.0	0	0	0	0	0.0	0	0.0	False
Melampyrum_pratense	ok	oatk_pathfinder	Melampyrum_pratense.k1001.s31.c80	337013	37	818.0	4345	4345	2	0	0.013			False
Melampyrum_sylvaticum	ok	oatk_pathfinder	Melampyrum_sylvaticum	299490	23	427.0	0	0	0	0	0.0			False
Melica_uniflora	ok	oatk_pathfinder	Melica_uniflora.k1001.s31.c80	576759	18	333.0	0	0	0	0	0.0	0	0.0	False
Melilotus_altissimus	ok	oatk_pathfinder	Melilotus_altissimus.k1001.s31.c80	307934	3	1769.0	0	0	0	0	0.0	0	0.0	False
Melissa_officinalis	ok	oatk_pathfinder	Melissa_officinalis.k1001.s31.c80	348082	2	384.0	0	0	0	0	0.0	0	0.0	False
Melittis_melissophyllum	ok	oatk_pathfinder	Melittis_melissophyllum	360663	3	1845.0	0	0	0	0	0.0			False
Mentha_aquatica	ok	oatk_pathfinder	Mentha_aquatica.k1001.s31.c80	319979	36	890.0	6190	6190	4	0	0.019			False
Mentha_arvensis	ok	oatk_pathfinder	Mentha_arvensis.k1001.s31.c80	358365	55	2399.0	9783	9783	7	0	0.027			False
Mercurialis_annua	ok	oatk_pathfinder	Mercurialis_annua	432385	5	1134.0	1412	1412	1	0	0.003	0	0.0	False
Mercurialis_perennis	ok	oatk_pathfinder	Mercurialis_perennis.k1001.s31.c80	406829	3	2433.0	0	0	0	0	0.0	0	0.0	False
Mesoptychia_bantriensis	ok	oatk_pathfinder	Mesoptychia_bantriensis.k1001.s31.c80	156280	1	647.0	0	0	0	0	0.0	0	0.0	False
Mesoptychia_rutheana	ok	oatk_pathfinder	Mesoptychia_rutheana.k1001.s31.c80	156340	1	423.0	0	0	0	0	0.0			False
Metzgeria_conjugata	ok	oatk_pathfinder	Metzgeria_conjugata.k1001.s31.c80	173474	3	959.0	1471	1471	1	0	0.008	0	0.0	False
Metzgeria_furcata	ok	oatk_pathfinder	Metzgeria_furcata.k1001.s31.c80	442002	2	152.0	0	0	0	0	0.0			False
Metzgeria_violacea	ok	oatk_pathfinder	Metzgeria_violacea.k1001.s31.c80	170225	1	188.0	0	0	0	0	0.0			False
Meum_athamanticum	ok	oatk_pathfinder	Meum_athamanticum.k1001.s31.c80	372622	24	1046.0	0	0	0	0	0.0	0	0.0	False
Milium_effusum	ok	oatk_pathfinder	Milium_effusum.k1001.s31.c80	472881	24	1466.0	7555	7555	5	0	0.016	0	0.0	False
Mimulus_peregrinus	ok	oatk_pathfinder	Mimulus_peregrinus.k1001.s31.c80	492881	4	1348.0	0	0	0	0	0.0	0	0.0	False
Misopates_orontium	ok	oatk_pathfinder	Misopates_orontium	569953	1	681.0	0	0	0	0	0.0	0	0.0	False
Mnium_stellare	ok	oatk_pathfinder	Mnium_stellare.k1001.s31.c80	102270	3	1356.0	1564	1564	1	0	0.015	0	0.0	False
Moehringia_trinervia	ok	oatk_pathfinder	Moehringia_trinervia	334854	6	2554.0	0	0	0	0	0.0	0	0.0	False
Molinia_caerulea	ok	oatk_pathfinder	Molinia_caerulea.k1001.s31.c80	467064	3	679.0	0	0	0	0	0.0	0	0.0	False
Mollugo_verticillata	ok	oatk_pathfinder	Mollugo_verticillata.k1001.s31.c80	1871342	24	802.0	1396	1396	1	0	0.001			False
Monotropa_hypopitys	ok	oatk_pathfinder	Monotropa_hypopitys.k1001.s31.c80.incomplete_g25	1023063	42	1560.0	15893	15893	9	0	0.016	5032	0.005	False
Montia_fontana	ok	oatk_pathfinder	Montia_fontana.k1001.s31.c80	406025	3	1830.0	0	0	0	0	0.0	0	0.0	False
Myosotis_ramosissima	ok	oatk_pathfinder	Myosotis_ramosissima.k1001.s31.c80	210365	9	94.0	0	0	0	0	0.0			False
Myrica_gale	ok	oatk_pathfinder	Myrica_gale	486469	1	600.0	0	0	0	0	0.0	0	0.0	False
Myriophyllum_alterniflorum	ok	oatk_pathfinder	Myriophyllum_alterniflorum	393920	12	1504.0	0	0	0	0	0.0	0	0.0	False
Myriophyllum_aquaticum	ok	oatk_pathfinder	Myriophyllum_aquaticum.k1001.s31.c80	897957	33	1752.0	7449	7449	5	0	0.008			False
Myriophyllum_spicatum	ok	oatk_pathfinder	Myriophyllum_spicatum.k1001.s31.c80	414586	15	874.0	1433	1433	1	0	0.003	0	0.0	False
Myrrhis_odorata	ok	oatk_pathfinder	Myrrhis_odorata.k1001.s31.c80	283170	8	275.0	0	0	0	0	0.0	0	0.0	False
Narcissus_pseudonarcissus	ok	oatk_pathfinder	Narcissus_pseudonarcissus.k1001.s31.c80	413378	11	556.0	0	0	0	0	0.0	0	0.0	False
Nardia_scalaris	ok	oatk_pathfinder	Nardia_scalaris.k1001.s31.c80	188410	2	671.0	0	0	0	0	0.0	0	0.0	False
Narthecium_ossifragum	ok	oatk_pathfinder	Narthecium_ossifragum	408819	4	1889.0	0	0	0	0	0.0			False
Nasturtium_officinale	ok	oatk_pathfinder	Nasturtium_officinale	287210	3	1885.0	0	0	0	0	0.0	0	0.0	False
Neckera_pumila	ok	oatk_pathfinder	Neckera_pumila	104381	1	177.0	0	0	0	0	0.0	0	0.0	False
Neoorthocaulis_attenuatus	ok	oatk_pathfinder	Neoorthocaulis_attenuatus.k1001.s31.c80	147305	1	2051.0	0	0	0	0	0.0	0	0.0	False
Neottia_nidus_avis	ok	oatk_pathfinder	Neottia_nidus_avis.k1001.s31.c40.mitoempty_c40	69840	4	51.0	0	0	0	0	0.0			False
Neottia_ovata	ok	oatk_pathfinder	Neottia_ovata.k1001.s31.c80	11557	1	88.0	0	0	0	0	0.0			False
Nigella_damascena	ok	oatk_pathfinder	Nigella_damascena.k1001.s31.c40.deadend_c40	663760	15	203.0	0	0	0	0	0.0	0	0.0	False
Niphotrichum_ericoides	ok	oatk_pathfinder	Niphotrichum_ericoides.k1001.s31.c80	109383	3	539.0	0	0	0	0	0.0	0	0.0	False
Nowellia_curvifolia	ok	oatk_pathfinder	Nowellia_curvifolia.k1001.s31.c80	246597	4	292.0	0	0	0	0	0.0			False
Nuphar_pumila	ok	oatk_pathfinder	Nuphar_pumila.k1001.s31.c80	586660	6	772.0	0	0	0	0	0.0			False
Nymphaea_alba	ok	oatk_pathfinder	Nymphaea_alba.k1001.s31.c80	322695	6	535.0	0	0	0	0	0.0	0	0.0	False
Nymphoides_peltata	ok	oatk_pathfinder	Nymphoides_peltata.k1001.s31.c80	337075	1	1133.0	0	0	0	0	0.0	0	0.0	False
Odontites_vernus	ok	oatk_pathfinder	Odontites_vernus.k1001.s31.c80	508060	9	4634.0	0	0	0	0	0.0			False
Odontoschisma_sphagni	ok	oatk_pathfinder	Odontoschisma_sphagni.k1001.s31.c80	157049	3	824.0	0	0	0	0	0.0	0	0.0	False
Oedipodium_griffithianum	ok	oatk_pathfinder	Oedipodium_griffithianum.k1001.s31.c80	121147	1	2598.0	0	0	0	0	0.0	0	0.0	False
Oenanthe_crocata	ok	oatk_pathfinder	Oenanthe_crocata.k1001.s31.c80	343860	8	1750.0	0	0	0	0	0.0	0	0.0	False
Oenanthe_lachenalii	ok	oatk_pathfinder	Oenanthe_lachenalii.k1001.s31.c80	353812	22	285.0	0	0	0	0	0.0	0	0.0	False
Oenanthe_pimpinelloides	ok	oatk_pathfinder	Oenanthe_pimpinelloides.k1001.s31.c80	309167	9	1378.0	2106	2106	1	0	0.007	0	0.0	False
Oenothera_biennis	ok	oatk_pathfinder	Oenothera_biennis.k1001.s31.c80	420342	3	656.0	0	0	0	0	0.0	0	0.0	False
Oligotrichum_hercynicum	ok	oatk_pathfinder	Oligotrichum_hercynicum.k1001.s31.c80	115305	1	2630.0	0	0	0	0	0.0	0	0.0	False
Onobrychis_viciifolia	ok	oatk_pathfinder	Onobrychis_viciifolia.k1001.s31.c80	341172	3	1184.0	0	0	0	0	0.0	0	0.0	False
Onoclea_sensibilis	ok	gfatk_resolve	Onoclea_sensibilis.k1001.s31.c100	258449	55	494.0	0	0	0	0	0.0	0	0.0	False
Ononis_reclinata	ok	oatk_pathfinder	Ononis_reclinata	320543	2	3395.0	0	0	0	0	0.0	0	0.0	False
Ononis_repens	ok	oatk_pathfinder	Ononis_repens.k1001.s31.c80	315209	3	583.0	0	0	0	0	0.0	0	0.0	False
Onopordum_acanthium	ok	oatk_pathfinder	Onopordum_acanthium.k1001.s31.c80	313203	8	1157.0	0	0	0	0	0.0	0	0.0	False
Ophrys_apifera	ok	oatk_pathfinder	Ophrys_apifera.k1001.s31.c80	612528	17	206.0	0	0	0	0	0.0			False
Orchis_mascula	ok	oatk_pathfinder	Orchis_mascula.k1001.s31.c80	728821	15	432.0	0	0	0	0	0.0			False
Oreojuncus_trifidus	ok	oatk_pathfinder	Oreojuncus_trifidus.k1001.s31.c80	1490371	12	606.0	3955	3955	2	0	0.003			False
Origanum_vulgare	ok	oatk_pathfinder	Origanum_vulgare.k1001.s31.c80	321332	6	359.0	0	0	0	0	0.0			False
Ornithopus_perpusillus	ok	oatk_pathfinder	Ornithopus_perpusillus.k1001.s31.c80	335691	3	1002.0	0	0	0	0	0.0	0	0.0	False
Orobanche_alba	ok	oatk_pathfinder	Orobanche_alba.k1001.s31.c80	1506667	14	1035.0	0	0	0	0	0.0			False
Orobanche_hederae	ok	oatk_pathfinder	Orobanche_hederae.k1001.s31.c80	1231064	7	2337.0	0	0	0	0	0.0			False
Orobanche_minor	ok	oatk_pathfinder	Orobanche_minor.k1001.s31.c80	1196684	5	330.0	0	0	0	0	0.0			False
Orontium_aquaticum	ok	oatk_pathfinder	Orontium_aquaticum.k1001.s31.c80	596042	16	173.0	0	0	0	0	0.0	0	0.0	False
Orthothecium_rufescens	ok	oatk_pathfinder	Orthothecium_rufescens	106897	3	2454.0	1444	1444	1	0	0.014	0	0.0	False
Orthotrichum_anomalum	ok	oatk_pathfinder	Orthotrichum_anomalum.k1001.s31.c80	105765	1	471.0	0	0	0	0	0.0	0	0.0	False
Orthotrichum_lyellii	ok	oatk_pathfinder	Orthotrichum_lyellii.k1001.s31.c80	105632	1	905.0	0	0	0	0	0.0	0	0.0	False
Orthotrichum_pulchellum	ok	oatk_pathfinder	Orthotrichum_pulchellum.k1001.s31.c80	104817	1	368.0	0	0	0	0	0.0	0	0.0	False
Orthotrichum_striatum	ok	oatk_pathfinder	Orthotrichum_striatum.k1001.s31.c80	106205	1	683.0	0	0	0	0	0.0	0	0.0	False
Oxalis_acetosella	ok	oatk_pathfinder	Oxalis_acetosella.k1001.s31.c80	586282	10	537.0	0	0	0	0	0.0			False
Oxybasis_chenopodioides	ok	oatk_pathfinder	Oxybasis_chenopodioides.k1001.s31.c80	323225	24	7158.0	7486	7486	4	0	0.023	0	0.0	False
Oxyria_digyna	ok	oatk_pathfinder	Oxyria_digyna	411215	6	3042.0	0	0	0	0	0.0	0	0.0	False
Oxytropis_halleri	ok	oatk_pathfinder	Oxytropis_halleri.k1001.s31.c80	349066	3	284.0	0	0	0	0	0.0	0	0.0	False
Palustriella_falcata	ok	oatk_pathfinder	Palustriella_falcata.k1001.s31.c80	104156	1	223.0	0	0	0	0	0.0	0	0.0	False
Papaver_rhoeas	ok	oatk_pathfinder	Papaver_rhoeas.k1001.s31.c80	202779	17	1906.0	4934	4934	3	0	0.024			False
Papaver_somniferum	ok	oatk_pathfinder	Papaver_somniferum.k1001.s31.c80	151420	6	2234.0	0	0	0	0	0.0	0	0.0	False
Parietaria_judaica	ok	oatk_pathfinder	Parietaria_judaica	437715	3	1009.0	0	0	0	0	0.0	0	0.0	False
Parnassia_palustris	ok	oatk_pathfinder	Parnassia_palustris.k1001.s31.c80	418660	25	1815.0	0	0	0	0	0.0			False
Parthenocissus_inserta	ok	oatk_pathfinder	Parthenocissus_inserta.k1001.s31.c80	760148	1	1055.0	0	0	0	0	0.0	0	0.0	False
Pastinaca_sativa	ok	oatk_pathfinder	Pastinaca_sativa.k1001.s31.c40.deadend_c40	307147	28	160.0	0	0	0	0	0.0	0	0.0	False
Paulownia_tomentosa	ok	oatk_pathfinder	Paulownia_tomentosa.k1001.s31.c80	859918	6	1114.0	0	0	0	0	0.0	0	0.0	False
Pedicularis_palustris	ok	oatk_pathfinder	Pedicularis_palustris.k1001.s31.c80	389014	35	5359.0	19421	19421	11	0	0.05	3475	0.009	False
Pedicularis_sylvatica	ok	oatk_pathfinder	Pedicularis_sylvatica.k1001.s31.c80	356860	7	685.0	1406	1406	1	0	0.004			False
Pentaglottis_sempervirens	ok	oatk_pathfinder	Pentaglottis_sempervirens	326907	5	2093.0	0	0	0	0	0.0	0	0.0	False
Persicaria_amphibia	ok	oatk_pathfinder	Persicaria_amphibia.k1001.s31.c80	395894	9	423.0	0	0	0	0	0.0	0	0.0	False
Persicaria_hydropiper	ok	oatk_pathfinder	Persicaria_hydropiper.k1001.s31.c80	397610	9	200.0	0	0	0	0	0.0	0	0.0	False
Persicaria_maculosa	ok	oatk_pathfinder	Persicaria_maculosa	391600	12	2783.0	1553	1553	1	0	0.004	0	0.0	False
Persicaria_nepalensis	ok	oatk_pathfinder	Persicaria_nepalensis.k1001.s31.c80	388323	10	512.0	0	0	0	0	0.0			False
Petalophyllum_ralfsii	ok	oatk_pathfinder	Petalophyllum_ralfsii.k1001.s31.c80	161204	1	393.0	0	0	0	0	0.0	0	0.0	False
Petasites_albus	ok	oatk_pathfinder	Petasites_albus	308622	7	572.0	0	0	0	0	0.0	0	0.0	False
Petasites_fragrans	ok	oatk_pathfinder	Petasites_fragrans.k1001.s31.c80	310207	2	1112.0	0	0	0	0	0.0	0	0.0	False
Petasites_hybridus	ok	oatk_pathfinder	Petasites_hybridus	302891	2	492.0	0	0	0	0	0.0	0	0.0	False
Petasites_japonicus	ok	oatk_pathfinder	Petasites_japonicus.k1001.s31.c80	317364	7	346.0	0	0	0	0	0.0	0	0.0	False
Phacelia_tanacetifolia	ok	gfatk_resolve	Phacelia_tanacetifolia.k1001.s31.c40.deadend_c40	538377	353	329.0	25416	25416	18	0	0.047			True
Phaeoceros_laevis	ok	oatk_pathfinder	Phaeoceros_laevis.k1001.s31.c80	210129	1	394.0	0	0	0	0	0.0			False
Phalaris_arundinacea	ok	oatk_pathfinder	Phalaris_arundinacea.k1001.s31.c80	465408	9	326.0	0	0	0	0	0.0	0	0.0	False
Phegopteris_connectilis	ok	gfatk_resolve	Phegopteris_connectilis.k1001.s31.c100	221236	59	1059.0	3021	3021	2	0	0.014	8858	0.03	False
Phleum_pratense	ok	oatk_pathfinder	Phleum_pratense.k1001.s31.c80	526235	12	1027.0	0	0	0	0	0.0	0	0.0	False
Phragmites_australis	ok	oatk_pathfinder	Phragmites_australis	476252	12	394.0	0	0	0	0	0.0	0	0.0	False
Physcomitrium_patens	ok	oatk_pathfinder	Physcomitrium_patens.k1001.s31.c80	106583	1	779.0	0	0	0	0	0.0	0	0.0	False
Phyteuma_orbiculare	ok	oatk_pathfinder	Phyteuma_orbiculare.k1001.s31.c80	282627	3	870.0	0	0	0	0	0.0	0	0.0	False
Phyteuma_spicatum	ok	oatk_pathfinder	Phyteuma_spicatum.k1001.s31.c80	269642	2	3908.0	0	0	0	0	0.0	0	0.0	False
Phytolacca_acinosa	ok	oatk_pathfinder	Phytolacca_acinosa.k1001.s31.c80	471954	12	366.0	0	0	0	0	0.0	0	0.0	False
Pilosella_aurantiaca	ok	oatk_pathfinder	Pilosella_aurantiaca.k1001.s31.c80	322652	9	189.0	0	0	0	0	0.0	0	0.0	False
Pilosella_officinarum	ok	oatk_pathfinder	Pilosella_officinarum.k1001.s31.c80	336508	9	945.0	0	0	0	0	0.0	0	0.0	False
Pilularia_globulifera	ok	gfatk_resolve	Pilularia_globulifera.k1001.s31.c100	196815	54	312.0	0	0	0	0	0.0	0	0.0	False
Pimpinella_saxifraga	ok	oatk_pathfinder	Pimpinella_saxifraga.k1001.s31.c80	256424	11	926.0	0	0	0	0	0.0			False
Pinguicula_vulgaris	ok	oatk_pathfinder	Pinguicula_vulgaris.k1001.s31.c80	429814	7	2525.0	1767	1767	1	0	0.004	0	0.0	False
Plagiochila_asplenioides	ok	oatk_pathfinder	Plagiochila_asplenioides.k1001.s31.c80	158217	2	157.0	0	0	0	0	0.0			False
Plagiochila_carringtonii	ok	oatk_pathfinder	Plagiochila_carringtonii.k1001.s31.c80	159012	1	688.0	0	0	0	0	0.0			False
Plagiothecium_denticulatum	ok	oatk_pathfinder	Plagiothecium_denticulatum	104783	1	3666.0	0	0	0	0	0.0	0	0.0	False
Plantago_coronopus	ok	oatk_pathfinder	Plantago_coronopus.k1001.s31.c80	684786	5	190.0	0	0	0	0	0.0			False
Plantago_lanceolata	ok	oatk_pathfinder	Plantago_lanceolata.k1001.s31.c80	1424309	22	399.0	0	0	0	0	0.0			False
Plantago_major	ok	oatk_pathfinder	Plantago_major.k1001.s31.c80	574782	6	696.0	0	0	0	0	0.0			False
Plantago_maritima	ok	gfatk_resolve	Plantago_maritima.k1001.s31.c80	2575363	91	599.0	0	0	0	0	0.0	0	0.0	False
Platanus_orientalis	ok	oatk_pathfinder	Platanus_orientalis.k1001.s31.c80	589403	2	544.0	0	0	0	0	0.0	0	0.0	False
Platanus_x_hispanica	ok	oatk_pathfinder	Platanus_x_hispanica.k1001.s31.c80	589403	2	607.0	0	0	0	0	0.0	0	0.0	False
Pleuridium_subulatum	ok	oatk_pathfinder	Pleuridium_subulatum.k1001.s31.c80	139908	2	188.0	0	0	0	0	0.0	0	0.0	False
Poa_alpina	ok	oatk_pathfinder	Poa_alpina.k1001.s31.c80	522036	8	674.0	0	0	0	0	0.0	0	0.0	False
Poa_chaixii	ok	oatk_pathfinder	Poa_chaixii	458472	12	345.0	0	0	0	0	0.0	0	0.0	False
Poa_infirma	ok	oatk_pathfinder	Poa_infirma.k1001.s31.c80	485050	18	368.0	0	0	0	0	0.0			False
Poa_nemoralis	ok	oatk_pathfinder	Poa_nemoralis.k1001.s31.c80	529704	12	210.0	0	0	0	0	0.0	0	0.0	False
Poa_trivialis	ok	oatk_pathfinder	Poa_trivialis.k1001.s31.c80	723618	13	336.0	0	0	0	0	0.0	0	0.0	False
Pogonatum_aloides	ok	oatk_pathfinder	Pogonatum_aloides.k1001.s31.c80	527060	2	258.0	0	0	0	0	0.0	0	0.0	False
Pohlia_annotina	ok	oatk_pathfinder	Pohlia_annotina.k1001.s31.c80	100084	1	1693.0	0	0	0	0	0.0	0	0.0	False
Pohlia_cruda	ok	oatk_pathfinder	Pohlia_cruda.k1001.s31.c80	100126	1	2349.0	0	0	0	0	0.0	0	0.0	False
Pohlia_nutans	ok	oatk_pathfinder	Pohlia_nutans.k1001.s31.c80	99773	1	2890.0	0	0	0	0	0.0	0	0.0	False
Pohlia_wahlenbergii	ok	oatk_pathfinder	Pohlia_wahlenbergii.k1001.s31.c80	101815	3	1479.0	1530	1530	1	0	0.015			False
Polygala_serpyllifolia	ok	oatk_pathfinder	Polygala_serpyllifolia.k1001.s31.c80	323286	5	1289.0	0	0	0	0	0.0	0	0.0	False
Polygala_vulgaris	ok	oatk_pathfinder	Polygala_vulgaris.k1001.s31.c80	345476	13	389.0	0	0	0	0	0.0	0	0.0	False
Polygonum_aviculare	ok	oatk_pathfinder	Polygonum_aviculare	334661	1	1089.0	0	0	0	0	0.0	0	0.0	False
Polygonum_maritimum	ok	oatk_pathfinder	Polygonum_maritimum	353784	9	5413.0	2952	2952	2	0	0.008	0	0.0	False
Polypodium_vulgare	ok	gfatk_resolve	Polypodium_vulgare.k1001.s31.c100	336861	70	1063.0	1453	1453	1	0	0.004	2906	0.008	False
Polypogon_viridis	ok	oatk_pathfinder	Polypogon_viridis	560672	9	528.0	0	0	0	0	0.0	0	0.0	False
Polystichum_lonchitis	ok	gfatk_resolve	Polystichum_lonchitis.k1001.s31.c100	253671	72	1261.0	4131	4131	3	0	0.016	5447	0.017	False
Polystichum_setiferum	ok	gfatk_resolve	Polystichum_setiferum.k1001.s31.c60	269422	63	218.0	0	0	0	0	0.0			False
Polytrichastrum_sexangulare	ok	oatk_pathfinder	Polytrichastrum_sexangulare	116192	1	1384.0	0	0	0	0	0.0	0	0.0	False
Polytrichum_commune	ok	oatk_pathfinder	Polytrichum_commune	115506	1	968.0	0	0	0	0	0.0	0	0.0	False
Polytrichum_formosum	ok	oatk_pathfinder	Polytrichum_formosum	116057	1	1471.0	0	0	0	0	0.0	0	0.0	False
Polytrichum_juniperinum	ok	oatk_pathfinder	Polytrichum_juniperinum.k1001.s31.c80	117027	3	1106.0	2072	2072	1	0	0.018	0	0.0	False
Polytrichum_piliferum	ok	oatk_pathfinder	Polytrichum_piliferum.k1001.s31.c80	114914	1	1656.0	0	0	0	0	0.0	0	0.0	False
Polytrichum_strictum	ok	oatk_pathfinder	Polytrichum_strictum.k1001.s31.c80	117027	3	1012.0	2074	2074	1	0	0.018	0	0.0	False
Pontederia_cordata	ok	oatk_pathfinder	Pontederia_cordata.k1001.s31.c80	283049	3	5495.0	1725	1725	1	0	0.006	0	0.0	False
Populus_alba	ok	oatk_pathfinder	Populus_alba.k1001.s31.c80	838691	1	848.0	0	0	0	0	0.0	0	0.0	False
Populus_nigra	ok	oatk_pathfinder	Populus_nigra	805020	3	1145.0	0	0	0	0	0.0	0	0.0	False
Populus_tremula	ok	oatk_pathfinder	Populus_tremula	783737	1	1371.0	0	0	0	0	0.0	0	0.0	False
Porella_arboris_vitae	ok	oatk_pathfinder	Porella_arboris_vitae.k1001.s31.c80	179089	1	1350.0	0	0	0	0	0.0	0	0.0	False
Porella_cordaeana	ok	oatk_pathfinder	Porella_cordaeana.k1001.s31.c80	180716	3	887.0	1724	1724	1	0	0.01	0	0.0	False
Potamogeton_alpinus	ok	oatk_pathfinder	Potamogeton_alpinus.k1001.s31.c80	259890	3	599.0	0	0	0	0	0.0	0	0.0	False
Potamogeton_berchtoldii	ok	oatk_pathfinder	Potamogeton_berchtoldii.k1001.s31.c80	237488	3	1106.0	0	0	0	0	0.0	0	0.0	False
Potamogeton_coloratus	ok	oatk_pathfinder	Potamogeton_coloratus.k1001.s31.c80	258488	1	227.0	0	0	0	0	0.0			False
Potamogeton_compressus	ok	oatk_pathfinder	Potamogeton_compressus.k1001.s31.c80	238427	3	596.0	0	0	0	0	0.0	0	0.0	False
Potamogeton_epihydrus	ok	oatk_pathfinder	Potamogeton_epihydrus.k1001.s31.c80	491354	4	135.0	0	0	0	0	0.0			False
Potamogeton_friesii	ok	oatk_pathfinder	Potamogeton_friesii.k1001.s31.c40.mitoempty_c40	202826	5	57.0	0	0	0	0	0.0			False
Potamogeton_gramineus	ok	oatk_pathfinder	Potamogeton_gramineus.k1001.s31.c40.mitoempty_c40	148908	2	70.0	0	0	0	0	0.0			False
Potamogeton_lucens	ok	oatk_pathfinder	Potamogeton_lucens.k1001.s31.c80	243535	3	781.0	0	0	0	0	0.0	0	0.0	False
Potamogeton_natans	ok	oatk_pathfinder	Potamogeton_natans	258143	3	377.0	0	0	0	0	0.0	0	0.0	False
Potamogeton_nodosus	ok	oatk_pathfinder	Potamogeton_nodosus.k1001.s31.c80	251024	6	1596.0	1701	1701	1	0	0.007	0	0.0	False
Potamogeton_obtusifolius	ok	oatk_pathfinder	Potamogeton_obtusifolius.k1001.s31.c80	238949	3	645.0	0	0	0	0	0.0	0	0.0	False
Potamogeton_perfoliatus	ok	oatk_pathfinder	Potamogeton_perfoliatus.k1001.s31.c80	252004	3	739.0	0	0	0	0	0.0	0	0.0	False
Potamogeton_polygonifolius	ok	oatk_pathfinder	Potamogeton_polygonifolius.k1001.s31.c80	632578	23	513.0	0	0	0	0	0.0			False
Potamogeton_praelongus	ok	oatk_pathfinder	Potamogeton_praelongus.k1001.s31.c80	279329	3	1029.0	0	0	0	0	0.0	0	0.0	False
Potamogeton_pusillus	ok	oatk_pathfinder	Potamogeton_pusillus.k1001.s31.c80	236385	3	2411.0	0	0	0	0	0.0	0	0.0	False
Potamogeton_rutilus	ok	oatk_pathfinder	Potamogeton_rutilus.k1001.s31.c80	236354	3	923.0	0	0	0	0	0.0	0	0.0	False
Potamogeton_trichoides	ok	oatk_pathfinder	Potamogeton_trichoides.k1001.s31.c80	238221	3	1072.0	0	0	0	0	0.0	0	0.0	False
Potentilla_anglica	ok	oatk_pathfinder	Potentilla_anglica.k1001.s31.c80	350622	3	3006.0	0	0	0	0	0.0	0	0.0	False
Potentilla_anserina	ok	oatk_pathfinder	Potentilla_anserina	290869	3	261.0	0	0	0	0	0.0	0	0.0	False
Potentilla_crantzii	ok	oatk_pathfinder	Potentilla_crantzii.k1001.s31.c80	394741	6	2231.0	0	0	0	0	0.0	0	0.0	False
Potentilla_erecta	ok	oatk_pathfinder	Potentilla_erecta.k1001.s31.c80	361815	6	2780.0	2021	2021	1	0	0.006	0	0.0	False
Potentilla_indica	ok	oatk_pathfinder	Potentilla_indica	435184	3	1400.0	0	0	0	0	0.0	0	0.0	False
Potentilla_reptans	ok	oatk_pathfinder	Potentilla_reptans.k1001.s31.c80	351627	3	730.0	0	0	0	0	0.0	0	0.0	False
Potentilla_sterilis	ok	oatk_pathfinder	Potentilla_sterilis	450425	6	925.0	1969	1969	1	0	0.004	0	0.0	False
Potentilla_verna	ok	oatk_pathfinder	Potentilla_verna.k1001.s31.c80	368155	6	2760.0	1399	1399	1	0	0.004	0	0.0	False
Poterium_sanguisorba	ok	oatk_pathfinder	Poterium_sanguisorba.k1001.s31.c80	345423	6	1713.0	0	0	0	0	0.0	0	0.0	False
Primula_farinosa	ok	oatk_pathfinder	Primula_farinosa.k1001.s31.c80	345423	6	1713.0	0	0	0	0	0.0	0	0.0	False
Primula_scotica	ok	oatk_pathfinder	Primula_scotica.k1001.s31.c80	355186	11	4747.0	1385	1385	1	0	0.004	1385	0.004	False
Primula_veris	ok	oatk_pathfinder	Primula_veris	326576	5	4529.0	1388	1388	1	0	0.004	1388	0.004	False
Primula_vulgaris	ok	oatk_pathfinder	Primula_vulgaris	327389	6	4047.0	0	0	0	0	0.0	0	0.0	False
Prunella_vulgaris	ok	oatk_pathfinder	Prunella_vulgaris	293995	3	932.0	0	0	0	0	0.0			False
Prunus_avium	ok	oatk_pathfinder	Prunus_avium.k1001.s31.c80	445875	2	3568.0	0	0	0	0	0.0	0	0.0	False
Prunus_domestica	ok	oatk_pathfinder	Prunus_domestica.k1001.s31.c80	480767	3	2823.0	2524	2524	1	0	0.005	0	0.0	False
Prunus_laurocerasus	ok	oatk_pathfinder	Prunus_laurocerasus.k1001.s31.c80	585076	5	656.0	0	0	0	0	0.0	0	0.0	False
Prunus_lusitanica	ok	oatk_pathfinder	Prunus_lusitanica.k1001.s31.c80	504584	8	507.0	0	0	0	0	0.0	0	0.0	False
Prunus_padus	ok	oatk_pathfinder	Prunus_padus	435128	4	2737.0	0	0	0	0	0.0	0	0.0	False
Prunus_spinosa	ok	oatk_pathfinder	Prunus_spinosa.k1001.s31.c80	477457	1	1373.0	0	0	0	0	0.0	0	0.0	False
Pseudisothecium_interludens	ok	oatk_pathfinder	Pseudisothecium_interludens.k1001.s31.c80	105770	1	3828.0	0	0	0	0	0.0	0	0.0	False
Pseudobryum_cinclidioides	ok	oatk_pathfinder	Pseudobryum_cinclidioides.k1001.s31.c80	100192	1	4364.0	0	0	0	0	0.0	0	0.0	False
Pseudofumaria_lutea	ok	oatk_pathfinder	Pseudofumaria_lutea.k1001.s31.c80	632900	3	1675.0	0	0	0	0	0.0	0	0.0	False
Pseudognaphalium_luteoalbum	ok	oatk_pathfinder	Pseudognaphalium_luteoalbum	234032	3	1762.0	0	0	0	0	0.0	0	0.0	False
Pseudoscleropodium_purum	ok	oatk_pathfinder	Pseudoscleropodium_purum	105336	1	1414.0	0	0	0	0	0.0	0	0.0	False
Pseudotaxiphyllum_elegans	ok	oatk_pathfinder	Pseudotaxiphyllum_elegans	107297	3	4874.0	1467	1467	1	0	0.014	0	0.0	False
Pseudotsuga_menziesii	ok	oatk_pathfinder	Pseudotsuga_menziesii.k1001.s31.c40.mitoempty_c40	30817	2	44.0	0	0	0	0	0.0			False
Pteridium_aquilinum	ok	gfatk_resolve	Pteridium_aquilinum.k1001.s31.c10	207092	61	74.0	6108	6108	4	0	0.029	13344	0.042	False
Pterigynandrum_filiforme	ok	oatk_pathfinder	Pterigynandrum_filiforme.k1001.s31.c80	107050	3	1540.0	1442	1442	1	0	0.013	0	0.0	False
Ptilidium_ciliare	ok	oatk_pathfinder	Ptilidium_ciliare.k1001.s31.c80	179604	1	1155.0	0	0	0	0	0.0	0	0.0	False
Ptilium_crista_castrensis	ok	oatk_pathfinder	Ptilium_crista_castrensis.k1001.s31.c80	106813	3	2624.0	1463	1463	1	0	0.014	0	0.0	False
Ptychomitrium_polyphyllum	ok	oatk_pathfinder	Ptychomitrium_polyphyllum.k1001.s31.c80	103205	1	465.0	0	0	0	0	0.0	0	0.0	False
Ptychostomum_cyclophyllum	ok	oatk_pathfinder	Ptychostomum_cyclophyllum.k1001.s31.c80	101772	3	2484.0	2328	2328	1	0	0.023	0	0.0	False
Ptychostomum_pallens	ok	oatk_pathfinder	Ptychostomum_pallens.k1001.s31.c80	100584	1	1464.0	0	0	0	0	0.0	0	0.0	False
Puccinellia_maritima	ok	oatk_pathfinder	Puccinellia_maritima.k1001.s31.c80	475299	13	546.0	0	0	0	0	0.0	0	0.0	False
Pulicaria_dysenterica	ok	oatk_pathfinder	Pulicaria_dysenterica	353925	8	607.0	0	0	0	0	0.0	0	0.0	False
Pulicaria_vulgaris	ok	oatk_pathfinder	Pulicaria_vulgaris.k1001.s31.c80	335110	6	505.0	0	0	0	0	0.0	0	0.0	False
Pyrola_rotundifolia	ok	oatk_pathfinder	Pyrola_rotundifolia.k1001.s31.c80	786571	20	752.0	1457	1457	1	0	0.002			False
Pyrus_communis	ok	oatk_pathfinder	Pyrus_communis	444483	2	1051.0	0	0	0	0	0.0	0	0.0	False
Quercus_cerris	ok	oatk_pathfinder	Quercus_cerris.k1001.s31.c40.deadend_c40	1523350	40	908.0	2912	2912	2	0	0.002			False
Quercus_ilex	ok	oatk_pathfinder	Quercus_ilex	540667	17	1749.0	1447	1447	1	0	0.003			False
Quercus_petraea	ok	oatk_pathfinder	Quercus_petraea	375478	8	2638.0	0	0	0	0	0.0	0	0.0	False
Quercus_robur	ok	oatk_pathfinder	Quercus_robur	377745	9	735.0	0	0	0	0	0.0	0	0.0	False
Racomitrium_heterostichum	ok	oatk_pathfinder	Racomitrium_heterostichum.k1001.s31.c80	107080	1	421.0	0	0	0	0	0.0	0	0.0	False
Radula_complanata	ok	oatk_pathfinder	Radula_complanata.k1001.s31.c80	145078	1	1183.0	0	0	0	0	0.0	0	0.0	False
Ranunculus_acris	ok	oatk_pathfinder	Ranunculus_acris.k1001.s31.c40.deadend_c40	938153	15	109.0	0	0	0	0	0.0	0	0.0	False
Ranunculus_auricomus	ok	oatk_pathfinder	Ranunculus_auricomus.k1001.s31.c80	653467	15	824.0	0	0	0	0	0.0	0	0.0	False
Ranunculus_bulbosus	ok	oatk_pathfinder	Ranunculus_bulbosus.k1001.s31.c80	859034	12	379.0	0	0	0	0	0.0	0	0.0	False
Ranunculus_flammula	ok	oatk_pathfinder	Ranunculus_flammula.k1001.s31.c80	938631	15	282.0	0	0	0	0	0.0			False
Ranunculus_omiophyllus	ok	oatk_pathfinder	Ranunculus_omiophyllus.k1001.s31.c40.mitoempty_c40	428918	8	52.0	0	0	0	0	0.0			False
Ranunculus_repens	ok	oatk_pathfinder	Ranunculus_repens.k1001.s31.c80	822300	10	342.0	0	0	0	0	0.0	0	0.0	False
Ranunculus_sardous	ok	oatk_pathfinder	Ranunculus_sardous	828996	9	988.0	0	0	0	0	0.0	0	0.0	False
Ranunculus_sceleratus	ok	oatk_pathfinder	Ranunculus_sceleratus	850209	14	756.0	0	0	0	0	0.0			False
Raphanus_raphanistrum	ok	oatk_pathfinder	Raphanus_raphanistrum.k1001.s31.c80	252894	20	4267.0	9363	9363	5	0	0.037	0	0.0	False
Reseda_lutea	ok	oatk_pathfinder	Reseda_lutea.k1001.s31.c80	649029	6	3128.0	1491	1491	1	0	0.002	0	0.0	False
Reseda_luteola	ok	oatk_pathfinder	Reseda_luteola.k1001.s31.c80	615041	21	2754.0	6311	6311	4	0	0.01	0	0.0	False
Reynoutria_japonica	ok	oatk_pathfinder	Reynoutria_japonica.k1001.s31.c80	357982	9	1135.0	1428	1428	1	0	0.004	0	0.0	False
Rhabdoweisia_crispata	ok	oatk_pathfinder	Rhabdoweisia_crispata.k1001.s31.c80	106313	1	784.0	0	0	0	0	0.0	0	0.0	False
Rhamnus_cathartica	ok	oatk_pathfinder	Rhamnus_cathartica.k1001.s31.c80	528155	21	2725.0	4525	4525	3	0	0.009			False
Rhinanthus_minor	ok	oatk_pathfinder	Rhinanthus_minor	343305	13	2357.0	3506	3506	2	0	0.01			False
Rhodiola_rosea	ok	oatk_pathfinder	Rhodiola_rosea.k1001.s31.c80	253619	17	1382.0	15495	15495	4	0	0.061			False
Rhodobryum_roseum	ok	oatk_pathfinder	Rhodobryum_roseum.k1001.s31.c80	103698	1	741.0	0	0	0	0	0.0	0	0.0	False
Rhododendron_ponticum	ok	oatk_pathfinder	Rhododendron_ponticum.k1001.s31.c80	962869	9	2032.0	1349	1349	1	0	0.001			False
Rhynchospora_alba	ok	oatk_pathfinder	Rhynchospora_alba.k1001.s31.c80	1204173	36	1252.0	10319	10319	6	0	0.009			False
Rhynchostegiella_tenella	ok	oatk_pathfinder	Rhynchostegiella_tenella	105269	1	327.0	0	0	0	0	0.0	0	0.0	False
Rhynchostegium_confertum	ok	oatk_pathfinder	Rhynchostegium_confertum.k1001.s31.c80	104716	1	220.0	0	0	0	0	0.0	0	0.0	False
Rhynchostegium_megapolitanum	ok	oatk_pathfinder	Rhynchostegium_megapolitanum	104582	1	469.0	0	0	0	0	0.0	0	0.0	False
Rhytidiadelphus_loreus	ok	oatk_pathfinder	Rhytidiadelphus_loreus	106094	1	708.0	0	0	0	0	0.0	0	0.0	False
Rhytidium_rugosum	ok	oatk_pathfinder	Rhytidium_rugosum.k1001.s31.c80	104292	1	853.0	0	0	0	0	0.0	0	0.0	False
Ribes_nigrum	ok	oatk_pathfinder	Ribes_nigrum.k1001.s31.c80	450316	2	1686.0	0	0	0	0	0.0	0	0.0	False
Ribes_rubrum	ok	oatk_pathfinder	Ribes_rubrum	523661	12	2501.0	1446	1446	1	0	0.003			False
Ribes_uva_crispa	ok	oatk_pathfinder	Ribes_uva_crispa	444788	3	1930.0	0	0	0	0	0.0			False
Riccardia_palmata	ok	oatk_pathfinder	Riccardia_palmata.k1001.s31.c80	153191	5	1033.0	0	0	0	0	0.0	0	0.0	False
Riccia_beyrichiana	ok	oatk_pathfinder	Riccia_beyrichiana.k1001.s31.c80	187466	1	1636.0	0	0	0	0	0.0	0	0.0	False
Riccia_sorocarpa	ok	oatk_pathfinder	Riccia_sorocarpa.k1001.s31.c80	187554	1	1241.0	0	0	0	0	0.0	0	0.0	False
Robinia_pseudoacacia	ok	oatk_pathfinder	Robinia_pseudoacacia.k1001.s31.c80	404249	3	2854.0	1852	1852	1	0	0.005	0	0.0	False
Rorippa_islandica	ok	oatk_pathfinder	Rorippa_islandica.k1001.s31.c80	255784	1	927.0	0	0	0	0	0.0	0	0.0	False
Rorippa_sylvestris	ok	oatk_pathfinder	Rorippa_sylvestris.k1001.s31.c80	255179	2	1443.0	0	0	0	0	0.0	0	0.0	False
Rosa_agrestis	ok	oatk_pathfinder	Rosa_agrestis	271910	1	1047.0	0	0	0	0	0.0	0	0.0	False
Rosa_canina	ok	oatk_pathfinder	Rosa_canina	260972	3	559.0	0	0	0	0	0.0	0	0.0	False
Rosa_rubiginosa	ok	oatk_pathfinder	Rosa_rubiginosa.k1001.s31.c80	271795	2	332.0	0	0	0	0	0.0	0	0.0	False
Rosa_rugosa	ok	oatk_pathfinder	Rosa_rugosa	303366	1	827.0	0	0	0	0	0.0	0	0.0	False
Rosa_spinosissima	ok	oatk_pathfinder	Rosa_spinosissima	287776	3	1703.0	0	0	0	0	0.0	0	0.0	False
Rosulabryum_capillare	ok	oatk_pathfinder	Rosulabryum_capillare.k1001.s31.c80	101271	1	5429.0	0	0	0	0	0.0	0	0.0	False
Rubus_caesius	ok	oatk_pathfinder	Rubus_caesius	406798	6	436.0	0	0	0	0	0.0	0	0.0	False
Rubus_chamaemorus	ok	oatk_pathfinder	Rubus_chamaemorus.k1001.s31.c80	356221	2	657.0	0	0	0	0	0.0	0	0.0	False
Rubus_idaeus	ok	oatk_pathfinder	Rubus_idaeus	406600	3	903.0	0	0	0	0	0.0	0	0.0	False
Rubus_saxatilis	ok	oatk_pathfinder	Rubus_saxatilis.k1001.s31.c80	379820	3	2494.0	0	0	0	0	0.0	0	0.0	False
Rumex_acetosa	ok	oatk_pathfinder	Rumex_acetosa.k1001.s31.c80	346074	7	298.0	0	0	0	0	0.0			False
Rumex_acetosella	ok	oatk_pathfinder	Rumex_acetosella.k1001.s31.c80	330165	13	795.0	0	0	0	0	0.0			False
Rumex_hydrolapathum	ok	oatk_pathfinder	Rumex_hydrolapathum.k1001.s31.c80	406085	10	595.0	0	0	0	0	0.0			False
Rumex_obtusifolius	ok	oatk_pathfinder	Rumex_obtusifolius.k1001.s31.c80	416565	17	394.0	0	0	0	0	0.0	0	0.0	False
Rumex_sanguineus	ok	oatk_pathfinder	Rumex_sanguineus.k1001.s31.c80	852138	37	891.0	1401	1401	1	0	0.002			False
Ruppia_maritima	ok	oatk_pathfinder	Ruppia_maritima.k1001.s31.c80	237292	6	1774.0	0	0	0	0	0.0	0	0.0	False
Ruscus_aculeatus	ok	oatk_pathfinder	Ruscus_aculeatus.k1001.s31.c40.mitoempty_c40	365553	20	53.0	0	0	0	0	0.0			False
Sabulina_verna	ok	oatk_pathfinder	Sabulina_verna.k1001.s31.c80	376962	14	3811.0	4658	4658	3	0	0.012	0	0.0	False
Saccogyna_viticulosa	ok	oatk_pathfinder	Saccogyna_viticulosa.k1001.s31.c80	164479	1	1532.0	0	0	0	0	0.0	0	0.0	False
Sagina_procumbens	ok	oatk_pathfinder	Sagina_procumbens.k1001.s31.c80	868370	33	471.0	2177	2177	1	0	0.003	0	0.0	False
Salicornia_ramosissima	ok	oatk_pathfinder	Salicornia_ramosissima	321844	18	4124.0	5996	5996	4	0	0.019	0	0.0	False
Salix_alba	ok	oatk_pathfinder	Salix_alba.k1001.s31.c80	755160	1	2788.0	0	0	0	0	0.0			False
Salix_arbuscula	ok	oatk_pathfinder	Salix_arbuscula.k1001.s31.c80	625508	2	668.0	0	0	0	0	0.0	0	0.0	False
Salix_aurita	ok	oatk_pathfinder	Salix_aurita.k1001.s31.c80	631540	3	2444.0	0	0	0	0	0.0	0	0.0	False
Salix_caprea	ok	oatk_pathfinder	Salix_caprea	609096	4	852.0	1407	1407	1	0	0.002	0	0.0	False
Salix_cinerea	ok	oatk_pathfinder	Salix_cinerea	654430	6	866.0	1402	1402	1	0	0.002	0	0.0	False
Salix_euxina	ok	oatk_pathfinder	Salix_euxina.k1001.s31.c80	755149	1	504.0	0	0	0	0	0.0			False
Salix_herbacea	ok	oatk_pathfinder	Salix_herbacea.k1001.s31.c80	645428	7	1259.0	1415	1415	1	0	0.002	0	0.0	False
Salix_lanata	ok	oatk_pathfinder	Salix_lanata.k1001.s31.c80	632497	3	2239.0	0	0	0	0	0.0	0	0.0	False
Salix_lapponum	ok	oatk_pathfinder	Salix_lapponum.k1001.s31.c80	591638	3	1042.0	0	0	0	0	0.0	0	0.0	False
Salix_myrsinifolia	ok	oatk_pathfinder	Salix_myrsinifolia.k1001.s31.c80	630066	1	1004.0	0	0	0	0	0.0	0	0.0	False
Salix_pentandra	ok	oatk_pathfinder	Salix_pentandra.k1001.s31.c80	756958	3	1091.0	1448	1448	1	0	0.002			False
Salix_phylicifolia	ok	oatk_pathfinder	Salix_phylicifolia.k1001.s31.c80	270346	3	302.0	0	0	0	0	0.0			False
Salix_purpurea	ok	oatk_pathfinder	Salix_purpurea.k1001.s31.c80	637021	3	1178.0	0	0	0	0	0.0	0	0.0	False
Salix_repens	ok	oatk_pathfinder	Salix_repens	641629	3	901.0	0	0	0	0	0.0	0	0.0	False
Salix_reticulata	ok	oatk_pathfinder	Salix_reticulata.k1001.s31.c80	635358	3	2923.0	0	0	0	0	0.0	0	0.0	False
Salix_triandra	ok	oatk_pathfinder	Salix_triandra.k1001.s31.c80	764007	1	1234.0	0	0	0	0	0.0			False
Salix_viminalis	ok	oatk_pathfinder	Salix_viminalis	635775	4	949.0	0	0	0	0	0.0	0	0.0	False
Salvia_pratensis	ok	oatk_pathfinder	Salvia_pratensis.k1001.s31.c80	341132	26	3042.0	0	0	0	0	0.0			False
Salvia_verbenaca	ok	oatk_pathfinder	Salvia_verbenaca.k1001.s31.c80	291781	7	2895.0	1464	1464	1	0	0.005	0	0.0	False
Sambucus_ebulus	ok	oatk_pathfinder	Sambucus_ebulus.k1001.s31.c80	647510	6	229.0	0	0	0	0	0.0	0	0.0	False
Sambucus_nigra	ok	oatk_pathfinder	Sambucus_nigra.k1001.s31.c40	718256	5	330.0	0	0	0	0	0.0	0	0.0	False
Samolus_valerandi	ok	oatk_pathfinder	Samolus_valerandi	432016	3	1705.0	0	0	0	0	0.0	0	0.0	False
Sanguisorba_minor	ok	oatk_pathfinder	Sanguisorba_minor.k1001.s31.c80	541553	23	1074.0	1693	1693	1	0	0.003	0	0.0	False
Sanicula_europaea	ok	oatk_pathfinder	Sanicula_europaea.k1001.s31.c80	302762	16	479.0	0	0	0	0	0.0	0	0.0	False
Saponaria_officinalis	ok	oatk_pathfinder	Saponaria_officinalis.k1001.s31.c80	374122	17	743.0	3003	3003	2	0	0.008			False
Sarmentypnum_exannulatum	ok	oatk_pathfinder	Sarmentypnum_exannulatum.k1001.s31.c80	105607	1	420.0	0	0	0	0	0.0	0	0.0	False
Sarmentypnum_sarmentosum	ok	oatk_pathfinder	Sarmentypnum_sarmentosum.k1001.s31.c80	106608	1	473.0	0	0	0	0	0.0	0	0.0	False
Sarracenia_purpurea	ok	oatk_pathfinder	Sarracenia_purpurea.k1001.s31.c80	656297	18	1800.0	7956	7956	5	0	0.012	0	0.0	False
Saxifraga_aizoides	ok	oatk_pathfinder	Saxifraga_aizoides	433879	4	2392.0	0	0	0	0	0.0	0	0.0	False
Saxifraga_cernua	ok	oatk_pathfinder	Saxifraga_cernua.k1001.s31.c80	637167	15	362.0	0	0	0	0	0.0			False
Saxifraga_cespitosa	ok	oatk_pathfinder	Saxifraga_cespitosa.k1001.s31.c80	486026	5	391.0	0	0	0	0	0.0	0	0.0	False
Saxifraga_hirsuta	ok	oatk_pathfinder	Saxifraga_hirsuta.k1001.s31.c80	447165	3	891.0	0	0	0	0	0.0	0	0.0	False
Saxifraga_hypnoides	ok	oatk_pathfinder	Saxifraga_hypnoides.k1001.s31.c80	561343	12	723.0	0	0	0	0	0.0	0	0.0	False
Saxifraga_oppositifolia	ok	oatk_pathfinder	Saxifraga_oppositifolia.k1001.s31.c80	516205	20	685.0	0	0	0	0	0.0	0	0.0	False
Saxifraga_tridactylites	ok	oatk_pathfinder	Saxifraga_tridactylites.k1001.s31.c80	288941	3	2822.0	0	0	0	0	0.0	0	0.0	False
Scabiosa_columbaria	ok	oatk_pathfinder	Scabiosa_columbaria.k1001.s31.c80	539720	37	1942.0	3352	3352	2	0	0.006	0	0.0	False
Scapania_compacta	ok	oatk_pathfinder	Scapania_compacta.k1001.s31.c80	146514	3	757.0	2089	2089	1	0	0.014	0	0.0	False
Scapania_gracilis	ok	oatk_pathfinder	Scapania_gracilis.k1001.s31.c80	144499	1	534.0	0	0	0	0	0.0	0	0.0	False
Scapania_irrigua	ok	oatk_pathfinder	Scapania_irrigua.k1001.s31.c80	139783	1	499.0	0	0	0	0	0.0			False
Scapania_ornithopodioides	ok	oatk_pathfinder	Scapania_ornithopodioides.k1001.s31.c80	144322	1	403.0	0	0	0	0	0.0	0	0.0	False
Scapania_uliginosa	ok	oatk_pathfinder	Scapania_uliginosa.k1001.s31.c80	142592	1	484.0	0	0	0	0	0.0	0	0.0	False
Scapania_undulata	ok	oatk_pathfinder	Scapania_undulata.k1001.s31.c80	141817	1	1091.0	0	0	0	0	0.0	0	0.0	False
Scheuchzeria_palustris	ok	oatk_pathfinder	Scheuchzeria_palustris.k1001.s31.c80	424362	3	4435.0	2226	2226	1	0	0.005			False
Schistidium_strictum	ok	oatk_pathfinder	Schistidium_strictum.k1001.s31.c80	107246	1	835.0	0	0	0	0	0.0	0	0.0	False
Schoenoplectus_lacustris	ok	oatk_pathfinder	Schoenoplectus_lacustris.k1001.s31.c40	2074166	21	140.0	0	0	0	0	0.0			False
Schoenoplectus_tabernaemontani	ok	oatk_pathfinder	Schoenoplectus_tabernaemontani.k1001.s31.c80	2130341	34	887.0	3083	3083	2	0	0.001	0	0.0	False
Schoenoplectus_triqueter	ok	oatk_pathfinder	Schoenoplectus_triqueter	1614964	21	438.0	0	0	0	0	0.0			False
Schoenus_ferrugineus	ok	oatk_pathfinder	Schoenus_ferrugineus.k1001.s31.c80	2225419	37	706.0	3007	3007	2	0	0.001			False
Schoenus_nigricans	ok	oatk_pathfinder	Schoenus_nigricans.k1001.s31.c80	1657227	27	550.0	0	0	0	0	0.0			False
Scilla_verna	ok	oatk_pathfinder	Scilla_verna.k1001.s31.c80	430005	29	1225.0	5735	5735	3	0	0.013	0	0.0	False
Scirpus_sylvaticus	ok	oatk_pathfinder	Scirpus_sylvaticus	1961564	20	288.0	0	0	0	0	0.0			False
Sciuro_hypnum_glaciale	ok	oatk_pathfinder	Sciuro_hypnum_glaciale.k1001.s31.c80	106705	3	1047.0	1462	1462	1	0	0.014	0	0.0	False
Sciuro_hypnum_plumosum	ok	oatk_pathfinder	Sciuro_hypnum_plumosum.k1001.s31.c80	105607	1	594.0	0	0	0	0	0.0	0	0.0	False
Scleranthus_perennis	ok	gfatk_resolve	Scleranthus_perennis.k1001.s31.c80	278251	62	3091.0	2794	2794	2	0	0.01	4213	0.012	False
Scorpidium_scorpioides	ok	oatk_pathfinder	Scorpidium_scorpioides.k1001.s31.c80	105644	1	196.0	0	0	0	0	0.0	0	0.0	False
Scorzonera_humilis	ok	oatk_pathfinder	Scorzonera_humilis.k1001.s31.c80	381406	20	1190.0	2779	2779	2	0	0.007	0	0.0	False
Scorzoneroides_autumnalis	ok	oatk_pathfinder	Scorzoneroides_autumnalis.k1001.s31.c40.deadend_c40	691678	38	226.0	0	0	0	0	0.0			False
Scrophularia_auriculata	ok	oatk_pathfinder	Scrophularia_auriculata.k1001.s31.c80	860881	5	1057.0	0	0	0	0	0.0			False
Scrophularia_umbrosa	ok	oatk_pathfinder	Scrophularia_umbrosa.k1001.s31.c80	757865	6	294.0	0	0	0	0	0.0	0	0.0	False
Scrophularia_vernalis	ok	oatk_pathfinder	Scrophularia_vernalis.k1001.s31.c80	1029740	6	1197.0	0	0	0	0	0.0	0	0.0	False
Scutellaria_galericulata	ok	oatk_pathfinder	Scutellaria_galericulata	327327	1	1175.0	0	0	0	0	0.0	0	0.0	False
Scutellaria_minor	ok	oatk_pathfinder	Scutellaria_minor	376501	6	1701.0	0	0	0	0	0.0	0	0.0	False
Sedum_acre	ok	oatk_pathfinder	Sedum_acre.k1001.s31.c80	204446	2	1169.0	0	0	0	0	0.0	0	0.0	False
Sedum_album	ok	oatk_pathfinder	Sedum_album.k1001.s31.c80	197001	1	381.0	0	0	0	0	0.0	0	0.0	False
Sedum_anglicum	ok	oatk_pathfinder	Sedum_anglicum.k1001.s31.c80	219153	9	3607.0	1451	1451	1	0	0.007	0	0.0	False
Selaginella_selaginoides	ok	gfatk_resolve	Selaginella_selaginoides.k1001.s31.c40.deadend_c40	189333	75	6279.0	50079	50079	21	0	0.265			True
Senecio_eboracensis	ok	oatk_pathfinder	Senecio_eboracensis.k1001.s31.c80	295555	6	833.0	0	0	0	0	0.0	0	0.0	False
Senecio_squalidus	ok	oatk_pathfinder	Senecio_squalidus.k1001.s31.c80	343857	12	1832.0	1899	1899	1	0	0.006	0	0.0	False
Senecio_sylvaticus	ok	oatk_pathfinder	Senecio_sylvaticus	264779	3	1222.0	0	0	0	0	0.0	0	0.0	False
Senecio_viscosus	ok	oatk_pathfinder	Senecio_viscosus.k1001.s31.c80	312259	6	1558.0	0	0	0	0	0.0			False
Senecio_vulgaris	ok	oatk_pathfinder	Senecio_vulgaris.k1001.s31.c80	273973	3	1057.0	0	0	0	0	0.0	0	0.0	False
Sesleria_caerulea	ok	oatk_pathfinder	Sesleria_caerulea.k1001.s31.c80	507248	9	583.0	0	0	0	0	0.0	0	0.0	False
Sherardia_arvensis	ok	oatk_pathfinder	Sherardia_arvensis	192771	2	1471.0	0	0	0	0	0.0	0	0.0	False
Sibbaldia_procumbens	ok	oatk_pathfinder	Sibbaldia_procumbens.k1001.s31.c80	243207	1	138.0	0	0	0	0	0.0	0	0.0	False
Sibthorpia_europaea	ok	oatk_pathfinder	Sibthorpia_europaea.k1001.s31.c80	336611	10	1214.0	3564	3564	2	0	0.011	0	0.0	False
Silaum_silaus	ok	oatk_pathfinder	Silaum_silaus.k1001.s31.c80	288393	13	272.0	0	0	0	0	0.0			False
Silene_acaulis	ok	oatk_pathfinder	Silene_acaulis.k1001.s31.c80	1640729	39	490.0	0	0	0	0	0.0	0	0.0	False
Silene_dioica	ok	oatk_pathfinder	Silene_dioica.k1001.s31.c40.mitoempty_c40	243237	9	55.0	0	0	0	0	0.0			False
Silene_latifolia	ok	oatk_pathfinder	Silene_latifolia.k1001.s31.c80	291150	12	447.0	0	0	0	0	0.0			False
Silene_uniflora	ok	gfatk_resolve	Silene_uniflora.k1001.s31.c40.deadend_c40	508560	145	2626.0	69476	69476	39	0	0.137			True
Silene_vulgaris	ok	oatk_pathfinder	Silene_vulgaris.k1001.s31.c80	363888	39	857.0	17163	17163	10	0	0.047			False
Sinapis_arvensis	ok	oatk_pathfinder	Sinapis_arvensis.k1001.s31.c80	245486	14	5492.0	7347	7347	4	0	0.03	0	0.0	False
Sisymbrium_altissimum	ok	oatk_pathfinder	Sisymbrium_altissimum.k1001.s31.c80	314629	1	1376.0	0	0	0	0	0.0	0	0.0	False
Sisymbrium_officinale	ok	oatk_pathfinder	Sisymbrium_officinale.k1001.s31.c80	288841	9	1436.0	0	0	0	0	0.0	0	0.0	False
Sisyrinchium_bermudianum	ok	oatk_pathfinder	Sisyrinchium_bermudianum.k1001.s31.c80	257165	6	784.0	0	0	0	0	0.0	0	0.0	False
Sium_latifolium	ok	oatk_pathfinder	Sium_latifolium.k1001.s31.c80	338927	8	440.0	0	0	0	0	0.0			False
Smyrnium_perfoliatum	ok	gfatk_resolve	Smyrnium_perfoliatum.k1001.s31.c80	524558	159	1268.0	102234	90693	62	11541	0.173			True
Solanum_crispum	ok	oatk_pathfinder	Solanum_crispum.k1001.s31.c80	478901	9	199.0	0	0	0	0	0.0			False
Solanum_dulcamara	ok	oatk_pathfinder	Solanum_dulcamara	454213	10	1203.0	0	0	0	0	0.0	0	0.0	False
Solanum_nigrum	ok	oatk_pathfinder	Solanum_nigrum_k1001_c90	465397	9	941.0	0	0	0	0	0.0			False
Soleirolia_soleirolii	ok	gfatk_resolve	Soleirolia_soleirolii.k1001.s31.c80	453113	52	7419.0	13128	13128	8	0	0.029			False
Solenostoma_gracillimum	ok	oatk_pathfinder	Solenostoma_gracillimum.k1001.s31.c80	225392	3	481.0	0	0	0	0	0.0	0	0.0	False
Solidago_canadensis	ok	oatk_pathfinder	Solidago_canadensis.k1001.s31.c80	257596	3	1494.0	0	0	0	0	0.0	0	0.0	False
Solidago_virgaurea	ok	oatk_pathfinder	Solidago_virgaurea.k1001.s31.c80	270346	3	323.0	0	0	0	0	0.0	0	0.0	False
Sonchus_arvensis	ok	oatk_pathfinder	Sonchus_arvensis.k1001.s31.c80	629007	1	144.0	0	0	0	0	0.0			False
Sonchus_asper	ok	oatk_pathfinder	Sonchus_asper.k1001.s31.c80	335981	13	1911.0	3093	3093	2	0	0.009	0	0.0	False
Sonchus_oleraceus	ok	oatk_pathfinder	Sonchus_oleraceus.k1001.s31.c80	335977	13	971.0	1436	1436	1	0	0.004	0	0.0	False
Sorbus_bristoliensis	ok	oatk_pathfinder	Sorbus_bristoliensis.k1001.s31.c80	386950	1	2356.0	0	0	0	0	0.0	0	0.0	False
Sorbus_cuneifolia	ok	oatk_pathfinder	Sorbus_cuneifolia.k1001.s31.c80	389477	1	1211.0	0	0	0	0	0.0	0	0.0	False
Sorbus_devoniensis	ok	oatk_pathfinder	Sorbus_devoniensis.k1001.s31.c80	386950	1	1716.0	0	0	0	0	0.0	0	0.0	False
Sorbus_hibernica	ok	oatk_pathfinder	Sorbus_hibernica.k1001.s31.c80	425231	3	759.0	0	0	0	0	0.0			False
Southbya_tophacea	ok	oatk_pathfinder	Southbya_tophacea.k1001.s31.c80	164460	1	363.0	0	0	0	0	0.0			False
Sparganium_angustifolium	ok	oatk_pathfinder	Sparganium_angustifolium.k1001.s31.c80	433551	3	508.0	0	0	0	0	0.0	0	0.0	False
Sparganium_emersum	ok	oatk_pathfinder	Sparganium_emersum	420347	3	445.0	0	0	0	0	0.0	0	0.0	False
Sparganium_erectum	ok	oatk_pathfinder	Sparganium_erectum.k1001.s31.c80	439182	3	658.0	0	0	0	0	0.0	0	0.0	False
Sparganium_natans	ok	oatk_pathfinder	Sparganium_natans.k1001.s31.c80	432468	3	727.0	0	0	0	0	0.0	0	0.0	False
Spergula_arvensis	ok	oatk_pathfinder	Spergula_arvensis	335332	7	444.0	0	0	0	0	0.0	0	0.0	False
Spergularia_bocconei	ok	oatk_pathfinder	Spergularia_bocconei	334589	22	3912.0	3047	3047	2	0	0.009	0	0.0	False
Spergularia_marina	ok	oatk_pathfinder	Spergularia_marina	333072	19	1382.0	1620	1620	1	0	0.005	0	0.0	False
Spergularia_media	ok	oatk_pathfinder	Spergularia_media.k1001.s31.c80	322984	20	5147.0	6266	6266	4	0	0.019	0	0.0	False
Spergularia_rubra	ok	oatk_pathfinder	Spergularia_rubra.k1001.s31.c80	293343	13	2143.0	0	0	0	0	0.0			False
Sphagnum_angustifolium	ok	oatk_pathfinder	Sphagnum_angustifolium.k1001.s31.c40.mitoempty_c40	90589	3	45.0	0	0	0	0	0.0			False
Sphagnum_capillifolium	ok	oatk_pathfinder	Sphagnum_capillifolium.k1001.s31.c80	141805	1	116.0	0	0	0	0	0.0	0	0.0	False
Sphagnum_compactum	ok	oatk_pathfinder	Sphagnum_compactum.k1001.s31.c80	142506	1	208.0	0	0	0	0	0.0	0	0.0	False
Sphagnum_contortum	ok	oatk_pathfinder	Sphagnum_contortum	141744	1	1243.0	0	0	0	0	0.0	0	0.0	False
Sphagnum_fallax	ok	oatk_pathfinder	Sphagnum_fallax.k1001.s31.c80	141575	1	155.0	0	0	0	0	0.0	0	0.0	False
Sphagnum_fimbriatum	ok	oatk_pathfinder	Sphagnum_fimbriatum.k1001.s31.c80	142650	1	211.0	0	0	0	0	0.0	0	0.0	False
Sphagnum_girgensohnii	ok	oatk_pathfinder	Sphagnum_girgensohnii	142534	1	695.0	0	0	0	0	0.0	0	0.0	False
Sphagnum_inundatum	ok	oatk_pathfinder	Sphagnum_inundatum.k1001.s31.c80	139961	1	275.0	0	0	0	0	0.0	0	0.0	False
Sphagnum_lindbergii	ok	oatk_pathfinder	Sphagnum_lindbergii.k1001.s31.c80	143046	1	399.0	0	0	0	0	0.0	0	0.0	False
Sphagnum_medium	ok	oatk_pathfinder	Sphagnum_medium.k1001.s31.c80	142108	1	502.0	0	0	0	0	0.0	0	0.0	False
Sphagnum_palustre	ok	oatk_pathfinder	Sphagnum_palustre.k1001.s31.c80	142181	1	622.0	0	0	0	0	0.0	0	0.0	False
Sphagnum_papillosum	ok	oatk_pathfinder	Sphagnum_papillosum.k1001.s31.c80	142651	1	267.0	0	0	0	0	0.0	0	0.0	False
Sphagnum_riparium	ok	oatk_pathfinder	Sphagnum_riparium.k1001.s31.c80	142272	1	371.0	0	0	0	0	0.0	0	0.0	False
Sphagnum_rubellum	ok	oatk_pathfinder	Sphagnum_rubellum.k1001.s31.c80	142566	1	286.0	0	0	0	0	0.0	0	0.0	False
Sphagnum_squarrosum	ok	oatk_pathfinder	Sphagnum_squarrosum.k1001.s31.c80	143115	1	2417.0	0	0	0	0	0.0	0	0.0	False
Sphagnum_tenellum	ok	oatk_pathfinder	Sphagnum_tenellum	141348	1	872.0	0	0	0	0	0.0	0	0.0	False
Sphagnum_teres	ok	oatk_pathfinder	Sphagnum_teres.k1001.s31.c80	142216	1	785.0	0	0	0	0	0.0	0	0.0	False
Spinacia_oleracea	ok	oatk_pathfinder	Spinacia_oleracea.k1001.s31.c80	325567	3	564.0	0	0	0	0	0.0	0	0.0	False
Spiraea_salicifolia	ok	oatk_pathfinder	Spiraea_salicifolia.k1001.s31.c80	299714	6	303.0	0	0	0	0	0.0	0	0.0	False
Spirodela_polyrhiza	ok	oatk_pathfinder	Spirodela_polyrhiza.k1001.s31.c80	229867	2	2568.0	0	0	0	0	0.0	0	0.0	False
Splachnum_sphaericum	ok	oatk_pathfinder	Splachnum_sphaericum.k1001.s31.c80	104545	1	261.0	0	0	0	0	0.0	0	0.0	False
Stachys_alpina	ok	oatk_pathfinder	Stachys_alpina.k1001.s31.c80	362268	5	2148.0	0	0	0	0	0.0			False
Stachys_palustris	ok	oatk_pathfinder	Stachys_palustris.k1001.s31.c80	345133	4	849.0	0	0	0	0	0.0	0	0.0	False
Stachys_sylvatica	ok	oatk_pathfinder	Stachys_sylvatica.k1001.s31.c80	229000	1	172.0	0	0	0	0	0.0			False
Stellaria_alsine	ok	oatk_pathfinder	Stellaria_alsine.k1001.s31.c80	23859	16	801.0	0	0	0	0	0.0			False
Stellaria_graminea	ok	oatk_pathfinder	Stellaria_graminea.k1001.s31.c80	30881	21	223.0	0	0	0	0	0.0			False
Stellaria_holostea	ok	oatk_pathfinder	Stellaria_holostea.k1001.s31.c40.mitoempty_c40	22701	14	1.0	0	0	0	0	0.0			False
Stellaria_media	ok	oatk_pathfinder	Stellaria_media.k1001.s31.c80	471125	11	396.0	0	0	0	0	0.0			False
Stellaria_palustris	ok	oatk_pathfinder	Stellaria_palustris.k1001.s31.c40.deadend_c40	58437	32	319.0	1543	1543	1	0	0.026			False
Stereodon_callichrous	ok	oatk_pathfinder	Stereodon_callichrous.k1001.s31.c80	104862	1	325.0	0	0	0	0	0.0	0	0.0	False
Straminergon_stramineum	ok	oatk_pathfinder	Straminergon_stramineum	105488	1	432.0	0	0	0	0	0.0	0	0.0	False
Struthiopteris_spicant	ok	gfatk_resolve	Struthiopteris_spicant.k1001.s31.c100	189067	38	3015.0	1738	1738	1	0	0.009	3476	0.013	False
Stuckenia_filiformis	ok	oatk_pathfinder	Stuckenia_filiformis.k1001.s31.c40.deadend_c40	263551	3	120.0	0	0	0	0	0.0	0	0.0	False
Stuckenia_pectinata	ok	oatk_pathfinder	Stuckenia_pectinata.k1001.s31.c80	268797	9	468.0	0	0	0	0	0.0	0	0.0	False
Suaeda_maritima	ok	oatk_pathfinder	Suaeda_maritima.k1001.s31.c80	602285	11	654.0	0	0	0	0	0.0	0	0.0	False
Suaeda_vera	ok	oatk_pathfinder	Suaeda_vera.k1001.s31.c80	635417	19	1066.0	0	0	0	0	0.0			False
Succisa_pratensis	ok	oatk_pathfinder	Succisa_pratensis	545772	13	509.0	0	0	0	0	0.0	0	0.0	False
Symphytum_tuberosum	ok	oatk_pathfinder	Symphytum_tuberosum.k1001.s31.c80	356160	8	2640.0	2814	2814	2	0	0.008	0	0.0	False
Syntrichia_ruraliformis	ok	oatk_pathfinder	Syntrichia_ruraliformis.k1001.s31.c80	106300	1	1156.0	0	0	0	0	0.0	0	0.0	False
Syringa_vulgaris	ok	oatk_pathfinder	Syringa_vulgaris	771760	6	1677.0	0	0	0	0	0.0	0	0.0	False
Tamarix_gallica	ok	oatk_pathfinder	Tamarix_gallica	456413	9	1226.0	0	0	0	0	0.0	0	0.0	False
Tanacetum_parthenium	ok	oatk_pathfinder	Tanacetum_parthenium	222020	2	316.0	0	0	0	0	0.0	0	0.0	False
Tanacetum_vulgare	ok	oatk_pathfinder	Tanacetum_vulgare	228043	1	345.0	0	0	0	0	0.0	0	0.0	False
Tellima_grandiflora	ok	oatk_pathfinder	Tellima_grandiflora.k1001.s31.c80	532972	7	973.0	1460	1460	1	0	0.003	1460	0.003	False
Tephroseris_palustris	ok	oatk_pathfinder	Tephroseris_palustris.k1001.s31.c80	300417	3	362.0	0	0	0	0	0.0			False
Tetraplodon_mnioides	ok	oatk_pathfinder	Tetraplodon_mnioides.k1001.s31.c80	106309	1	470.0	0	0	0	0	0.0	0	0.0	False
Teucrium_botrys	ok	oatk_pathfinder	Teucrium_botrys.k1001.s31.c80	428047	13	628.0	0	0	0	0	0.0			False
Teucrium_chamaedrys	ok	oatk_pathfinder	Teucrium_chamaedrys.k1001.s31.c80	468499	22	1070.0	1440	1440	1	0	0.003			False
Teucrium_scorodonia	ok	oatk_pathfinder	Teucrium_scorodonia.k1001.s31.c80	518229	31	713.0	1403	1403	1	0	0.003	0	0.0	False
Thalictrum_alpinum	ok	oatk_pathfinder	Thalictrum_alpinum.k1001.s31.c80	417387	13	1493.0	1509	1509	1	0	0.004	0	0.0	False
Thalictrum_flavum	ok	oatk_pathfinder	Thalictrum_flavum.k1001.s31.c80	447808	3	453.0	0	0	0	0	0.0	0	0.0	False
Thalictrum_minus	ok	oatk_pathfinder	Thalictrum_minus	422940	3	280.0	0	0	0	0	0.0	0	0.0	False
Thamnobryum_alopecurum	ok	oatk_pathfinder	Thamnobryum_alopecurum.k1001.s31.c80	105465	1	634.0	0	0	0	0	0.0	0	0.0	False
Thelypteris_palustris	ok	gfatk_resolve	Thelypteris_palustris.k1001.s31.c100	220625	56	327.0	0	0	0	0	0.0	0	0.0	False
Thuidium_delicatulum	ok	oatk_pathfinder	Thuidium_delicatulum.k1001.s31.c80	103257	1	210.0	0	0	0	0	0.0	0	0.0	False
Thuidium_tamariscinum	ok	oatk_pathfinder	Thuidium_tamariscinum	103489	1	225.0	0	0	0	0	0.0	0	0.0	False
Thymus_drucei	ok	oatk_pathfinder	Thymus_drucei.k1001.s31.c80	479878	71	1450.0	12010	12010	6	0	0.025			False
Thymus_pulegioides	ok	gfatk_resolve	Thymus_pulegioides.k1001.s31.c80	456401	79	3066.0	22901	22901	14	0	0.05			True
Thymus_serpyllum	ok	gfatk_resolve	Thymus_serpyllum.k1001.s31.c80	526958	119	2292.0	32538	32538	20	0	0.062	36147	0.061	True
Tilia_cordata	ok	oatk_pathfinder	Tilia_cordata.k1001.s31.c80	789305	3	1575.0	0	0	0	0	0.0	0	0.0	False
Tofieldia_pusilla	ok	oatk_pathfinder	Tofieldia_pusilla.k1001.s31.c80	815950	16	973.0	0	0	0	0	0.0	0	0.0	False
Torilis_japonica	ok	oatk_pathfinder	Torilis_japonica	293079	24	3940.0	3004	3004	2	0	0.01	0	0.0	False
Tortella_tortuosa	ok	oatk_pathfinder	Tortella_tortuosa.k1001.s31.c80	104589	1	1022.0	0	0	0	0	0.0	0	0.0	False
Tragopogon_porrifolius	ok	oatk_pathfinder	Tragopogon_porrifolius.k1001.s31.c80	346208	13	496.0	0	0	0	0	0.0	0	0.0	False
Tragopogon_pratensis	ok	oatk_pathfinder	Tragopogon_pratensis	337952	10	925.0	0	0	0	0	0.0	0	0.0	False
Tricholepidozia_tetradactyla	ok	oatk_pathfinder	Tricholepidozia_tetradactyla.k1001.s31.c80	168738	3	1713.0	2294	2294	1	0	0.014	0	0.0	False
Trichophorum_cespitosum	ok	oatk_pathfinder	Trichophorum_cespitosum	1511433	12	357.0	0	0	0	0	0.0			False
Trichostomum_littorale	ok	oatk_pathfinder	Trichostomum_littorale.k1001.s31.c80	105930	1	1063.0	0	0	0	0	0.0	0	0.0	False
Trifolium_arvense	ok	oatk_pathfinder	Trifolium_arvense.k1001.s31.c80	317238	1	1919.0	0	0	0	0	0.0	0	0.0	False
Trifolium_bocconei	ok	oatk_pathfinder	Trifolium_bocconei.k1001.s31.c80	307929	1	640.0	0	0	0	0	0.0	0	0.0	False
Trifolium_campestre	ok	oatk_pathfinder	Trifolium_campestre.k1001.s31.c80	317392	8	1654.0	1404	1404	1	0	0.004	0	0.0	False
Trifolium_dubium	ok	oatk_pathfinder	Trifolium_dubium	317614	3	1042.0	0	0	0	0	0.0	0	0.0	False
Trifolium_fragiferum	ok	oatk_pathfinder	Trifolium_fragiferum	296439	3	418.0	0	0	0	0	0.0	0	0.0	False
Trifolium_incarnatum	ok	oatk_pathfinder	Trifolium_incarnatum.k1001.s31.c80	321155	5	466.0	0	0	0	0	0.0	0	0.0	False
Trifolium_medium	ok	oatk_pathfinder	Trifolium_medium.k1001.s31.c80	298608	2	1140.0	0	0	0	0	0.0	0	0.0	False
Trifolium_occidentale	ok	oatk_pathfinder	Trifolium_occidentale	321896	3	3273.0	1750	1750	1	0	0.005	0	0.0	False
Trifolium_ochroleucon	ok	oatk_pathfinder	Trifolium_ochroleucon.k1001.s31.c80	327500	12	310.0	0	0	0	0	0.0	0	0.0	False
Trifolium_pratense	ok	oatk_pathfinder	Trifolium_pratense.k1001.s31.c80	299594	3	1357.0	0	0	0	0	0.0	0	0.0	False
Trifolium_repens	ok	oatk_pathfinder	Trifolium_repens.k1001.s31.c80	351277	1	733.0	0	0	0	0	0.0	0	0.0	False
Trifolium_scabrum	ok	oatk_pathfinder	Trifolium_scabrum.k1001.s31.c80	332608	12	4486.0	5339	5339	3	0	0.016	0	0.0	False
Trifolium_squamosum	ok	oatk_pathfinder	Trifolium_squamosum.k1001.s31.c80	311640	13	683.0	6283	6283	2	0	0.02			False
Trifolium_striatum	ok	oatk_pathfinder	Trifolium_striatum	286982	5	674.0	0	0	0	0	0.0	0	0.0	False
Trifolium_strictum	ok	oatk_pathfinder	Trifolium_strictum.k1001.s31.c80	346095	2	161.0	0	0	0	0	0.0	0	0.0	False
Trifolium_subterraneum	ok	oatk_pathfinder	Trifolium_subterraneum	308677	6	1974.0	0	0	0	0	0.0	0	0.0	False
Triglochin_maritima	ok	oatk_pathfinder	Triglochin_maritima	349688	14	1055.0	1403	1403	1	0	0.004			False
Triglochin_palustris	ok	oatk_pathfinder	Triglochin_palustris	353467	2	275.0	0	0	0	0	0.0	0	0.0	False
Tripleurospermum_maritimum	ok	oatk_pathfinder	Tripleurospermum_maritimum.k1001.s31.c80	228999	1	590.0	0	0	0	0	0.0	0	0.0	False
Tripolium_pannonicum	ok	oatk_pathfinder	Tripolium_pannonicum	301053	7	450.0	0	0	0	0	0.0	0	0.0	False
Trocdaris_verticillatum	ok	oatk_pathfinder	Trocdaris_verticillatum.k1001.s31.c80	298614	17	892.0	0	0	0	0	0.0	0	0.0	False
Trollius_europaeus	ok	oatk_pathfinder	Trollius_europaeus.k1001.s31.c80	701564	9	463.0	0	0	0	0	0.0			False
Turritis_glabra	ok	oatk_pathfinder	Turritis_glabra.k1001.s31.c80	277219	2	1710.0	0	0	0	0	0.0	0	0.0	False
Tussilago_farfara	ok	oatk_pathfinder	Tussilago_farfara	303483	12	1189.0	1363	1363	1	0	0.004	0	0.0	False
Typha_latifolia	ok	oatk_pathfinder	Typha_latifolia.k1001.s31.c80	299659	7	100.0	0	0	0	0	0.0			False
Ulex_europaeus	ok	oatk_pathfinder	Ulex_europaeus.k1001.s31.c80	430272	3	916.0	0	0	0	0	0.0	0	0.0	False
Ulex_minor	ok	oatk_pathfinder	Ulex_minor.k1001.s31.c80	481414	1	604.0	0	0	0	0	0.0	0	0.0	False
Ulmus_glabra	ok	oatk_pathfinder	Ulmus_glabra	521320	1	1417.0	0	0	0	0	0.0	0	0.0	False
Ulmus_minor	ok	oatk_pathfinder	Ulmus_minor	523275	3	1056.0	1708	1708	1	0	0.003	0	0.0	False
Ulmus_plotii	ok	oatk_pathfinder	Ulmus_plotii.k1001.s31.c80	312910	6	2204.0	1407	1407	1	0	0.004			False
Ulmus_procera	ok	oatk_pathfinder	Ulmus_procera.k1001.s31.c80	521320	1	1464.0	0	0	0	0	0.0	0	0.0	False
Ulota_crispa	ok	oatk_pathfinder	Ulota_crispa	105547	1	867.0	0	0	0	0	0.0	0	0.0	False
Ulota_phyllantha	ok	oatk_pathfinder	Ulota_phyllantha.k1001.s31.c80	105477	1	574.0	0	0	0	0	0.0	0	0.0	False
Umbilicus_rupestris	ok	oatk_pathfinder	Umbilicus_rupestris	242384	1	1525.0	0	0	0	0	0.0	0	0.0	False
Urtica_dioica	ok	oatk_pathfinder	Urtica_dioica	313641	12	1866.0	0	0	0	0	0.0			False
Urtica_urens	ok	oatk_pathfinder	Urtica_urens	334764	3	986.0	0	0	0	0	0.0			False
Utricularia_minor	ok	oatk_pathfinder	Utricularia_minor.k1001.s31.c80	379866	2	357.0	0	0	0	0	0.0			False
Utricularia_vulgaris	ok	oatk_pathfinder	Utricularia_vulgaris.k1001.s31.c80	381346	3	805.0	0	0	0	0	0.0			False
Vaccinium_myrtillus	ok	oatk_pathfinder	Vaccinium_myrtillus.k1001.s31.c80	751658	3	2657.0	0	0	0	0	0.0	0	0.0	False
Vaccinium_oxycoccos	ok	oatk_pathfinder	Vaccinium_oxycoccos.k1001.s31.c80	485948	2	638.0	0	0	0	0	0.0	0	0.0	False
Vaccinium_vitis_idaea	ok	oatk_pathfinder	Vaccinium_vitis_idaea	551720	1	754.0	0	0	0	0	0.0	0	0.0	False
Valeriana_officinalis	ok	oatk_pathfinder	Valeriana_officinalis.k1001.s31.c80	1088941	14	584.0	0	0	0	0	0.0	0	0.0	False
Valeriana_pyrenaica	ok	oatk_pathfinder	Valeriana_pyrenaica.k1001.s31.c40.deadend_c40	1354233	12	150.0	0	0	0	0	0.0			False
Valerianella_locusta	ok	oatk_pathfinder	Valerianella_locusta.k1001.s31.c80	1315860	16	1703.0	0	0	0	0	0.0			False
Vandenboschia_speciosa	ok	gfatk_resolve	Vandenboschia_speciosa.k1001.s31.c15	772292	173	225.0	20827	20827	11	0	0.027			True
Verbascum_nigrum	ok	oatk_pathfinder	Verbascum_nigrum	484842	4	962.0	0	0	0	0	0.0	0	0.0	False
Verbascum_thapsus	ok	oatk_pathfinder	Verbascum_thapsus	477262	6	649.0	0	0	0	0	0.0	0	0.0	False
Verbena_officinalis	ok	oatk_pathfinder	Verbena_officinalis	491677	6	1730.0	0	0	0	0	0.0	0	0.0	False
Veronica_anagallis_aquatica	ok	oatk_pathfinder	Veronica_anagallis_aquatica	340626	3	756.0	0	0	0	0	0.0	0	0.0	False
Veronica_arvensis	ok	oatk_pathfinder	Veronica_arvensis	277530	3	1942.0	0	0	0	0	0.0	0	0.0	False
Veronica_beccabunga	ok	oatk_pathfinder	Veronica_beccabunga.k1001.s31.c80	333737	3	4111.0	0	0	0	0	0.0	0	0.0	False
Veronica_chamaedrys	ok	oatk_pathfinder	Veronica_chamaedrys.k1001.s31.c80	309949	6	1510.0	0	0	0	0	0.0	0	0.0	False
Veronica_filiformis	ok	oatk_pathfinder	Veronica_filiformis.k1001.s31.c80	314594	21	2682.0	7743	7743	5	0	0.025	0	0.0	False
Veronica_hederifolia	ok	oatk_pathfinder	Veronica_hederifolia.k1001.s31.c80	307211	17	2859.0	2806	2806	2	0	0.009	0	0.0	False
Veronica_montana	ok	oatk_pathfinder	Veronica_montana.k1001.s31.c80	799506	7	746.0	1407	1407	1	0	0.002			False
Veronica_officinalis	ok	oatk_pathfinder	Veronica_officinalis.k1001.s31.c80	352053	3	3011.0	1475	1475	1	0	0.004	0	0.0	False
Veronica_persica	ok	oatk_pathfinder	Veronica_persica.k1001.s31.c80	319010	12	3179.0	5241	5241	3	0	0.016	0	0.0	False
Veronica_praecox	ok	oatk_pathfinder	Veronica_praecox.k1001.s31.c80	347280	6	4418.0	0	0	0	0	0.0	0	0.0	False
Veronica_scutellata	ok	oatk_pathfinder	Veronica_scutellata	336010	2	830.0	0	0	0	0	0.0	0	0.0	False
Veronica_serpyllifolia	ok	oatk_pathfinder	Veronica_serpyllifolia	324799	3	1780.0	0	0	0	0	0.0	0	0.0	False
Veronica_spicata	ok	oatk_pathfinder	Veronica_spicata.k1001.s31.c80	525603	6	2315.0	1417	1417	1	0	0.003			False
Veronica_triphyllos	ok	oatk_pathfinder	Veronica_triphyllos	324556	6	4098.0	1402	1402	1	0	0.004	0	0.0	False
Veronica_verna	ok	oatk_pathfinder	Veronica_verna	306776	3	1872.0	0	0	0	0	0.0	0	0.0	False
Viburnum_lantana	ok	oatk_pathfinder	Viburnum_lantana.k1001.s31.c80	654271	5	830.0	1861	1861	1	0	0.003	0	0.0	False
Viburnum_opulus	ok	oatk_pathfinder	Viburnum_opulus.k1001.s31.c80	681034	3	891.0	0	0	0	0	0.0			False
Vicia_cracca	ok	oatk_pathfinder	Vicia_cracca.k1001.s31.c80	452245	11	230.0	0	0	0	0	0.0	0	0.0	False
Vicia_hirsuta	ok	oatk_pathfinder	Vicia_hirsuta.k1001.s31.c80	326260	1	365.0	0	0	0	0	0.0	0	0.0	False
Vicia_lutea	ok	oatk_pathfinder	Vicia_lutea.k1001.s31.c40.deadend_c40	374924	6	164.0	0	0	0	0	0.0			False
Vicia_parviflora	ok	oatk_pathfinder	Vicia_parviflora.k1001.s31.c80	407108	2	476.0	0	0	0	0	0.0	0	0.0	False
Vicia_sativa	ok	oatk_pathfinder	Vicia_sativa	401813	3	1561.0	0	0	0	0	0.0	0	0.0	False
Vicia_sepium	ok	oatk_pathfinder	Vicia_sepium.k1001.s31.c80	386602	6	337.0	0	0	0	0	0.0	0	0.0	False
Vinca_minor	ok	oatk_pathfinder	Vinca_minor.k1001.s31.c80	1123652	33	1076.0	1498	1498	1	0	0.001			False
Viola_hirta	ok	oatk_pathfinder	Viola_hirta.k1001.s31.c80	487345	3	1568.0	0	0	0	0	0.0	0	0.0	False
Viola_lutea	ok	oatk_pathfinder	Viola_lutea.k1001.s31.c80	420217	3	562.0	0	0	0	0	0.0	0	0.0	False
Viola_odorata	ok	oatk_pathfinder	Viola_odorata	482146	1	1274.0	0	0	0	0	0.0	0	0.0	False
Viola_palustris	ok	oatk_pathfinder	Viola_palustris.k1001.s31.c80	516080	3	3831.0	1904	1904	1	0	0.004	0	0.0	False
Viola_riviniana	ok	oatk_pathfinder	Viola_riviniana.k1001.s31.c40.deadend_c40	1085447	20	121.0	0	0	0	0	0.0			False
Viola_stagnina	ok	oatk_pathfinder	Viola_stagnina.k1001.s31.c80	485622	1	778.0	0	0	0	0	0.0	0	0.0	False
Viola_tricolor	ok	oatk_pathfinder	Viola_tricolor.k1001.s31.c80	420632	3	1304.0	0	0	0	0	0.0	0	0.0	False
Viscaria_vulgaris	ok	oatk_pathfinder	Viscaria_vulgaris.k1001.s31.c40.deadend_c40	433975	20	1133.0	4829	4829	3	0	0.011			False
Viscum_album	ok	oatk_pathfinder	Viscum_album.k1001.s31.c20	544202	7	92.0	0	0	0	0	0.0			False
Vitis_vinifera	ok	oatk_pathfinder	Vitis_vinifera.k1001.s31.c80	817464	1	563.0	0	0	0	0	0.0	0	0.0	False
Woodsia_ilvensis	ok	gfatk_resolve	Woodsia_ilvensis.k1001.s31.c100	195933	43	336.0	0	0	0	0	0.0	0	0.0	False
Xerophyllum_tenax	ok	oatk_pathfinder	Xerophyllum_tenax.k1001.s31.c80	1063466	11	575.0	0	0	0	0	0.0	0	0.0	False
Zostera_marina	ok	oatk_pathfinder	Zostera_marina.k1001.s31.c80	209791	35	6436.0	12542	12542	8	0	0.06			False
Zostera_noltei	ok	oatk_pathfinder	Zostera_noltei.k1001.s31.c40.mitoempty_c40	177958	5	50.0	0	0	0	0	0.0			False
Zygodon_viridissimus	ok	oatk_pathfinder	Zygodon_viridissimus.k1001.s31.c80	104035	1	652.0	0	0	0	0	0.0	0	0.0	False
