species	organelle	has_gfa	has_ctg_fasta	n_subgraphs	any_circular	dead_end_nodes	total_length	size_mad_z	core_gene_pct	cross_organelle_aligned_frac	status	status_reasons
Acaena_ovalifolia	mito	True	True	1.0	True	0.0	358496.0	0.07262765740145259	1.0	0.03955839246089363	pass	
Acer_campestre	mito	True	True	1.0	True	0.0	750721.0	2.018751170589138	1.0		pass	
Acer_pseudoplatanus	mito	True	True	2.0	True	0.0	732180.0	1.926755310921822	1.0	0.013940474826971219	pass	
Achillea_maritima	mito	True	True	1.0	True	0.0	202131.0	0.6744907594765953	1.0	0.019297854969197656	pass	
Achillea_millefolium	mito	True	True	1.0	True	0.0	195982.0	0.0	1.0	0.00865409322164551	pass	
Achillea_ptarmica	mito	True	True	1.0	True	0.0	188653.0	-0.8039262930889521	1.0	0.0073828649351202775	pass	
Aconitum_napellus	mito	True	True	4.0	False	0.0	66789.0	-1.374750382400804	0.21951219512195122	0.004866070760155115	fail	core_gene_pct<0.50;non_circular
Adiantum_capillus_veneris	mito	True	True	1.0	False	0.0	248689.0	-0.47220753824543416	0.9024390243902439	0.03517646538447619	flag	non_circular
Adonis_annua	mito	True	True	1.0	False	4.0	576312.0	1.1533768170636078	0.975609756097561	0.022144307388504914	fail	dead_end_nodes>2;non_circular
Adoxa_moschatellina	mito	True	True	4.0	True	0.0	685747.0	1.6963662406487805	1.0	0.017272370647508972	pass	
Aegonychon_purpurocaeruleum	mito	True	True	1.0	True	0.0	297260.0	-0.23121024037039034	1.0	0.01821806705017006	pass	
Aesculus_hippocastanum	mito	True	True	1.0	True	0.0	506845.0	0.808698731549913	1.0	0.017728426996419615	pass	
Aethusa_cynapium	mito	True	True	1.0	True	0.0	257781.0	-0.42709528129622787	1.0	0.1310729329216743	pass	
Agrimonia_eupatoria	mito	True	True	1.0	True	0.0	319533.0	-0.12069711905168472	0.975609756097561	0.04420554706240981	pass	
Agrostemma_githago	mito	True	True	1.0	True	0.0	244138.0	-0.49478847548430765	0.975609756097561	0.047309144989330906	pass	
Agrostis_capillaris	mito	True	True	1.0	True	0.0	564309.0	0.7069897124394176	0.975609756097561	0.1121082262574166	pass	
Agrostis_gigantea	mito	True	True	3.0	False	6.0	537312.0	0.0	0.975609756097561	0.013390361855695157	fail	dead_end_nodes>2;non_circular
Agrostis_stolonifera	mito	True	True	1.0	False	0.0	511556.0	-0.6744907594765952	1.0	0.019551927838765696	flag	non_circular
Ailanthus_altissima	mito	True	True	1.0	True	0.0	658069.0	1.5590348451538254	1.0	0.025934341218720406	pass	
Ajuga_chamaepitys	mito	True	True	1.0	True	0.0	406560.0	0.3111093465794828	0.9512195121951219	0.003590629938012627	pass	
Ajuga_reptans	mito	True	True	1.0	True	0.0	379759.0	0.1781294083375473	0.975609756097561	0.007659733219032651	pass	
Alchemilla_alpina	mito	True	True	2.0	True	0.0	321841.0	1.203884770790088	1.0	0.13561467435747207	pass	
Alchemilla_arvensis	mito	True	True	1.0	True	0.0	287215.0	-2.50943378197827	0.975609756097561	0.24417587799076534	flag	elevated_cross_organelle_alignment(>15%)
Alchemilla_glaucescens	mito	True	True	1.0	True	0.0	311968.0	0.14509674816310253	1.0	0.17093138288383256	flag	elevated_cross_organelle_alignment(>15%)
Alchemilla_micans	mito	True	True	1.0	True	0.0	309262.0	-0.14509674816310253	1.0	0.09856182281501462	pass	
Alisma_plantago_aquatica	mito	True	True	1.0	True	0.0	246240.0	-0.48435887098505204	0.9512195121951219	0.0344414447515136	pass	
Alleniella_complanata	mito	False	False								fail	missing_gfa
Alliaria_petiolata	mito	True	True	2.0	True	0.0	277577.0	-0.3288724217970541	1.0	0.051195778027011626	pass	
Allium_paradoxum	mito	True	True	1.0	True	0.0	316156.0	-0.6744907594765952	0.8780487804878049	0.20445734923075484	flag	elevated_cross_organelle_alignment(>15%)
Allium_schoenoprasum	mito	True	True	1.0	True	0.0	470358.0	1.7270383474713817	0.9024390243902439	0.06943208043101302	pass	
Allium_triquetrum	mito	True	True	3.0	True	0.0	359465.0	0.0	0.8780487804878049	0.039145380772463635	pass	
Alnus_cordata	mito	True	True	5.0	False	0.0	624351.0	-24.133909970382994	0.926829268292683	0.19595548017060915	flag	fragmented(n_subgraphs>=5);non_circular;size_outlier(|z|>4);elevated_cross_organelle_alignment(>15%)
Alnus_glutinosa	mito	True	True	2.0	True	0.0	663388.0	0.0	1.0	0.1478104867316207	pass	
Alnus_incana	mito	True	True	2.0	True	0.0	664479.0	0.6744907594765952	1.0		pass	
Alopecurus_geniculatus	mito	True	True	1.0	True	0.0	533139.0	0.9391630610948349	1.0	0.0884981205251676	pass	
Alopecurus_pratensis	mito	True	True	1.0	True	0.0	492273.0	0.7363960689604021	1.0	0.03287154268428043	pass	
Ammi_majus	mito	True	True	1.0	True	0.0	248792.0	-0.4716964777014649	1.0		pass	
Ammophila_arenaria	mito	True	True	1.0	True	0.0	496630.0	0.7580144261455859	0.975609756097561	0.03812240469866447	pass	
Amphidium_lapponicum	mito	True	True	1.0	True	0.0	106595.0	-1.1772428482916855	1.0	0.0071444055911100215	pass	
Amphidium_mougeotii	mito	True	True	1.0	True	0.0	107210.0	-1.1741913702864324	1.0	0.007150336292201605	pass	
Amsinckia_menziesii	mito	True	True	1.0	False	7.0	12743.0	-1.6429132771518822	0.024390243902439025	0.0	fail	dead_end_nodes>2;core_gene_pct<0.50;non_circular
Anacamptis_pyramidalis	mito	True	True	13.0	True	0.0	504219.0	0.7956691685551247	0.9512195121951219	0.017093690017502553	fail	fragmented(n_subgraphs>=10)
Anagallis_arvensis	mito	True	True	1.0	True	0.0	506574.0	0.8073540965264601	1.0	0.12759405303662052	pass	
Anagallis_tenella	mito	True	True	1.0	True	0.0	382425.0	0.19135744144649847	1.0	0.023683528648094178	pass	
Anastrepta_orcadensis	mito	True	True	1.0	True	0.0	147195.0	-0.9757956824164353	1.0	0.0	pass	
Anastrophyllum_donnianum	mito	True	True	1.0	True	0.0	148217.0	-0.9707247709995755	1.0	0.0	pass	
Anchusa_arvensis	mito	True	True	1.0	True	0.0	340389.0	-0.017214801527196566	1.0	0.013167343575254576	pass	
Andreaea_frigida	mito	True	True	1.0	True	0.0	119106.0	-0.912884812186178	1.0	0.0003976311336717428	pass	
Andreaea_hookeri	mito	True	True	1.0	True	0.0	119987.0	-0.18866012102361804	1.0	0.00039608632996519495	pass	
Andreaea_mutabilis	mito	True	True	2.0	True	0.0	192670.0	59.56028792411638	1.0	0.0002454513170813227	flag	size_outlier(|z|>4)
Andreaea_nivalis	mito	True	True	1.0	True	0.0	120446.0	0.18866012102361804	1.0	0.00039035572203350417	pass	
Andreaea_rothii	mito	True	True	1.0	True	0.0	119686.0	-0.4360967067670125	1.0	0.0003974461967781489	pass	
Andreaea_rupestris	mito	True	True	1.0	True	0.0	122835.0	2.152533886276008	1.0	0.0003954564577198149	pass	
Andromeda_polifolia	mito	True	True	1.0	True	0.0	462348.0	0.5879156148023512	1.0	0.0015885095664290691	pass	
Anemone_nemorosa	mito	True	True	2.0	False	3.0	742208.0	1.976511768542438	1.0	0.014946560974568432	fail	dead_end_nodes>2;non_circular
Anemone_pulsatilla	mito	True	True	8.0	False	3.0	768493.0	2.1069314423116734	0.975609756097561	0.027037969128941977	fail	dead_end_nodes>2;fragmented(n_subgraphs>=5);non_circular
Anethum_foeniculum	mito	True	True	1.0	True	0.0	244735.0	-0.49182630903042773	1.0	0.025810804768698608	pass	
Angelica_archangelica	mito	True	True	1.0	False	0.0	331734.0	-0.06015877247917417	1.0	0.020751566013733895	flag	non_circular
Angelica_sylvestris	mito	True	True	1.0	False	2.0	262745.0	-0.4024651401286234	1.0	0.09913419086026644	flag	dead_end_nodes>0;non_circular
Anoectangium_aestivum	mito	True	True	1.0	True	0.0	106947.0	-1.1754963112870527	1.0	0.007181430601610611	pass	
Anomodon_viticulosus	mito	True	True	1.0	True	0.0	106540.0	-1.1775157446986593	1.0	0.007312437897336459	pass	
Antennaria_dioica	mito	True	True	1.0	False	1.0	322587.0	-0.10554392583535431	1.0	0.01818843856630235	flag	dead_end_nodes>0;non_circular
Anthelia_julacea	mito	True	True	1.0	True	0.0	165408.0	-0.8854272776852546	1.0	0.0	pass	
Anthoxanthum_odoratum	mito	True	True	2.0	False	5.0	375171.0	0.1553648862430732	0.6829268292682927	0.014060662935996523	fail	dead_end_nodes>2;non_circular;core_gene_pct<0.80
Anthriscus_caucalis	mito	False	False								fail	missing_gfa
Anthriscus_sylvestris	mito	True	True	2.0	False	1.0	345458.0	0.00793632369008529	1.0	0.023948203529926028	flag	dead_end_nodes>0;non_circular
Anthyllis_vulneraria	mito	True	True	2.0	True	0.0	336837.0	-0.034838947664853924	1.0	0.00277928193406909	pass	
Antitrichia_curtipendula	mito	True	True	1.0	True	0.0	106559.0	-1.177421471394432	1.0	0.0004412606911832358	pass	
Aponogeton_distachyos	mito	True	True	1.0	True	0.0	229972.0	-0.5650766664150662	0.9512195121951219	0.4116198661110318	fail	high_cross_organelle_alignment(>35%)
Aquilegia_vulgaris	mito	True	True	2.0	True	0.0	492481.0	0.7374281135540487	1.0	0.03660426487822613	pass	
Arabidopsis_thaliana	mito	True	True	1.0	True	0.0	363316.0	0.09654330615807097	1.0	0.010728578090600497	pass	
Arabis_alpina	mito	True	True	1.0	True	0.0	309798.0	-0.6744907594765952	1.0	0.009186951546448566	pass	
Arabis_hirsuta	mito	True	True	1.0	True	0.0	325981.0	0.0	1.0	0.02350834835044993	pass	
Arabis_scabra	mito	True	True	2.0	True	0.0	763294.0	18.226755082431456	1.0	0.026455033438349238	flag	size_outlier(|z|>4)
Arbutus_unedo	mito	True	True	1.0	False	0.0	840122.0	2.462336837495868	1.0	0.003703777245422255	flag	non_circular
Archidium_alternifolium	mito	True	True	1.0	True	0.0	111862.0	-1.1511092960092977	1.0	0.006780085511368719	pass	
Arctium_lappa	mito	True	True	1.0	True	0.0	284669.0	-0.29368367055598826	1.0	0.01541242142640073	pass	
Arctium_minus	mito	True	True	2.0	True	0.0	723447.0	1.883424323247227	1.0	0.014259815248544676	pass	
Arctostaphylos_uva_ursi	mito	True	True	1.0	True	0.0	599084.0	1.2663658530564945	1.0	0.014688893880563488	pass	
Arctous_alpina	mito	True	True	3.0	True	0.0	3619343.0	16.25214456633771	1.0	0.01128660556222593	flag	size_outlier(|z|>4)
Arenaria_serpyllifolia	mito	True	True	10.0	True	0.0	445438.0	0.5040123740400242	0.926829268292683	0.008652950948356122	fail	fragmented(n_subgraphs>=10)
Aria_edulis	mito	True	True	1.0	True	0.0	425231.0	0.40375023411782757	1.0	0.006913989964837422	pass	
Aristolochia_clematitis	mito	True	True	1.0	True	0.0	348584.0	0.02344676311190874	1.0	0.031543520162244015	pass	
Armoracia_rusticana	mito	True	True	1.0	True	0.0	306166.0	-0.1870208694520411	1.0	0.02346132815833473	pass	
Arrhenatherum_elatius	mito	True	True	1.0	True	0.0	433432.0	0.44444156927405726	1.0	0.02529437323010347	pass	
Artemisia_campestris	mito	True	True	1.0	True	0.0	225885.0	0.6744907594765952	1.0	0.01905015180728232	pass	
Artemisia_maritima	mito	True	True	1.0	True	0.0	213875.0	-3.0879960130797954	1.0	0.020789826533424902	pass	
Artemisia_vulgaris	mito	True	True	1.0	True	0.0	223732.0	0.0	1.0	0.017537942664418212	pass	
Arum_italicum	mito	True	True	2.0	True	0.0	711431.0	1.8238039009527196	1.0	0.012684942829590852	pass	
Arum_maculatum	mito	True	True	2.0	True	0.0	659631.0	1.5667851031118831	1.0	0.01463382363333198	pass	
Asparagus_officinalis	mito	True	True	1.0	True	0.0	474121.0	0.6463303311533197	1.0	0.012947161309396377	pass	
Asplenium_adiantum_nigrum	mito	True	True	1.0	False	0.0	215288.0	-1.222975830868623	0.8536585365853658	0.0590790011519453	flag	non_circular
Asplenium_ceterach	mito	True	True	1.0	False	2.0	257465.0	0.005110109360795289	0.8780487804878049	0.04679082593750607	flag	dead_end_nodes>0;non_circular
Asplenium_marinum	mito	True	True	1.0	False	2.0	335137.0	2.2667193074900926	0.9024390243902439	0.12393737486460761	flag	dead_end_nodes>0;non_circular
Asplenium_scolopendrium	mito	True	True	1.0	False	2.0	276446.0	0.5577880909975781	0.9024390243902439	0.03258502564696179	flag	dead_end_nodes>0;non_circular
Asplenium_septentrionale	mito	False	False								fail	missing_gfa
Asplenium_trichomanes	mito	True	True	1.0	False	0.0	230117.0	-0.7911934279556124	0.9024390243902439	0.03715501245018838	flag	non_circular
Asplenium_viride	mito	True	True	1.0	False	0.0	257114.0	-0.005110109360795289	0.9024390243902439	0.07050957940835582	flag	non_circular
Astragalus_alpinus	mito	True	True	1.0	True	0.0	311629.0	0.0	1.0	0.005047366861359921	pass	
Astragalus_danicus	mito	True	True	1.0	True	0.0	304654.0	-0.6744907594765952	1.0	0.008411570877419568	pass	
Astragalus_glycyphyllos	mito	True	True	2.0	True	0.0	360323.0	4.708767461211946	1.0	0.0042097364638765435	flag	size_outlier(|z|>4)
Atractylocarpus_subporodictyon	mito	True	True	1.0	True	0.0	102510.0	-1.1975116087005622	1.0	0.007428095448086629	pass	
Atriplex_laciniata	mito	True	True	2.0	True	0.0	288453.0	0.6744907594765952	1.0	0.006121081695630989	pass	
Atriplex_littoralis	mito	True	True	1.0	False	0.0	283460.0	0.0	1.0	0.009511686539820737	flag	non_circular
Atriplex_praecox	mito	True	True	1.0	True	0.0	276986.0	-0.8745550123876381	1.0	0.009605900767614391	pass	
Atropa_belladonna	mito	True	True	3.0	True	0.0	430739.0	0.4310795688380462	1.0	0.04616818772439357	pass	
Aulacomnium_androgynum	mito	True	True	1.0	True	0.0	105111.0	-1.1846060895271258	1.0	0.00729189714384662	pass	
Aulacomnium_palustre	mito	True	True	1.0	False	0.0	782533.0	2.176594452382819	0.0975609756097561	0.0035346752149749594	fail	core_gene_pct<0.50;non_circular
Avenella_flexuosa	mito	True	True	1.0	False	0.0	653524.0	1.5364836784320763	1.0	0.02530281978932679	flag	non_circular
Azolla_filiculoides	mito	True	True	3.0	False	0.0	385042.0	0.2043423486656002	0.9024390243902439	0.006220100664343111	flag	non_circular
Baldellia_ranunculoides	mito	True	True	1.0	True	0.0	266010.0	-0.38626501706008415	0.926829268292683	0.03895091026583773	pass	
Ballota_nigra	mito	True	True	3.0	True	0.0	397940.0	0.26833903697739764	0.9512195121951219	0.022786333255811603	pass	
Barbarea_vulgaris	mito	True	True	1.0	True	0.0	428430.0	0.41962288149799815	1.0	0.018184870614988972	pass	
Bartramia_pomiformis	mito	True	True	1.0	True	0.0	108691.0	-1.1668430143095543	1.0	0.0071520904295972	pass	
Bazzania_pearsonii	mito	True	True	1.0	True	0.0	161868.0	-14.23175502495616	1.0	0.0006219446966775715	flag	size_outlier(|z|>4)
Bazzania_tricrenata	mito	True	True	1.0	True	0.0	162501.0	0.0	1.0	0.00031391956272851495	pass	
Bazzania_trilobata	mito	True	True	1.0	True	0.0	162531.0	0.6744907594765952	1.0	0.0003138616054944243	pass	
Bellardia_viscosa	mito	True	True	2.0	True	0.0	542056.0	0.983407011294579	1.0	0.10766903143075915	pass	
Bellis_perennis	mito	True	True	1.0	True	0.0	258284.0	-0.4245995196106305	1.0	0.02087554421028934	pass	
Berberis_aquifolium	mito	True	True	5.0	True	0.0	858096.0	2.551519383294926	1.0	0.05735938535213232	flag	fragmented(n_subgraphs>=5)
Berberis_vulgaris	mito	True	True	1.0	True	0.0	759191.0	2.0607772172631122	1.0	0.02151997538830792	pass	
Berula_erecta	mito	True	True	1.0	False	0.0	379192.0	0.1753160944692895	1.0	0.04985007399781224	flag	non_circular
Beta_vulgaris	mito	True	True	1.0	False	0.0	341196.0	-0.013210666973961914	1.0	0.009022368327020653	flag	non_circular
Betonica_officinalis	mito	True	True	1.0	True	0.0	337297.0	-0.03255654135198163	1.0	0.012406249371644583	pass	
Betula_pendula	mito	True	True	1.0	True	0.0	645776.0	1.4980400173187403	1.0	0.043946812811643685	pass	
Betula_pubescens	mito	True	True	1.0	True	0.0	639908.0	1.4689244515710564	1.0	0.044250274184923	pass	
Bidens_cernua	mito	True	True	3.0	True	0.0	213469.0	-0.6469604737657867	1.0	0.008935384499439477	pass	
Bistorta_vivipara	mito	True	True	7.0	True	0.0	357848.0	0.06941244155201509	1.0	0.08801501833469512	flag	fragmented(n_subgraphs>=5)
Blackstonia_perfoliata	mito	True	True	1.0	True	0.0	333526.0	-0.051267311364680365	1.0	0.26045133252419145	flag	elevated_cross_organelle_alignment(>15%)
Blasia_pusilla	mito	True	True	1.0	True	0.0	186320.0	-0.7816671020009386	1.0	0.0	pass	
Blindia_acuta	mito	True	True	1.0	True	0.0	106870.0	-1.1758783662568162	1.0	0.007130560755576042	pass	
Blindiadelphus_recurvatus	mito	True	True	1.0	True	0.0	108024.0	-1.1701525034632192	1.0	0.007095717294640768	pass	
Blitum_bonus_henricus	mito	True	True	1.0	False	0.0	302965.0	-0.20290344033791982	1.0	0.012089815672880762	flag	non_circular
Blysmopsis_rufa	mito	True	True	2.0	True	1.0	2447226.0	10.436389696283507	1.0	0.009554881916753659	flag	dead_end_nodes>0;size_outlier(|z|>4)
Borago_officinalis	mito	True	True	4.0	True	0.0	429774.0	0.42629147733386846	1.0	0.07354854415426856	pass	
Brachydontium_trichodes	mito	True	True	1.0	True	0.0	104389.0	-1.1881884750877643	1.0	0.007264781146071939	pass	
Brachypodium_pinnatum	mito	True	True	1.0	True	0.0	457403.0	0.5633797469389741	1.0	0.03505180625659394	pass	
Brachypodium_sylvaticum	mito	True	True	1.0	True	0.0	489210.0	0.7211982199683851	1.0	0.03252012699746268	pass	
Brachythecium_rutabulum	mito	True	True	1.0	True	0.0	104566.0	-1.1873102448325938	1.0	0.007251992384451269	pass	
Brassica_nigra	mito	True	True	1.0	True	0.0	227052.0	-0.5795649847489511	1.0	0.03247004917877475	pass	
Brassica_oleracea	mito	False	False								fail	missing_gfa
Braunia_imberbis	mito	True	True	1.0	True	0.0	108463.0	-1.1679742939602824	1.0	0.0070794145940544125	pass	
Briza_media	mito	True	True	1.0	False	0.0	477685.0	0.664014018325226	1.0	0.04704203926578363	flag	non_circular
Bromus_benekenii	mito	True	True	1.0	False	0.0	454081.0	-0.6744907594765952	1.0	0.023271572260455266	flag	non_circular
Bromus_hordeaceus	mito	True	True	1.0	True	0.0	464581.0	0.0	1.0	0.023712964478638077	pass	
Bromus_interruptus	mito	True	True	1.0	True	0.0	464581.0	0.0	1.0	0.02476878376166312	pass	
Bromus_secalinus	mito	True	True	1.0	True	0.0	401813.0	-4.032041522935898	1.0	0.006900613908187332	flag	size_outlier(|z|>4)
Bromus_sterilis	mito	True	True	1.0	True	0.0	487981.0	1.5031508354049836	1.0	0.020210822421476673	pass	
Bryoerythrophyllum_caledonicum	mito	True	True	1.0	True	0.0	106954.0	-1.1754615790170744	1.0	0.007124595834273254	pass	
Bryoerythrophyllum_ferruginascens	mito	True	True	1.0	True	0.0	107442.0	-1.173040243624288	1.0	0.0071237253888445096	pass	
Bryonia_dioica	mito	True	True	2.0	True	0.0	353654.0	0.048602850082044666	1.0	0.15296014808547848	flag	elevated_cross_organelle_alignment(>15%)
Bryum_calophyllum	mito	True	True	1.0	True	0.0	99392.0	-1.200476778910357	1.0	0.007629361971958572	pass	
Bryum_knowltonii	mito	True	True	1.0	True	0.0	106983.0	2.6535385430217726	1.0	0.007626598516938494	pass	
Bryum_marratii	mito	True	True	1.0	True	0.0	101464.0	-0.14850474004283334	1.0	0.0074740184188211165	pass	
Bryum_riparium	mito	True	True	1.0	True	0.0	102049.0	0.14850474004283334	1.0	0.007484350006911669	pass	
Buddleja_davidii	mito	True	True	1.0	True	0.0	523477.0	0.8912226050188087	1.0	0.018269179118715395	pass	
Butomus_umbellatus	mito	True	True	1.0	True	0.0	438808.0	0.4711159526175387	0.926829268292683	0.016533838472338983	pass	
Buxus_sempervirens	mito	True	True	7.0	True	0.0	948227.0	2.9987271297851272	1.0		flag	fragmented(n_subgraphs>=5)
Cakile_maritima	mito	True	True	2.0	True	0.0	442904.0	0.49143929230781025	1.0	0.3091947907856565	flag	elevated_cross_organelle_alignment(>15%)
Calendula_officinalis	mito	True	True	2.0	True	0.0	315747.0	-0.1394823153571945	1.0	0.012872183855994566	pass	
Calliergon_cordifolium	mito	True	True	1.0	True	0.0	104705.0	-1.1866205611858782	1.0	0.007243468455554919	pass	
Calliergon_giganteum	mito	True	True	1.0	True	0.0	105434.0	-1.183003443355261	1.0	0.007250327603852812	pass	
Calliergonella_cuspidata	mito	True	True	1.0	True	0.0	107923.0	-1.1706536405014802	1.0	0.007173886296741466	pass	
Callitriche_obtusangula	mito	True	True	3.0	True	0.0	385006.0	0.20416372556285367	1.0		pass	
Callitriche_stagnalis	mito	True	True	1.0	True	0.0	280418.0	-0.3147760819386407	1.0	0.19431084283686717	flag	elevated_cross_organelle_alignment(>15%)
Calluna_vulgaris	mito	True	True	1.0	True	0.0	431208.0	0.43340663092660514	1.0	0.005227409314086791	pass	
Calypogeia_arguta	mito	True	True	1.0	True	0.0	159675.0	-0.9138730067976392	1.0	0.0	pass	
Calypogeia_muelleriana	mito	True	True	1.0	False	0.0	160946.0	-0.9075666189201159	0.975609756097561	0.0	flag	non_circular
Calystegia_pulchra	mito	True	True	1.0	True	0.0	306829.0	0.0	1.0	0.20727321255796885	flag	elevated_cross_organelle_alignment(>15%)
Calystegia_sepium	mito	True	True	1.0	True	0.0	319286.0	0.9394154059481157	1.0	0.11982570806100218	pass	
Calystegia_soldanella	mito	True	True	1.0	True	0.0	297885.0	-0.6744907594765952	1.0	0.09495990056629929	pass	
Campanula_glomerata	mito	True	True	2.0	True	0.0	432006.0	2.278427278887871	1.0	0.020068798140937642	pass	
Campanula_medium	mito	True	True	1.0	True	0.0	275291.0	-0.9951193105012468	1.0	0.004108454673722594	pass	
Campanula_patula	mito	True	True	1.0	True	0.0	305990.0	-0.35386220845194366	1.0	0.004159362446714233	pass	
Campanula_rotundifolia	mito	True	True	1.0	False	2.0	339871.0	0.35386220845194366	1.0	0.008154203426224152	flag	dead_end_nodes>0;non_circular
Camptothecium_lutescens	mito	True	True	1.0	True	0.0	104344.0	-1.1884117539661976	1.0	0.007270704241563872	pass	
Campylium_stellatum	mito	True	True	1.0	True	0.0	104176.0	-1.1892453284456812	1.0	0.007279292429727939	pass	
Campylopus_flexuosus	mito	True	True	2.0	True	0.0	141469.0	-1.0042066792588413	1.0	0.005426767279027477	pass	
Campylopus_introflexus	mito	True	True	1.0	True	0.0	101720.0	-1.2014313934552778	1.0	0.007454833348085642	pass	
Capsella_bursa_pastoris	mito	True	True	1.0	True	0.0	288773.0	-0.27332063684288416	1.0	0.014835183960458074	pass	
Cardamine_amara	mito	True	True	1.0	True	0.0	304383.0	3.1794172960755707	1.0	0.01314186558265933	pass	
Cardamine_bulbifera	mito	True	True	1.0	True	0.0	290755.0	-0.26390919583191746	1.0	0.01885003546672098	pass	
Cardamine_flexuosa	mito	True	True	1.0	True	0.0	292844.0	0.26390919583191746	1.0	0.19184278951930128	flag	elevated_cross_organelle_alignment(>15%)
Cardamine_hirsuta	mito	True	True	1.0	True	0.0	290587.0	-0.30635701287333644	1.0	0.19188243526941917	flag	elevated_cross_organelle_alignment(>15%)
Cardamine_pratensis	mito	True	True	1.0	True	0.0	295926.0	1.042624506079854	1.0	0.013540237844748372	pass	
Cardamine_raphanifolia	mito	True	True	1.0	True	0.0	279240.0	-3.173353322212511	1.0	0.014707796904383046	pass	
Carduus_crispus	mito	True	True	1.0	True	0.0	325619.0	0.0	1.0	0.04045354536035669	pass	
Carduus_nutans	mito	True	True	1.0	True	0.0	322691.0	-0.6744907594765952	1.0		pass	
Carduus_tenuiflorus	mito	True	True	1.0	True	0.0	344372.0	4.319919813000202	1.0	0.03764974176671809	flag	size_outlier(|z|>4)
Carex_acutiformis	mito	True	True	2.0	True	0.0	1350726.0	-0.08942774648772682	1.0		pass	
Carex_aquatilis	mito	True	True	1.0	False	8.0	1355784.0	-0.06621549483992335	1.0	0.0028144381193837115	fail	dead_end_nodes>2;non_circular
Carex_arenaria	mito	True	True	1.0	False	0.0	1397042.0	0.12312635539437387	1.0	0.009208818236096287	flag	non_circular
Carex_atrata	mito	True	True	1.0	True	0.0	1310914.0	-0.27213359120942543	1.0	0.006311513593083273	pass	
Carex_bigelowii	mito	True	True	1.0	True	0.0	1184025.0	-0.8544545479785306	1.0	0.0023520760648923474	pass	
Carex_buxbaumii	mito	True	True	1.0	True	0.0	1078479.0	-1.3388278798130628	1.0	0.003071262009480259	pass	
Carex_canescens	mito	True	True	1.0	False	0.0	1593869.0	1.0264078609464127	1.0	0.013955470726125508	flag	non_circular
Carex_capillaris	mito	True	True	1.0	True	0.0	1225043.0	-0.6662141094475692	1.0	0.005008235946450901	pass	
Carex_caryophyllea	mito	True	True	2.0	True	0.0	1280156.0	-0.41328867942277836	1.0		pass	
Carex_depauperata	mito	True	True	3.0	True	1.0	1702510.0	1.5249848145385474	1.0	0.016501659611837458	flag	dead_end_nodes>0
Carex_distans	mito	True	True	2.0	True	0.0	2122105.0	3.450596663126941	1.0		pass	
Carex_disticha	mito	True	True	1.0	True	0.0	1168451.0	-0.9259269890941675	1.0	0.007292066638559956	pass	
Carex_divulsa	mito	True	True	2.0	True	0.0	1373558.0	0.015353220222958975	1.0	0.014458434631154976	pass	
Carex_echinata	mito	True	True	1.0	False	0.0	1366741.0	-0.015931461367210308	1.0	0.005915935586170856	flag	non_circular
Carex_elata	mito	True	True	1.0	False	0.0	1327453.0	-0.19623255720329227	1.0	0.0009043597993196919	flag	non_circular
Carex_extensa	mito	True	True	2.0	True	0.0	1883418.0	2.355210599651404	1.0	0.010212579127133161	pass	
Carex_hirta	mito	True	True	1.0	True	0.0	1413439.0	0.19837572080936666	1.0	0.03182247940722805	pass	
Carex_lachenalii	mito	True	True	1.0	False	0.0	1603180.0	1.069138045820414	1.0	0.013989579348545516	flag	non_circular
Carex_laevigata	mito	True	True	1.0	False	0.0	2738350.0	6.278677726136164	1.0	0.03299186943081678	flag	non_circular;size_outlier(|z|>4)
Carex_lepidocarpa	mito	True	True	2.0	True	0.0	1340403.0	-0.13680221737746093	1.0	0.00630807881175396	pass	
Carex_leporina	mito	True	True	1.0	True	0.0	1366867.0	-0.015353220222958975	1.0	0.005938961558300058	pass	
Carex_montana	mito	True	True	1.0	False	0.0	1239416.0	-0.6002533160640423	1.0	0.0042476728554760815	flag	non_circular
Carex_nigra	mito	True	True	1.0	True	0.0	1446556.0	0.35035676822342504	1.0	0.0024379774739276554	pass	
Carex_otrubae	mito	True	True	1.0	False	3.0	1143535.0	-1.0402718807621532	1.0	0.00767080543457063	fail	dead_end_nodes>2;non_circular
Carex_pallescens	mito	True	True	1.0	True	0.0	1518009.0	0.6782699783836664	1.0	0.0017911900894818237	pass	
Carex_panicea	mito	True	True	1.0	True	0.0	1239530.0	-0.5997301455049577	1.0	0.00399432610252409	pass	
Carex_paniculata	mito	True	True	2.0	True	0.0	2327147.0	4.39157857344108	1.0	0.01124053795526824	flag	size_outlier(|z|>4)
Carex_pendula	mito	True	True	2.0	True	0.0	1795118.0	1.949982877132415	1.0	0.008622924997946538	pass	
Carex_pseudocyperus	mito	True	True	1.0	False	0.0	1153844.0	-0.9929616588884469	1.0	0.0030177747972594594	flag	non_circular
Carex_pulicaris	mito	True	True	1.0	False	0.0	1598797.0	1.0490235145882427	1.0	0.012744021527113918	flag	non_circular
Carex_remota	mito	True	True	2.0	True	0.0	1508171.0	0.6331212769777569	1.0	0.026556800656880136	pass	
Carex_riparia	mito	True	True	1.0	True	1.0	1205403.0	-0.756346300503888	1.0		flag	dead_end_nodes>0
Carex_rostrata	mito	True	True	1.0	False	0.0	1516362.0	0.6707115405695241	1.0	0.0028618759246121965	flag	non_circular
Carex_rupestris	mito	True	True	2.0	True	0.0	1432003.0	0.28356991606239623	1.0	0.004503054089162821	pass	
Carex_saxatilis	mito	True	True	1.0	True	0.0	1654818.0	1.3061159522239876	1.0	0.0025408439639540885	pass	
Carex_spicata	mito	True	True	1.0	True	0.0	1329841.0	-0.18527351075510037	1.0	0.015055562281483765	pass	
Carex_strigosa	mito	True	True	1.0	False	0.0	1547696.0	0.8145100168708831	1.0	0.006523353580141995	flag	non_circular
Carex_sylvatica	mito	True	True	1.0	True	0.0	1834260.0	2.1296139475156344	1.0	0.007548795863323705	pass	
Carex_vaginata	mito	True	True	1.0	True	0.0	1140576.0	-1.0538513692211982	1.0	0.0031680343461907407	pass	
Carex_viridula	mito	True	True	3.0	True	0.0	1276880.0	-0.428322949173313	1.0	0.05816186121582931	pass	
Carlina_vulgaris	mito	True	True	1.0	False	0.0	308208.0	-0.17688897012402977	1.0		flag	non_circular
Carpinus_betulus	mito	True	True	2.0	True	0.0	737693.0	1.9541094544063111	1.0	0.05289762635892108	pass	
Carpobrotus_edulis	mito	True	True	2.0	True	0.0	2388281.0	10.143919174300338	1.0	0.044281796374752554	flag	size_outlier(|z|>4)
Castanea_sativa	mito	True	True	1.0	True	0.0	411476.0	0.33550132361009194	1.0	0.009610809993641703	pass	
Centaurea_cyanus	mito	True	True	1.0	True	0.0	303723.0	-0.1991424316745346	1.0	0.11884139106868505	pass	
Centaurea_nigra	mito	True	True	1.0	True	0.0	307006.0	-0.18285299705462213	1.0	0.01955389450224743	pass	
Centaurium_erythraea	mito	True	True	1.0	True	0.0	345606.0	0.00867066311248768	1.0	0.19176836843566847	flag	elevated_cross_organelle_alignment(>15%)
Centaurium_intermedium	mito	True	True	1.0	True	0.0	298665.0	-0.2242389776104217	1.0	0.17627738184299982	flag	elevated_cross_organelle_alignment(>15%)
Centranthus_ruber	mito	True	True	8.0	True	0.0	1091852.0	3.71135888345096	0.926829268292683	0.0431057864326633	flag	fragmented(n_subgraphs>=5)
Cephalanthera_damasonium	mito	True	True	19.0	True	0.0	497815.0	0.7638941032776592	0.8292682926829268	0.04121250891912506	fail	fragmented(n_subgraphs>=10)
Cephalanthera_longifolia	mito	True	True	20.0	True	0.0	589098.0	1.2168177890557494	0.9024390243902439	0.04268683435146939	fail	fragmented(n_subgraphs>=10)
Cephalozia_bicuspidata	mito	True	True	1.0	True	0.0	151863.0	-0.9526342200936355	1.0	0.0	pass	
Cerastium_arvense	mito	False	False								fail	missing_gfa
Cerastium_diffusum	mito	True	True	1.0	False	11.0	443791.0	2.063006039408695	0.9512195121951219	0.0	fail	dead_end_nodes>2;non_circular
Cerastium_fontanum	mito	True	True	1.0	True	0.0	276407.0	0.3703806275417614	1.0	0.004018754186202277	pass	
Cerastium_glomeratum	mito	True	True	1.0	False	0.0	143006.0	-0.9786008914114291	0.6829268292682927	0.0014335062864495197	flag	non_circular;core_gene_pct<0.80
Cerastium_semidecandrum	mito	True	True	3.0	False	27.0	203153.0	-0.3703806275417614	0.6585365853658537	0.0	fail	dead_end_nodes>2;non_circular;core_gene_pct<0.80
Ceratocapnos_claviculata	mito	True	True	3.0	True	0.0	553646.0	1.0409137268732527	1.0	0.014240782171601244	pass	
Ceratodon_purpureus	mito	True	True	1.0	True	0.0	107223.0	-1.1741268674993295	1.0	0.0071147654849397874	pass	
Ceratophyllum_demersum	mito	True	True	4.0	True	0.0	864034.0	2.5809822717423945	1.0	0.047288936289490054	pass	
Chaenorhinum_minus	mito	True	True	1.0	True	0.0	457420.0	0.5634640967374933	1.0	0.0358586067852867	pass	
Chamaemelum_nobile	mito	True	True	1.0	True	0.0	224527.0	-0.5920934107054784	1.0	0.0030293888962062534	pass	
Chamaenerion_angustifolium	mito	True	True	1.0	True	0.0	486356.0	0.7070373773228686	1.0		pass	
Chelidonium_majus	mito	True	True	1.0	False	0.0	668083.0	1.6087218382344843	1.0	0.009377536964942222	flag	non_circular
Chenopodium_album	mito	True	True	1.0	True	0.0	306277.0	-0.18647011488523932	1.0	0.008685065713162764	pass	
Chionoloma_tenuirostre	mito	True	True	2.0	True	0.0	193539.0	-0.7458482081474058	1.0	0.003944116346228894	pass	
Chrysosplenium_alternifolium	mito	True	True	2.0	True	0.0	309406.0	-0.17094479020485365	1.0	0.013821927447096842	pass	
Chrysosplenium_oppositifolium	mito	True	True	3.0	True	0.0	423930.0	0.39729499365468224	1.0	0.009903481194647856	pass	
Cicerbita_alpina	mito	True	True	1.0	False	2.0	307526.0	0.0	1.0	0.013144241872265683	flag	dead_end_nodes>0;non_circular
Cicerbita_macrophylla	mito	True	True	1.0	True	0.0	315945.0	0.6744907594765952	1.0	0.013159469517790075	pass	
Cicerbita_muralis	mito	True	True	5.0	False	0.0	228008.0	-6.3706088860981	0.8292682926829268	0.01477141152942002	flag	fragmented(n_subgraphs>=5);non_circular;size_outlier(|z|>4)
Cichorium_intybus	mito	False	False								fail	missing_gfa
Cicuta_virosa	mito	True	True	2.0	False	5.0	390966.0	0.23373577257311207	1.0	0.11122923517045925	fail	dead_end_nodes>2;non_circular
Circaea_lutetiana	mito	True	True	2.0	True	0.0	430298.0	0.42889143582940126	1.0	0.006286477776974609	pass	
Cirsium_acaule	mito	True	True	1.0	True	0.0	348572.0	1.2253434958948082	1.0	0.03055193038104323	pass	
Cirsium_arvense	mito	True	True	1.0	False	3.0	329238.0	0.19698576829284525	1.0	0.02838329890211631	fail	dead_end_nodes>2;non_circular
Cirsium_dissectum	mito	True	True	1.0	True	0.0	337137.0	0.6171263336351389	1.0	0.03635582729087188	pass	
Cirsium_eriophorum	mito	True	True	1.0	False	1.0	311775.0	-0.7318551853180516	1.0		flag	dead_end_nodes>0;non_circular
Cirsium_heterophyllum	mito	True	True	1.0	True	0.0	295829.0	-1.5800083002627554	1.0	0.01943227757540161	pass	
Cirsium_vulgare	mito	True	True	1.0	True	0.0	321831.0	-0.19698576829284525	1.0	0.017022178470736855	pass	
Claytonia_perfoliata	mito	True	True	1.0	True	0.0	340359.0	-0.017363654112818674	0.975609756097561	0.0508127760847992	pass	
Claytonia_sibirica	mito	True	True	1.0	True	0.0	362739.0	0.09368037476127246	1.0	0.07299640881663888	pass	
Clematis_vitalba	mito	True	True	1.0	True	0.0	729178.0	1.9118601288539034	1.0	0.012330440744196092	pass	
Clematis_viticella	mito	True	True	10.0	False	0.0	228506.0	-0.5723505960991331	0.5121951219512195	0.031596544510866235	fail	fragmented(n_subgraphs>=10);non_circular;core_gene_pct<0.80
Climacium_dendroides	mito	True	True	1.0	True	0.0	107465.0	-1.1729261233086443	1.0	0.007228479063158598	pass	
Clinopodium_vulgare	mito	True	True	1.0	True	0.0	197277.0	-0.7273011759788914	0.9512195121951219	0.05853037580655136	pass	
Cochlearia_officinalis	mito	True	True	2.0	True	0.0	411807.0	0.33714366380478916	1.0	0.011865751762124819	pass	
Codriophorus_aciculare	mito	True	True	1.0	True	0.0	106879.0	-1.1758337104811296	1.0	0.007156344410876133	pass	
Coincya_wrightii	mito	True	True	2.0	True	0.0	254963.0	-0.44107750083899766	1.0	0.030502068005406762	pass	
Colchicum_autumnale	mito	True	True	1.0	False	1.0	590801.0	1.225267654166231	1.0	0.048395079956577984	flag	dead_end_nodes>0;non_circular
Colura_calyptrifolia	mito	True	True	1.0	True	0.0	133575.0	-1.0433747562888713	1.0	0.0	pass	
Comarum_palustre	mito	True	True	1.0	True	0.0	359018.0	0.07521769239127724	0.975609756097561	0.08582791912077237	pass	
Conium_maculatum	mito	True	True	1.0	True	0.0	575110.0	1.1474127901330153	1.0	0.11210852407124576	pass	
Conocephalum_conicum	mito	True	True	1.0	True	0.0	187418.0	-0.7762190973671695	1.0	0.0	pass	
Conopodium_majus	mito	True	True	2.0	True	0.0	335549.0	-0.04122968534089635	1.0	0.20058729280494272	flag	elevated_cross_organelle_alignment(>15%)
Convallaria_majalis	mito	False	False								fail	missing_gfa
Convolvulus_arvensis	mito	True	True	1.0	True	0.0	320870.0	-0.11406325548579285	1.0	0.11259010044304478	pass	
Cornus_suecica	mito	True	True	1.0	True	0.0	379645.0	0.1775637685121833	1.0	0.03409211974857062	pass	
Corylus_avellana	mito	True	True	1.0	False	0.0	628462.0	1.4121322284033688	1.0		flag	non_circular
Corylus_colurna	mito	True	True	1.0	False	0.0	605959.0	1.300477903928227	1.0	0.07909529705428615	flag	non_circular
Corynephorus_canescens	mito	True	True	2.0	True	0.0	484912.0	0.6998726062015913	1.0	0.024767169291236204	pass	
Cotoneaster_cambricus	mito	True	True	2.0	True	0.0	424107.0	0.39817322390985266	1.0	0.0070305167926281225	pass	
Cotoneaster_horizontalis	mito	True	True	1.0	True	0.0	434516.0	0.44982010936786937	1.0	0.006980061659166522	pass	
Crassula_aquatica	mito	True	True	1.0	True	0.0	73047.0	-1.3436997330400327	0.7073170731707317	0.0027942908802016274	flag	core_gene_pct<0.80
Crassula_helmsii	mito	True	True	1.0	True	0.0	87160.0	-1.27367451501054	0.7073170731707317	0.0125450986865376	flag	core_gene_pct<0.80
Crataegus_laevigata	mito	True	True	1.0	True	0.0	455503.0	0.5539524165162407	1.0	0.0052555759986775185	pass	
Crataegus_monogyna	mito	True	True	1.0	True	0.0	458579.0	0.5692147682953607	1.0	0.0052555759986775185	pass	
Cratoneuron_filicinum	mito	True	True	1.0	True	0.0	103934.0	-1.1904460726363664	1.0		pass	
Crepis_paludosa	mito	True	True	1.0	True	0.0	247500.0	-0.4781070623889236	1.0	0.01870124783777021	pass	
Crithmum_maritimum	mito	True	True	1.0	False	0.0	243722.0	-0.4968525646716008	1.0	0.014889916597493972	flag	non_circular
Crocosmia_x_crocosmiiflora	mito	True	True	1.0	True	0.0	388605.0	0.22202107408465233	0.975609756097561	0.03696565685482634	pass	
Crocus_tommasinianus	mito	True	True	2.0	False	1.0	476332.0	0.657300766713669	1.0	0.041277433643054584	flag	dead_end_nodes>0;non_circular
Cruciata_laevipes	mito	True	True	2.0	True	0.0	234125.0	-0.5444705068121126	1.0	0.09153507994622703	pass	
Cryphaea_heteromalla	mito	True	True	1.0	True	0.0	104939.0	-1.1854595110180257	1.0	0.007391948821969106	pass	
Cryptogramma_crispa	mito	False	False								fail	missing_gfa
Ctenidium_molluscum	mito	True	True	1.0	False	0.0	103899.0	-1.1906197339862588	1.0	0.007295546636637504	flag	non_circular
Cuscuta_epithymum	mito	True	True	1.0	True	0.0	430279.0	0.4287971625251739	1.0	0.02992748491004845	pass	
Cymbalaria_muralis	mito	True	True	1.0	False	0.0	561063.0	1.0777150477918913	1.0	0.18119687384973593	flag	non_circular;elevated_cross_organelle_alignment(>15%)
Cynodontium_bruntonii	mito	True	True	1.0	True	0.0	107354.0	-1.1734768778754463	1.0	0.007147841502744092	pass	
Cynoglossum_officinale	mito	True	True	1.0	False	2.0	11401.0	-1.6495719494820444	0.024390243902439025	0.0	fail	core_gene_pct<0.50;dead_end_nodes>0;non_circular
Cynosurus_cristatus	mito	True	True	1.0	True	0.0	540710.0	0.9767284919530005	0.975609756097561	0.019137507186264446	pass	
Cyperus_fuscus	mito	True	True	1.0	True	0.0	896795.0	2.7435342569945886	1.0		pass	
Cystopteris_fragilis	mito	True	True	1.0	False	0.0	189986.0	-0.7634773160379172	0.9024390243902439	0.022159527544134833	flag	non_circular
Cystopteris_montana	mito	True	True	1.0	False	0.0	196865.0	-0.7293454181547683	0.9024390243902439	0.019114621695070225	flag	non_circular
Cytisus_scoparius	mito	True	True	1.0	True	0.0	450465.0	0.5289551056374351	1.0	0.007969242135127397	pass	
Daboecia_cantabrica	mito	True	True	1.0	True	0.0	479213.0	0.6715955766862453	1.0	0.0035463171128228437	pass	
Dactylis_glomerata	mito	True	True	1.0	True	0.0	577165.0	1.1576091922481297	1.0	0.022763816554583607	pass	
Dactylorhiza_fuchsii	mito	True	True	14.0	True	0.0	590883.0	0.4672622311443019	0.8780487804878049	0.04887583335638607	fail	fragmented(n_subgraphs>=10)
Dactylorhiza_incarnata	mito	True	True	4.0	False	0.0	135526.0	-1.2428622904274569	0.3170731707317073	0.136025559671207	fail	core_gene_pct<0.50;non_circular
Dactylorhiza_purpurella	mito	True	True	11.0	True	0.0	701241.0	0.8817192878088885	0.926829268292683	0.052919034200598396	fail	fragmented(n_subgraphs>=10)
Dactylorhiza_viridis	mito	True	True	6.0	True	0.0	342046.0	-0.4672622311443019	0.5365853658536586	0.03449159103742556	flag	fragmented(n_subgraphs>=5);core_gene_pct<0.80
Damasonium_alisma	mito	True	True	4.0	True	0.0	210577.0	-0.6613098630197577	0.926829268292683	0.050400828506769975	pass	
Danthonia_decumbens	mito	True	True	1.0	True	0.0	391620.0	0.236980758939674	1.0	0.0335199285625126	pass	
Daphne_laureola	mito	True	True	5.0	True	2.0	350075.0	0.030844736617327412	1.0	0.008585661685076889	flag	dead_end_nodes>0;fragmented(n_subgraphs>=5)
Daphne_mezereum	mito	True	True	2.0	True	0.0	894036.0	2.729844780870209	1.0	0.013898685476114139	pass	
Dasiphora_fruticosa	mito	True	True	1.0	True	0.0	288501.0	-0.27467023361919124	0.975609756097561	0.021801831783735813	pass	
Datura_stramonium	mito	True	True	1.0	True	0.0	349377.0	0.027381433125186413	1.0	0.03395876228866398	pass	
Daucus_carota	mito	True	True	1.0	True	1.0	260895.0	-0.41164438290865324	1.0	0.1116558316918294	flag	dead_end_nodes>0
Deschampsia_cespitosa	mito	True	True	1.0	True	0.0	565126.0	1.0978746496379785	1.0	0.030161329582278417	pass	
Descurainia_sophia	mito	True	True	1.0	True	0.0	266404.0	-0.3843100864355805	1.0	0.10445669860784668	pass	
Dianthus_deltoides	mito	True	True	1.0	False	0.0	495344.0	0.7516336119752517	0.926829268292683	0.024608048976708593	flag	non_circular
Diapensia_lapponica	mito	True	True	1.0	False	0.0	1439112.0	5.434377179555378	1.0	0.0020987875395329226	flag	non_circular;size_outlier(|z|>4)
Dichodontium_palustre	mito	True	True	1.0	True	0.0	108322.0	-1.1686739011127063	1.0	0.007162701037552208	pass	
Dicranodontium_denudatum	mito	True	True	1.0	True	0.0	102799.0	-1.196077662125736	1.0	0.007447435645509923	pass	
Dicranoweisia_cirrata	mito	True	True	1.0	True	0.0	105879.0	-1.1807954633351998	1.0	0.0071621596084434115	pass	
Dicranum_bonjeanii	mito	True	True	1.0	True	0.0	105810.0	-0.6744907594765952	1.0	0.0071663578262678215	pass	
Dicranum_flexicaule	mito	True	True	1.0	True	0.0	106573.0	-0.25642703122262106	1.0	0.0071723250444722005	pass	
Dicranum_fuscescens	mito	True	True	3.0	True	20.0	587135.0	263.0535878798997	0.9512195121951219	0.007436244669940452	fail	dead_end_nodes>2;size_outlier(|z|>4)
Dicranum_majus	mito	True	True	1.0	True	0.0	107460.0	0.22957890188520988	1.0	0.00718933171462716	pass	
Dicranum_scoparium	mito	True	True	1.0	True	0.0	107041.0	0.0	1.0	0.07934826806872879	pass	
Dicranum_scottianum	mito	True	True	2.0	True	0.0	138839.0	17.4227921769592	1.0	0.005478026465083001	flag	size_outlier(|z|>4)
Dicranum_tauricum	mito	True	True	1.0	True	0.0	105690.0	-0.7402412803029083	1.0	0.007174836957036168	pass	
Didymodon_insulanus	mito	True	True	1.0	True	0.0	105642.0	-1.1819713987616145	1.0	0.007178030303030303	pass	
Didymodon_rigidulus	mito	True	True	1.0	True	0.0	107595.0	-1.1722810954376153	1.0	0.007133513396512295	pass	
Digitalis_purpurea	mito	True	True	1.0	True	0.0	363496.0	0.09743642167180361	1.0	0.12847817546525273	pass	
Digitaria_sanguinalis	mito	True	True	1.0	False	0.0	374806.0	0.1535538464513376	1.0	0.028114836293022492	flag	non_circular
Dilutineuron_fasciculare	mito	True	True	1.0	True	0.0	110006.0	-1.160318309306452	1.0	0.007115232981639319	pass	
Dioscorea_communis	mito	True	True	2.0	True	0.0	567743.0	1.1108595568570803	1.0	0.0490694754010173	pass	
Diphasiastrum_alpinum	mito	False	False								fail	missing_gfa
Dipsacus_fullonum	mito	True	True	4.0	True	0.0	552701.0	1.0362248704261563	1.0	0.032634761755812744	pass	
Disphyma_crassifolium	mito	True	True	1.0	True	0.0	1786658.0	7.158814536976061	1.0	0.05108483285950843	flag	size_outlier(|z|>4)
Distichium_capillaceum	mito	True	True	1.0	True	0.0	109349.0	-1.1635781809315762	1.0	0.007078885682533457	pass	
Ditrichum_cornubicum	mito	True	True	1.0	True	0.0	107328.0	-1.173605883449652	1.0	0.0071576283510070724	pass	
Doronicum_pardalianches	mito	True	True	3.0	True	0.0	349663.0	0.02880049444145049	1.0	0.01223716656752964	pass	
Douinia_ovata	mito	True	True	1.0	True	0.0	146013.0	-0.9816604742899463	1.0	0.0	pass	
Draba_incana	mito	True	True	1.0	True	0.0	284340.0	-0.2953160872449773	1.0	0.015384071921860925	pass	
Draba_verna	mito	True	True	1.0	True	0.0	281090.0	-0.3114417840207055	1.0	0.012388290312701094	pass	
Dracunculus_vulgaris	mito	True	True	6.0	True	0.0	720519.0	1.8688963108905094	1.0	0.010408728035327247	flag	fragmented(n_subgraphs>=5)
Drosera_anglica	mito	True	True	2.0	True	0.0	493587.0	0.7429158122106503	1.0	0.1521397127225456	flag	elevated_cross_organelle_alignment(>15%)
Drosera_rotundifolia	mito	True	True	1.0	True	0.0	494166.0	0.7457886671131569	1.0	0.06850994610167846	pass	
Dryas_octopetala	mito	True	True	1.0	True	0.0	352388.0	0.04232127096879179	1.0	0.01029794502761315	pass	
Dryopteris_borreri	mito	True	True	1.0	False	0.0	188835.0	-0.6744907594765952	0.9024390243902439	0.03307649535308603	flag	non_circular
Dryopteris_dilatata	mito	True	True	1.0	False	0.0	209527.0	22.470721172678807	0.9024390243902439	0.029810000620445098	flag	non_circular;size_outlier(|z|>4)
Dryopteris_filix_mas	mito	True	True	1.0	False	0.0	189438.0	0.0	0.9024390243902439	0.0284895321952301	flag	non_circular
Echium_vulgare	mito	True	True	1.0	True	0.0	332685.0	-0.05544014551495341	1.0	0.5375402446877012	fail	high_cross_organelle_alignment(>35%)
Eleocharis_parvula	mito	True	True	1.0	False	0.0	1266152.0	4.576192405915396	1.0	0.0022897595089382537	flag	non_circular;size_outlier(|z|>4)
Eleocharis_quinqueflora	mito	True	True	1.0	True	0.0	1967042.0	8.05383536380466	1.0	0.015774057916970022	flag	size_outlier(|z|>4)
Elodea_nuttallii	mito	True	True	1.0	True	0.0	287656.0	-0.27886291478088054	0.9024390243902439	0.113133876884029	pass	
Empetrum_nigrum	mito	True	True	2.0	True	0.0	562907.0	1.0868645200547968	1.0	0.011606578959072755	pass	
Encalypta_ciliata	mito	True	True	1.0	True	0.0	109007.0	-1.1652751004076682	1.0	0.006957256014171508	pass	
Entodon_concinnus	mito	True	True	1.0	True	0.0	106608.0	-1.1771783455045826	1.0	0.007198002032153608	pass	
Epilobium_alsinifolium	mito	True	True	1.0	True	0.0	423105.0	-0.46520951448011894	1.0	0.025095664013897692	pass	
Epilobium_anagallidifolium	mito	True	True	1.0	True	0.0	423843.0	0.0	1.0	0.02505226056225803	pass	
Epilobium_brunnescens	mito	True	True	1.0	True	0.0	422773.0	-0.6744907594765952	1.0	0.024788837993931653	pass	
Epilobium_ciliatum	mito	True	True	1.0	True	0.0	422120.0	-1.08611923231605	1.0	0.024931579453432988	pass	
Epilobium_hirsutum	mito	True	True	1.0	False	0.0	430790.0	4.379147015031689	1.0	0.024654665183702566	flag	non_circular;size_outlier(|z|>4)
Epilobium_palustre	mito	True	True	1.0	True	0.0	424279.0	0.27483922535681826	1.0	0.024886046255738658	pass	
Epilobium_parviflorum	mito	True	True	1.0	True	0.0	433969.0	6.383077972392527	1.0	0.024140765873178087	flag	size_outlier(|z|>4)
Epipactis_purpurata	mito	True	True	18.0	True	0.0	411351.0	0.33488110450333314	0.8780487804878049	0.03135334359932346	fail	fragmented(n_subgraphs>=10)
Equisetum_arvense	mito	True	True	1.0	True	0.0	231436.0	0.0	1.0	0.0065183159796394175	pass	
Equisetum_fluviatile	mito	True	True	1.0	True	0.0	231184.0	-0.1027019162465873	1.0	0.006588173365191251	pass	
Equisetum_hyemale	mito	False	False								fail	missing_gfa
Equisetum_palustre	mito	False	False								fail	missing_gfa
Equisetum_pratense	mito	True	True	1.0	True	0.0	235062.0	1.4777664615481172	1.0	0.006702592338459994	pass	
Equisetum_sylvaticum	mito	True	True	1.0	True	0.0	229781.0	-0.6744907594765952	1.0	0.006560259705126471	pass	
Equisetum_telmateia	mito	True	True	1.0	True	0.0	238735.0	2.9746876455707967	1.0	0.006578163944927382	pass	
Equisetum_variegatum	mito	False	False								fail	missing_gfa
Eranthis_hyemalis	mito	True	True	1.0	False	0.0	765498.0	2.092070992513733	1.0	0.0166937511092873	flag	non_circular
Erica_ciliaris	mito	True	True	1.0	True	0.0	623378.0	0.5055403074786351	1.0	0.0043358072411307635	pass	
Erica_cinerea	mito	True	True	1.0	False	0.0	655166.0	6.062288334494836	1.0	0.004327503246009318	flag	non_circular;size_outlier(|z|>4)
Erica_mackaiana	mito	True	True	1.0	True	0.0	617594.0	-0.5055403074786351	1.0	0.005207466688274012	pass	
Erica_tetralix	mito	True	True	1.0	False	0.0	615661.0	-0.8434412114745554	1.0	0.0041979673000441895	flag	non_circular
Erigeron_borealis	mito	True	True	1.0	True	0.0	256338.0	-0.4342550906646512	1.0	0.021579128185437422	pass	
Erinus_alpinus	mito	True	True	16.0	True	0.0	443222.0	0.49301712971540457	0.8536585365853658	0.010493946676081682	fail	fragmented(n_subgraphs>=10)
Eriocaulon_aquaticum	mito	True	True	1.0	True	0.0	241591.0	-0.5074260600036244	0.8048780487804879	0.06292449143303783	pass	
Eriophorum_angustifolium	mito	True	True	1.0	True	0.0	2839378.0	0.6744907594765952	1.0	0.012346323893946479	pass	
Eriophorum_latifolium	mito	True	True	1.0	False	0.0	2808345.0	0.0	1.0	0.00907723232010312	flag	non_circular
Eriophorum_vaginatum	mito	True	True	1.0	True	0.0	1787323.0	-22.19153495383341	1.0		flag	size_outlier(|z|>4)
Erodium_cicutarium	mito	True	True	7.0	True	0.0	189538.0	-1.0529642546496263	0.8048780487804879	0.012251206070330402	flag	fragmented(n_subgraphs>=5)
Erodium_maritimum	mito	True	True	3.0	True	0.0	303841.0	0.6744907594765952	0.9512195121951219	0.13187627338396	pass	
Erodium_moschatum	mito	True	True	6.0	True	0.0	259211.0	0.0	0.9512195121951219	0.05264883786164963	flag	fragmented(n_subgraphs>=5)
Eryngium_campestre	mito	True	True	1.0	True	0.0	239935.0	-0.5156427227299647	1.0	0.014219656487769378	pass	
Eryngium_maritimum	mito	True	True	1.0	True	0.0	238514.0	-0.5226933735355984	1.0	0.01560539979231568	pass	
Erythranthe_lutea	mito	True	True	2.0	True	0.0	512442.0	0.836469662274144	1.0	0.03001389728329285	pass	
Euonymus_europaeus	mito	True	True	2.0	True	0.0	1444958.0	5.463383586740273	1.0	0.013357548653390302	flag	size_outlier(|z|>4)
Eupatorium_cannabinum	mito	True	True	1.0	False	1.0	266581.0	-0.3834318561804101	1.0	0.022219454089656355	flag	dead_end_nodes>0;non_circular
Euphorbia_amygdaloides	mito	True	True	2.0	True	0.0	858721.0	0.20561551589529617	1.0	0.009307790128580122	pass	
Euphorbia_exigua	mito	True	True	4.0	False	3.0	648005.0	-0.8330400684982702	0.926829268292683	0.01271628798831246	fail	dead_end_nodes>2;non_circular
Euphorbia_helioscopia	mito	True	True	1.0	False	0.0	632568.0	-0.9091317096469418	1.0	0.012315340641095787	flag	non_circular
Euphorbia_lathyris	mito	True	True	4.0	True	0.0	1021757.0	1.0092481392233277	1.0	0.02022883583852481	pass	
Euphorbia_maculata	mito	True	True	2.0	True	0.0	696573.0	-0.5936400019498034	1.0	0.0219138314574567	pass	
Euphorbia_paralias	mito	True	True	3.0	True	0.0	832969.0	0.07867945689026987	1.0	0.016069006711778952	pass	
Euphorbia_peplus	mito	True	True	3.0	True	3.0	801045.0	-0.07867945689026987	1.0	0.008323454233506906	fail	dead_end_nodes>2
Euphorbia_portlandica	mito	True	True	4.0	True	2.0	970246.0	0.7553415170033871	1.0	0.013701122993712435	flag	dead_end_nodes>0
Euphrasia_anglica	mito	True	True	2.0	True	0.0	418738.0	-0.6742664973541466	1.0	0.035497096487411804	pass	
Euphrasia_confusa	mito	True	True	2.0	True	0.0	433776.0	0.674715021599044	1.0	0.03647564255996887	pass	
Euphrasia_foulaensis	mito	False	False								fail	missing_gfa
Euphrasia_nemorosa	mito	True	True	2.0	True	0.0	433771.0	0.6742664973541466	1.0	0.036476055165423876	pass	
Euphrasia_tetraquetra	mito	True	True	2.0	True	0.0	395902.0	-2.722766428649203	1.0	0.05136498286752466	pass	
Eurhynchium_striatum	mito	True	True	1.0	True	0.0	104743.0	-1.1864320145774234	1.0	0.007240009169404753	pass	
Exsertotheca_crispa	mito	True	True	1.0	True	0.0	105973.0	-1.180329058566917	1.0	0.007241738399365631	pass	
Fagus_sylvatica	mito	True	True	1.0	True	0.0	508244.0	0.8156402237927572	1.0	0.009159624738713928	pass	
Fallopia_baldschuanica	mito	True	True	1.0	False	0.0	360787.0	0.0	1.0	0.06290389205703212	flag	non_circular
Fallopia_convolvulus	mito	True	True	1.0	True	0.0	359074.0	-0.6744907594765952	1.0	0.0321080401725563	pass	
Fallopia_sachalinensis	mito	True	True	2.0	True	0.0	654827.0	115.77773667046004	1.0	0.03265747889458114	flag	size_outlier(|z|>4)
Festuca_arundinacea	mito	True	True	2.0	True	0.0	419487.0	-0.6744907594765952	1.0	0.03221402046374607	pass	
Festuca_gigantea	mito	True	True	1.0	True	0.0	510071.0	8.027698523592468	1.0	0.023933837417008663	flag	size_outlier(|z|>4)
Festuca_heterophylla	mito	True	True	1.0	True	0.0	427174.0	0.06398103486845355	0.975609756097561	0.03142630766498641	pass	
Festuca_rubra	mito	True	True	1.0	False	0.0	402865.0	-2.271326737830101	0.975609756097561	0.1041798891678113	flag	non_circular
Festuca_vivipara	mito	True	True	1.0	False	1.0	426508.0	0.0	1.0	0.021498374281540972	flag	dead_end_nodes>0;non_circular
Ficaria_verna	mito	True	True	1.0	True	0.0	819239.0	2.35872055264432	1.0	0.0972348016936416	pass	
Ficus_carica	mito	True	True	2.0	True	0.0	482210.0	0.6864659499898936	1.0	0.028225512969012868	pass	
Filago_lutescens	mito	True	True	1.0	True	0.0	234771.0	-0.5412652144683833	1.0	0.015776865615466023	pass	
Filago_pyramidata	mito	True	True	1.0	True	0.0	224565.0	-0.5919048640970237	1.0	0.015962117410938285	pass	
Filipendula_ulmaria	mito	True	True	1.0	False	0.0	868182.0	2.601563622581078	0.975609756097561	0.24563309189573965	flag	non_circular;elevated_cross_organelle_alignment(>15%)
Filipendula_vulgaris	mito	True	True	6.0	True	0.0	842722.0	2.4752373949164506	1.0	0.08074342400772533	flag	fragmented(n_subgraphs>=5)
Fissidens_adianthoides	mito	True	True	1.0	True	0.0	104654.0	-0.6020761073855497	1.0	0.007063996558810878	pass	
Fissidens_bryoides	mito	True	True	1.0	True	0.0	106581.0	1.3913958151779457	1.0	0.007069944021539117	pass	
Fissidens_dubius	mito	True	True	1.0	True	0.0	105888.0	0.6744907594765952	1.0	0.007057048453942971	pass	
Fissidens_pusillus	mito	True	True	1.0	True	0.0	103399.0	-1.9003673698750083	1.0	0.007333520380027283	pass	
Fissidens_taxifolius	mito	True	True	1.0	True	0.0	105236.0	0.0	1.0	0.007025983780340556	pass	
Flexitrichum_flexicaule	mito	True	True	1.0	True	0.0	108837.0	-1.1661185983928601	1.0	0.007040095106298006	pass	
Flexitrichum_gracile	mito	True	True	1.0	True	0.0	108851.0	-1.166049133852903	1.0	0.007040552841299623	pass	
Fontinalis_squamosa	mito	True	True	1.0	True	0.0	105437.0	-1.1829885580966988	1.0	0.007279012819897249	pass	
Fragaria_moschata	mito	True	True	1.0	True	0.0	349547.0	0.028224931110378347	0.975609756097561	0.03435420905042063	pass	
Fragaria_vesca	mito	True	True	1.0	True	0.0	343999.0	0.0006971262759968634	0.975609756097561	0.13919900112644706	pass	
Frangula_alnus	mito	True	True	1.0	True	0.0	481712.0	0.6839949970685667	1.0	0.0031136059703191243	pass	
Frankenia_laevis	mito	True	True	1.0	False	0.0	264363.0	-0.39443702401073777	1.0	0.033717689906743155	flag	non_circular
Fraxinus_excelsior	mito	True	True	1.0	True	0.0	686256.0	1.698891772851502	1.0	0.18256111593828522	flag	elevated_cross_organelle_alignment(>15%)
Fritillaria_meleagris	mito	True	True	1.0	True	0.0	317636.0	-0.13010956421585587	1.0	0.020121542881104525	pass	
Fuchsia_magellanica	mito	True	True	1.0	True	0.0	399091.0	0.27405001451243244	1.0	0.01582224759074235	pass	
Fumaria_bastardii	mito	True	True	3.0	True	1.0	928847.0	1.4806485832299119	1.0	0.024789455795158427	flag	dead_end_nodes>0
Fumaria_densiflora	mito	True	True	2.0	True	0.0	763294.0	0.6733496871814671	1.0	0.026455033438349238	pass	
Fumaria_muralis	mito	True	True	1.0	False	2.0	486658.0	-0.6756318317717233	1.0	0.027942405945192754	flag	dead_end_nodes>0;non_circular
Fumaria_occidentalis	mito	False	False								fail	missing_gfa
Fumaria_purpurea	mito	True	True	1.0	True	0.0	487126.0	-0.6733496871814671	1.0	0.025945176570769203	pass	
Funaria_hygrometrica	mito	True	True	1.0	True	0.0	109809.0	-1.1612957746187038	1.0	0.035114615942494654	pass	
Galanthus_nivalis	mito	True	True	1.0	True	0.0	337074.0	-0.03366301223843929	1.0	0.3424060289013731	flag	elevated_cross_organelle_alignment(>15%)
Galatella_linosyris	mito	True	True	2.0	True	0.0	254402.0	-0.44386104419013106	1.0	0.021431616327137196	pass	
Galega_officinalis	mito	True	True	2.0	True	0.0	349172.0	0.026364273790102023	1.0	0.008291537661803516	pass	
Galeopsis_tetrahit	mito	True	True	10.0	True	0.0	366833.0	0.11399379094583587	1.0	0.01787418655097614	fail	fragmented(n_subgraphs>=10)
Galium_aparine	mito	True	True	1.0	True	0.0	217125.0	1.3462541288111196	1.0	0.37468421945838487	fail	high_cross_organelle_alignment(>35%)
Galium_boreale	mito	True	True	1.0	True	0.0	195729.0	-0.18941006802433996	1.0	0.23628154487037903	flag	elevated_cross_organelle_alignment(>15%)
Galium_odoratum	mito	True	True	1.0	True	0.0	217867.0	1.3995100100062923	1.0	0.37239624886595213	fail	high_cross_organelle_alignment(>35%)
Galium_saxatile	mito	True	True	1.0	True	0.0	201007.0	0.18941006802433996	1.0	0.047056882275291013	pass	
Galium_uliginosum	mito	True	True	1.0	True	0.0	189097.0	-0.665411421240491	1.0	0.057492422679594396	pass	
Galium_verum	mito	True	True	1.0	True	0.0	188844.0	-0.6835700977126995	1.0	0.13661379431360768	pass	
Geheebia_maxima	mito	True	True	1.0	True	0.0	108206.0	-1.1692494644437783	1.0	0.007088020497283549	pass	
Genista_anglica	mito	True	True	1.0	True	0.0	515415.0	3.2131240657897195	1.0	0.00499442257090331	pass	
Genista_pilosa	mito	True	True	1.0	True	0.0	431482.0	0.0	1.0	0.00574708699103848	pass	
Genista_tinctoria	mito	True	True	3.0	True	0.0	413863.0	-0.6744907594765952	1.0	0.006916594720138137	pass	
Gentiana_pneumonanthe	mito	True	True	1.0	False	0.0	362061.0	0.09031630632621286	1.0	0.1069294953060396	flag	non_circular
Gentiana_verna	mito	True	True	1.0	True	0.0	310111.0	-0.16744675444273416	1.0	0.029716230380041665	pass	
Gentianella_amarella	mito	True	True	2.0	False	132.0	543003.0	0.9881057912473834	0.36585365853658536	0.031214450209483643	fail	dead_end_nodes>2;core_gene_pct<0.50;non_circular
Gentianella_campestris	mito	True	True	3.0	False	149.0	587826.0	1.2105064394253722	0.926829268292683	0.020562157757721813	fail	dead_end_nodes>2;non_circular
Geranium_dissectum	mito	True	True	6.0	True	0.0	301605.0	-0.7084928114292636	0.8292682926829268	0.10668163012344851	flag	fragmented(n_subgraphs>=5)
Geranium_lucidum	mito	True	True	4.0	True	0.0	473257.0	0.5842026972704957	0.975609756097561	0.065020702024943	pass	
Geranium_molle	mito	True	True	3.0	True	0.0	395683.0	0.0	0.9512195121951219	0.05761933056050703	pass	
Geranium_phaeum	mito	True	True	1.0	True	0.0	276893.0	-0.8945966226926828	0.975609756097561	0.1226036054741428	pass	
Geranium_pratense	mito	True	True	3.0	True	0.0	306120.0	-0.6744907594765953	0.9512195121951219	0.034678766669632356	pass	
Geranium_pyrenaicum	mito	True	True	1.0	False	0.0	463229.0	0.5086827466655438	0.9512195121951219	0.2255090803264479	flag	non_circular;elevated_cross_organelle_alignment(>15%)
Geranium_robertianum	mito	True	True	2.0	True	0.0	804598.0	3.0795014560853473	0.975609756097561	0.0983684433273737	pass	
Geranium_rotundifolium	mito	True	True	1.0	True	0.0	331981.0	-0.47973393432754674	0.9512195121951219	0.05435514130013996	pass	
Geranium_sanguineum	mito	True	True	1.0	False	2.0	1232896.0	6.304974511948894	0.9512195121951219	0.009588805544019934	flag	dead_end_nodes>0;non_circular;size_outlier(|z|>4)
Geranium_sylvaticum	mito	False	False								fail	missing_gfa
Geum_rivale	mito	True	True	1.0	True	0.0	324628.0	-0.09541698826019702	0.9512195121951219	0.08264206620068854	pass	
Geum_urbanum	mito	True	True	1.0	True	0.0	324628.0	-0.09541698826019702	0.9512195121951219	0.08264206620068854	pass	
Ginkgo_biloba	mito	True	True	1.0	True	0.0	345058.0	0.005951622548457208	1.0	0.0	pass	
Glaucium_flavum	mito	True	True	2.0	True	0.0	3043759.0	13.396239011580567	1.0	0.005426943029963978	flag	size_outlier(|z|>4)
Glaux_maritima	mito	True	True	1.0	True	0.0	304000.0	-0.19776802613395716	1.0	0.022930408837996935	pass	
Glebionis_segetum	mito	True	True	1.0	True	0.0	214838.0	-0.6401678341085646	1.0	0.012012419858660885	pass	
Glechoma_hederacea	mito	True	True	1.0	False	0.0	475107.0	0.651222619467433	0.926829268292683	0.03425965098388363	flag	non_circular
Glyceria_declinata	mito	True	True	1.0	True	0.0	488506.0	0.6744907594765952	1.0	0.0436107920320511	pass	
Glyceria_fluitans	mito	True	True	1.0	True	0.0	483116.0	0.0	1.0	0.043655067196158935	pass	
Glyceria_maxima	mito	True	True	5.0	False	0.0	115160.0	-46.045068997025986	0.3170731707317073	0.03542028482111845	fail	core_gene_pct<0.50;fragmented(n_subgraphs>=5);non_circular;size_outlier(|z|>4)
Gnaphalium_supinum	mito	True	True	2.0	True	0.0	250765.0	-0.4619069393203844	1.0	0.015241446474588905	pass	
Gnaphalium_uliginosum	mito	True	True	1.0	True	0.0	196229.0	-0.7325010929699569	1.0	0.010230664300878965	pass	
Grimmia_atrata	mito	True	True	1.0	True	0.0	107796.0	-0.13489815189531904	1.0	0.007100103972498805	pass	
Grimmia_decipiens	mito	True	True	1.0	True	0.0	107140.0	-1.0967806262793331	1.0	0.007077365502044779	pass	
Grimmia_donniana	mito	True	True	1.0	True	0.0	110121.0	3.2742127519809503	1.0	0.007099438975732657	pass	
Grimmia_elongata	mito	True	True	1.0	True	0.0	107390.0	-0.7302095613464009	1.0	0.007100236986801802	pass	
Grimmia_funalis	mito	True	True	1.0	True	0.0	108348.0	0.6744907594765952	1.0	0.007077233343292501	pass	
Grimmia_montana	mito	True	True	1.0	True	0.0	108108.0	0.3225825371409803	1.0	0.0070788195741501685	pass	
Grimmia_pulvinata	mito	True	True	1.0	True	0.0	107888.0	0.0	1.0	0.007091402376274675	pass	
Grimmia_ramondii	mito	True	True	1.0	True	0.0	107570.0	-0.4662783945946897	1.0	0.007138350268865304	pass	
Grimmia_trichophylla	mito	True	True	1.0	True	0.0	108618.0	1.070387509604162	1.0	0.007098175824999064	pass	
Groenlandia_densa	mito	True	True	1.0	True	0.0	222755.0	-0.6008856367628908	0.926829268292683	0.20698321913702225	flag	elevated_cross_organelle_alignment(>15%)
Gunnera_tinctoria	mito	False	False								fail	missing_gfa
Gymnadenia_conopsea	mito	True	True	15.0	True	0.0	522093.0	0.8843555390687755	0.8780487804878049	0.048990184791304854	fail	fragmented(n_subgraphs>=10)
Gymnocarpium_robertianum	mito	True	True	1.0	False	0.0	203620.0	-0.6958287776255241	0.9024390243902439	0.03513407327374521	flag	non_circular
Gymnomitrion_concinnatum	mito	True	True	2.0	True	0.0	189515.0	-0.7658143016321843	1.0	0.0	pass	
Gymnomitrion_obtusum	mito	True	True	5.0	False	0.0	170068.0	-0.8623055093852875	0.9512195121951219	0.0	flag	fragmented(n_subgraphs>=5);non_circular
Gymnostomum_aeruginosum	mito	True	True	1.0	True	0.0	105477.0	-1.182790087982536	1.0	0.007210669507809973	pass	
Halimione_portulacoides	mito	True	True	1.0	True	0.0	294082.0	-0.24697869094062544	1.0	0.0051485449333562305	pass	
Harpanthus_flotovianus	mito	True	True	1.0	True	0.0	154504.0	-0.9395302308060361	1.0	0.0	pass	
Hedera_helix	mito	True	True	1.0	True	0.0	649797.0	1.5179912255449566	1.0		pass	
Hedera_hibernica	mito	True	True	2.0	True	0.0	599601.0	1.2689310792820487	1.0	0.03543439798083131	pass	
Hedwigia_stellata	mito	True	True	1.0	True	0.0	108027.0	-1.170137618204657	1.0	0.00710569486758847	pass	
Helianthemum_apenninum	mito	True	True	1.0	True	0.0	416485.0	0.3603547436561296	1.0	0.011615814184032482	pass	
Helianthemum_oelandicum	mito	True	True	1.0	True	0.0	470473.0	0.6282298567416716	0.975609756097561	0.008697839549094836	pass	
Helictochloa_pratensis	mito	True	True	1.0	True	0.0	452325.0	0.5381839659460056	1.0	0.06880556464950957	pass	
Helleborus_foetidus	mito	True	True	1.0	True	0.0	573307.0	1.1384667497371268	1.0	0.07609901440102347	pass	
Helleborus_viridis	mito	True	True	1.0	False	0.0	740563.0	1.9683496850974926	1.0	0.01500751816671993	flag	non_circular
Helminthotheca_echioides	mito	True	True	1.0	True	0.0	286936.0	-0.2824353768358111	1.0	0.019307213614427228	pass	
Helosciadium_nodiflorum	mito	True	True	1.0	True	0.0	331338.0	-0.062123626609385973	0.9512195121951219	0.03974525720949006	pass	
Heracleum_sphondylium	mito	True	True	1.0	True	0.0	280078.0	-0.31646307790902456	1.0	0.05101864997863454	pass	
Herbertus_borealis	mito	False	False								fail	missing_gfa
Herbertus_hutchinsiae	mito	True	True	1.0	True	0.0	162942.0	-0.8976629602233918	1.0		pass	
Herbertus_stramineus	mito	True	True	1.0	True	0.0	162322.0	-0.9007392469929153	1.0	0.0	pass	
Herniaria_ciliolata	mito	True	True	1.0	True	0.0	276407.0	-0.33467767263631626	1.0	0.004018754186202277	pass	
Hesperis_matronalis	mito	True	True	3.0	False	0.0	351215.0	0.03650113487096744	0.926829268292683	0.014481158264880487	flag	non_circular
Heterocladium_heteropterum	mito	True	True	1.0	True	0.0	106079.0	-1.1798031127643858	1.0		pass	
Hibiscus_tridactylites	mito	True	True	1.0	False	0.0	519880.0	0.0	1.0	0.026594058997481608	flag	non_circular
Hibiscus_trionum	mito	True	True	1.0	True	0.0	516585.0	-0.6744907594765952	1.0	0.027126873952538013	pass	
Hibiscus_verdcourtii	mito	True	True	2.0	True	0.0	534935.0	3.0817779617360066	1.0	0.03519655595361888	pass	
Hieracium_aggregatifolium	mito	True	True	1.0	False	0.0	324166.0	-1.1313590667666351	1.0	0.023586466663056492	flag	non_circular
Hieracium_attenboroughianum	mito	True	True	1.0	True	0.0	350399.0	0.21762245218655515	1.0	0.04240716487412523	pass	
Hieracium_britannicum	mito	True	True	1.0	True	0.0	350399.0	0.21762245218655515	1.0	0.04240716487412523	pass	
Hieracium_drummondii	mito	True	True	1.0	True	0.0	321050.0	-1.2915933675731819	1.0	0.021912111192784654	pass	
Hieracium_radyrense	mito	True	True	1.0	True	0.0	350379.0	0.21659399069228977	1.0	0.0423220924233003	pass	
Hieracium_richianum	mito	True	True	3.0	False	3.0	407026.0	3.1295569039748488	0.9512195121951219	0.021785075597463826	fail	dead_end_nodes>2;non_circular
Hieracium_sabaudum	mito	True	True	1.0	True	0.0	319816.0	-1.3550494417693562	1.0	0.02328171692474871	pass	
Hieracium_scullyi	mito	True	True	1.0	True	0.0	321052.0	-1.2914905214237553	1.0	0.023983007029164744	pass	
Hieracium_snowdoniense	mito	True	True	1.0	True	0.0	342844.0	-0.17087887727219347	1.0	0.02117221234785001	pass	
Hieracium_sp_SM_2023a	mito	True	True	1.0	True	0.0	349490.0	0.17087887727219347	1.0	0.03885396715432577	pass	
Hierochloe_odorata	mito	True	True	1.0	True	0.0	512934.0	0.8389108446783465	0.975609756097561	0.03872804706136487	pass	
Hippocrepis_comosa	mito	True	True	1.0	True	0.0	391711.0	0.23743227844939438	1.0	0.0040842841110440495	pass	
Hippophae_rhamnoides	mito	True	True	1.0	True	0.0	455103.0	0.5519677153746126	1.0	0.16014432782032587	flag	elevated_cross_organelle_alignment(>15%)
Hippuris_vulgaris	mito	True	True	3.0	True	0.0	547976.0	1.0127805881906746	1.0	0.02127975917325942	pass	
Holcus_lanatus	mito	True	True	1.0	True	0.0	457387.0	0.563300358893309	1.0	0.026367219176749165	pass	
Holcus_mollis	mito	True	True	1.0	True	0.0	471124.0	0.6314599578496713	1.0	0.07432525521836912	pass	
Homalia_trichomanoides	mito	True	True	1.0	True	0.0	104781.0	-1.1862434679689688	1.0	0.007273774109970253	pass	
Homalothecium_sericeum	mito	False	False								fail	missing_gfa
Homogyne_alpina	mito	True	True	3.0	True	3.0	288761.0	-0.273380177877133	0.8536585365853658	0.012192443265217892	fail	dead_end_nodes>2
Honckenya_peploides	mito	True	True	1.0	True	0.0	751764.0	2.023926278815933	1.0	0.034057406740197506	pass	
Hookeria_lucens	mito	True	True	1.0	True	0.0	105000.0	-1.1851568440939275	1.0	0.007222005202130396	pass	
Hordeum_murinum	mito	True	True	2.0	True	0.0	420290.0	0.3792342132658667	1.0	0.024707476002522363	pass	
Hordeum_vulgare	mito	True	True	1.0	True	0.0	475420.0	0.652775648110757	1.0	0.04718235765288747	pass	
Hornungia_petraea	mito	True	True	1.0	True	0.0	313086.0	-0.15268553970187532	1.0	0.018891672116582964	pass	
Hottonia_palustris	mito	True	True	1.0	True	0.0	324417.0	-0.09646391811240584	1.0	0.010312014839918393	pass	
Humulus_lupulus	mito	True	True	1.0	True	0.0	401295.0	0.2849857178028032	1.0	0.008474449160804547	pass	
Huperzia_selago	mito	True	True	1.0	True	0.0	397477.0	0.26604174540596315	0.9024390243902439	0.0037727868302513327	pass	
Hyacinthoides_non_scripta	mito	True	True	1.0	False	1.0	422986.0	0.39261109896043994	1.0	0.0329159830348995	flag	dead_end_nodes>0;non_circular
Hydrocotyle_ranunculoides	mito	True	True	1.0	True	0.0	436068.0	0.45752074979738633	1.0	0.08291722595078299	pass	
Hydrocotyle_vulgaris	mito	True	True	1.0	True	0.0	567568.0	1.109991250107618	1.0	0.15347133089905818	flag	elevated_cross_organelle_alignment(>15%)
Hygrohypnum_duriusculum	mito	True	True	1.0	True	0.0	104128.0	-1.1894834925826767	1.0	0.007283629130672919	pass	
Hylocomiadelphus_triquetrus	mito	True	True	1.0	True	0.0	104267.0	-1.1887938089359609	1.0	0.007272727272727273	pass	
Hylocomiastrum_umbratum	mito	False	False								fail	missing_gfa
Hyocomium_armoricum	mito	True	True	1.0	True	0.0	104473.0	-1.1877716878480225	1.0	0.007258450636790194	pass	
Hypericum_androsaemum	mito	True	True	4.0	True	0.0	418341.0	-1.516380713956312	1.0	0.03249697520752602	pass	
Hypericum_hircinum	mito	True	True	2.0	True	0.0	470686.0	-0.056692081199624524	1.0	0.02312233856534529	pass	
Hypericum_hirsutum	mito	True	True	1.0	True	0.0	474752.0	0.056692081199624524	1.0	0.03940204987758828	pass	
Hypericum_linariifolium	mito	True	True	2.0	True	0.0	498521.0	0.719512581954113	1.0	0.04046625297945309	pass	
Hypericum_maculatum	mito	True	True	1.0	True	0.0	429587.0	-1.2027756253331061	1.0	0.04148993132347806	pass	
Hypericum_perforatum	mito	True	True	1.0	True	0.0	410489.0	-1.735340980350533	1.0	0.03615039030142379	pass	
Hypericum_pulchrum	mito	True	True	2.0	True	0.0	495292.0	0.6294689369990774	1.0	0.03125916605812469	pass	
Hypericum_tetrapterum	mito	True	True	1.0	True	0.0	479715.0	0.19508991641543194	1.0	0.037990068337509744	pass	
Hypnum_andoi	mito	True	True	3.0	False	0.0	64992.0	-1.3836666522795682	0.6097560975609756	0.0	flag	non_circular;core_gene_pct<0.80
Hypnum_cupressiforme	mito	True	True	1.0	True	0.0	104805.0	-1.186124385900471	1.0		pass	
Hypnum_jutlandicum	mito	False	False								fail	missing_gfa
Hypochaeris_maculata	mito	True	True	1.0	False	0.0	335248.0	-0.04272317294997148	1.0	0.015022858964721436	flag	non_circular
Hypochaeris_radicata	mito	True	True	1.0	False	0.0	321021.0	-0.11331403080482826	1.0	0.023919088515392376	flag	non_circular
Ilex_aquifolium	mito	True	True	1.0	True	0.0	539365.0	0.970054934364276	1.0	0.013459602619487173	pass	
Impatiens_glandulifera	mito	True	True	16.0	True	0.0	466250.0	0.6744907594765952	1.0		fail	fragmented(n_subgraphs>=10)
Impatiens_noli_tangere	mito	True	True	16.0	True	0.0	431291.0	-10.385322777363129	1.0	0.007124173681457174	fail	fragmented(n_subgraphs>=10);size_outlier(|z|>4)
Impatiens_parviflora	mito	True	True	16.0	True	0.0	464118.0	0.0	0.975609756097561	0.01744460370169238	fail	fragmented(n_subgraphs>=10)
Inula_conyza	mito	True	True	1.0	True	0.0	336421.0	-0.03690303685214713	1.0	0.009782976374868699	pass	
Inula_salicina	mito	True	True	1.0	True	0.0	369219.0	0.12583253325564736	1.0	0.008907673533223836	pass	
Iris_foetidissima	mito	True	True	1.0	True	0.0	418224.0	0.36898323186935766	1.0	0.021227738596010792	pass	
Iris_pseudacorus	mito	True	True	1.0	False	0.0	477248.0	0.6618457323279973	1.0	0.015555122662897738	flag	non_circular
Isolepis_cernua	mito	True	True	1.0	True	0.0	1709922.0	6.77806946996613	1.0	0.029930523385101018	flag	size_outlier(|z|>4)
Isopterygiella_pulchella	mito	True	True	1.0	True	0.0	105093.0	-1.184695401078499	1.0		pass	
Isothecium_holtii	mito	True	True	1.0	True	0.0	105392.0	-1.1832118369751319	1.0	0.007247693263852369	pass	
Isothecium_myosuroides	mito	True	True	1.0	True	0.0	105398.0	-1.1831820664580075	1.0	0.00724741607626041	pass	
Jacobaea_erucifolia	mito	True	True	1.0	True	0.0	303581.0	0.0	1.0	0.017642886982541704	pass	
Jacobaea_maritima	mito	True	True	1.0	True	0.0	316088.0	0.6744907594765952	1.0	0.014029785688339992	pass	
Jacobaea_vulgaris	mito	True	True	1.0	True	0.0	280156.0	-1.263288241843707	1.0	0.01492483739895763	pass	
Jasione_montana	mito	True	True	1.0	True	0.0	322876.0	-0.10410997926052802	1.0	0.01475135695668015	pass	
Juglans_regia	mito	True	True	1.0	False	0.0	859455.0	2.558262405423607	1.0	0.1063237112698934	flag	non_circular
Juncus_bufonius	mito	True	True	1.0	True	0.0	945306.0	0.6744907594765952	1.0	0.007737833467010302	pass	
Juncus_conglomeratus	mito	True	True	1.0	True	0.0	547887.0	-0.9683178815056318	1.0	0.002512282053752047	pass	
Juncus_effusus	mito	True	True	1.0	True	0.0	488823.0	-1.212470399555786	1.0	0.0025123933822325238	pass	
Juncus_gerardii	mito	True	True	1.0	False	0.0	798748.0	0.06866479543090737	1.0	0.033682231275462236	flag	non_circular
Juncus_inflexus	mito	True	True	1.0	True	0.0	782137.0	0.0	1.0	0.18374948026123233	flag	elevated_cross_organelle_alignment(>15%)
Juncus_squarrosus	mito	True	True	2.0	True	0.0	985867.0	0.8421575325470325	1.0		pass	
Juncus_tenuis	mito	True	True	1.0	True	0.0	638401.0	-0.5941606788307086	1.0	0.0034769474757391536	pass	
Jungermannia_exsertifolia	mito	False	False								fail	missing_gfa
Kali_turgidum	mito	True	True	1.0	True	0.0	189097.0	-0.7678883143251857	1.0	0.057492422679594396	pass	
Kalmia_procumbens	mito	True	True	1.0	False	0.0	566137.0	1.1028909817734436	1.0	0.0033515710269845338	flag	non_circular
Kiaeria_blyttii	mito	True	True	2.0	True	0.0	128885.0	-1.0666453771744606	1.0	0.005919285312675705	pass	
Kickxia_elatine	mito	True	True	2.0	True	0.0	1216867.0	4.331652416502546	1.0	0.0968991736845229	flag	size_outlier(|z|>4)
Knautia_arvensis	mito	True	True	2.0	True	0.0	540294.0	0.9746644027657073	1.0	0.010936315863987274	pass	
Koeleria_macrantha	mito	True	True	1.0	False	0.0	408262.0	0.3195542499371103	1.0	0.018467996283055402	flag	non_circular
Kurzia_trichoclados	mito	True	True	1.0	True	0.0	164757.0	-0.8886573787932543	1.0	0.0	pass	
Laburnum_anagyroides	mito	True	True	1.0	True	0.0	421492.0	0.38519824019645904	1.0	0.03168132383753072	pass	
Lactuca_saligna	mito	True	True	1.0	True	0.0	301249.0	-0.2114178082355043	1.0	0.013818929824098736	pass	
Lactuca_serriola	mito	True	True	1.0	True	0.0	323939.0	-0.0988356359766514	1.0	0.00858137582738169	pass	
Lamium_album	mito	True	True	1.0	True	0.0	316191.0	0.5698195969537322	0.9512195121951219	0.023093968348023602	pass	
Lamium_amplexicaule	mito	True	True	1.0	True	0.0	299451.0	-0.5698195969537322	0.9512195121951219	0.02611222632751158	pass	
Lamium_galeobdolon	mito	True	True	2.0	True	0.0	349149.0	2.8135608486145576	0.9512195121951219	0.021973637417635	pass	
Lamium_purpureum	mito	True	True	1.0	True	0.0	296376.0	-0.7791619219994582	0.9512195121951219		pass	
Lapsana_communis	mito	True	True	1.0	True	0.0	293943.0	-0.2476683745873412	1.0	0.015010712800997729	pass	
Lathraea_clandestina	mito	True	True	6.0	True	0.0	389137.0	0.22466072660301767	1.0	0.08024364616004487	flag	fragmented(n_subgraphs>=5)
Lathraea_squamaria	mito	True	True	5.0	True	0.0	389713.0	0.2275186962469621	1.0	0.06965702965865717	flag	fragmented(n_subgraphs>=5)
Lathyrus_aphaca	mito	True	True	1.0	True	0.0	370128.0	-1.6759384767906258	1.0		pass	
Lathyrus_linifolius	mito	True	True	1.0	True	0.0	427013.0	0.6744907594765952	1.0	0.011136694704196232	pass	
Lathyrus_nissolia	mito	True	True	1.0	True	0.0	410689.0	0.0	1.0	0.006688598880149894	pass	
Lathyrus_pratensis	mito	True	True	1.0	True	0.0	350246.0	-2.497442108248214	1.0	0.007479666585304952	pass	
Lathyrus_sylvestris	mito	True	True	1.0	True	0.0	418455.0	0.32088307020921575	1.0	0.006544021585787144	pass	
Leersia_oryzoides	mito	True	True	1.0	False	0.0	380293.0	0.1807789843616208	1.0		flag	non_circular
Lemna_japonica	mito	True	True	4.0	False	0.0	350708.0	3.9286089034004608	1.0	0.07703559656466348	flag	non_circular
Lemna_minuta	mito	True	True	1.0	False	0.0	186789.0	-0.6744907594765952	0.9512195121951219	0.04199926119846458	flag	non_circular
Lemna_trisulca	mito	True	True	1.0	True	0.0	210808.0	0.0	1.0	0.03567429590829727	pass	
Leontodon_hispidus	mito	True	True	1.0	True	0.0	310835.0	-0.16385444537638733	1.0	0.008608365615872358	pass	
Leontodon_saxatilis	mito	True	True	1.0	True	0.0	282837.0	-0.30277360178464485	1.0	0.00986987809496909	pass	
Lepidium_campestre	mito	True	True	1.0	True	0.0	307716.0	0.9382458674335309	1.0	0.020317588122424995	pass	
Lepidium_didymum	mito	True	True	1.0	True	0.0	263508.0	-0.6744907594765952	1.0	0.02375151325958017	pass	
Lepidium_draba	mito	True	True	1.0	True	0.0	281997.0	0.0	1.0	0.020569411339582913	pass	
Lepidium_heterophyllum	mito	True	True	1.0	True	0.0	309872.0	1.0168981513554054	1.0	0.019780094498562252	pass	
Lepidium_latifolium	mito	True	True	1.0	True	0.0	270458.0	-0.4209502338471757	1.0	0.02225751047542901	pass	
Lepidozia_cupressina	mito	True	True	1.0	True	0.0	166386.0	-0.880574683393974	1.0	0.00026450096482738306	pass	
Lepidozia_reptans	mito	True	True	1.0	True	0.0	167867.0	-0.873226327417096	0.975609756097561	0.0	pass	
Leucanthemum_vulgare	mito	True	True	1.0	True	0.0	220459.0	-0.612277821315836	1.0	0.01772435153979451	pass	
Leucobryum_glaucum	mito	True	True	1.0	True	0.0	103402.0	-1.1930857251547315	1.0	0.007420314824966716	pass	
Leucobryum_juniperoideum	mito	True	True	2.0	True	0.0	446185.0	0.5077188034220146	1.0	0.00567321729365525	pass	
Leucojum_aestivum	mito	True	True	2.0	True	0.0	346226.0	0.011746949882011205	1.0	0.14338143250563307	pass	
Levisticum_officinale	mito	True	True	1.0	True	0.0	258053.0	-0.4257456845199208	1.0	0.08364263721872965	pass	
Lewinskya_affinis	mito	True	True	1.0	True	0.0	105895.0	-111.42587346553353	1.0	0.00723448117889593	flag	size_outlier(|z|>4)
Lewinskya_rupestris	mito	True	True	1.0	True	0.0	106721.0	0.0	1.0	0.00723268639911452	pass	
Lewinskya_speciosa	mito	True	True	1.0	True	0.0	106726.0	0.6744907594765952	1.0	0.007232341351245623	pass	
Ligusticum_scoticum	mito	True	True	2.0	True	0.0	301080.0	-0.21225634446784217	1.0	0.03400899328992891	pass	
Ligustrum_vulgare	mito	True	True	1.0	True	0.0	965431.0	3.084089125886551	1.0	0.0347453771509414	pass	
Limonium_binervosum	mito	True	True	2.0	True	0.0	296578.0	-0.2345941558168662	1.0	0.05150642857867694	pass	
Limosella_aquatica	mito	True	True	1.0	True	0.0	669714.0	1.616814457139473	1.0	0.00890318142326362	pass	
Linaria_purpurea	mito	True	True	1.0	True	0.0	467360.0	0.0	1.0	0.03556997056736601	pass	
Linaria_repens	mito	True	True	1.0	True	0.0	487246.0	1.5545808116540998	1.0	0.03230697812077462	pass	
Linaria_vulgaris	mito	True	True	2.0	True	0.0	458732.0	-0.6744907594765952	1.0	0.006008235426144456	pass	
Linnaea_borealis	mito	True	True	1.0	True	0.0	684511.0	1.6902335141211497	1.0	0.014362335332918554	pass	
Linum_bienne	mito	True	True	5.0	True	0.0	336755.0	-0.03524581139888768	1.0	0.01569120901891654	flag	fragmented(n_subgraphs>=5)
Linum_catharticum	mito	True	True	3.0	True	0.0	501562.0	0.7824857912218601	1.0	0.028603648958878732	pass	
Lithospermum_officinale	mito	True	True	1.0	True	0.0	285730.0	-0.28841925077781977	1.0	0.01533623988992868	pass	
Littorella_uniflora	mito	True	True	6.0	False	4.0	268205.0	-0.3753739695454001	0.8292682926829268	0.01885060055839751	fail	dead_end_nodes>2;fragmented(n_subgraphs>=5);non_circular
Lobelia_dortmanna	mito	True	True	1.0	True	0.0	519299.0	0.8704924015945034	1.0	0.06481559829318119	pass	
Lobelia_urens	mito	True	True	1.0	True	0.0	511945.0	0.8340036711056711	0.975609756097561	0.08931132901289511	pass	
Loeskeobryum_brevirostre	mito	True	True	1.0	True	0.0	103888.0	-1.1906743132676536	1.0	0.0004526106970204734	pass	
Logfia_minima	mito	True	True	1.0	True	0.0	221959.0	-0.6048351920347307	1.0	0.01713680605623648	pass	
Lolium_perenne	mito	True	True	1.0	True	0.0	623185.0	1.3859490585924403	1.0	0.018093026588330317	pass	
Lonicera_periclymenum	mito	True	True	2.0	True	0.0	1018676.0	3.348277656601519	1.0	0.0420464320649636	pass	
Lophocolea_bispinosa	mito	True	True	2.0	True	0.0	178299.0	-0.8214653216434357	0.975609756097561	0.0	pass	
Lophozia_ventricosa	mito	True	True	1.0	True	0.0	145592.0	-0.9837493722415098	1.0	0.0	pass	
Lotus_corniculatus	mito	True	True	1.0	True	0.0	387196.0	0.0	1.0	0.007528521216390989	pass	
Lotus_pedunculatus	mito	True	True	1.0	True	0.0	414266.0	0.8925725879463938	1.0	0.008209355854724584	pass	
Lotus_tenuis	mito	True	True	2.0	True	0.0	366740.0	-0.6744907594765952	1.0	0.011232082670733627	pass	
Ludwigia_grandiflora	mito	True	True	2.0	True	0.0	685750.0	1.6963811259073427	1.0	0.057408610874154435	pass	
Lunaria_annua	mito	True	True	3.0	True	0.0	292595.0	-0.25435681743462785	1.0	0.023190285188084803	pass	
Lunularia_cruciata	mito	True	True	1.0	True	0.0	191461.0	-0.7561587305781637	1.0	0.0	pass	
Luzula_campestris	mito	True	True	1.0	True	0.0	597945.0	-0.6303305169312023	1.0	0.005058401844388656	pass	
Luzula_pallescens	mito	True	True	1.0	True	0.0	653022.0	0.7186510020219881	1.0	0.004969059424776202	pass	
Luzula_spicata	mito	True	True	2.0	True	0.0	503677.0	-2.939203364556878	1.0	0.034231697970784535	pass	
Luzula_sylvatica	mito	True	True	1.0	True	0.0	649416.0	0.6303305169312023	1.0	0.0119051645415497	pass	
Lycopodium_clavatum	mito	True	True	1.0	True	0.0	431003.0	0.43238947159152075	0.9024390243902439	0.003484563071265152	pass	
Lycopus_europaeus	mito	True	True	1.0	True	0.0	295850.0	-0.23820631189462932	1.0	0.015877063018984942	pass	
Lysimachia_nemorum	mito	True	True	2.0	True	0.0	457297.0	2.7401342269337197	1.0	0.11301541676981756	pass	
Lysimachia_nummularia	mito	True	True	1.0	True	0.0	357854.0	0.4957512724538448	1.0	0.021502844810672946	pass	
Lysimachia_thyrsiflora	mito	True	True	3.0	True	0.0	313923.0	-0.4957512724538448	1.0	0.017528415961305926	pass	
Lysimachia_vulgaris	mito	True	True	1.0	True	0.0	298084.0	-0.8532302464993456	1.0	0.015990065462460068	pass	
Lythrum_hyssopifolia	mito	True	True	1.0	True	0.0	261696.0	-0.407670018872543	1.0	0.03645857525508229	pass	
Lythrum_salicaria	mito	True	True	1.0	True	0.0	318243.0	-0.12709778023343526	1.0	0.2137654402807496	flag	elevated_cross_organelle_alignment(>15%)
Malus_domestica	mito	True	True	1.0	True	0.0	418803.0	0.9419556154163239	1.0		pass	
Malus_sylvestris	mito	True	True	1.0	True	0.0	392784.0	0.0	1.0		pass	
Malus_x_robusta	mito	True	True	1.0	True	0.0	374153.0	-0.6744907594765952	1.0	0.00292843222623046	pass	
Malva_arborea	mito	True	True	4.0	True	0.0	553896.0	1.0896267699909041	1.0	0.004619125677128	pass	
Malva_neglecta	mito	True	True	2.0	True	0.0	548720.0	0.0	1.0		pass	
Malva_sylvestris	mito	True	True	1.0	True	0.0	545516.0	-0.6744907594765952	1.0	0.004559254232445175	pass	
Marchantia_polymorpha	mito	True	True	1.0	True	0.0	188432.0	-0.7711878799731423	1.0	0.0	pass	
Marchantia_quadrata	mito	True	True	1.0	True	0.0	189903.0	-0.763889141524805	1.0	0.0	pass	
Marsupella_aquatica	mito	True	True	1.0	True	0.0	164779.0	-0.8885482202304649	1.0	0.00024644199371572914	pass	
Marsupella_emarginata	mito	True	True	1.0	True	0.0	164775.0	-0.8885680672418811	1.0	0.0	pass	
Mastigophora_woodsii	mito	True	True	2.0	True	0.0	191889.0	-0.7540351003566217	1.0	0.0	pass	
Matricaria_chamomilla	mito	True	True	1.0	True	0.0	220295.0	-0.6130915487839035	1.0	0.01768907009793461	pass	
Matricaria_discoidea	mito	True	True	1.0	True	0.0	225232.0	-0.5885953749433589	1.0	0.017451226060497583	pass	
Matthiola_sinuata	mito	True	True	1.0	True	0.0	424756.0	0.4013934015121442	1.0	0.038955763799620576	pass	
Meconopsis_cambrica	mito	True	True	1.0	False	2.0	222177.0	-0.6037535299125434	0.8536585365853658	0.07294125360608444	flag	dead_end_nodes>0;non_circular
Medicago_arabica	mito	True	True	1.0	True	0.0	325268.0	19.92029315963699	1.0	0.0044428866448153696	flag	size_outlier(|z|>4)
Medicago_lupulina	mito	True	True	1.0	True	0.0	297329.0	0.0	1.0	0.007299667146057942	pass	
Medicago_sativa	mito	True	True	1.0	True	0.0	296383.0	-0.6744907594765952	1.0	0.007189656561316828	pass	
Meesia_triquetra	mito	True	True	1.0	True	0.0	104359.0	-1.1883373276733864	1.0	0.007266800881986387	pass	
Melampyrum_pratense	mito	True	True	1.0	True	0.0	337013.0	-0.03396567916253757	1.0	0.24474411641627422	flag	elevated_cross_organelle_alignment(>15%)
Melampyrum_sylvaticum	mito	True	True	1.0	True	0.0	299490.0	-0.22014553150581379	1.0		pass	
Melica_uniflora	mito	True	True	1.0	True	0.0	576759.0	1.1555947205893773	1.0	0.03683175944409967	pass	
Melilotus_altissimus	mito	True	True	1.0	True	0.0	307934.0	-0.17824849040604498	1.0	0.008524769317335432	pass	
Melissa_officinalis	mito	True	True	2.0	True	0.0	348082.0	0.0209559631791655	1.0	0.04198312054414262	pass	
Melittis_melissophyllum	mito	True	True	1.0	True	0.0	360663.0	0.08337977583622272	0.9512195121951219	0.19199386954790643	flag	elevated_cross_organelle_alignment(>15%)
Mentha_aquatica	mito	True	True	1.0	False	0.0	319979.0	-0.1184841772787694	0.926829268292683	0.03065645003957684	flag	non_circular
Mentha_arvensis	mito	True	True	1.0	False	0.0	358365.0	0.07197766777756939	0.9512195121951219	0.13172489803616474	flag	non_circular
Mercurialis_annua	mito	True	True	1.0	True	0.0	432385.0	0.4392466140358458	1.0		pass	
Mercurialis_perennis	mito	True	True	3.0	True	0.0	406829.0	0.3124440580972277	1.0	0.014873726458783576	pass	
Mesoptychia_bantriensis	mito	True	True	1.0	True	0.0	156280.0	-0.9307181577372075	1.0	0.0	pass	
Mesoptychia_rutheana	mito	True	True	1.0	False	0.0	156340.0	-0.9304204525659633	1.0	0.0	flag	non_circular
Metzgeria_conjugata	mito	True	True	1.0	True	0.0	173474.0	0.0	1.0	0.0	pass	
Metzgeria_furcata	mito	True	True	2.0	True	0.0	442002.0	55.74627721167472	1.0	0.007142452755415152	flag	size_outlier(|z|>4)
Metzgeria_violacea	mito	True	True	1.0	False	0.0	170225.0	-0.6744907594765952	1.0	0.0	flag	non_circular
Meum_athamanticum	mito	True	True	1.0	True	0.0	372622.0	0.14271737821804828	1.0	0.025819383343807727	pass	
Milium_effusum	mito	True	True	1.0	True	0.0	472881.0	0.6401777576142728	0.975609756097561	0.06898129030208697	pass	
Mimulus_peregrinus	mito	True	True	2.0	True	0.0	492881.0	0.7394128146956768	1.0	0.02235437615160571	pass	
Misopates_orontium	mito	True	True	1.0	True	0.0	569953.0	1.1218250306645754	1.0	0.03176929395328592	pass	
Mnium_stellare	mito	True	True	1.0	True	0.0	102270.0	-1.198702429385539	1.0	0.007533293579805208	pass	
Moehringia_trinervia	mito	True	True	1.0	True	0.0	334854.0	-0.04467810357447514	1.0	0.0554707576362845	pass	
Molinia_caerulea	mito	True	True	1.0	True	0.0	467064.0	0.6113152412621463	1.0	0.05662568181218421	pass	
Mollugo_verticillata	mito	True	True	1.0	True	0.0	1871342.0	7.578995615670142	0.975609756097561	0.004854402463758028	flag	size_outlier(|z|>4)
Monotropa_hypopitys	mito	True	True	2.0	True	0.0	998855.0	3.2499307532809936	1.0	0.006504360175204844	pass	
Montia_fontana	mito	True	True	1.0	True	0.0	406025.0	0.30845480880255527	1.0	0.02566464729841939	pass	
Myosotis_alpestris	mito	False	False								fail	missing_gfa
Myosotis_ramosissima	mito	True	True	9.0	False	0.0	210365.0	-0.6623617546248206	0.5853658536585366	0.00860409288617403	flag	fragmented(n_subgraphs>=5);non_circular;core_gene_pct<0.80
Myosotis_sylvatica	mito	False	False								fail	missing_gfa
Myrica_gale	mito	True	True	1.0	True	0.0	486469.0	0.7075980553953786	1.0	0.09465963032479693	pass	
Myriophyllum_alterniflorum	mito	True	True	1.0	True	0.0	393920.0	-0.6744907594765952	1.0	0.1297342367725413	pass	
Myriophyllum_aquaticum	mito	True	True	2.0	True	0.0	897957.0	15.776118886042838	1.0	0.09809687513200349	flag	size_outlier(|z|>4)
Myriophyllum_spicatum	mito	True	True	1.0	True	0.0	414586.0	0.0	1.0	0.05532617671345995	pass	
Myrrhis_odorata	mito	True	True	1.0	True	0.0	283170.0	-0.30112133808423946	1.0	0.08650735713865602	pass	
Narcissus_pseudonarcissus	mito	True	True	1.0	True	0.0	413378.0	0.34493857753853346	1.0	0.0264104316372949	pass	
Nardia_scalaris	mito	True	True	2.0	True	0.0	188410.0	-0.7712970385359319	1.0	0.0	pass	
Narthecium_ossifragum	mito	True	True	2.0	True	0.0	408819.0	0.3223179462768274	1.0	0.16506573651730613	flag	elevated_cross_organelle_alignment(>15%)
Nasturtium_officinale	mito	True	True	1.0	True	0.0	287210.0	-0.28107585655379586	1.0	0.02489500740611658	pass	
Neckera_pumila	mito	True	True	1.0	True	0.0	104381.0	-1.188228169110597	1.0	0.007289723221326768	pass	
Neoorthocaulis_attenuatus	mito	True	True	1.0	True	0.0	147305.0	-0.9752498896024876	1.0	0.0	pass	
Neoorthocaulis_floerkei	mito	False	False								fail	missing_gfa
Neottia_nidus_avis	mito	False	False								fail	missing_gfa
Neottia_ovata	mito	True	True	1.0	False	0.0	11557.0	-1.6487979160368094		0.0	flag	non_circular
Nigella_damascena	mito	True	True	3.0	True	1.0	658851.0	1.5629149358857082	0.975609756097561	0.0005385187652513063	flag	dead_end_nodes>0
Niphotrichum_ericoides	mito	True	True	1.0	True	0.0	109383.0	-1.1634094813345377	1.0	0.007110560777471342	pass	
Nowellia_curvifolia	mito	True	True	2.0	True	1.0	246597.0	-0.482587525216149	1.0	0.007881339140210195	flag	dead_end_nodes>0
Nuphar_pumila	mito	True	True	1.0	False	0.0	586660.0	1.2047210355975262	1.0	0.12297223994350417	flag	non_circular
Nymphaea_alba	mito	True	True	1.0	True	0.0	322695.0	-0.10500805652711473	1.0	0.07005909348477206	pass	
Nymphoides_peltata	mito	True	True	1.0	True	0.0	337075.0	-0.03365805048558522	1.0	0.029953397251328326	pass	
Odontites_vernus	mito	True	True	1.0	False	0.0	508060.0	0.8147272612676083	1.0	0.13499746263369047	flag	non_circular
Odontoschisma_sphagni	mito	True	True	1.0	True	0.0	157049.0	-0.9269025697924275	1.0	0.0	pass	
Oedipodium_griffithianum	mito	True	True	1.0	True	0.0	121147.0	-1.105039420759256	1.0	0.006259031419016556	pass	
Oenanthe_crocata	mito	True	True	3.0	True	0.0	343860.0	0.0	1.0	0.02720704907265869	pass	
Oenanthe_lachenalii	mito	True	True	2.0	True	0.0	353812.0	0.6744907594765952	0.975609756097561	0.028513304245935712	pass	
Oenanthe_pimpinelloides	mito	True	True	2.0	True	0.0	309167.0	-2.351297017536326	1.0	0.0342776856589467	pass	
Oenothera_biennis	mito	True	True	1.0	True	0.0	420342.0	0.3794922244142783	1.0	0.017773689909303652	pass	
Oligotrichum_hercynicum	mito	True	True	1.0	True	0.0	115305.0	-1.134025980932734	1.0	0.00040813491029715693	pass	
Onobrychis_viciifolia	mito	True	True	1.0	True	0.0	341172.0	-0.013329749042459598	1.0	0.020449369884072435	pass	
Onoclea_sensibilis	mito	True	True	1.0	False	0.0	258449.0	-0.423780830389709	0.9024390243902439	0.06866731927769115	flag	non_circular
Ononis_reclinata	mito	True	True	2.0	True	0.0	320543.0	-0.1156857486690738	1.0	0.01748891856477389	pass	
Ononis_repens	mito	True	True	1.0	True	0.0	315209.0	-0.14215173839268427	1.0	0.03956354452852245	pass	
Onopordum_acanthium	mito	True	True	1.0	True	0.0	313203.0	-0.1521050146179491	1.0	0.014384358521070366	pass	
Ophioglossum_vulgatum	mito	False	False								fail	missing_gfa
Ophrys_apifera	mito	True	True	17.0	True	0.0	612528.0	1.3330716584266142	0.8048780487804879	0.0065229717348976495	fail	fragmented(n_subgraphs>=10)
Orchis_mascula	mito	True	True	15.0	True	0.0	728821.0	1.9100887830850004	0.9024390243902439	0.02986414440101559	fail	fragmented(n_subgraphs>=10)
Oreojuncus_trifidus	mito	True	True	1.0	True	0.0	1490371.0	5.688711669102163	1.0	0.005597751677138189	flag	size_outlier(|z|>4)
Origanum_vulgare	mito	True	True	1.0	False	0.0	321332.0	-0.11177092566721242	1.0	0.015390093143817472	flag	non_circular
Ornithopus_perpusillus	mito	True	True	1.0	True	0.0	335691.0	-0.04052511643561838	1.0	0.013583464229615878	pass	
Orobanche_alba	mito	True	True	1.0	True	0.0	1506667.0	5.4069714015133234	1.0	0.000783418625761383	flag	size_outlier(|z|>4)
Orobanche_hederae	mito	True	True	5.0	True	0.0	1231064.0	0.0	1.0	0.0017264704302256866	flag	fragmented(n_subgraphs>=5)
Orobanche_minor	mito	True	True	5.0	True	0.0	1196684.0	-0.6744907594765952	1.0	0.0010786971948851844	flag	fragmented(n_subgraphs>=5)
Orontium_aquaticum	mito	True	True	2.0	True	0.0	596042.0	1.2512722008744128	1.0	0.03007397357625093	pass	
Orthothecium_rufescens	mito	True	True	1.0	True	0.0	106897.0	-1.1757443989297562	1.0		pass	
Orthotrichum_anomalum	mito	True	True	1.0	True	0.0	105765.0	0.1565571919902045	1.0	0.007255185351799917	pass	
Orthotrichum_lyellii	mito	True	True	1.0	True	0.0	105632.0	-0.1565571919902045	1.0	0.007239732569245463	pass	
Orthotrichum_pulchellum	mito	True	True	1.0	True	0.0	104817.0	-2.075265635178425	1.0	0.007234964541037903	pass	
Orthotrichum_striatum	mito	True	True	1.0	True	0.0	106205.0	1.192424326962986	1.0	0.00723344562032999	pass	
Oxalis_acetosella	mito	True	True	1.0	True	2.0	586282.0	1.2028454930186878	0.975609756097561	0.027938570787194594	flag	dead_end_nodes>0
Oxybasis_chenopodioides	mito	True	True	1.0	True	0.0	323225.0	-0.10237832751445752	1.0	0.011028665508919913	pass	
Oxyria_digyna	mito	True	True	2.0	True	0.0	411215.0	0.3342063061151796	1.0	0.05361941700760826	pass	
Oxytropis_halleri	mito	True	True	1.0	True	0.0	349066.0	0.02583832798757058	1.0	0.0024356022245732747	pass	
Palustriella_falcata	mito	True	True	1.0	True	0.0	104156.0	-1.1893445635027626	1.0	0.007280690801164142	pass	
Papaver_rhoeas	mito	True	True	1.0	True	0.0	202779.0	-0.7000016117757971	0.9024390243902439	0.6957300338370849	fail	high_cross_organelle_alignment(>35%)
Papaver_somniferum	mito	True	True	1.0	True	0.0	151420.0	-0.9548322766079886	0.9024390243902439	0.04252164592466127	pass	
Parietaria_judaica	mito	True	True	3.0	True	0.0	437715.0	0.46569275674803995	0.9512195121951219		pass	
Parnassia_palustris	mito	True	True	12.0	True	0.0	418660.0	0.37114655611373226	0.975609756097561	0.09546870079428951	fail	fragmented(n_subgraphs>=10)
Parthenocissus_inserta	mito	True	True	1.0	True	0.0	760148.0	2.0655256147444576	1.0	0.025698693523481267	pass	
Pastinaca_sativa	mito	True	True	1.0	False	3.0	268942.0	-0.37171715769195035	0.975609756097561	0.09771269379206786	fail	dead_end_nodes>2;non_circular
Paulownia_tomentosa	mito	True	True	1.0	True	0.0	859918.0	2.5605596969950417	1.0	0.02915744839858462	pass	
Pedicularis_palustris	mito	True	True	1.0	True	0.0	389014.0	0.22405043100196703	1.0	0.034582662807366354	pass	
Pedicularis_sylvatica	mito	True	True	2.0	True	0.0	356860.0	0.06451022973219374	1.0	0.5117219466219687	fail	high_cross_organelle_alignment(>35%)
Pentaglottis_sempervirens	mito	True	True	1.0	True	0.0	326907.0	-0.08410915350577104	1.0	0.020869150973069208	pass	
Persicaria_amphibia	mito	True	True	1.0	True	0.0	395894.0	0.4819073745744592	1.0	0.036465719402624164	pass	
Persicaria_hydropiper	mito	True	True	1.0	True	0.0	397610.0	0.8670741443787312	1.0	0.058349604559887976	pass	
Persicaria_maculosa	mito	True	True	1.0	True	0.0	391600.0	-0.4819073745744592	1.0	0.056888665196216305	pass	
Persicaria_nepalensis	mito	True	True	5.0	True	0.0	388323.0	-1.2174502094512654	1.0	0.09836061455601443	flag	fragmented(n_subgraphs>=5)
Petalophyllum_ralfsii	mito	True	True	1.0	True	0.0	161204.0	-0.9062864866837658	1.0	0.0	pass	
Petasites_albus	mito	True	True	2.0	True	0.0	308622.0	-0.14612737202985285	1.0	0.012165213958935932	pass	
Petasites_fragrans	mito	True	True	1.0	True	0.0	310207.0	0.14612737202985285	1.0	0.012123987115039226	pass	
Petasites_hybridus	mito	True	True	1.0	True	0.0	302891.0	-1.2028541469233376	1.0	0.01243649449618967	pass	
Petasites_japonicus	mito	True	True	3.0	True	0.0	317364.0	1.465791222651502	1.0	0.023561703996486605	pass	
Phacelia_tanacetifolia	mito	True	True	1.0	False	53.0	371634.0	0.1378151663982269	0.1951219512195122	0.0	fail	dead_end_nodes>2;core_gene_pct<0.50;non_circular
Phaeoceros_laevis	mito	True	True	1.0	False	0.0	210129.0	-0.6635327282983812	0.8780487804878049	0.0035977899290435874	flag	non_circular
Phalaris_arundinacea	mito	True	True	2.0	True	0.0	465408.0	0.6030985785358061	1.0	0.035978804239152166	pass	
Phegopteris_connectilis	mito	True	True	1.0	False	0.0	221236.0	-0.6084225393482234	0.9024390243902439	0.07533132039993491	flag	non_circular
Phleum_pratense	mito	True	True	1.0	True	0.0	526235.0	0.9049071193903343	1.0	0.031062766843233475	pass	
Phragmites_australis	mito	True	True	1.0	True	0.0	476252.0	0.6569038264853434	1.0	0.06927763133476872	pass	
Physcomitrium_patens	mito	True	True	1.0	True	0.0	106583.0	-1.1773023893259342	1.0	0.055411049933548506	pass	
Phyteuma_orbiculare	mito	True	True	3.0	True	0.0	282627.0	-0.3038155698839996	1.0	0.010186720957879225	pass	
Phyteuma_spicatum	mito	True	True	2.0	True	0.0	269642.0	-0.36824393069410116	1.0	0.0033448044161812802	pass	
Phytolacca_acinosa	mito	True	True	1.0	True	0.0	471954.0	0.6355782127185496	1.0	0.005557246492202318	pass	
Pilosella_aurantiaca	mito	True	True	1.0	True	0.0	322652.0	-0.10522141189983975	1.0	0.01468949252729169	pass	
Pilosella_officinarum	mito	True	True	1.0	True	0.0	336508.0	-0.036471364353843023	1.0	0.0142307579518159	pass	
Pilularia_globulifera	mito	True	True	1.0	False	0.0	196815.0	-0.7295935057974718	0.9024390243902439	0.01592358306023423	flag	non_circular
Pimpinella_saxifraga	mito	True	True	6.0	True	0.0	256424.0	-0.43382837991920115	1.0	0.0160156356035723	flag	fragmented(n_subgraphs>=5)
Pinguicula_vulgaris	mito	True	True	1.0	True	0.0	429814.0	0.4264899474480313	1.0	0.06689191100883687	pass	
Plagiochila_asplenioides	mito	True	True	2.0	False	0.0	158217.0	-0.9211072424588735	1.0	0.0	flag	non_circular
Plagiochila_carringtonii	mito	True	True	1.0	False	0.0	159012.0	-0.9171626489398876	1.0	0.0	flag	non_circular
Plagiothecium_denticulatum	mito	True	True	1.0	True	0.0	104783.0	-1.1862335444632608	1.0	0.00723669136179638	pass	
Plantago_coronopus	mito	True	True	3.0	False	2.0	684786.0	-0.5871519444589873	0.43902439024390244	0.005041694875105461	fail	core_gene_pct<0.50;dead_end_nodes>0;non_circular
Plantago_lanceolata	mito	True	True	18.0	True	0.0	1424309.0	0.5871519444589873	0.975609756097561	0.01444151469162703	fail	fragmented(n_subgraphs>=10)
Plantago_major	mito	True	True	1.0	True	0.0	574782.0	-0.7618295744942032	0.36585365853658536	0.0	fail	core_gene_pct<0.50
Plantago_maritima	mito	True	True	1.0	False	0.0	2575363.0	2.4149344320281236	1.0	0.0041601902333768094	flag	non_circular
Platanus_orientalis	mito	True	True	2.0	True	0.0	589403.0	1.2183311236762409	1.0	0.02361041621995092	pass	
Platanus_x_hispanica	mito	True	True	2.0	True	0.0	589403.0	1.2183311236762409	1.0	0.02361041621995092	pass	
Pleuridium_subulatum	mito	True	True	2.0	True	0.0	139908.0	-1.011951975464045	1.0	0.005469764756819166	pass	
Poa_alpina	mito	True	True	1.0	True	0.0	522036.0	0.0	1.0	0.0484609897700288	pass	
Poa_chaixii	mito	True	True	1.0	True	0.0	458472.0	-1.1591772734377952	0.975609756097561	0.01953399138743662	pass	
Poa_infirma	mito	True	True	1.0	False	1.0	485050.0	-0.6744907594765952	1.0	0.022048122305191716	flag	dead_end_nodes>0;non_circular
Poa_nemoralis	mito	True	True	1.0	True	0.0	529704.0	0.13983656366372496	1.0	0.047447245349835264	pass	
Poa_trivialis	mito	True	True	2.0	True	0.0	723618.0	3.676126001103418	1.0	0.029128775311338277	pass	
Pogonatum_aloides	mito	True	True	2.0	True	0.0	527060.0	0.9090005654949422	1.0	8.918118390867847e-05	pass	
Pohlia_annotina	mito	True	True	1.0	True	0.0	100084.0	-0.08025102520684702	1.0	0.0075771964373181925	pass	
Pohlia_cruda	mito	True	True	1.0	True	0.0	100126.0	0.08025102520684702	1.0	0.007574016526943715	pass	
Pohlia_nutans	mito	True	True	1.0	True	0.0	99773.0	-1.2687304937463433	1.0	0.0076002165760924055	pass	
Pohlia_wahlenbergii	mito	True	True	1.0	True	0.0	101815.0	6.534726338271828	1.0	0.007564945757941696	flag	size_outlier(|z|>4)
Polygala_serpyllifolia	mito	True	True	3.0	True	0.0	323286.0	-0.10207566059035925	1.0	0.03030079054913446	pass	
Polygala_vulgaris	mito	True	True	1.0	True	0.0	345476.0	0.008025635241458553	1.0	0.0283305599133145	pass	
Polygonum_aviculare	mito	True	True	1.0	True	0.0	334661.0	-0.04563572187531069	1.0	0.0348123952043721	pass	
Polygonum_maritimum	mito	True	True	1.0	True	0.0	353784.0	0.049247877953073796	1.0	0.12908727174699564	pass	
Polypodium_vulgare	mito	True	True	1.0	False	0.0	336861.0	-0.034719865596356245	0.9024390243902439	0.055090972240775866	flag	non_circular
Polypogon_viridis	mito	True	True	1.0	True	0.0	560672.0	1.0757750024259498	1.0	0.11200313071043548	pass	
Polystichum_lonchitis	mito	True	True	1.0	False	0.0	253671.0	-0.4474880855264564	0.9024390243902439	0.06025915457423198	flag	non_circular
Polystichum_setiferum	mito	True	True	1.0	False	0.0	269422.0	-0.3693355163219966	0.9024390243902439	0.08989985969965333	flag	non_circular
Polytrichastrum_sexangulare	mito	True	True	1.0	True	0.0	116192.0	-1.1296249061511738	1.0		pass	
Polytrichum_commune	mito	True	True	1.0	True	0.0	115506.0	-0.38313856543464325	1.0		pass	
Polytrichum_formosum	mito	True	True	1.0	True	0.0	116057.0	0.0	1.0	0.0004093862690103305	pass	
Polytrichum_juniperinum	mito	True	True	1.0	True	0.0	117027.0	0.6744907594765952	1.0	0.0004091439316120271	pass	
Polytrichum_piliferum	mito	True	True	1.0	True	0.0	114914.0	-0.7947865341048952	1.0	0.00041082479633579246	pass	
Polytrichum_strictum	mito	True	True	1.0	True	0.0	117027.0	0.6744907594765952	1.0	0.0004091510550874016	pass	
Pontederia_cordata	mito	True	True	1.0	True	0.0	283049.0	-0.301721710179582	1.0	0.033889905051218146	pass	
Populus_alba	mito	True	True	1.0	True	0.0	838691.0	1.067085390327324	1.0	0.0837252339479734	pass	
Populus_nigra	mito	True	True	3.0	True	0.0	805020.0	0.0	1.0	0.03012311326096452	pass	
Populus_tremula	mito	True	True	1.0	True	0.0	783737.0	-0.6744907594765952	1.0	0.02324542310653014	pass	
Porella_arboris_vitae	mito	True	True	1.0	True	0.0	179089.0	-0.8175455368887202	1.0	0.0	pass	
Porella_cordaeana	mito	True	True	1.0	True	0.0	180716.0	-0.809472764995148	1.0	0.0	pass	
Potamogeton_alpinus	mito	True	True	1.0	True	0.0	259890.0	0.47471898654596273	0.926829268292683	0.0388611890104664	pass	
Potamogeton_berchtoldii	mito	True	True	1.0	True	0.0	237488.0	-0.7247683512165748	0.926829268292683	0.0432275595642459	pass	
Potamogeton_coloratus	mito	True	True	1.0	False	0.0	258488.0	0.3996506333836077	0.926829268292683	0.04293816347373959	flag	non_circular
Potamogeton_compressus	mito	True	True	1.0	True	0.0	238427.0	-0.6744907594765952	0.926829268292683	0.0432870682849207	pass	
Potamogeton_epihydrus	mito	True	True	2.0	True	0.0	491354.0	12.868172122331517	0.926829268292683	0.031765306655836975	flag	size_outlier(|z|>4)
Potamogeton_friesii	mito	False	False								fail	missing_gfa
Potamogeton_gramineus	mito	False	False								fail	missing_gfa
Potamogeton_lucens	mito	True	True	1.0	True	0.0	243535.0	-0.4009892274128936	0.926829268292683	0.04231261212701427	pass	
Potamogeton_natans	mito	True	True	1.0	True	0.0	258143.0	0.38117803577946185	0.926829268292683		pass	
Potamogeton_nodosus	mito	True	True	1.0	True	0.0	251024.0	0.0	0.926829268292683	0.04692426682069399	pass	
Potamogeton_obtusifolius	mito	True	True	1.0	True	0.0	238949.0	-0.6465409161451049	0.926829268292683	0.043101653611125855	pass	
Potamogeton_perfoliatus	mito	True	True	1.0	True	0.0	252004.0	0.052472885948008516	0.926829268292683	0.055764523722014125	pass	
Potamogeton_polygonifolius	mito	True	True	2.0	True	0.0	632578.0	20.429836250006574	1.0	0.03348956983928838	flag	size_outlier(|z|>4)
Potamogeton_praelongus	mito	True	True	1.0	True	0.0	279329.0	1.5155561599575316	0.926829268292683	0.056013700990649146	pass	
Potamogeton_pusillus	mito	True	True	1.0	True	0.0	236385.0	-0.78382711978867	0.926829268292683	0.043506777437691296	pass	
Potamogeton_rutilus	mito	True	True	1.0	True	0.0	236354.0	-0.7854869763849845	0.926829268292683	0.04369386652144675	pass	
Potamogeton_trichoides	mito	True	True	1.0	True	0.0	238221.0	-0.6855207742779112	0.926829268292683	0.043070419891711925	pass	
Potentilla_anglica	mito	True	True	1.0	True	0.0	350622.0	-0.4391627542946276	0.975609756097561	0.04449567854911103	pass	
Potentilla_anserina	mito	True	True	1.0	True	0.0	290869.0	-2.266169094012436	0.975609756097561		pass	
Potentilla_crantzii	mito	True	True	1.0	True	0.0	394741.0	0.9098187646585628	1.0	0.05646088654094411	pass	
Potentilla_erecta	mito	True	True	2.0	True	0.0	361815.0	-0.09692584634922853	0.975609756097561	0.1419232581159121	pass	
Potentilla_indica	mito	True	True	1.0	True	0.0	435184.0	2.146402993018768	1.0	0.11505983561568334	pass	
Potentilla_reptans	mito	True	True	1.0	True	0.0	351627.0	-0.40843389764447785	0.975609756097561	0.04449732913299548	pass	
Potentilla_sterilis	mito	True	True	1.0	True	0.0	450425.0	2.6124114549142226	1.0	0.14842301793692073	pass	
Potentilla_verna	mito	True	True	1.0	True	0.0	368155.0	0.09692584634922853	0.975609756097561	0.02978082288119318	pass	
Poterium_sanguisorba	mito	True	True	1.0	True	0.0	345423.0	0.007762662340192832	1.0	0.013811125709253136	pass	
Primula_farinosa	mito	True	True	1.0	True	0.0	345423.0	0.64539536034387	1.0	0.013811125709253136	pass	
Primula_scotica	mito	True	True	1.0	True	0.0	355186.0	1.3441859673126184	1.0	0.013268805309734514	pass	
Primula_veris	mito	True	True	1.0	True	0.0	326576.0	-0.7035861586093205	1.0	0.01730792222164318	pass	
Primula_vulgaris	mito	True	True	1.0	True	0.0	327389.0	-0.64539536034387	1.0	0.017391621838716745	pass	
Prunella_vulgaris	mito	True	True	1.0	False	0.0	293995.0	-0.24741036343892955	1.0		flag	non_circular
Prunus_avium	mito	True	True	2.0	True	0.0	445875.0	-0.7637006037480998	1.0	0.004903747092617836	pass	
Prunus_domestica	mito	True	True	1.0	True	0.0	480767.0	0.03802763484078302	1.0	0.002912391492464449	pass	
Prunus_laurocerasus	mito	True	True	2.0	True	0.0	585076.0	2.434779636416152	1.0	0.0028119352540857214	pass	
Prunus_lusitanica	mito	True	True	1.0	True	0.0	504584.0	0.5852809152050906	1.0	0.0030243222277864515	pass	
Prunus_padus	mito	True	True	2.0	True	0.0	435128.0	-1.010638967273112	1.0	0.0034479517470157105	pass	
Prunus_spinosa	mito	True	True	1.0	True	0.0	477457.0	-0.03802763484078302	1.0	0.0029115069457244834	pass	
Pseudisothecium_interludens	mito	True	True	1.0	True	0.0	105770.0	-1.1813362943962935	1.0	0.0072474853711706885	pass	
Pseudobryum_cinclidioides	mito	True	True	1.0	True	0.0	100192.0	-1.209012951816297	1.0	0.0075689493339724	pass	
Pseudofumaria_lutea	mito	True	True	1.0	True	0.0	632900.0	1.4341524875697325	1.0	0.11046800920058207	pass	
Pseudognaphalium_luteoalbum	mito	True	True	1.0	True	0.0	234032.0	-0.5449319498275411	1.0	0.01575229953781669	pass	
Pseudoscleropodium_purum	mito	True	True	1.0	True	0.0	105336.0	-1.1834896951349598	1.0	0.007219185127335759	pass	
Pseudotaxiphyllum_elegans	mito	True	True	1.0	True	0.0	107297.0	-1.1737596977881282	1.0		pass	
Pseudotsuga_menziesii	mito	False	False								fail	missing_gfa
Pteridium_aquilinum	mito	True	True	1.0	False	0.0	207092.0	-0.6786015717161924	0.8292682926829268	0.012578950418171635	flag	non_circular
Pterigynandrum_filiforme	mito	True	True	1.0	True	0.0	107050.0	-1.1749852507430836	1.0	0.007207172943626216	pass	
Ptilidium_ciliare	mito	True	True	1.0	True	0.0	179604.0	-0.8149902341688741	1.0	0.0	pass	
Ptilium_crista_castrensis	mito	True	True	1.0	True	0.0	106813.0	-1.1761611861694983	1.0	0.00725379675971559	pass	
Ptychomitrium_polyphyllum	mito	True	True	1.0	True	0.0	103205.0	-1.1940631904669834	1.0	0.0074361112473635155	pass	
Ptychostomum_cyclophyllum	mito	True	True	1.0	True	0.0	101772.0	-1.201173382306866	1.0	0.0076289780390104475	pass	
Ptychostomum_pallens	mito	True	True	1.0	True	0.0	100584.0	-1.2070679446975014	1.0	0.007633972183336187	pass	
Puccinellia_maritima	mito	True	True	1.0	True	0.0	475299.0	0.6521752760154145	1.0	0.025212155917698615	pass	
Pulicaria_dysenterica	mito	True	True	1.0	True	0.0	353925.0	0.049947485105497694	1.0		pass	
Pulicaria_vulgaris	mito	True	True	2.0	True	0.0	335110.0	-0.043407894843833165	1.0	0.012986668864969263	pass	
Pyrola_rotundifolia	mito	True	True	1.0	False	0.0	786571.0	2.1966300104075547	1.0	0.00843166459553067	flag	non_circular
Pyrus_communis	mito	True	True	2.0	True	0.0	444483.0	0.4992739000643871	1.0	0.006700786868982933	pass	
Quercus_cerris	mito	True	True	3.0	True	2.0	1520541.0	8.667170940063711	1.0	0.042564666881350376	flag	dead_end_nodes>0;size_outlier(|z|>4)
Quercus_ilex	mito	True	True	1.0	False	0.0	540667.0	0.6652342681137717	1.0		flag	non_circular
Quercus_petraea	mito	True	True	1.0	True	0.0	375478.0	-0.6837472508394186	1.0	0.01982286621737997	pass	
Quercus_robur	mito	True	True	1.0	True	0.0	377745.0	-0.6652342681137717	1.0	0.019255613342576982	pass	
Racomitrium_heterostichum	mito	True	True	1.0	True	0.0	107080.0	-1.1748363981574614	1.0	0.0071427225269029984	pass	
Radula_complanata	mito	True	True	1.0	True	0.0	145078.0	-0.9862997132085018	1.0	0.0	pass	
Ranunculus_acris	mito	True	True	9.0	False	3.0	538017.0	-6.533812061446841	0.7804878048780488	0.006824382418514976	fail	dead_end_nodes>2;fragmented(n_subgraphs>=5);non_circular;size_outlier(|z|>4);core_gene_pct<0.80
Ranunculus_auricomus	mito	True	True	2.0	True	0.0	653467.0	-3.941430472074282	1.0	0.010418502979233508	pass	
Ranunculus_bulbosus	mito	True	True	1.0	True	0.0	859034.0	0.6744907594765952	1.0	0.010020854996775899	pass	
Ranunculus_flammula	mito	True	True	1.0	False	0.0	938631.0	2.461808190133049	1.0	0.0058171476585980675	flag	non_circular
Ranunculus_omiophyllus	mito	False	False								fail	missing_gfa
Ranunculus_repens	mito	True	True	3.0	True	0.0	822300.0	-0.15035588672532396	1.0	0.014699090389206151	pass	
Ranunculus_sardous	mito	True	True	1.0	True	0.0	828996.0	0.0	1.0	0.013283884648799125	pass	
Ranunculus_sceleratus	mito	True	True	1.0	False	0.0	850209.0	0.47632906587579116	0.975609756097561	0.008522582704558176	flag	non_circular
Raphanus_raphanistrum	mito	True	True	1.0	True	0.0	252894.0	-0.45134336749406895	1.0	0.031477456114349704	pass	
Reseda_lutea	mito	True	True	1.0	True	0.0	649029.0	1.5141805993530308	1.0	0.028565598226515082	pass	
Reseda_luteola	mito	True	True	2.0	True	0.0	615041.0	1.3455405433488927	1.0	0.03138801314009151	pass	
Reynoutria_japonica	mito	True	True	1.0	True	0.0	357982.0	0.07007731643446051	1.0	0.06468336523258716	pass	
Rhabdoweisia_crispata	mito	True	True	1.0	True	0.0	106313.0	-1.1786420625965333	1.0	0.007176195480322266	pass	
Rhamnus_cathartica	mito	True	True	1.0	False	0.0	528155.0	0.9144336848701491	1.0	0.017154003413545397	flag	non_circular
Rhinanthus_minor	mito	True	True	6.0	True	0.0	343305.0	-0.002746330204727857	1.0	0.1168621990066997	flag	fragmented(n_subgraphs>=5)
Rhodiola_rosea	mito	True	True	1.0	True	0.0	253619.0	-0.44774609667486803	0.9024390243902439	0.15179683139410072	flag	elevated_cross_organelle_alignment(>15%)
Rhodobryum_roseum	mito	True	True	1.0	True	0.0	103698.0	-1.191617046309927	1.0	0.007386258441090204	pass	
Rhododendron_ponticum	mito	True	True	1.0	False	0.0	962869.0	3.071377115074423	1.0	0.0091710699546867	flag	non_circular
Rhynchospora_alba	mito	True	True	1.0	True	0.0	1204173.0	4.268667925772979	1.0	0.07243214070390852	flag	size_outlier(|z|>4)
Rhynchostegiella_tenella	mito	True	True	1.0	True	0.0	105269.0	-1.1838221325761826	1.0		pass	
Rhynchostegium_confertum	mito	True	True	1.0	True	0.0	104716.0	-1.1865659819044834	0.975609756097561	0.007241392487294127	pass	
Rhynchostegium_megapolitanum	mito	True	True	1.0	True	0.0	104582.0	-1.1872308567869287	1.0		pass	
Rhynchostegium_riparioides	mito	False	False								fail	missing_gfa
Rhytidiadelphus_loreus	mito	True	True	1.0	True	0.0	106094.0	-1.1797286864715746	1.0	0.007231858339534795	pass	
Rhytidium_rugosum	mito	True	True	1.0	True	0.0	104292.0	-1.1886697651146092	1.0	0.007270983213429257	pass	
Ribes_nigrum	mito	True	True	2.0	True	0.0	450316.0	0.0	1.0	0.006867738288529411	pass	
Ribes_rubrum	mito	True	True	1.0	True	0.0	523661.0	8.949081901919477	1.0	0.010713808930179735	flag	size_outlier(|z|>4)
Ribes_uva_crispa	mito	True	True	1.0	False	0.0	444788.0	-0.6744907594765952	1.0		flag	non_circular
Riccardia_palmata	mito	True	True	1.0	True	0.0	153191.0	-0.9460450123034303	1.0	0.0	pass	
Riccia_beyrichiana	mito	True	True	1.0	True	0.0	187466.0	-0.7759809332301741	1.0	0.00022943979339746975	pass	
Riccia_sorocarpa	mito	True	True	1.0	True	0.0	187554.0	-0.775544298979016	1.0	0.0004482462365993052	pass	
Robinia_pseudoacacia	mito	True	True	1.0	True	0.0	404249.0	0.2996427357337266	1.0	0.006359169693358893	pass	
Rorippa_islandica	mito	True	True	1.0	True	0.0	255784.0	-0.43700390174580606	1.0	0.02443262453169165	pass	
Rorippa_sylvestris	mito	True	True	2.0	True	0.0	255179.0	-0.4400057622225185	1.0	0.024589486282090147	pass	
Rosa_agrestis	mito	True	True	1.0	True	0.0	271910.0	0.0	1.0	0.018676873495064365	pass	
Rosa_canina	mito	True	True	1.0	True	0.0	260972.0	-0.6744907594765952	1.0	0.019187970365164425	pass	
Rosa_rubiginosa	mito	True	True	1.0	True	0.0	271795.0	-0.00709146437555389	1.0	0.018676873495064365	pass	
Rosa_rugosa	mito	True	True	1.0	True	0.0	303366.0	1.9397313338906361	1.0	0.02413963934209657	pass	
Rosa_spinosissima	mito	True	True	1.0	True	0.0	287776.0	0.9783754241959828	1.0	0.030347004673266783	pass	
Rosulabryum_capillare	mito	True	True	1.0	True	0.0	101271.0	-1.2036592204867553	1.0	0.007577423675950177	pass	
Rubus_caesius	mito	True	True	1.0	True	0.0	406798.0	0.6794410586231726	1.0	0.0792830416871386	pass	
Rubus_chamaemorus	mito	True	True	2.0	True	0.0	356221.0	-1.849561769017702	1.0	0.14565023277755001	pass	
Rubus_idaeus	mito	True	True	1.0	True	0.0	406600.0	0.6695404603300178	1.0	0.09563816177917733	pass	
Rubus_saxatilis	mito	True	True	1.0	True	0.0	379820.0	-0.6695404603300178	1.0	0.05723281798409196	pass	
Rumex_acetosa	mito	True	True	7.0	True	0.0	346074.0	-0.6744907594765952	1.0	0.07973760804762449	flag	fragmented(n_subgraphs>=5)
Rumex_acetosella	mito	True	True	7.0	True	0.0	330165.0	-0.8532992028038712	0.926829268292683	0.18706880267690895	flag	fragmented(n_subgraphs>=5);elevated_cross_organelle_alignment(>15%)
Rumex_hydrolapathum	mito	True	True	1.0	False	0.0	406085.0	0.0	1.0	0.030832331342601334	flag	non_circular
Rumex_obtusifolius	mito	True	True	1.0	True	0.0	416565.0	0.11778945792129307	1.0	0.07507010740896491	pass	
Rumex_sanguineus	mito	True	True	2.0	False	0.0	852138.0	5.013391323870852	1.0	0.19119061652717198	flag	non_circular;size_outlier(|z|>4);elevated_cross_organelle_alignment(>15%)
Ruppia_maritima	mito	True	True	1.0	True	0.0	237292.0	-0.5287566355232722	0.9512195121951219	0.05146660535514569	pass	
Ruscus_aculeatus	mito	False	False								fail	missing_gfa
Sabulina_verna	mito	True	True	1.0	True	0.0	376962.0	0.16425138560471295	1.0	0.01605267756437751	pass	
Saccogyna_viticulosa	mito	True	True	1.0	True	0.0	164479.0	-0.8900367460866859	1.0	0.0	pass	
Sagina_nodosa	mito	False	False								fail	missing_gfa
Sagina_procumbens	mito	True	True	1.0	True	0.0	868370.0	2.602496432117643	0.8536585365853658	0.0012001196613956446	pass	
Salicornia_ramosissima	mito	True	True	1.0	True	0.0	321844.0	-0.10923050820592847	1.0	0.013629584538122052	pass	
Salix_alba	mito	True	True	1.0	True	0.0	755160.0	7.8429998363799855	1.0	0.08065236433702752	flag	size_outlier(|z|>4)
Salix_arbuscula	mito	True	True	2.0	True	0.0	625508.0	-0.6744907594765952	1.0	0.01919536070754974	pass	
Salix_aurita	mito	True	True	1.0	True	0.0	631540.0	-0.278218405218991	1.0	0.018718101242304875	pass	
Salix_caprea	mito	True	True	2.0	True	0.0	609096.0	-1.7526774103512304	1.0	0.020155834383889855	pass	
Salix_cinerea	mito	True	True	1.0	True	0.0	654430.0	1.2255405783613404	1.0	0.022535305603322127	pass	
Salix_euxina	mito	True	True	1.0	True	0.0	755149.0	7.842277191171625	1.0	0.08065354003058582	flag	size_outlier(|z|>4)
Salix_herbacea	mito	True	True	1.0	True	0.0	645428.0	0.6341540178462621	1.0	0.01829981375337482	pass	
Salix_lanata	mito	True	True	1.0	True	0.0	632497.0	-0.21534827209158264	1.0	0.01788805889752262	pass	
Salix_lapponum	mito	True	True	1.0	True	0.0	591638.0	-2.899581051039104	1.0	0.020876763597697308	pass	
Salix_myrsinifolia	mito	True	True	1.0	True	0.0	630066.0	-0.3750528631393671	1.0	0.02523889334593663	pass	
Salix_pentandra	mito	True	True	1.0	True	0.0	756958.0	7.961119480437541	1.0	0.08190896500540061	flag	size_outlier(|z|>4)
Salix_phylicifolia	mito	True	True	1.0	True	0.0	270346.0	-24.006865076923415	1.0	0.023564722074594934	flag	size_outlier(|z|>4)
Salix_purpurea	mito	True	True	1.0	True	0.0	637021.0	0.08185599360162049	1.0	0.018745389521257226	pass	
Salix_repens	mito	True	True	1.0	True	0.0	641629.0	0.3845786408859441	1.0	0.01959536757955877	pass	
Salix_reticulata	mito	True	True	1.0	True	0.0	635358.0	-0.02739482289877668	1.0	0.019965948580802154	pass	
Salix_triandra	mito	True	True	1.0	True	0.0	764007.0	8.424203668959068	1.0	0.07991598280322171	flag	size_outlier(|z|>4)
Salix_viminalis	mito	True	True	2.0	True	0.0	635775.0	0.0	1.0		pass	
Salvia_pratensis	mito	True	True	1.0	True	0.0	341132.0	-0.013528219156622407	1.0	0.31730411472600234	flag	elevated_cross_organelle_alignment(>15%)
Salvia_verbenaca	mito	True	True	2.0	True	0.0	291781.0	-0.258395684257841	1.0	0.05817894184151489	pass	
Sambucus_ebulus	mito	True	True	1.0	True	0.0	647510.0	1.5066436967676982	1.0	0.009815449410747235	pass	
Sambucus_nigra	mito	True	True	1.0	True	0.0	718256.0	1.8576678641817486	1.0	0.029992514990733504	pass	
Samolus_valerandi	mito	True	True	1.0	True	0.0	432016.0	0.4374157272326939	1.0	0.005856376144022785	pass	
Sanguisorba_minor	mito	True	True	2.0	True	0.0	541553.0	0.9809112496089817	1.0	0.1352902680686603	pass	
Sanicula_europaea	mito	True	True	1.0	True	0.0	302762.0	-0.20391067616729608	1.0	0.04073996047391178	pass	
Saponaria_officinalis	mito	True	True	1.0	False	1.0	374122.0	0.15016000749915356	1.0	0.01151088034976298	flag	dead_end_nodes>0;non_circular
Sarmentypnum_exannulatum	mito	True	True	1.0	True	0.0	105607.0	-1.1821450601115069	1.0	0.007245961189178854	pass	
Sarmentypnum_sarmentosum	mito	True	True	1.0	True	0.0	106608.0	-1.1771783455045826	1.0	0.007198002032153608	pass	
Sarracenia_purpurea	mito	True	True	1.0	True	0.0	656297.0	1.550242619096413	1.0	0.025599040844608775	pass	
Saxifraga_aizoides	mito	True	True	2.0	True	0.0	433879.0	-0.6744907594765952	0.9024390243902439	0.03287618373876554	pass	
Saxifraga_cernua	mito	True	True	5.0	True	0.0	637167.0	1.9549198971762913	0.9024390243902439	0.020494750893102907	flag	fragmented(n_subgraphs>=5)
Saxifraga_cespitosa	mito	True	True	1.0	True	0.0	486026.0	0.0	0.8780487804878049	0.02527281033402858	pass	
Saxifraga_hirsuta	mito	True	True	1.0	True	0.0	447165.0	-0.5026441675267985	0.926829268292683	0.024118661093004996	pass	
Saxifraga_hypnoides	mito	True	True	2.0	True	0.0	561343.0	0.9741810752583795	0.8780487804878049	0.030741496526713118	pass	
Saxifraga_oppositifolia	mito	True	True	2.0	True	0.0	516205.0	0.39034760638664096	0.9512195121951219	0.026327216522848612	pass	
Saxifraga_tridactylites	mito	True	True	1.0	True	0.0	288941.0	-2.549178501763184	0.926829268292683	0.04982717015587295	pass	
Scabiosa_columbaria	mito	True	True	1.0	True	0.0	539720.0	0.971816356627471	1.0	0.056116330389735375	pass	
Scapania_compacta	mito	True	True	1.0	True	0.0	146514.0	1.5375975031468692	1.0	0.0	pass	
Scapania_gracilis	mito	True	True	1.0	True	0.0	144499.0	0.524100948079502	1.0	0.0	pass	
Scapania_irrigua	mito	True	True	1.0	False	0.0	139783.0	-1.847933669140202	0.975609756097561	0.0	flag	non_circular
Scapania_ornithopodioides	mito	True	True	1.0	True	0.0	144322.0	0.4350742035400857	1.0	0.0	pass	
Scapania_uliginosa	mito	True	True	1.0	True	0.0	142592.0	-0.4350742035400857	1.0	0.0	pass	
Scapania_undulata	mito	True	True	1.0	True	0.0	141817.0	-0.8248805708736885	1.0	0.0	pass	
Scheuchzeria_palustris	mito	True	True	1.0	True	0.0	424362.0	0.39943847088764056	0.9512195121951219	0.18870328291231306	flag	elevated_cross_organelle_alignment(>15%)
Schistidium_strictum	mito	True	True	1.0	True	0.0	107246.0	-1.1740127471836859	1.0	0.007135124958817716	pass	
Schoenoplectus_lacustris	mito	True	True	1.0	False	0.0	2074166.0	0.0	1.0	0.00427359139203066	flag	non_circular
Schoenoplectus_tabernaemontani	mito	True	True	1.0	True	0.0	2130341.0	0.6744907594765952	1.0	0.0027438804907987837	pass	
Schoenoplectus_triqueter	mito	True	True	1.0	False	0.0	1614964.0	-5.513618259602518	1.0	0.0019720889415748956	flag	non_circular;size_outlier(|z|>4)
Schoenus_ferrugineus	mito	True	True	1.0	True	0.0	2225419.0	9.335838180980756	1.0	0.031785264618564645	flag	size_outlier(|z|>4)
Schoenus_nigricans	mito	True	True	1.0	False	0.0	1657227.0	6.516609903320901	1.0	0.010744900922476812	flag	non_circular;size_outlier(|z|>4)
Scilla_verna	mito	True	True	1.0	True	0.0	430005.0	0.4274376422431587	0.975609756097561	0.06526210573078632	pass	
Scirpus_sylvaticus	mito	True	True	1.0	True	0.0	1961564.0	8.026654881670064	1.0		flag	size_outlier(|z|>4)
Sciuro_hypnum_glaciale	mito	True	True	1.0	True	0.0	106705.0	-1.1766970554777378	1.0	0.007261371038816722	pass	
Sciuro_hypnum_plumosum	mito	True	True	1.0	True	0.0	105607.0	-1.1821450601115069	1.0	0.007245961189178854	pass	
Scleranthus_perennis	mito	True	True	1.0	False	0.0	278251.0	-0.3255282003734108	1.0	0.01756327919755904	flag	non_circular
Scorpidium_scorpioides	mito	True	True	1.0	True	0.0	105644.0	-1.1819614752559062	1.0	0.007249079519915842	pass	
Scorzonera_humilis	mito	True	True	1.0	True	0.0	381406.0	0.18630141528820093	1.0	0.009987545005442518	pass	
Scorzoneroides_autumnalis	mito	True	True	2.0	False	2.0	691678.0	1.7257943968262708	1.0	0.08620969140946048	flag	dead_end_nodes>0;non_circular
Scrophularia_auriculata	mito	True	True	1.0	False	0.0	860881.0	0.0	1.0	0.036016350124441064	flag	non_circular
Scrophularia_umbrosa	mito	True	True	1.0	True	0.0	757865.0	-0.6744907594765953	1.0	0.014009744694096646	pass	
Scrophularia_vernalis	mito	True	True	4.0	True	0.0	1029740.0	1.1055936471466412	1.0	0.027052082562410654	pass	
Scutellaria_galericulata	mito	True	True	1.0	True	0.0	327327.0	-0.08202521730706155	1.0	0.006829806131512052	pass	
Scutellaria_minor	mito	True	True	1.0	True	0.0	376501.0	0.1619640175389866	1.0		pass	
Sedum_acre	mito	True	True	2.0	True	0.0	204446.0	0.0	0.926829268292683	0.07372682405642114	pass	
Sedum_album	mito	True	True	1.0	True	0.0	197001.0	-0.6744907594765953	0.9024390243902439	0.01891891891891892	pass	
Sedum_anglicum	mito	True	True	1.0	True	0.0	219153.0	1.3324023639519524	0.975609756097561	0.09761033774072365	pass	
Selaginella_selaginoides	mito	True	True	1.0	False	2.0	264447.0	-0.3940202367709959	0.5365853658536586	0.08557858474476927	flag	dead_end_nodes>0;non_circular;core_gene_pct<0.80
Senecio_eboracensis	mito	True	True	1.0	True	0.0	295555.0	0.0	1.0	0.012740967875512908	pass	
Senecio_squalidus	mito	True	True	1.0	True	0.0	343857.0	1.5095566983707953	1.0	0.013953935821750026	pass	
Senecio_sylvaticus	mito	True	True	1.0	True	0.0	264779.0	-0.9618259481814334	1.0	0.013784345160299012	pass	
Senecio_viscosus	mito	True	True	1.0	False	0.0	312259.0	0.5220412216799669	1.0	0.011731267941151449	flag	non_circular
Senecio_vulgaris	mito	True	True	1.0	True	0.0	273973.0	-0.6744907594765952	1.0	0.014817337160091454	pass	
Sesleria_caerulea	mito	True	True	2.0	True	0.0	507248.0	0.8106983179501034	0.975609756097561	0.03136086300669319	pass	
Sherardia_arvensis	mito	True	True	1.0	True	0.0	192771.0	-0.7496588343393317	1.0	0.06048969085594293	pass	
Sibbaldia_procumbens	mito	True	True	1.0	True	0.0	243207.0	-0.499407867391447	0.975609756097561	0.03899098653136151	pass	
Sibthorpia_europaea	mito	True	True	1.0	True	0.0	336611.0	-0.03596030380987379	1.0	0.025555862004213344	pass	
Silaum_silaus	mito	True	True	3.0	True	3.0	288393.0	-0.2752061029274308	0.9512195121951219	0.04126775568181818	fail	dead_end_nodes>2
Silene_acaulis	mito	True	True	4.0	True	0.0	1640729.0	8.655359670305888	0.8780487804878049	0.0001593924008218598	flag	size_outlier(|z|>4)
Silene_dioica	mito	False	False								fail	missing_gfa
Silene_flos_cuculi	mito	False	False								fail	missing_gfa
Silene_latifolia	mito	True	True	1.0	False	1.0	291150.0	-0.9328784737650632	0.926829268292683	0.0025059940223995797	flag	dead_end_nodes>0;non_circular
Silene_uniflora	mito	True	True	1.0	False	4.0	481024.0	0.41610304518812713	0.7804878048780488	0.012367366285258115	fail	dead_end_nodes>2;non_circular;core_gene_pct<0.80
Silene_vulgaris	mito	True	True	8.0	True	7.0	363888.0	-0.41610304518812713	0.7560975609756098	0.025937314625376802	fail	dead_end_nodes>2;fragmented(n_subgraphs>=5);core_gene_pct<0.80
Sinapis_arvensis	mito	True	True	1.0	True	0.0	245486.0	-0.488100032637021	1.0	0.02984173009544521	pass	
Sisymbrium_altissimum	mito	True	True	1.0	True	0.0	314629.0	-0.145029555048045	1.0	0.023920707226437705	pass	
Sisymbrium_officinale	mito	True	True	1.0	True	0.0	288841.0	-0.2729832376488074	1.0	0.04069447966861104	pass	
Sisyrinchium_bermudianum	mito	True	True	1.0	True	0.0	257165.0	-0.4301517210543351	0.975609756097561	0.06272434997034679	pass	
Sium_latifolium	mito	True	True	1.0	True	0.0	338927.0	-0.024468884199847205	1.0	0.20927343074439483	flag	elevated_cross_organelle_alignment(>15%)
Smyrnium_perfoliatum	mito	True	True	2.0	False	10.0	524558.0	0.8965862598540586	0.975609756097561	0.06411874378047804	fail	dead_end_nodes>2;non_circular
Solanum_crispum	mito	True	True	1.0	False	0.0	478901.0	0.8144065822578632	1.0	0.047165165716574996	flag	non_circular
Solanum_dulcamara	mito	True	True	2.0	True	0.0	454213.0	-0.6744907594765952	1.0		pass	
Solanum_nigrum	mito	True	True	1.0	False	0.0	465397.0	0.0	1.0	0.03980898922387333	flag	non_circular
Soleirolia_soleirolii	mito	True	True	1.0	False	0.0	453113.0	0.542093827195013	0.926829268292683	0.14815950987943405	flag	non_circular
Solenostoma_gracillimum	mito	True	True	3.0	True	0.0	225392.0	-0.5878014944867076	1.0	0.0	pass	
Solidago_canadensis	mito	True	True	1.0	True	0.0	257596.0	-0.42801320557423084	1.0	0.025146251462514625	pass	
Solidago_virgaurea	mito	True	True	1.0	True	0.0	270346.0	-0.36475085668483576	1.0	0.023564722074594934	pass	
Sonchus_arvensis	mito	True	True	1.0	False	0.0	629007.0	49410.8323215972	1.0	0.025257270586813818	flag	non_circular;size_outlier(|z|>4)
Sonchus_asper	mito	True	True	1.0	True	0.0	335981.0	0.0	1.0	0.02081108579212458	pass	
Sonchus_oleraceus	mito	True	True	1.0	True	0.0	335977.0	-0.6744907594765952	1.0	0.020455354465114064	pass	
Sorbus_bristoliensis	mito	True	True	1.0	True	0.0	386950.0	-0.6744907594765952	1.0	0.00769214857869779	pass	
Sorbus_cuneifolia	mito	True	True	1.0	True	0.0	389477.0	0.6744907594765952	1.0	0.007651099572309963	pass	
Sorbus_devoniensis	mito	True	True	1.0	True	0.0	386950.0	-0.6744907594765952	1.0	0.00769214857869779	pass	
Sorbus_hibernica	mito	True	True	1.0	True	0.0	425231.0	19.76095107948149	1.0	0.006913989964837422	flag	size_outlier(|z|>4)
Southbya_tophacea	mito	True	True	1.0	False	0.0	164460.0	-0.8901310193909132	1.0	0.0	flag	non_circular
Sparganium_angustifolium	mito	True	True	3.0	True	0.0	433551.0	0.1087985541425607	1.0	0.017910053278061402	pass	
Sparganium_emersum	mito	True	True	3.0	True	0.0	420347.0	-2.5441582489938592	1.0		pass	
Sparganium_erectum	mito	True	True	3.0	True	0.0	439182.0	1.2401829648106295	1.0	0.017425547059769005	pass	
Sparganium_natans	mito	True	True	3.0	True	0.0	432468.0	-0.1087985541425607	1.0	0.018085622777619072	pass	
Spergula_arvensis	mito	True	True	1.0	True	0.0	335332.0	-0.04230638571022958	1.0	0.021171053568461776	pass	
Spergularia_bocconei	mito	True	True	1.0	True	0.0	334589.0	0.7626598660794384	1.0	0.05000794941724657	pass	
Spergularia_marina	mito	True	True	1.0	True	0.0	333072.0	0.586321652873752	1.0	0.05012413320777331	pass	
Spergularia_media	mito	True	True	1.0	True	0.0	322984.0	-0.586321652873752	1.0	0.015550032151159915	pass	
Spergularia_rubra	mito	True	True	1.0	True	0.0	293343.0	-4.0318331740535465	1.0	0.02329085186522883	flag	size_outlier(|z|>4)
Sphagnum_angustifolium	mito	False	False								fail	missing_gfa
Sphagnum_capillifolium	mito	True	True	1.0	True	0.0	141805.0	-0.7284168349575039	1.0	0.016414951926129188	pass	
Sphagnum_compactum	mito	True	True	1.0	True	0.0	142506.0	0.43472713156917087	1.0	0.016485774200861482	pass	
Sphagnum_contortum	mito	True	True	1.0	True	0.0	141744.0	-0.8296319304755169	1.0	0.016421786566174084	pass	
Sphagnum_fallax	mito	True	True	1.0	True	0.0	141575.0	-1.1100475229762417	1.0	0.01644069832343029	pass	
Sphagnum_fimbriatum	mito	True	True	1.0	True	0.0	142650.0	0.6736611275461197	1.0	0.016451740618195185	pass	
Sphagnum_girgensohnii	mito	True	True	1.0	True	0.0	142534.0	0.4811865196757998	1.0		pass	
Sphagnum_inundatum	mito	True	True	1.0	True	0.0	139961.0	-3.7880993945512103	1.0	0.016745826137017847	pass	
Sphagnum_lindbergii	mito	True	True	1.0	True	0.0	143046.0	1.3307296164827291	1.0	0.01641692064567107	pass	
Sphagnum_medium	mito	True	True	1.0	True	0.0	142108.0	-0.2256598850893406	1.0	0.016477369285673824	pass	
Sphagnum_palustre	mito	True	True	1.0	True	0.0	142181.0	-0.10453362323991514	1.0	0.016468856380531787	pass	
Sphagnum_papillosum	mito	True	True	1.0	True	0.0	142651.0	0.6753203914070708	1.0	0.01646897293624731	pass	
Sphagnum_riparium	mito	True	True	1.0	True	0.0	142272.0	0.046459388106628946	1.0	0.016413562526009888	pass	
Sphagnum_rubellum	mito	True	True	1.0	True	0.0	142566.0	0.5342829632262329	1.0	0.016417268115788655	pass	
Sphagnum_squarrosum	mito	True	True	1.0	True	0.0	143115.0	1.4452188228883505	1.0	0.016422018348623852	pass	
Sphagnum_tenellum	mito	True	True	1.0	True	0.0	141348.0	-1.4867004194121263	1.0	0.01646792399419695	pass	
Sphagnum_teres	mito	True	True	1.0	True	0.0	142216.0	-0.046459388106628946	1.0	0.01641680482556704	pass	
Spinacia_oleracea	mito	True	True	1.0	True	0.0	325567.0	-0.09075790233022511	1.0	0.016571166837039575	pass	
Spiraea_salicifolia	mito	True	True	1.0	True	0.0	299714.0	-0.21903409886650205	1.0	0.011463045794756287	pass	
Spirodela_polyrhiza	mito	True	True	1.0	True	0.0	229867.0	-0.5655976504647435	1.0	0.03263925515545927	pass	
Splachnum_sphaericum	mito	True	True	1.0	True	0.0	104545.0	-1.1874144416425294	1.0	0.007254005014641989	pass	
Stachys_alpina	mito	True	True	4.0	True	0.0	362268.0	0.6744907594765952	0.9512195121951219	0.15604292499853398	flag	elevated_cross_organelle_alignment(>15%)
Stachys_palustris	mito	True	True	2.0	True	0.0	345133.0	0.0	0.9512195121951219	0.01926447888232883	pass	
Stachys_sylvatica	mito	True	True	1.0	True	0.0	229000.0	-4.571382280145634	1.0	0.017640635918937806	flag	size_outlier(|z|>4)
Stellaria_alsine	mito	True	True	3.0	False	4.0	23859.0	-1.0248846422201516	0.14634146341463414	0.0	fail	dead_end_nodes>2;core_gene_pct<0.50;non_circular
Stellaria_graminea	mito	True	True	4.0	False	6.0	30881.0	-0.32409687673303883	0.0975609756097561	0.0	fail	dead_end_nodes>2;core_gene_pct<0.50;non_circular
Stellaria_holostea	mito	False	False								fail	missing_gfa
Stellaria_media	mito	True	True	1.0	True	0.0	471125.0	43.61176313880505	1.0	0.07432511099382161	flag	size_outlier(|z|>4)
Stellaria_palustris	mito	True	True	1.0	False	14.0	37376.0	0.32409687673303883	0.0975609756097561	0.0	fail	dead_end_nodes>2;core_gene_pct<0.50;non_circular
Stereodon_callichrous	mito	True	True	1.0	True	0.0	104862.0	-1.1858415659877892	1.0	0.007292458366604773	pass	
Straminergon_stramineum	mito	True	True	1.0	True	0.0	105488.0	-1.1827355087011413	1.0	0.007246515362994971	pass	
Struthiopteris_spicant	mito	True	True	1.0	False	0.0	189067.0	-0.7680371669108077	0.9024390243902439	0.03690755129134116	flag	non_circular
Stuckenia_filiformis	mito	True	True	2.0	False	4.0	250588.0	-0.4627851695755548	0.8780487804878049	0.048243705563694866	fail	dead_end_nodes>2;non_circular
Stuckenia_pectinata	mito	True	True	1.0	True	0.0	268797.0	-0.3724366118557905	0.926829268292683	0.044984600630728656	pass	
Suaeda_maritima	mito	True	True	1.0	True	0.0	602285.0	1.2822484239423733	1.0	0.034987241189436254	pass	
Suaeda_vera	mito	True	True	1.0	False	0.0	635417.0	1.446641219503427	1.0	0.019082580420576273	flag	non_circular
Succisa_pratensis	mito	True	True	2.0	True	0.0	545772.0	1.0018448849003039	1.0	0.01182333079185274	pass	
Symphytum_tuberosum	mito	True	True	1.0	True	0.0	356160.0	0.0610370027343446	1.0	0.015202802184088239	pass	
Syntrichia_ruraliformis	mito	True	True	1.0	True	0.0	106300.0	-1.1787065653836362	1.0	0.007144742299136598	pass	
Syringa_vulgaris	mito	True	True	1.0	True	0.0	771760.0	2.1231414888859206	1.0		pass	
Tamarix_gallica	mito	True	True	1.0	True	0.0	456413.0	0.5584676116134446	1.0	0.02167369552633755	pass	
Tanacetum_parthenium	mito	True	True	1.0	True	0.0	222020.0	-0.6045325251106324	1.0	0.02327029446921458	pass	
Tanacetum_vulgare	mito	True	True	1.0	True	0.0	228043.0	-0.5746478876705675	1.0	0.01712158262287137	pass	
Tellima_grandiflora	mito	True	True	1.0	True	0.0	532972.0	0.9383344483682052	1.0	0.014351565411515263	pass	
Tephroseris_palustris	mito	True	True	1.0	False	0.0	300417.0	-0.2155459866100907	1.0	0.004821526816825328	flag	non_circular
Tetraplodon_mnioides	mito	True	True	1.0	True	0.0	106309.0	-1.1786619096079496	1.0	0.007220560498390139	pass	
Teucrium_botrys	mito	True	True	10.0	True	0.0	428047.0	-0.6744907594765952	0.8780487804878049	0.02359982999622214	fail	fragmented(n_subgraphs>=10)
Teucrium_chamaedrys	mito	True	True	6.0	True	0.0	468499.0	0.0	0.975609756097561	0.005582677249468545	flag	fragmented(n_subgraphs>=5)
Teucrium_scorodonia	mito	True	True	3.0	True	0.0	518229.0	0.8291907808951616	1.0	0.0032586007252338725	pass	
Thalictrum_alpinum	mito	True	True	1.0	True	0.0	417387.0	-0.6744907594765952	1.0	0.0066639140412701765	pass	
Thalictrum_flavum	mito	True	True	1.0	True	0.0	447808.0	3.020571980310457	1.0	0.0025717281353652183	pass	
Thalictrum_minus	mito	True	True	1.0	True	0.0	422940.0	0.0	1.0	0.002735741409304327	pass	
Thamnobryum_alopecurum	mito	True	True	1.0	True	0.0	105465.0	-1.182849629016785	1.0	0.007273145971463936	pass	
Thelypteris_palustris	mito	True	True	1.0	False	0.0	220625.0	-0.6114541703420603	0.9024390243902439	0.03721699716713881	flag	non_circular
Thuidium_delicatulum	mito	True	True	1.0	True	0.0	103257.0	-1.1938051793185718	1.0	0.007343822663152999	pass	
Thuidium_tamariscinum	mito	True	True	1.0	True	0.0	103489.0	-1.1926540526564275	1.0	0.007350445584399213	pass	
Thymus_drucei	mito	True	True	1.0	True	1.0	479878.0	0.0	0.926829268292683	0.20392486646935856	flag	dead_end_nodes>0;elevated_cross_organelle_alignment(>15%)
Thymus_pulegioides	mito	True	True	1.0	False	0.0	456401.0	-0.6744907594765953	0.9024390243902439	0.1256417054300933	flag	non_circular
Thymus_serpyllum	mito	True	True	1.0	False	0.0	526958.0	1.352601480434387	0.926829268292683	0.0800936697042269	flag	non_circular
Tilia_cordata	mito	True	True	1.0	True	0.0	789305.0	2.2101954427105825	1.0	0.009377850988342625	pass	
Tofieldia_pusilla	mito	True	True	1.0	True	0.0	815950.0	2.342401347507283	1.0	0.022105847431039893	pass	
Torilis_japonica	mito	True	True	1.0	True	0.0	293079.0	-0.25195532905325785	0.9512195121951219		pass	
Tortella_tortuosa	mito	True	True	1.0	True	0.0	104589.0	-1.1871961245169502	1.0	0.007286429745551722	pass	
Tragopogon_porrifolius	mito	True	True	1.0	True	0.0	346208.0	0.01165763833063794	1.0	0.013731566175098003	pass	
Tragopogon_pratensis	mito	True	True	1.0	True	0.0	337952.0	-0.02930659323256565	1.0	0.014455918227243786	pass	
Tricholepidozia_tetradactyla	mito	True	True	1.0	True	0.0	168738.0	-0.8689046406812009	1.0	0.0	pass	
Trichophorum_cespitosum	mito	True	True	1.0	True	0.0	1511433.0	5.793216107714589	1.0		flag	size_outlier(|z|>4)
Trichostomum_littorale	mito	True	True	1.0	True	0.0	105930.0	-1.180542413939642	1.0	0.007234550226676211	pass	
Trifolium_arvense	mito	True	True	1.0	True	0.0	317238.0	-0.005307423072883126	1.0	0.011462242953980139	pass	
Trifolium_bocconei	mito	True	True	1.0	True	0.0	307929.0	-0.6469541943127405	1.0	0.0030301746749078727	pass	
Trifolium_campestre	mito	True	True	1.0	True	0.0	317392.0	0.005307423072883126	1.0	0.003501125926675607	pass	
Trifolium_dubium	mito	True	True	3.0	True	0.0	317614.0	0.020609344140156555	1.0	0.0035010816349766594	pass	
Trifolium_fragiferum	mito	True	True	1.0	True	0.0	296439.0	-1.4389320009027031	1.0		pass	
Trifolium_incarnatum	mito	True	True	3.0	True	0.0	321155.0	0.26468187792040526	1.0	0.0028605117682189178	pass	
Trifolium_medium	mito	True	True	1.0	True	0.0	298608.0	-1.2894280964210991	1.0	0.003122964196726596	pass	
Trifolium_occidentale	mito	True	True	1.0	True	0.0	321896.0	0.3157572090503584	1.0	0.00291990053500113	pass	
Trifolium_ochroleucon	mito	True	True	1.0	True	0.0	327500.0	0.7020273246404498	1.0	0.002811544868325982	pass	
Trifolium_pratense	mito	True	True	1.0	True	0.0	299594.0	-1.221465510059245	1.0	0.00264345669464575	pass	
Trifolium_repens	mito	True	True	1.0	True	0.0	351277.0	2.340918213003334	1.0	0.0026507205399489238	pass	
Trifolium_scabrum	mito	True	True	1.0	True	0.0	332608.0	1.0541093643324888	1.0	0.021002991138056815	pass	
Trifolium_squamosum	mito	True	True	1.0	False	0.0	311640.0	-0.39116397322872387	1.0	0.027923116803806627	flag	non_circular
Trifolium_striatum	mito	True	True	1.0	True	0.0	286982.0	-2.0907800528540763	1.0	0.0032984847365959496	pass	
Trifolium_strictum	mito	True	True	1.0	True	0.0	346095.0	1.9837355329555373	1.0	0.0026896491887670997	pass	
Trifolium_subterraneum	mito	True	True	1.0	True	0.0	308677.0	-0.5953963701761615	1.0	0.002564044529661113	pass	
Triglochin_maritima	mito	True	True	2.0	True	1.0	349688.0	0.028924538262802245	0.926829268292683	0.014780872785196372	flag	dead_end_nodes>0
Triglochin_palustris	mito	True	True	2.0	True	0.0	353467.0	0.04767500229833354	0.926829268292683	0.019639915974724382	pass	
Trinia_glauca	mito	False	False								fail	missing_gfa
Tripleurospermum_maritimum	mito	True	True	1.0	True	0.0	228999.0	-0.5699044519420764	1.0	0.017640712966076895	pass	
Tripolium_pannonicum	mito	True	True	2.0	True	0.0	301053.0	-0.21239031179490206	1.0		pass	
Trocdaris_verticillatum	mito	True	True	1.0	True	0.0	298614.0	-0.22449202700597928	1.0	0.03087842913763179	pass	
Trollius_europaeus	mito	True	True	1.0	False	0.0	701564.0	1.7748462855416087	1.0	0.0163192345246145	flag	non_circular
Tulipa_sylvestris	mito	False	False								fail	missing_gfa
Turritis_glabra	mito	True	True	2.0	True	0.0	277219.0	-0.3306487293188113	1.0	0.013845032790867136	pass	
Tussilago_farfara	mito	True	True	1.0	True	0.0	303483.0	-0.20033325235951147	1.0	0.012321768567037303	pass	
Typha_latifolia	mito	True	True	7.0	False	0.0	299659.0	-0.2193069952734759	0.7804878048780488	0.014509826169078853	flag	fragmented(n_subgraphs>=5);non_circular;core_gene_pct<0.80
Ulex_europaeus	mito	True	True	1.0	True	0.0	430272.0	0.42876243025519545	1.0	0.004070399407941904	pass	
Ulex_minor	mito	True	True	1.0	True	0.0	481414.0	0.6825163947180537	1.0	0.0047428773594722275	pass	
Ulmus_glabra	mito	True	True	1.0	True	0.0	521320.0	0.0	1.0	0.002601554784439859	pass	
Ulmus_minor	mito	True	True	1.0	True	0.0	523275.0	1.3489815189531904	1.0	0.0026014948027744153	pass	
Ulmus_plotii	mito	True	True	1.0	True	0.0	312910.0	-143.8062600332657	1.0	0.008006553055731768	flag	size_outlier(|z|>4)
Ulmus_procera	mito	True	True	1.0	True	0.0	521320.0	0.0	1.0	0.002601554784439859	pass	
Ulota_crispa	mito	True	True	1.0	True	0.0	105547.0	-1.1824427652827512	1.0	0.007244022248131654	pass	
Ulota_phyllantha	mito	True	True	1.0	True	0.0	105477.0	-1.182790087982536	1.0	0.007237451424097467	pass	
Umbilicus_rupestris	mito	True	True	1.0	True	0.0	242384.0	-0.5034913899903468	0.9024390243902439	0.028739699607229625	pass	
Urtica_dioica	mito	True	True	1.0	False	0.0	313641.0	-0.14993176686786636	0.7804878048780488	0.08313274468464017	flag	non_circular;core_gene_pct<0.80
Urtica_urens	mito	True	True	1.0	True	0.0	334764.0	-0.04512466133134146	0.7560975609756098	0.04248663524593834	flag	core_gene_pct<0.80
Utricularia_minor	mito	True	True	2.0	False	0.0	379866.0	0.17866031589293282	1.0	0.23338756298273602	flag	non_circular;elevated_cross_organelle_alignment(>15%)
Utricularia_vulgaris	mito	True	True	1.0	True	0.0	381346.0	0.1860037101169567	1.0	0.16063205323213792	flag	elevated_cross_organelle_alignment(>15%)
Vaccinium_myrtillus	mito	True	True	1.0	True	0.0	751658.0	2.0503608445574333	1.0	0.008904353725451744	pass	
Vaccinium_oxycoccos	mito	True	True	2.0	True	0.0	485948.0	-0.6744907594765952	1.0	0.0037565972022099085	pass	
Vaccinium_vitis_idaea	mito	True	True	1.0	True	0.0	551720.0	0.0	1.0	0.005379284033827176	pass	
Valeriana_officinalis	mito	True	True	1.0	True	0.0	1088941.0	3.6969152208927616	1.0	0.1012775397395623	pass	
Valeriana_pyrenaica	mito	True	True	3.0	True	2.0	1342238.0	4.953712333570182	1.0	0.03030794607496503	flag	dead_end_nodes>0;size_outlier(|z|>4)
Valerianella_locusta	mito	True	True	16.0	True	0.0	1315860.0	4.822831216785518	0.975609756097561	0.02186026837985128	fail	fragmented(n_subgraphs>=10);size_outlier(|z|>4)
Vandenboschia_speciosa	mito	True	True	1.0	False	2.0	772292.0	2.125781141404286	0.926829268292683	0.022939509926297307	flag	dead_end_nodes>0;non_circular
Verbascum_nigrum	mito	True	True	2.0	True	0.0	484842.0	0.6995252835018064	1.0		pass	
Verbascum_thapsus	mito	True	True	2.0	True	0.0	477262.0	0.6619151968679543	1.0	0.027302798137341978	pass	
Verbena_officinalis	mito	True	True	1.0	True	0.0	491677.0	0.7334388642593762	1.0	0.0485749610234545	pass	
Veronica_anagallis_aquatica	mito	True	True	1.0	True	0.0	340626.0	0.6744907594765952	1.0	0.05644414304145026	pass	
Veronica_arvensis	mito	True	True	1.0	True	0.0	277530.0	-2.0144375882794705	1.0	0.003812999119803007	pass	
Veronica_beccabunga	mito	True	True	1.0	True	0.0	333737.0	0.3809059460543254	1.0	0.007184088700920158	pass	
Veronica_chamaedrys	mito	True	True	1.0	True	0.0	309949.0	-0.6328544751517937	1.0	0.012194733962000026	pass	
Veronica_filiformis	mito	True	True	1.0	True	0.0	314594.0	-0.43490100464135045	1.0	0.00443617038203892	pass	
Veronica_hederifolia	mito	True	True	1.0	True	0.0	307211.0	-0.7495383507723735	1.0	0.03192772958751517	pass	
Veronica_montana	mito	True	True	2.0	True	0.0	799506.0	20.230333288611618	1.0	0.008310341552817783	flag	size_outlier(|z|>4)
Veronica_officinalis	mito	True	True	1.0	True	0.0	352053.0	1.1614690818711775	1.0	0.007461004482309003	pass	
Veronica_persica	mito	True	True	1.0	True	0.0	319010.0	-0.24670670415176657	1.0	0.004428827409167736	pass	
Veronica_praecox	mito	True	True	1.0	True	0.0	347280.0	0.9580607041001666	1.0	0.01861122628724402	pass	
Veronica_scutellata	mito	True	True	2.0	True	0.0	336010.0	0.4777731663923743	1.0	0.011173201096645642	pass	
Veronica_serpyllifolia	mito	True	True	1.0	True	0.0	324799.0	0.0	1.0	0.0074736089120616325	pass	
Veronica_spicata	mito	True	True	1.0	True	0.0	525603.0	8.557556230867393	1.0	0.003612767650311501	flag	size_outlier(|z|>4)
Veronica_triphyllos	mito	True	True	1.0	True	0.0	324556.0	-0.010355800502483897	1.0	0.023142145852735118	pass	
Veronica_verna	mito	True	True	1.0	True	0.0	306776.0	-0.7680765121657089	1.0	0.018758518946136206	pass	
Viburnum_lantana	mito	True	True	1.0	True	0.0	654271.0	1.5401901078140667	1.0	0.010360869306668009	pass	
Viburnum_opulus	mito	True	True	1.0	False	0.0	681034.0	1.6729814994475476	1.0	0.007616501291966863	flag	non_circular
Vicia_cracca	mito	True	True	1.0	True	0.0	452245.0	2.2812212968020336	1.0	0.14946551642290878	pass	
Vicia_hirsuta	mito	True	True	1.0	True	0.0	326260.0	-2.670743640998599	1.0	0.002584567669519947	pass	
Vicia_lutea	mito	True	True	1.0	False	1.0	372788.0	-0.8419146167021522	1.0	0.008257576164850466	flag	dead_end_nodes>0;non_circular
Vicia_parviflora	mito	True	True	2.0	True	0.0	407108.0	0.5070669022510382	1.0	0.006971824569093958	pass	
Vicia_sativa	mito	True	True	1.0	True	0.0	401813.0	0.29894169412583016	1.0	0.006900613908187332	pass	
Vicia_sepium	mito	True	True	1.0	True	0.0	386602.0	-0.29894169412583016	1.0	0.0052716770968630694	pass	
Vinca_minor	mito	True	True	2.0	True	1.0	1123652.0	3.8691426242103923	1.0	0.07614025398646464	flag	dead_end_nodes>0
Viola_hirta	mito	True	True	1.0	True	0.0	487345.0	0.03815574163038195	1.0	0.021622766753760327	pass	
Viola_lutea	mito	True	True	3.0	True	0.0	420217.0	-1.4483901806936341	1.0	0.037099767649346124	pass	
Viola_odorata	mito	True	True	1.0	True	0.0	482146.0	-0.07697583163505958	1.0	0.021028396009209516	pass	
Viola_palustris	mito	True	True	1.0	True	0.0	516080.0	0.6744907594765952	1.0	0.021382597217517257	pass	
Viola_riviniana	mito	True	True	6.0	True	6.0	1022725.0	11.894116829311107	1.0	0.009670823424103343	fail	dead_end_nodes>2;fragmented(n_subgraphs>=5);size_outlier(|z|>4)
Viola_stagnina	mito	True	True	1.0	True	0.0	485622.0	0.0	1.0	0.0270742592336594	pass	
Viola_tricolor	mito	True	True	3.0	True	0.0	420632.0	-1.439200028182544	1.0	0.034914452303574844	pass	
Viscaria_vulgaris	mito	True	True	2.0	True	1.0	427458.0	0.4148000577238419	1.0	0.042326776225498824	flag	dead_end_nodes>0
Viscum_album	mito	True	True	3.0	True	0.0	544202.0	0.9940549329194136	0.7317073170731707	0.012159747650769841	flag	core_gene_pct<0.80
Vitis_vinifera	mito	True	True	1.0	True	0.0	817464.0	2.3499134413283453	1.0	0.12164126554530258	pass	
Woodsia_ilvensis	mito	True	True	1.0	False	0.0	195933.0	-0.7339697718147618	0.9024390243902439	0.026264080068186573	flag	non_circular
Xerophyllum_tenax	mito	True	True	3.0	True	0.0	1063466.0	3.5705145669353233	1.0	0.021677146723460668	pass	
Zostera_marina	mito	True	True	1.0	True	0.0	209791.0	-0.6652098007630569	0.9512195121951219	0.3809327883496197	fail	high_cross_organelle_alignment(>35%)
Zostera_noltei	mito	False	False								fail	missing_gfa
Zygodon_viridissimus	mito	True	True	1.0	True	0.0	104035.0	-1.1899449355981053	1.0	0.007373899508730969	pass	
Acaena_ovalifolia	pltd	True	True	1.0	True	0.0	131325.0	0.08843188135969066	1.0	0.1675125277147654	flag	elevated_cross_organelle_alignment(>15%)
Acer_campestre	pltd	True	False	1.0		0.0	136367.0	0.7017379966493197	1.0		flag	no_resolved_ctg_fasta
Acer_pseudoplatanus	pltd	True	True	1.0	True	0.0	132400.0	0.21919429189843545	1.0	0.11094014463763656	pass	
Achillea_maritima	pltd	True	True	1.0	True	0.0	128575.0	4.20182762014679	1.0	0.03117211967748384	flag	size_outlier(|z|>4)
Achillea_millefolium	pltd	True	True	1.0	True	0.0	127599.0	-0.6744907594765952	1.0	0.01846624244821875	pass	
Achillea_ptarmica	pltd	True	True	1.0	True	0.0	127734.0	0.0	1.0	0.014437506699539072	pass	
Aconitum_napellus	pltd	True	True	1.0	True	0.0	131304.0	0.08587745287474774	0.9907407407407407	0.002235153570465143	pass	
Adiantum_capillus_veneris	pltd	True	True	1.0	True	0.0	139154.0	1.0407471484367445	0.9907407407407407	0.08477930287998618	pass	
Adonis_annua	pltd	True	True	1.0	True	0.0	128372.0	-0.27076941940394966	0.9907407407407407	0.12251404181777714	pass	
Adoxa_moschatellina	pltd	True	True	1.0	True	0.0	133749.0	0.38328591219310215	1.0	0.12742368215751318	pass	
Aegonychon_purpurocaeruleum	pltd	True	True	1.0	True	0.0	130021.0	-0.07018596361009836	1.0	0.07099690916639756	pass	
Aesculus_hippocastanum	pltd	True	True	1.0	True	0.0	131604.0	0.12236928837393232	1.0	0.10577132532899373	pass	
Aethusa_cynapium	pltd	True	True	1.0	True	0.0	132633.0	0.2475362841361355	1.0	0.21203465547583591	flag	elevated_cross_organelle_alignment(>15%)
Agrimonia_eupatoria	pltd	True	True	1.0	True	0.0	130347.0	-0.030531502367651106	1.0	0.12411637722718047	pass	
Agrostemma_githago	pltd	True	True	1.0	True	0.0	129699.0	-0.10935386704588983	1.0	0.12386475977064522	pass	
Agrostis_capillaris	pltd	True	True	1.0	True	0.0	117795.0	-0.6744907594765952	0.9907407407407407	0.46805194805194805	fail	high_cross_organelle_alignment(>35%)
Agrostis_gigantea	pltd	True	True	2.0	True	0.0	231173.0	29.444616498474335	1.0	0.09006871909679237	flag	size_outlier(|z|>4)
Agrostis_stolonifera	pltd	True	True	1.0	True	0.0	120334.0	0.0	0.9907407407407407	0.11369327417300004	pass	
Ailanthus_altissima	pltd	True	True	1.0	True	0.0	136435.0	0.7100094793624682	1.0	0.14618913700730699	pass	
Ajuga_chamaepitys	pltd	True	True	1.0	True	0.0	127409.0	-0.3879082113563322	1.0	0.017378437201401423	pass	
Ajuga_reptans	pltd	True	True	1.0	True	0.0	126564.0	-0.4906935480123688	1.0	0.03774918327888526	pass	
Alchemilla_alpina	pltd	True	True	1.0	True	0.0	127980.0	-3.98725510911828	1.0	0.3471514498844295	flag	elevated_cross_organelle_alignment(>15%)
Alchemilla_arvensis	pltd	True	True	1.0	True	0.0	128423.0	1.3012299607601572	1.0	0.4281701364677757	fail	high_cross_organelle_alignment(>35%)
Alchemilla_glaucescens	pltd	True	True	1.0	True	0.0	128318.0	0.04775155819303329	1.0	0.5460178795792576	fail	high_cross_organelle_alignment(>35%)
Alchemilla_micans	pltd	True	True	1.0	True	0.0	128310.0	-0.04775155819303329	1.0	0.2541560039208205	flag	elevated_cross_organelle_alignment(>15%)
Alisma_plantago_aquatica	pltd	True	True	1.0	True	0.0	136071.0	0.6657327189567909	1.0	0.08242534932886326	pass	
Alleniella_complanata	pltd	True	True	1.0	True	0.0	118207.0	-1.5072344455679876	1.0		pass	
Alliaria_petiolata	pltd	True	True	1.0	True	0.0	129228.0	-0.16664604877960962	1.0	0.11907929923427125	pass	
Allium_paradoxum	pltd	True	True	1.0	True	0.0	123563.0	-11.974765869950007	0.9722222222222222	0.46099193504142205	fail	high_cross_organelle_alignment(>35%);size_outlier(|z|>4)
Allium_schoenoprasum	pltd	True	True	1.0	True	0.0	128250.0	0.0	1.0	0.3408850182417324	flag	elevated_cross_organelle_alignment(>15%)
Allium_triquetrum	pltd	True	True	1.0	True	0.0	128514.0	0.6744907594765952	1.0	0.14033105880048322	pass	
Alnus_cordata	pltd	True	True	1.0	True	0.0	137551.0	21.821759865419256	1.0	0.8223223005293506	fail	high_cross_organelle_alignment(>35%);size_outlier(|z|>4)
Alnus_glutinosa	pltd	True	True	1.0	True	0.0	137001.0	0.0	1.0	0.7358707615393704	fail	high_cross_organelle_alignment(>35%)
Alnus_incana	pltd	True	False	1.0		0.0	136984.0	-0.6744907594765952	1.0		flag	no_resolved_ctg_fasta
Alopecurus_geniculatus	pltd	True	True	1.0	True	0.0	117661.0	-1.5736495861765034	0.9907407407407407	0.36129789184234645	fail	high_cross_organelle_alignment(>35%)
Alopecurus_pratensis	pltd	True	True	1.0	True	0.0	116593.0	-1.7035605205536006	1.0	0.1427679607514799	pass	
Ammi_majus	pltd	True	False	1.0		0.0	132655.0	0.25021235207274234	1.0		flag	no_resolved_ctg_fasta
Ammophila_arenaria	pltd	True	True	2.0	True	0.0	253131.0	14.904846930738618	1.0	0.13387130911546433	flag	size_outlier(|z|>4)
Amphidium_lapponicum	pltd	True	True	1.0	True	0.0	117995.0	-1.5330220093207447	1.0	0.011951872086130381	pass	
Amphidium_mougeotii	pltd	True	True	1.0	True	0.0	117918.0	-1.5423882470988688	1.0	0.011932467989475115	pass	
Amsinckia_menziesii	pltd	True	True	1.0	True	0.0	154920.0	2.9585147433705585	1.0	0.0	pass	
Anacamptis_pyramidalis	pltd	True	True	1.0	True	0.0	127570.0	-0.36832425963843646	1.0	0.061146250075138756	pass	
Anagallis_arvensis	pltd	True	True	1.0	True	0.0	129668.0	-0.11312469004747223	1.0	0.41609915198956293	fail	high_cross_organelle_alignment(>35%)
Anagallis_tenella	pltd	True	True	1.0	True	0.0	130807.0	0.025422645397765266	1.0	0.0999119804400978	pass	
Anastrepta_orcadensis	pltd	True	True	1.0	True	0.0	115185.0	-1.8748288684964403	1.0	0.0	pass	
Anastrophyllum_donnianum	pltd	True	True	1.0	True	0.0	118779.0	-1.4376566792162089	1.0	0.0	pass	
Anchusa_arvensis	pltd	True	True	1.0	True	0.0	126524.0	-0.4955591260789267	1.0	0.05899397925894491	pass	
Andreaea_frigida	pltd	True	True	1.0	True	0.0	126714.0	-1.708125949323845	1.0	0.000699472419207215	pass	
Andreaea_hookeri	pltd	True	True	1.0	True	0.0	128015.0	-0.08008795659833412	1.0	0.0006963891481827207	pass	
Andreaea_mutabilis	pltd	True	True	1.0	True	0.0	128143.0	0.08008795659833412	1.0	0.0006959869687546276	pass	
Andreaea_nivalis	pltd	True	True	1.0	True	0.0	129689.0	2.0147126581768426	1.0	0.0006898677508843517	pass	
Andreaea_rothii	pltd	True	True	1.0	True	0.0	127272.0	-1.0098590777321192	1.0	0.0006937474168979158	pass	
Andreaea_rupestris	pltd	True	True	1.0	True	0.0	128350.0	0.33912244122107105	1.0	0.0006960178891406401	pass	
Andromeda_polifolia	pltd	True	True	1.0	True	0.0	152012.0	2.604787217931796	0.9907407407407407	0.007865558960103611	pass	
Anemone_nemorosa	pltd	True	True	1.0	True	0.0	131860.0	0.15350898799990317	0.9907407407407407	0.11774807735384156	pass	
Anemone_pulsatilla	pltd	True	True	1.0	True	0.0	132769.0	0.2640792495624325	0.9907407407407407	0.20563070303419967	flag	elevated_cross_organelle_alignment(>15%)
Anethum_foeniculum	pltd	True	True	1.0	True	0.0	132529.0	0.2348857811630848	1.0	0.08127608864114402	pass	
Angelica_archangelica	pltd	True	True	1.0	True	0.0	131524.0	0.11263813224081644	1.0	0.0873926386686165	pass	
Angelica_sylvestris	pltd	True	True	1.0	True	0.0	133042.0	0.2972868198666905	1.0	0.292508869465929	flag	elevated_cross_organelle_alignment(>15%)
Anoectangium_aestivum	pltd	True	True	1.0	True	0.0	118895.0	-1.4235465028231908	1.0	0.012046149995559394	pass	
Anomodon_viticulosus	pltd	True	True	1.0	True	0.0	117974.0	-1.5355764378056875	1.0	0.01183056599584503	pass	
Antennaria_dioica	pltd	True	True	1.0	True	0.0	130591.0	-0.0008514761616476405	1.0	0.04734907235682747	pass	
Anthelia_julacea	pltd	True	True	1.0	True	0.0	111449.0	-2.3292738599129525	1.0	0.0	pass	
Anthoxanthum_odoratum	pltd	True	True	1.0	True	0.0	115418.0	-1.8464868762587403	0.9907407407407407	0.060361802078186415	pass	
Anthriscus_caucalis	pltd	True	True	1.0	True	0.0	129670.0	-0.11288141114414434	1.0		pass	
Anthriscus_sylvestris	pltd	True	True	1.0	True	0.0	130236.0	-0.044033481502349404	1.0	0.0757821014684354	pass	
Anthyllis_vulneraria	pltd	True	True	1.0	True	0.0	146911.0	1.9843043749939941	0.9814814814814815	0.011414728554595185	pass	
Antitrichia_curtipendula	pltd	True	True	1.0	True	0.0	117157.0	-1.6349558698151336	1.0	0.0007527828942099783	pass	
Aponogeton_distachyos	pltd	True	True	1.0	True	0.0	135286.0	0.5702457494005913	1.0	0.756901470837296	fail	high_cross_organelle_alignment(>35%)
Aquilegia_vulgaris	pltd	True	True	1.0	True	0.0	138739.0	0.9902667759962058	1.0	0.17155117432521966	flag	elevated_cross_organelle_alignment(>15%)
Arabidopsis_thaliana	pltd	True	True	1.0	True	0.0	132509.0	0.23245299212980583	1.0	0.04205858553163942	pass	
Arabis_alpina	pltd	True	True	1.0	True	0.0	130316.0	-0.6744907594765952	1.0	0.03231738843040112	pass	
Arabis_hirsuta	pltd	True	True	1.0	True	0.0	131611.0	0.0	1.0	0.09457877554205742	pass	
Arabis_scabra	pltd	True	True	2.0	True	0.0	274513.0	74.42940425538565	1.0	0.15001206749656149	flag	size_outlier(|z|>4);elevated_cross_organelle_alignment(>15%)
Arbutus_unedo	pltd	True	True	1.0	True	0.0	126031.0	-0.5555273757492534	1.0	0.0328288013778028	pass	
Archidium_alternifolium	pltd	True	True	1.0	True	0.0	119287.0	-1.375863837770923	1.0	0.011906757004796221	pass	
Arctium_lappa	pltd	True	True	1.0	True	0.0	130161.0	-0.05315644037714556	1.0	0.0317730570762501	pass	
Arctium_minus	pltd	True	True	2.0	True	0.0	265691.0	16.432638443637813	1.0	0.09817487389365594	flag	size_outlier(|z|>4)
Arctostaphylos_uva_ursi	pltd	True	True	1.0	True	0.0	126887.0	-0.4514040051249134	1.0	0.09750796677289031	pass	
Arctous_alpina	pltd	True	True	1.0	True	0.0	127575.0	-0.3677160623801167	1.0	0.4669558679698468	fail	high_cross_organelle_alignment(>35%)
Arenaria_serpyllifolia	pltd	True	True	1.0	True	0.0	126448.0	-0.5048037244053868	1.0	0.03503269399916816	pass	
Aria_edulis	pltd	True	True	1.0	True	0.0	136435.0	0.7100094793624682	1.0	0.023440276868393978	pass	
Aristolochia_clematitis	pltd	True	True	1.0	True	0.0	135952.0	0.651257624208781	1.0	0.08053499400244873	pass	
Armoracia_rusticana	pltd	True	True	2.0	True	0.0	264137.0	16.243610735752036	1.0	0.06104495466688903	flag	size_outlier(|z|>4)
Arrhenatherum_elatius	pltd	True	True	1.0	True	0.0	117716.0	-1.5669594163349863	0.9907407407407407	0.10978327810199713	pass	
Artemisia_campestris	pltd	True	True	1.0	True	0.0	128702.0	-0.6744907594765952	1.0	0.037550074490978316	pass	
Artemisia_maritima	pltd	True	True	1.0	True	0.0	128732.0	0.0	1.0	0.03869195379472413	pass	
Artemisia_vulgaris	pltd	True	True	1.0	True	0.0	128844.0	2.518098835379289	1.0	0.03259309240773449	pass	
Arum_italicum	pltd	True	True	1.0	True	0.0	145144.0	1.7693674639037968	1.0	0.08439134598855627	pass	
Arum_maculatum	pltd	True	True	2.0	True	1.0	274395.0	17.491388230920823	1.0	0.060841644251535425	flag	dead_end_nodes>0;size_outlier(|z|>4)
Asparagus_officinalis	pltd	True	True	1.0	True	0.0	130810.0	0.02578756375275711	1.0	0.0555420856515747	pass	
Asplenium_adiantum_nigrum	pltd	True	True	1.0	True	0.0	130774.0	0.3849701427538498	0.9814814814814815	0.09573237204138549	pass	
Asplenium_ceterach	pltd	True	True	1.0	True	0.0	128861.0	-0.7183225659923893	0.9907407407407407	0.12100398598218347	pass	
Asplenium_marinum	pltd	True	True	1.0	True	0.0	136434.0	3.6492862595879916	0.9814814814814815	0.33108789972681985	flag	elevated_cross_organelle_alignment(>15%)
Asplenium_scolopendrium	pltd	True	True	1.0	True	0.0	129013.0	-0.6306589529608011	0.9814814814814815	0.07273360480068582	pass	
Asplenium_septentrionale	pltd	False	False								fail	missing_gfa
Asplenium_trichomanes	pltd	True	True	1.0	True	0.0	129439.0	-0.3849701427538498	0.9814814814814815	0.06536132608593155	pass	
Asplenium_viride	pltd	True	True	1.0	True	0.0	131896.0	1.0320660231580736	0.9814814814814815	0.12972170829478877	pass	
Astragalus_alpinus	pltd	True	True	1.0	True	0.0	125713.0	0.0	0.9907407407407407	0.012929984902842487	pass	
Astragalus_danicus	pltd	True	True	1.0	True	0.0	123446.0	-13.296265667247315	0.9907407407407407	0.020932946496588164	flag	size_outlier(|z|>4)
Astragalus_glycyphyllos	pltd	True	True	1.0	True	0.0	125828.0	0.6744907594765952	1.0	0.012395061330150564	pass	
Atractylocarpus_subporodictyon	pltd	True	True	1.0	True	0.0	121291.0	-1.13209837663637	1.0	0.011665910832408088	pass	
Atriplex_laciniata	pltd	True	True	1.0	True	0.0	131557.0	-3.7096991771212733	1.0	0.02169651197979027	pass	
Atriplex_littoralis	pltd	True	True	1.0	True	0.0	131744.0	0.0	1.0	0.03376264949402024	pass	
Atriplex_praecox	pltd	True	True	1.0	True	0.0	131778.0	0.6744907594765952	1.0	0.03376109654569707	pass	
Atropa_belladonna	pltd	True	True	1.0	True	0.0	132918.0	0.28220352786036085	1.0	0.2268461774168837	flag	elevated_cross_organelle_alignment(>15%)
Aulacomnium_androgynum	pltd	True	True	1.0	True	0.0	119328.0	-1.3708766202527012	1.0	0.011848698787334916	pass	
Aulacomnium_palustre	pltd	True	True	1.0	False	3.0	181257.0	6.162132981843974	0.018518518518518517	0.01738247515409702	fail	dead_end_nodes>2;core_gene_pct<0.50;non_circular;size_outlier(|z|>4)
Avenella_flexuosa	pltd	True	True	2.0	True	0.0	233494.0	12.516213018413659	0.9907407407407407	0.14008257468151342	flag	size_outlier(|z|>4)
Azolla_filiculoides	pltd	True	True	1.0	True	0.0	128727.0	-0.2275874140632479	1.0	0.021249940746659805	pass	
Baldellia_ranunculoides	pltd	True	True	1.0	True	0.0	135729.0	0.6241320264877205	1.0	0.10790487061450271	pass	
Ballota_nigra	pltd	True	True	1.0	True	0.0	130100.0	-0.06057644692864642	1.0	0.1050732985327128	pass	
Barbarea_vulgaris	pltd	True	True	1.0	False	0.0	202116.0	8.699410304102278	1.0	0.046176453125927684	flag	non_circular;size_outlier(|z|>4)
Bartramia_pomiformis	pltd	True	True	1.0	True	0.0	120273.0	-1.2559273384302696	1.0	0.011862547108305373	pass	
Bazzania_pearsonii	pltd	True	True	1.0	True	0.0	113845.0	0.0	1.0	0.0013011384961841611	pass	
Bazzania_tricrenata	pltd	True	True	1.0	True	0.0	112750.0	-0.6744907594765952	1.0	0.0008552670193944374	pass	
Bazzania_trilobata	pltd	True	True	1.0	True	0.0	122801.0	5.5166568418925905	1.0	0.0008484374610093078	flag	size_outlier(|z|>4)
Bellardia_viscosa	pltd	True	True	1.0	True	0.0	129153.0	-0.17576900765440578	1.0	0.4568048422597212	fail	high_cross_organelle_alignment(>35%)
Bellis_perennis	pltd	True	True	1.0	True	0.0	131389.0	0.09621680626618337	1.0	0.0684598669915059	pass	
Berberis_aquifolium	pltd	True	True	1.0	True	0.0	132820.0	0.27028286159729387	1.0	0.3318787834893504	flag	elevated_cross_organelle_alignment(>15%)
Berberis_vulgaris	pltd	True	True	1.0	True	0.0	132595.0	0.24291398497290542	1.0	0.1121349179617957	pass	
Berula_erecta	pltd	True	True	2.0	True	0.0	166101.0	4.318565452425168	1.0	0.18020827798735456	flag	size_outlier(|z|>4);elevated_cross_organelle_alignment(>15%)
Beta_vulgaris	pltd	True	True	1.0	True	0.0	127414.0	-0.38730001409801246	1.0	0.03613484106681272	pass	
Betonica_officinalis	pltd	True	True	1.0	True	0.0	128204.0	-0.29120484728349305	1.0	0.0338720214331435	pass	
Betula_pendula	pltd	True	True	1.0	True	0.0	136144.0	0.6746123989282591	1.0	0.29140334601423334	flag	elevated_cross_organelle_alignment(>15%)
Betula_pubescens	pltd	True	True	1.0	True	0.0	136145.0	0.6747340383799231	1.0	0.2910466347051865	flag	elevated_cross_organelle_alignment(>15%)
Bidens_cernua	pltd	True	True	1.0	True	0.0	128754.0	-0.22430314886832128	1.0	0.02176585100092352	pass	
Bistorta_vivipara	pltd	True	True	1.0	True	0.0	130795.0	0.02396297197779788	1.0	0.2867970613971583	flag	elevated_cross_organelle_alignment(>15%)
Blackstonia_perfoliata	pltd	True	True	1.0	True	0.0	130915.0	0.03855970617747172	1.0	0.47875820181171436	fail	high_cross_organelle_alignment(>35%)
Blasia_pusilla	pltd	True	True	1.0	True	0.0	113375.0	-2.0949962760081875	1.0	0.0	pass	
Blindia_acuta	pltd	True	True	1.0	True	0.0	116212.0	-1.749905151637565	1.0	0.012052961942691882	pass	
Blindiadelphus_recurvatus	pltd	True	True	1.0	True	0.0	117298.0	-1.6178047071305168	1.0	0.01203720885202785	pass	
Blitum_bonus_henricus	pltd	True	True	1.0	True	0.0	130040.0	-0.06787481402848333	1.0	0.03533937066694626	pass	
Blysmopsis_rufa	pltd	True	True	1.0	True	0.0	179316.0	5.92603080616425	0.9907407407407407	0.1313321335805368	flag	size_outlier(|z|>4)
Borago_officinalis	pltd	True	True	1.0	True	0.0	130334.0	-0.03211281523928244	1.0	0.2307065960982707	flag	elevated_cross_organelle_alignment(>15%)
Brachydontium_trichodes	pltd	True	True	1.0	True	0.0	117236.0	-1.6253463531336816	1.0	0.012085864722559741	pass	
Brachypodium_pinnatum	pltd	True	True	1.0	True	0.0	117824.0	-1.55382235555528	1.0	0.1627359873358349	flag	elevated_cross_organelle_alignment(>15%)
Brachypodium_sylvaticum	pltd	True	True	1.0	True	0.0	120528.0	-1.2249092782559627	1.0	0.1644257641440926	flag	elevated_cross_organelle_alignment(>15%)
Brachythecium_rutabulum	pltd	True	True	1.0	True	0.0	116656.0	-1.6958972350987718	1.0	0.011985090932459353	pass	
Brassica_nigra	pltd	True	True	1.0	True	0.0	131910.0	0.1595909605831006	1.0	0.06972596498079803	pass	
Brassica_oleracea	pltd	True	True	2.0	False	3.0	123601.0	-0.8511112432926486	1.0		fail	dead_end_nodes>2;non_circular
Braunia_imberbis	pltd	True	True	1.0	True	0.0	115640.0	-1.8194829179893437	1.0	0.011915695654604553	pass	
Briza_media	pltd	True	True	1.0	True	0.0	115546.0	-1.8309170264457548	1.0	0.27195285174476647	flag	elevated_cross_organelle_alignment(>15%)
Bromus_benekenii	pltd	True	True	1.0	True	0.0	116972.0	-0.555027662578703	0.9907407407407407	0.07669887348984974	pass	
Bromus_hordeaceus	pltd	True	True	1.0	True	0.0	117497.0	0.0	0.9907407407407407	0.08246257501403664	pass	
Bromus_interruptus	pltd	True	True	2.0	True	0.0	253480.0	143.7606221722662	1.0	0.06598427891341324	flag	size_outlier(|z|>4)
Bromus_secalinus	pltd	True	True	2.0	True	0.0	242677.0	132.33973866971817	1.0	0.029267696257861395	flag	size_outlier(|z|>4)
Bromus_sterilis	pltd	True	True	1.0	True	0.0	116859.0	-0.6744907594765952	0.9907407407407407	0.06829581711849185	pass	
Bryoerythrophyllum_caledonicum	pltd	True	True	4.0	True	3.0	192816.0	7.5681634036275565	1.0	0.011265195177811894	fail	dead_end_nodes>2;size_outlier(|z|>4)
Bryoerythrophyllum_ferruginascens	pltd	True	True	1.0	True	0.0	116954.0	-1.6596486785029152	1.0	0.012109406704001298	pass	
Bryonia_dioica	pltd	True	True	1.0	True	0.0	132565.0	0.23926480142298698	1.0	0.4110055084989181	fail	high_cross_organelle_alignment(>35%)
Bryum_calophyllum	pltd	True	True	1.0	True	0.0	116914.0	0.8088074538206413	1.0	0.012124462647391046	pass	
Bryum_knowltonii	pltd	True	True	1.0	True	0.0	116683.0	0.5401740651325492	1.0	0.012108423957149813	pass	
Bryum_marratii	pltd	True	True	1.0	True	0.0	115754.0	-0.5401740651325492	1.0	0.012121704513141325	pass	
Bryum_riparium	pltd	True	True	1.0	True	0.0	115306.0	-1.0611600310730918	1.0	0.012108522224656911	pass	
Buddleja_davidii	pltd	True	True	1.0	True	0.0	131165.0	0.06896956909345887	1.0	0.11650813013405313	pass	
Butomus_umbellatus	pltd	True	True	1.0	True	0.0	135529.0	0.5998041361549307	1.0	0.08613851381222448	pass	
Buxus_sempervirens	pltd	True	False	1.0		0.0	137059.0	0.7859124972007722	1.0		flag	no_resolved_ctg_fasta
Cakile_maritima	pltd	True	True	2.0	True	0.0	260994.0	15.861297939172246	1.0	0.5004890198737677	fail	high_cross_organelle_alignment(>35%);size_outlier(|z|>4)
Calendula_officinalis	pltd	True	True	1.0	True	0.0	135224.0	0.5627041033974264	1.0	0.03045226464626325	pass	
Calliergon_cordifolium	pltd	True	True	1.0	True	0.0	122006.0	-1.0451261686966467	1.0	0.012017430106400972	pass	
Calliergon_giganteum	pltd	True	True	1.0	True	0.0	116941.0	-1.6612299913745465	1.0	0.011953499923888573	pass	
Calliergonella_cuspidata	pltd	True	True	1.0	True	0.0	117129.0	-1.6383617744617243	1.0	0.011977586179214232	pass	
Callitriche_obtusangula	pltd	True	False	1.0		0.0	128707.0	-0.23002020309652688	1.0		flag	no_resolved_ctg_fasta
Callitriche_stagnalis	pltd	True	True	1.0	True	0.0	126261.0	-0.5275503018665453	1.0	0.4433660827570631	fail	high_cross_organelle_alignment(>35%)
Calluna_vulgaris	pltd	True	True	1.0	True	0.0	164396.0	4.111170187338136	1.0	0.01787350394550644	flag	size_outlier(|z|>4)
Calypogeia_arguta	pltd	True	True	1.0	True	0.0	114218.0	-1.9924542182554787	1.0	0.0	pass	
Calypogeia_muelleriana	pltd	True	True	1.0	True	0.0	117665.0	-1.5731630283698477	1.0	0.0	pass	
Calystegia_pulchra	pltd	True	True	1.0	True	0.0	135843.0	0.0	1.0	0.5106037390921226	fail	high_cross_organelle_alignment(>35%)
Calystegia_sepium	pltd	True	True	1.0	True	0.0	137510.0	2.4820664371909142	1.0	0.3374344878379178	flag	elevated_cross_organelle_alignment(>15%)
Calystegia_soldanella	pltd	True	True	1.0	True	0.0	135390.0	-0.6744907594765952	1.0	0.2941728644667485	flag	elevated_cross_organelle_alignment(>15%)
Campanula_glomerata	pltd	True	True	2.0	True	0.0	275539.0	14.484136933736924	1.0	0.0576750469043152	flag	size_outlier(|z|>4)
Campanula_medium	pltd	True	True	1.0	True	0.0	160820.0	0.29044612636362604	0.9814814814814815	0.011507740567544802	pass	
Campanula_patula	pltd	True	True	1.0	True	0.0	156125.0	-0.29044612636362604	0.9814814814814815	0.011187639912603273	pass	
Campanula_rotundifolia	pltd	True	True	1.0	True	0.0	149917.0	-1.0585353925895644	0.9814814814814815	0.01774931178403339	pass	
Camptothecium_lutescens	pltd	True	True	1.0	True	0.0	116421.0	-1.7244825062397997	1.0	0.011984032000257031	pass	
Campylium_stellatum	pltd	True	True	1.0	True	0.0	123331.0	-0.8839538952419147	1.0	0.011981144954187378	pass	
Campylopus_flexuosus	pltd	True	True	1.0	True	0.0	116790.0	-1.6795975485758028	1.0	0.012062024027034456	pass	
Campylopus_introflexus	pltd	True	True	1.0	True	0.0	117002.0	-1.6538099848230456	1.0	0.012061243957252107	pass	
Capsella_bursa_pastoris	pltd	True	True	1.0	True	0.0	131503.0	0.11008370375587352	1.0	0.04222035323801514	pass	
Cardamine_amara	pltd	True	True	1.0	True	0.0	132104.0	0.794777404766185	1.0	0.040486981709091145	pass	
Cardamine_bulbifera	pltd	True	True	1.0	True	0.0	130026.0	-2.272163072678815	1.0	0.04404783405144612	pass	
Cardamine_flexuosa	pltd	True	True	1.0	True	0.0	131518.0	-0.07010571351233758	1.0	0.37920012473688314	fail	high_cross_organelle_alignment(>35%)
Cardamine_hirsuta	pltd	True	True	1.0	True	0.0	131613.0	0.07010571351233758	1.0	0.3792821179145688	fail	high_cross_organelle_alignment(>35%)
Cardamine_pratensis	pltd	True	True	1.0	True	0.0	131190.0	-0.5542041141870054	1.0	0.040494836294030535	pass	
Cardamine_raphanifolia	pltd	True	True	1.0	True	0.0	132143.0	0.8523378853342095	1.0	0.040495621920146926	pass	
Carduus_crispus	pltd	True	True	1.0	True	0.0	129890.0	-0.6744907594765952	1.0	0.16056914569106331	flag	elevated_cross_organelle_alignment(>15%)
Carduus_nutans	pltd	True	False	2.0		0.0	263785.0	1612.0208706712147	1.0		flag	size_outlier(|z|>4);no_resolved_ctg_fasta
Carduus_tenuiflorus	pltd	True	True	1.0	True	0.0	129946.0	0.0	1.0	0.16145532763233827	flag	elevated_cross_organelle_alignment(>15%)
Carex_acutiformis	pltd	True	False	1.0		0.0	182375.0	1.0923701757715298	0.9907407407407407		flag	no_resolved_ctg_fasta
Carex_aquatilis	pltd	True	True	1.0	True	0.0	173736.0	0.4339604954191789	0.9814814814814815	0.019766833742924712	pass	
Carex_arenaria	pltd	True	True	1.0	True	0.0	158920.0	-0.695220870954294	0.9907407407407407	0.08946679253326836	pass	
Carex_atrata	pltd	True	True	1.0	True	0.0	157668.0	-0.7906403546678191	0.9907407407407407	0.04416777102394703	pass	
Carex_bigelowii	pltd	True	True	1.0	True	0.0	163175.0	-0.37093181088955807	0.9814814814814815	0.016125017424378198	pass	
Carex_buxbaumii	pltd	True	True	1.0	True	0.0	154746.0	-1.0133366257628034	0.9907407407407407	0.017602008145283163	pass	
Carex_canescens	pltd	True	True	1.0	True	0.0	148000.0	-1.5274738758677877	0.9907407407407407	0.15785106594829018	flag	elevated_cross_organelle_alignment(>15%)
Carex_capillaris	pltd	True	True	1.0	True	0.0	168645.0	0.04595682801857479	0.9907407407407407	0.03321024339112791	pass	
Carex_caryophyllea	pltd	True	False	1.0		0.0	174555.0	0.49637947078769096	0.9907407407407407		flag	no_resolved_ctg_fasta
Carex_depauperata	pltd	True	True	1.0	True	0.0	167555.0	-0.037116045182497386	0.9814814814814815	0.18075506573966998	flag	elevated_cross_organelle_alignment(>15%)
Carex_distans	pltd	True	False	1.0		0.0	159464.0	-0.6537606479988965	0.9907407407407407		flag	no_resolved_ctg_fasta
Carex_disticha	pltd	True	True	1.0	True	0.0	154426.0	-1.037724992207155	0.9907407407407407	0.0691303519247872	pass	
Carex_divulsa	pltd	True	True	1.0	True	0.0	150180.0	-1.3613281294656434	0.9907407407407407	0.12534540153608495	pass	
Carex_echinata	pltd	True	True	1.0	True	0.0	145776.0	-1.6969730226560304	0.9907407407407407	0.06933540310242006	pass	
Carex_elata	pltd	True	True	1.0	True	0.0	182820.0	1.1262852478582062	0.9814814814814815	0.005997415633544327	pass	
Carex_extensa	pltd	True	True	1.0	True	0.0	169404.0	0.10380298467877093	0.9907407407407407	0.10772123152525967	pass	
Carex_hirta	pltd	True	True	1.0	True	0.0	172650.0	0.3511924767986611	0.9907407407407407	0.20964220033987477	flag	elevated_cross_organelle_alignment(>15%)
Carex_lachenalii	pltd	True	True	1.0	True	0.0	149079.0	-1.4452393527632401	0.9907407407407407	0.14831567276558424	pass	
Carex_laevigata	pltd	True	True	1.0	True	0.0	173277.0	0.3989784323005623	0.9907407407407407	0.5693318416370545	fail	high_cross_organelle_alignment(>35%)
Carex_lepidocarpa	pltd	True	True	1.0	True	0.0	175358.0	0.5575790278339854	0.9907407407407407	0.04967216371945162	pass	
Carex_leporina	pltd	True	True	1.0	True	0.0	149010.0	-1.4504980942778034	0.9907407407407407	0.06772159872049778	pass	
Carex_montana	pltd	True	True	1.0	True	0.0	185593.0	1.3376256858275393	0.9907407407407407	0.026575223165686914	pass	
Carex_nigra	pltd	True	True	1.0	True	0.0	163398.0	-0.3539361680236507	0.9814814814814815	0.019996512236237867	pass	
Carex_otrubae	pltd	True	True	1.0	True	0.0	152183.0	-1.208672198253031	0.9907407407407407	0.06977728034615528	pass	
Carex_pallescens	pltd	True	True	1.0	True	0.0	177435.0	0.7158747687868542	0.9907407407407407	0.017992653938112894	pass	
Carex_panicea	pltd	True	True	1.0	True	0.0	170722.0	0.20425256897144353	0.9814814814814815	0.04106057816240103	pass	
Carex_paniculata	pltd	True	True	2.0	True	0.0	282595.0	8.730501691561855	1.0	0.1496680611865803	flag	size_outlier(|z|>4)
Carex_pendula	pltd	True	True	1.0	True	0.0	168615.0	0.043670418664416844	0.9907407407407407	0.09997076188859337	pass	
Carex_pseudocyperus	pltd	True	True	2.0	True	0.0	191954.0	1.8224206825541633	1.0	0.018869994051712136	pass	
Carex_pulicaris	pltd	True	True	1.0	True	0.0	148357.0	-1.5002656045533083	0.9814814814814815	0.18426679224652626	flag	elevated_cross_organelle_alignment(>15%)
Carex_remota	pltd	True	True	1.0	True	0.0	148000.0	-1.5274738758677877	0.9907407407407407	0.5741943274946892	fail	high_cross_organelle_alignment(>35%)
Carex_riparia	pltd	True	False	1.0		0.0	167038.0	-0.07651849971915273	0.9907407407407407		flag	no_resolved_ctg_fasta
Carex_rostrata	pltd	True	True	1.0	True	0.0	170138.0	0.1597438002105021	0.9907407407407407	0.03243705617987699	pass	
Carex_rupestris	pltd	True	True	1.0	True	0.0	159565.0	-0.646063069839898	0.9814814814814815	0.05447357145639388	pass	
Carex_saxatilis	pltd	True	True	1.0	True	0.0	184700.0	1.269566900718771	0.9907407407407407	0.034128065395095365	pass	
Carex_spicata	pltd	True	True	1.0	True	0.0	150503.0	-1.3367111220858763	0.9907407407407407	0.1492932429120026	pass	
Carex_strigosa	pltd	True	True	1.0	True	0.0	168529.0	0.037116045182497386	0.9907407407407407	0.06516334555904262	pass	
Carex_sylvatica	pltd	True	True	1.0	True	0.0	174863.0	0.5198532734903792	0.9907407407407407	0.08037594299499394	pass	
Carex_vaginata	pltd	True	True	1.0	True	0.0	164114.0	-0.29936719810441426	0.9814814814814815	0.02965633682202792	pass	
Carex_viridula	pltd	True	True	1.0	True	0.0	173495.0	0.4155930069407767	0.9907407407407407	0.34509389334862384	flag	elevated_cross_organelle_alignment(>15%)
Carlina_vulgaris	pltd	True	False	1.0		0.0	129887.0	-0.08648565013306748	1.0		flag	no_resolved_ctg_fasta
Carpinus_betulus	pltd	True	True	1.0	True	0.0	137811.0	0.8773853648520615	1.0	0.3434573128215437	flag	elevated_cross_organelle_alignment(>15%)
Carpobrotus_edulis	pltd	True	True	1.0	True	0.0	134115.0	0.4278059515021074	0.9907407407407407	0.8690988999173426	fail	high_cross_organelle_alignment(>35%)
Castanea_sativa	pltd	True	True	1.0	True	0.0	136785.0	0.7525832874448503	1.0	0.034963774869825645	pass	
Centaurea_cyanus	pltd	True	True	1.0	True	0.0	129888.0	-0.08636401068140354	1.0	0.26208891775402965	flag	elevated_cross_organelle_alignment(>15%)
Centaurea_nigra	pltd	True	True	1.0	True	0.0	130454.0	-0.017516081039608604	1.0	0.04412410313534056	pass	
Centaurium_erythraea	pltd	True	True	1.0	True	0.0	130938.0	0.04135741356574254	1.0	0.47013878467169956	fail	high_cross_organelle_alignment(>35%)
Centaurium_intermedium	pltd	True	True	1.0	True	0.0	130800.0	0.024571169236117626	1.0	0.5008589774575574	fail	high_cross_organelle_alignment(>35%)
Centranthus_ruber	pltd	True	True	1.0	True	0.0	133076.0	0.3014225612232647	1.0	0.3463952739948636	flag	elevated_cross_organelle_alignment(>15%)
Cephalanthera_damasonium	pltd	True	True	1.0	True	0.0	136341.0	0.698575370906057	1.0	0.16541423023013133	flag	elevated_cross_organelle_alignment(>15%)
Cephalanthera_longifolia	pltd	True	True	1.0	True	0.0	137503.0	0.8399204137395653	1.0	0.19353644313069665	flag	elevated_cross_organelle_alignment(>15%)
Cephalozia_bicuspidata	pltd	True	True	1.0	True	0.0	108489.0	-2.6893266368382402	1.0	0.0	pass	
Cerastium_arvense	pltd	True	True	1.0	True	0.0	125493.0	-0.6744907594765952	1.0		pass	
Cerastium_diffusum	pltd	True	True	1.0	True	0.0	126716.0	0.0	1.0	0.0	pass	
Cerastium_fontanum	pltd	True	True	2.0	True	0.0	258378.0	72.61226686362018	1.0	0.012443019187957172	flag	size_outlier(|z|>4)
Cerastium_glomeratum	pltd	True	True	1.0	True	0.0	126172.0	-0.30001878426432366	1.0	0.0032288660625996407	pass	
Cerastium_semidecandrum	pltd	True	True	1.0	True	0.0	129056.0	1.290521976431098	1.0	0.0	pass	
Ceratocapnos_claviculata	pltd	True	True	1.0	True	0.0	147643.0	2.0733444536120045	0.9907407407407407	0.07502556371954755	pass	
Ceratodon_purpureus	pltd	True	True	1.0	True	0.0	117744.0	-1.5635535116883958	1.0	0.012019656811407396	pass	
Ceratophyllum_demersum	pltd	True	True	2.0	True	0.0	258242.0	15.52654616819306	1.0	0.24661932190077235	flag	size_outlier(|z|>4);elevated_cross_organelle_alignment(>15%)
Chaenorhinum_minus	pltd	True	True	1.0	True	0.0	136380.0	0.703319309520951	1.0	0.14274018368249733	pass	
Chamaemelum_nobile	pltd	True	True	1.0	True	0.0	128549.0	-0.24923923645943075	1.0	0.00529767742882497	pass	
Chamaenerion_angustifolium	pltd	True	False	1.0		0.0	136069.0	0.665489440053463	1.0		flag	no_resolved_ctg_fasta
Chelidonium_majus	pltd	True	True	1.0	True	0.0	136366.0	0.7016163571976557	1.0	0.05475138052365986	pass	
Chenopodium_album	pltd	True	True	1.0	True	0.0	129616.0	-0.11944994153399756	1.0	0.024759474691410797	pass	
Chionoloma_tenuirostre	pltd	True	True	1.0	True	0.0	116442.0	-1.721928077754857	1.0	0.012229808929727781	pass	
Chrysosplenium_alternifolium	pltd	True	True	1.0	True	0.0	130086.0	-0.0622793992519417	1.0	0.05643211397214565	pass	
Chrysosplenium_oppositifolium	pltd	True	True	1.0	True	0.0	128703.0	-0.23050676090318267	1.0	0.05189176292820645	pass	
Cicerbita_alpina	pltd	True	True	1.0	True	0.0	130241.0	0.6744907594765953	1.0	0.03147276571510863	pass	
Cicerbita_macrophylla	pltd	True	True	1.0	True	0.0	129954.0	-3.5337450659534664	1.0	0.030459249931132186	pass	
Cicerbita_muralis	pltd	True	True	1.0	True	0.0	130195.0	0.0	1.0	0.026940325378899472	pass	
Cichorium_intybus	pltd	True	True	2.0	False	3.0	128760.0	-0.2235733121583376	0.9814814814814815		fail	dead_end_nodes>2;non_circular
Cicuta_virosa	pltd	True	True	1.0	True	0.0	129909.0	-0.0838095821964606	1.0	0.3321808269556997	flag	elevated_cross_organelle_alignment(>15%)
Circaea_lutetiana	pltd	True	True	1.0	True	0.0	133666.0	0.3731898377049944	1.0	0.03164921902028369	pass	
Cirsium_acaule	pltd	True	True	1.0	True	0.0	129984.0	-0.6431190962451256	1.0	0.11479429601704638	pass	
Cirsium_arvense	pltd	True	True	1.0	True	0.0	129895.0	-3.4351971238459154	1.0	0.10135144000524832	pass	
Cirsium_dissectum	pltd	True	True	1.0	True	0.0	129986.0	-0.5803757697821866	1.0	0.12171598292671733	pass	
Cirsium_eriophorum	pltd	True	False	1.0		0.0	130027.0	0.7058624227080648	1.0		flag	no_resolved_ctg_fasta
Cirsium_heterophyllum	pltd	True	True	1.0	True	0.0	130023.0	0.5803757697821866	1.0	0.04965161933103046	pass	
Cirsium_vulgare	pltd	True	True	1.0	True	0.0	130065.0	1.8979856255039074	1.0	0.04894046417759838	pass	
Claytonia_perfoliata	pltd	True	True	1.0	True	0.0	128355.0	-0.2728372900822368	1.0	0.17986490748528175	flag	elevated_cross_organelle_alignment(>15%)
Claytonia_sibirica	pltd	True	True	1.0	True	0.0	129185.0	-0.17187654520115941	1.0	0.2905862291997413	flag	elevated_cross_organelle_alignment(>15%)
Clematis_vitalba	pltd	True	True	1.0	True	0.0	130795.0	0.02396297197779788	1.0	0.10306999693188151	pass	
Clematis_viticella	pltd	True	True	1.0	True	0.0	130761.0	0.01982723062122363	1.0	0.07830215863390921	pass	
Climacium_dendroides	pltd	True	True	1.0	True	0.0	117585.0	-1.5828941845029636	1.0	0.011939629647412813	pass	
Clinopodium_vulgare	pltd	True	True	1.0	True	0.0	128544.0	-0.2498474337177505	1.0	0.09604694458880725	pass	
Cochlearia_officinalis	pltd	True	True	1.0	True	0.0	132303.0	0.20739526508703243	1.0	0.05229506077062322	pass	
Codriophorus_aciculare	pltd	True	True	1.0	True	0.0	116192.0	-1.7523379406708441	1.0	0.012037888689871068	pass	
Coincya_wrightii	pltd	True	True	1.0	True	0.0	130032.0	-0.06884792964179492	1.0	0.0694316216532515	pass	
Colchicum_autumnale	pltd	True	True	1.0	True	0.0	132004.0	0.17102506903951178	1.0	0.2705489877720838	flag	elevated_cross_organelle_alignment(>15%)
Colura_calyptrifolia	pltd	True	True	1.0	True	0.0	107414.0	-2.8200890473769853	1.0	0.0	pass	
Comarum_palustre	pltd	True	True	1.0	True	0.0	130804.0	0.02505772704277342	1.0	0.1899422512298349	flag	elevated_cross_organelle_alignment(>15%)
Conium_maculatum	pltd	True	True	1.0	True	0.0	130819.0	0.026882318817732648	0.9907407407407407	0.49508640042440044	fail	high_cross_organelle_alignment(>35%)
Conocephalum_conicum	pltd	True	True	1.0	False	2.0	114803.0	-1.9212951390320687	1.0	0.0	flag	dead_end_nodes>0;non_circular
Conopodium_majus	pltd	True	True	1.0	True	0.0	131690.0	0.13283028121703191	1.0	0.4813665687089485	fail	high_cross_organelle_alignment(>35%)
Convallaria_majalis	pltd	True	True	1.0	True	0.0	133895.0	0.40104527213603863	1.0		pass	
Convolvulus_arvensis	pltd	True	True	1.0	True	0.0	134931.0	0.5270637440598894	1.0	0.37001721799019094	fail	high_cross_organelle_alignment(>35%)
Cornus_suecica	pltd	True	True	1.0	True	0.0	133616.0	0.367107865121797	1.0	0.12984839034077167	pass	
Corylus_avellana	pltd	True	False	1.0		0.0	136729.0	0.7457714781516691	1.0		flag	no_resolved_ctg_fasta
Corylus_colurna	pltd	True	True	1.0	True	0.0	136692.0	0.741270818440103	1.0	0.3802579079686308	fail	high_cross_organelle_alignment(>35%)
Corynephorus_canescens	pltd	True	True	1.0	True	0.0	116492.0	-1.7158461051716594	0.9907407407407407	0.11585495885696637	pass	
Cotoneaster_cambricus	pltd	True	True	1.0	True	0.0	136486.0	0.7162130913973296	1.0	0.02359964991247812	pass	
Cotoneaster_horizontalis	pltd	True	True	1.0	True	0.0	136078.0	0.6665841951184385	1.0	0.023561341598711302	pass	
Crassula_aquatica	pltd	True	True	1.0	True	0.0	122525.0	-0.9819952932830573	1.0	0.0014117158575827826	pass	
Crassula_helmsii	pltd	True	True	1.0	True	0.0	121929.0	-1.0544924064747707	1.0	0.007354623153545954	pass	
Crataegus_laevigata	pltd	True	True	1.0	True	0.0	136362.0	0.701129799391	1.0	0.015879371832572108	pass	
Crataegus_monogyna	pltd	True	True	1.0	True	0.0	136358.0	0.7006432415843441	1.0	0.015879769249058352	pass	
Cratoneuron_filicinum	pltd	True	False	2.0		0.0	234052.0	12.584087832442142	1.0		flag	size_outlier(|z|>4);no_resolved_ctg_fasta
Crepis_paludosa	pltd	True	True	1.0	True	0.0	130995.0	0.04829086231058761	1.0	0.048296932305281384	pass	
Crithmum_maritimum	pltd	True	True	1.0	True	0.0	133998.0	0.41357413565742535	1.0	0.04473832123933486	pass	
Crocosmia_x_crocosmiiflora	pltd	True	True	1.0	True	0.0	129741.0	-0.10424501007600398	1.0	0.11508764607679466	pass	
Crocus_tommasinianus	pltd	True	True	1.0	True	0.0	135177.0	0.5569870491692208	1.0	0.16421771317803815	flag	elevated_cross_organelle_alignment(>15%)
Cruciata_laevipes	pltd	True	True	1.0	True	0.0	129564.0	-0.1257751930205229	1.0	0.21968999836841246	flag	elevated_cross_organelle_alignment(>15%)
Cryphaea_heteromalla	pltd	True	True	1.0	True	0.0	117389.0	-1.6067355170290976	1.0	0.01196999478518994	pass	
Cryptogramma_crispa	pltd	True	True	4.0	False	0.0	119908.0	-1.300325738287611	0.8703703703703703		flag	non_circular
Ctenidium_molluscum	pltd	True	True	1.0	True	0.0	117299.0	-1.617683067678853	1.0	0.011971147288438856	pass	
Cuscuta_epithymum	pltd	True	True	1.0	True	0.0	96558.0	-4.140606934640812	0.8796296296296297	0.15310492505353318	flag	size_outlier(|z|>4);elevated_cross_organelle_alignment(>15%)
Cymbalaria_muralis	pltd	True	True	1.0	True	0.0	129002.0	-0.19413656485566202	1.0	0.7811422879834344	fail	high_cross_organelle_alignment(>35%)
Cynodontium_bruntonii	pltd	True	True	1.0	True	0.0	118341.0	-1.4909347590450184	1.0	0.011977490025448153	pass	
Cynoglossum_officinale	pltd	True	True	1.0	True	0.0	129225.0	-0.16701096713460148	1.0	0.0	pass	
Cynosurus_cristatus	pltd	True	True	1.0	True	0.0	115000.0	-1.8973321670542709	0.9907407407407407	0.09733843688801852	pass	
Cyperus_fuscus	pltd	True	False	1.0		0.0	153831.0	2.8260493805085187	1.0		flag	no_resolved_ctg_fasta
Cystopteris_fragilis	pltd	True	True	1.0	True	0.0	131171.0	0.06969940580344257	0.9907407407407407	0.04156869997094022	pass	
Cystopteris_montana	pltd	True	True	1.0	True	0.0	130471.0	-0.015448210361321477	0.9907407407407407	0.03857792224953091	pass	
Cytisus_scoparius	pltd	True	True	1.0	True	0.0	130202.0	-0.04816922285892366	0.9907407407407407	0.03930991586735195	pass	
Daboecia_cantabrica	pltd	True	True	1.0	True	0.0	140624.0	1.219557142382749	1.0	0.010411653351301056	pass	
Dactylis_glomerata	pltd	True	True	1.0	True	0.0	115457.0	-1.8417429376438463	0.9907407407407407	0.12125433474613949	pass	
Dactylorhiza_fuchsii	pltd	True	True	1.0	True	0.0	129445.0	-0.10206110176290585	1.0	0.24419080001816895	flag	elevated_cross_organelle_alignment(>15%)
Dactylorhiza_incarnata	pltd	True	True	1.0	True	0.0	129316.0	-1.2469204171902846	1.0	0.13496820835554632	pass	
Dactylorhiza_purpurella	pltd	True	True	1.0	True	0.0	130905.0	12.855261382919053	1.0	0.33686384095779676	flag	size_outlier(|z|>4);elevated_cross_organelle_alignment(>15%)
Dactylorhiza_viridis	pltd	True	True	1.0	True	0.0	129468.0	0.10206110176290585	1.0	0.09672228998520749	pass	
Damasonium_alisma	pltd	True	True	1.0	True	0.0	136855.0	0.7610980490613266	1.0	0.11857424997648829	pass	
Danthonia_decumbens	pltd	True	True	1.0	True	0.0	113153.0	-2.122000234277584	0.9907407407407407	0.0987416451962212	pass	
Daphne_laureola	pltd	True	True	1.0	True	0.0	134217.0	0.4402131755718301	0.9907407407407407	0.026227980783229	pass	
Daphne_mezereum	pltd	True	True	2.0	True	0.0	262411.0	16.03366104218006	1.0	0.07432766012732234	flag	size_outlier(|z|>4)
Dasiphora_fruticosa	pltd	True	True	1.0	True	0.0	129818.0	-0.09487877229787993	0.9814814814814815	0.0532489135222917	pass	
Datura_stramonium	pltd	True	True	1.0	True	0.0	131288.0	0.08393122164812455	1.0	0.1276827750766507	pass	
Daucus_carota	pltd	True	True	1.0	True	0.0	131580.0	0.11944994153399756	1.0	0.3194235098679358	flag	elevated_cross_organelle_alignment(>15%)
Deschampsia_cespitosa	pltd	True	True	1.0	True	0.0	115756.0	-1.8053727415963257	0.9907407407407407	0.15322664065848	flag	elevated_cross_organelle_alignment(>15%)
Descurainia_sophia	pltd	True	True	1.0	True	0.0	128609.0	-0.24194086935959383	1.0	0.20537442987642449	flag	elevated_cross_organelle_alignment(>15%)
Dianthus_deltoides	pltd	True	True	1.0	True	0.0	127886.0	-0.3298861929126287	1.0	0.11707820987037222	pass	
Diapensia_lapponica	pltd	True	True	1.0	True	0.0	139712.0	1.1086219624652278	1.0	0.0277002469272813	pass	
Dichodontium_palustre	pltd	True	True	1.0	True	0.0	118046.0	-1.5268183972858833	1.0	0.011936668453433393	pass	
Dicranodontium_denudatum	pltd	True	True	1.0	True	0.0	119749.0	-1.3196664111021787	1.0	0.011690774317907571	pass	
Dicranoweisia_cirrata	pltd	True	True	1.0	True	0.0	118217.0	-1.5060180510513481	1.0	0.011945747730147801	pass	
Dicranum_bonjeanii	pltd	True	True	1.0	True	0.0	116768.0	1.6358081542123406	1.0	0.012049652320688737	pass	
Dicranum_flexicaule	pltd	True	True	1.0	True	0.0	116038.0	0.0	1.0	0.012036917516457983	pass	
Dicranum_fuscescens	pltd	True	True	1.0	True	0.0	116026.0	-0.026889997055545324	1.0	0.012038082943359691	pass	
Dicranum_majus	pltd	True	True	1.0	True	0.0	116689.0	1.4587823402633338	1.0	0.012044399596367305	pass	
Dicranum_scoparium	pltd	True	True	1.0	True	0.0	116135.0	0.2173608095323247	1.0	0.073555406681572	pass	
Dicranum_scottianum	pltd	True	True	1.0	True	0.0	115737.0	-0.6744907594765952	1.0	0.012064755066065046	pass	
Dicranum_tauricum	pltd	True	True	1.0	False	2.0	115420.0	-1.3848348483605841	0.9907407407407407	0.01207549613130888	flag	dead_end_nodes>0;non_circular
Didymodon_insulanus	pltd	True	True	1.0	True	0.0	116317.0	-1.7371330092128505	1.0	0.012120719769283887	pass	
Didymodon_rigidulus	pltd	True	True	1.0	True	0.0	116214.0	-1.7496618727342372	1.0	0.012132448607858445	pass	
Digitalis_purpurea	pltd	True	True	3.0	True	2.0	399388.0	32.69546821275275	1.0	0.34821580921977696	flag	dead_end_nodes>0;size_outlier(|z|>4);elevated_cross_organelle_alignment(>15%)
Digitaria_sanguinalis	pltd	True	True	1.0	True	0.0	116570.0	-1.7063582279418714	0.9907407407407407	0.08417576250332774	pass	
Dilutineuron_fasciculare	pltd	True	True	1.0	True	0.0	116309.0	-1.738106124826162	1.0	0.01202207807904597	pass	
Dioscorea_communis	pltd	True	True	1.0	True	0.0	130717.0	0.014475094748009888	1.0	0.2516961137650793	flag	elevated_cross_organelle_alignment(>15%)
Diphasiastrum_alpinum	pltd	True	True	1.0	True	0.0	155457.0	3.023835128914099	1.0		pass	
Dipsacus_fullonum	pltd	True	True	1.0	True	0.0	134711.0	0.5003030646938207	1.0	0.22465936148198012	flag	elevated_cross_organelle_alignment(>15%)
Disphyma_crassifolium	pltd	True	True	1.0	True	0.0	136992.0	0.7777626539392876	0.9907407407407407	0.6872289351058035	fail	high_cross_organelle_alignment(>35%)
Distichium_capillaceum	pltd	True	True	1.0	True	0.0	120923.0	-1.176861694848703	1.0	0.011886741343870999	pass	
Ditrichum_cornubicum	pltd	True	True	1.0	True	0.0	118038.0	-1.5277915128991948	1.0	0.01203604359435629	pass	
Doronicum_pardalianches	pltd	True	True	1.0	True	0.0	130356.0	-0.02943674730267557	1.0	0.032776358036825895	pass	
Douinia_ovata	pltd	True	True	1.0	True	0.0	121591.0	-1.0956065411371854	1.0	0.0	pass	
Draba_incana	pltd	True	True	1.0	True	0.0	131487.0	0.10813747252925034	1.0	0.0478165739812198	pass	
Draba_verna	pltd	True	True	1.0	True	0.0	127454.0	-0.3824344360314545	1.0	0.03992206475734099	pass	
Dracunculus_vulgaris	pltd	True	True	1.0	True	0.0	161002.0	3.6983258883906944	1.0	0.05894783078393314	pass	
Drosera_anglica	pltd	True	True	1.0	True	0.0	144302.0	1.6669470456027522	0.9074074074074074	0.5018147275712301	fail	high_cross_organelle_alignment(>35%)
Drosera_rotundifolia	pltd	True	True	1.0	True	0.0	143611.0	1.5828941845029636	0.9074074074074074	0.276768095299754	flag	elevated_cross_organelle_alignment(>15%)
Dryas_octopetala	pltd	True	True	1.0	True	0.0	134887.0	0.5217116081866757	1.0	0.043368862926576386	pass	
Dryopteris_borreri	pltd	True	True	1.0	True	0.0	128603.0	0.0	0.9814814814814815	0.05003095808544432	pass	
Dryopteris_dilatata	pltd	True	True	1.0	True	0.0	130878.0	1534.466477809254	0.9907407407407407	0.04589639473360404	flag	size_outlier(|z|>4)
Dryopteris_filix_mas	pltd	True	True	1.0	True	0.0	128602.0	-0.6744907594765952	0.9814814814814815	0.05003095808544432	pass	
Echium_vulgare	pltd	True	True	2.0	True	0.0	251955.0	14.761798935581815	1.0	0.8388497198337512	fail	high_cross_organelle_alignment(>35%);size_outlier(|z|>4)
Eleocharis_parvula	pltd	True	True	1.0	True	0.0	156712.0	3.176492640752355	0.9814814814814815	0.026524146729778555	pass	
Eleocharis_quinqueflora	pltd	True	True	1.0	True	0.0	166436.0	4.359314668732591	0.9814814814814815	0.20152550767706787	flag	size_outlier(|z|>4);elevated_cross_organelle_alignment(>15%)
Elodea_nuttallii	pltd	True	True	1.0	True	0.0	134128.0	0.4293872643737387	1.0	0.3501261829652997	fail	high_cross_organelle_alignment(>35%)
Empetrum_nigrum	pltd	True	True	1.0	True	0.0	143389.0	1.555890226233567	0.9907407407407407	0.07394339720861362	pass	
Encalypta_ciliata	pltd	True	True	1.0	True	0.0	116512.0	-1.7134133161383804	1.0	0.01206807299081144	pass	
Entodon_concinnus	pltd	True	True	1.0	True	0.0	119506.0	-1.3492247978565182	1.0	0.01197720157341254	pass	
Epilobium_alsinifolium	pltd	True	True	1.0	True	0.0	137738.0	0.8362026833675003	1.0	0.11205275990644174	pass	
Epilobium_anagallidifolium	pltd	True	True	1.0	True	0.0	136579.0	-0.7657128703894134	1.0	0.11276496113383074	pass	
Epilobium_brunnescens	pltd	True	True	1.0	True	0.0	136645.0	-0.6744907594765952	1.0	0.11172607003891051	pass	
Epilobium_ciliatum	pltd	True	True	1.0	True	0.0	136996.0	-0.18935498780388021	1.0	0.11187689936547987	pass	
Epilobium_hirsutum	pltd	True	True	1.0	True	0.0	137133.0	0.0	1.0	0.11171900713536072	pass	
Epilobium_palustre	pltd	True	True	1.0	True	0.0	137196.0	0.08707565132587192	1.0	0.1118115811506618	pass	
Epilobium_parviflorum	pltd	True	True	1.0	True	0.0	141756.0	6.389694223484221	1.0	0.111632694823919	flag	size_outlier(|z|>4)
Epipactis_purpurata	pltd	True	True	1.0	True	0.0	134789.0	0.5097909419236087	1.0	0.11534467659201801	pass	
Equisetum_arvense	pltd	True	True	1.0	True	0.0	124291.0	0.07713271599287035	0.9907407407407407	0.011200276253462552	pass	
Equisetum_fluviatile	pltd	True	True	1.0	True	0.0	123649.0	-0.07713271599287035	0.9907407407407407	0.011252479391823098	pass	
Equisetum_hyemale	pltd	True	True	1.0	True	0.0	121741.0	-0.5356038129224548	1.0		pass	
Equisetum_palustre	pltd	True	True	1.0	True	0.0	123648.0	-0.0773730048277391	0.9907407407407407		pass	
Equisetum_pratense	pltd	True	True	1.0	True	0.0	129494.0	1.3273555238150025	1.0	0.011241965987778506	pass	
Equisetum_sylvaticum	pltd	True	True	1.0	True	0.0	130813.0	1.6442964970068903	1.0	0.011180217309853878	pass	
Equisetum_telmateia	pltd	True	True	1.0	True	0.0	128696.0	1.135605033589736	1.0	0.01122910535941416	pass	
Equisetum_variegatum	pltd	True	True	1.0	True	0.0	120585.0	-0.8133777060307356	1.0		pass	
Eranthis_hyemalis	pltd	True	True	1.0	True	0.0	130614.0	0.0019462312266231782	0.9907407407407407	0.1413223568395982	pass	
Erica_ciliaris	pltd	True	True	1.0	True	0.0	146532.0	-4.8019860113527955	1.0	0.014424868852185427	flag	size_outlier(|z|>4)
Erica_cinerea	pltd	True	True	1.0	True	0.0	150937.0	-0.5269762336630089	1.0	0.02057949914185667	pass	
Erica_mackaiana	pltd	True	True	1.0	True	0.0	152327.0	0.8220052852901815	1.0	0.01841582876623657	pass	
Erica_tetralix	pltd	True	True	1.0	True	0.0	152023.0	0.5269762336630089	1.0	0.018477225493591962	pass	
Erigeron_borealis	pltd	True	True	1.0	True	0.0	131355.0	0.09208106490960911	1.0	0.0658564754055331	pass	
Erinus_alpinus	pltd	True	True	1.0	True	0.0	128734.0	-0.22673593790160027	1.0	0.058302709621233614	pass	
Eriocaulon_aquaticum	pltd	True	True	1.0	True	0.0	129897.0	-0.085269255616428	1.0	0.18334532445330393	flag	elevated_cross_organelle_alignment(>15%)
Eriophorum_angustifolium	pltd	True	True	1.0	False	0.0	193403.0	0.0	1.0	0.22823844511202	flag	non_circular;elevated_cross_organelle_alignment(>15%)
Eriophorum_latifolium	pltd	True	True	2.0	True	1.0	281988.0	2.5915060690594287	1.0	0.1881377575043035	flag	dead_end_nodes>0;elevated_cross_organelle_alignment(>15%)
Eriophorum_vaginatum	pltd	True	False	1.0		0.0	170347.0	-0.6744907594765952	1.0		flag	no_resolved_ctg_fasta
Erodium_cicutarium	pltd	True	True	1.0	True	0.0	117569.0	-2.322618807737397	0.9907407407407407	0.02075356103538061	pass	
Erodium_maritimum	pltd	True	True	1.0	True	0.0	122879.0	0.6744907594765952	0.9814814814814815	0.33270410970499853	flag	elevated_cross_organelle_alignment(>15%)
Erodium_moschatum	pltd	True	True	1.0	True	0.0	121684.0	0.0	0.9907407407407407	0.11255378512841199	pass	
Eryngium_campestre	pltd	True	True	1.0	True	0.0	132433.0	0.22320839380334576	1.0	0.023117009806438365	pass	
Eryngium_maritimum	pltd	True	True	1.0	True	0.0	131196.0	0.07274039209504128	1.0	0.02487280221549559	pass	
Erythranthe_lutea	pltd	True	True	1.0	True	0.0	130930.0	0.040384297952430946	1.0	0.15651731027908009	flag	elevated_cross_organelle_alignment(>15%)
Euonymus_europaeus	pltd	True	True	1.0	True	0.0	133081.0	0.30203075848158445	1.0	0.2109356122747447	flag	elevated_cross_organelle_alignment(>15%)
Eupatorium_cannabinum	pltd	True	True	1.0	True	0.0	129927.0	-0.08162007206650954	1.0	0.05811387571188837	pass	
Euphorbia_amygdaloides	pltd	True	True	2.0	True	0.0	275390.0	68.95021531471012	1.0	0.062173996843867825	flag	size_outlier(|z|>4)
Euphorbia_exigua	pltd	True	True	1.0	True	0.0	137459.0	-0.6593506750887929	0.9907407407407407	0.06907829411180617	pass	
Euphorbia_helioscopia	pltd	True	True	1.0	True	0.0	138099.0	-0.33636220814900913	0.9907407407407407	0.05240435087806484	pass	
Euphorbia_lathyris	pltd	True	True	1.0	True	0.0	141834.0	1.5485782981323848	0.9907407407407407	0.16856279197581753	flag	elevated_cross_organelle_alignment(>15%)
Euphorbia_maculata	pltd	True	True	1.0	True	0.0	139432.0	0.33636220814900913	0.9814814814814815	0.11945774210794767	pass	
Euphorbia_paralias	pltd	True	True	1.0	True	0.0	137668.0	-0.5538747538537697	0.9907407407407407	0.14325786789401668	pass	
Euphorbia_peplus	pltd	True	True	1.0	True	0.0	140132.0	0.6896308438643975	0.9907407407407407	0.047888771232902465	pass	
Euphorbia_portlandica	pltd	True	True	1.0	True	0.0	136879.0	-0.9520589732529718	0.9907407407407407	0.14080774399044443	pass	
Euphrasia_anglica	pltd	True	True	1.0	True	0.0	121695.0	0.6744907594765952	0.9629629629629629	0.16314961933134722	flag	elevated_cross_organelle_alignment(>15%)
Euphrasia_confusa	pltd	True	True	1.0	True	0.0	121610.0	0.0	0.9629629629629629	0.1687601310570788	flag	elevated_cross_organelle_alignment(>15%)
Euphrasia_foulaensis	pltd	True	True	2.0	False	0.0	50799.0	-561.8984137564374	0.46296296296296297		fail	core_gene_pct<0.50;non_circular;size_outlier(|z|>4)
Euphrasia_nemorosa	pltd	True	True	1.0	True	0.0	121608.0	-0.015870370811214007	0.9629629629629629	0.16876245921654376	flag	elevated_cross_organelle_alignment(>15%)
Euphrasia_tetraquetra	pltd	True	True	2.0	True	0.0	248379.0	1005.9355186833941	1.0	0.2413602329733289	flag	size_outlier(|z|>4);elevated_cross_organelle_alignment(>15%)
Eurhynchium_striatum	pltd	True	True	1.0	True	0.0	115666.0	-1.816320292246081	1.0	0.012024209601637614	pass	
Exsertotheca_crispa	pltd	True	True	1.0	True	0.0	119322.0	-1.371606456962685	1.0	0.011947086896640082	pass	
Fagus_sylvatica	pltd	True	True	1.0	True	0.0	133962.0	0.40919511539752323	1.0	0.03577536428521844	pass	
Fallopia_baldschuanica	pltd	True	True	1.0	True	0.0	134990.0	-0.6744907594765952	1.0	0.27152698048220436	flag	elevated_cross_organelle_alignment(>15%)
Fallopia_convolvulus	pltd	True	True	1.0	True	0.0	140940.0	0.0	1.0	0.09664030891449513	pass	
Fallopia_sachalinensis	pltd	True	True	2.0	True	0.0	259976.0	13.493896142026216	1.0	0.28211781699187666	flag	size_outlier(|z|>4);elevated_cross_organelle_alignment(>15%)
Festuca_arundinacea	pltd	True	True	1.0	True	0.0	115806.0	8.380316696510572	0.9907407407407407	0.12715310120499743	flag	size_outlier(|z|>4)
Festuca_gigantea	pltd	True	True	1.0	True	0.0	115843.0	8.551249286240942	0.9907407407407407	0.09140627309545629	flag	size_outlier(|z|>4)
Festuca_heterophylla	pltd	True	True	1.0	True	0.0	113992.0	0.0	1.0	0.12168012779361928	pass	
Festuca_rubra	pltd	True	True	1.0	True	0.0	113846.0	-0.6744907594765952	1.0	0.3271782992078912	flag	elevated_cross_organelle_alignment(>15%)
Festuca_vivipara	pltd	True	True	1.0	True	0.0	113944.0	-0.22175038667723676	0.9907407407407407	0.09832299908418034	pass	
Ficaria_verna	pltd	True	True	1.0	True	0.0	134721.0	0.5015194592104603	1.0	0.53865429115688	fail	high_cross_organelle_alignment(>35%)
Ficus_carica	pltd	True	True	1.0	True	0.0	137219.0	0.8053748094670039	1.0	0.14605048504999937	pass	
Filago_lutescens	pltd	True	True	1.0	True	0.0	129362.0	-0.15034636225664053	1.0	0.02859970964761779	pass	
Filago_pyramidata	pltd	True	True	1.0	True	0.0	129263.0	-0.16238866797137144	1.0	0.028620295712238578	pass	
Filipendula_ulmaria	pltd	True	True	1.0	True	0.0	129901.0	-0.0847826978097722	0.9907407407407407	0.8874094988926161	fail	high_cross_organelle_alignment(>35%)
Filipendula_vulgaris	pltd	True	True	2.0	True	0.0	262428.0	16.03572891285835	1.0	0.4615084601433967	fail	high_cross_organelle_alignment(>35%);size_outlier(|z|>4)
Fissidens_adianthoides	pltd	True	True	1.0	True	0.0	116508.0	0.0	1.0	0.011680403592487267	pass	
Fissidens_bryoides	pltd	True	True	1.0	True	0.0	115088.0	-1.4064271342977464	1.0	0.011687910012859957	pass	
Fissidens_dubius	pltd	True	True	1.0	True	0.0	116661.0	0.1515375715123628	1.0	0.01168650586334665	pass	
Fissidens_pusillus	pltd	True	True	1.0	True	0.0	115827.0	-0.6744907594765952	1.0	0.012122590919431896	pass	
Fissidens_taxifolius	pltd	True	True	1.0	True	0.0	118768.0	2.238398115149934	1.0	0.011670840557374943	pass	
Flexitrichum_flexicaule	pltd	True	True	1.0	True	0.0	120662.0	-1.2086095917329935	1.0	0.011714824120603016	pass	
Flexitrichum_gracile	pltd	True	True	1.0	True	0.0	120218.0	-1.2626175082717868	1.0	0.011694622981658567	pass	
Fontinalis_squamosa	pltd	True	True	1.0	True	0.0	117625.0	-1.5780286064364057	1.0	0.01206709694116886	pass	
Fragaria_moschata	pltd	True	True	1.0	True	0.0	132089.0	0.18136442243094741	1.0	0.14209606313381232	pass	
Fragaria_vesca	pltd	True	True	1.0	True	0.0	132117.0	0.184770327077538	1.0	0.40897846940676824	fail	high_cross_organelle_alignment(>35%)
Frangula_alnus	pltd	True	True	1.0	True	0.0	139068.0	1.030286155593645	1.0	0.012491549287038932	pass	
Frankenia_laevis	pltd	True	True	1.0	True	0.0	132721.0	0.25824055588256295	1.0	0.08233857840477482	pass	
Fraxinus_excelsior	pltd	True	True	1.0	True	0.0	133159.0	0.31151863571137245	1.0	0.6904491023737442	fail	high_cross_organelle_alignment(>35%)
Fritillaria_meleagris	pltd	True	True	2.0	True	0.0	257925.0	15.487986462015588	1.0	0.08195609071686878	flag	size_outlier(|z|>4)
Fuchsia_magellanica	pltd	True	True	2.0	True	0.0	269605.0	16.90873525745051	1.0	0.05882649842271293	flag	size_outlier(|z|>4)
Fumaria_bastardii	pltd	True	True	2.0	True	0.0	288586.0	5.379578566193625	0.9907407407407407	0.10836372222367972	flag	size_outlier(|z|>4)
Fumaria_densiflora	pltd	True	True	2.0	True	0.0	274513.0	4.794187973648813	1.0	0.15001206749656149	flag	size_outlier(|z|>4);elevated_cross_organelle_alignment(>15%)
Fumaria_muralis	pltd	True	True	1.0	True	0.0	159259.0	0.0	0.9907407407407407	0.10815665982318683	pass	
Fumaria_occidentalis	pltd	True	True	1.0	True	0.0	145400.0	-0.5764888951949512	0.9907407407407407		pass	
Fumaria_purpurea	pltd	True	True	1.0	True	0.0	143044.0	-0.6744907594765952	0.9907407407407407	0.10454989053886529	pass	
Funaria_hygrometrica	pltd	True	True	1.0	True	0.0	115296.0	-1.861326889361742	1.0	0.06099316300827636	pass	
Galanthus_nivalis	pltd	True	True	1.0	True	0.0	134325.0	0.45335023635153654	1.0	0.7220986175290471	fail	high_cross_organelle_alignment(>35%)
Galatella_linosyris	pltd	True	True	1.0	True	0.0	131212.0	0.07468662332166447	1.0	0.06791624033003343	pass	
Galega_officinalis	pltd	True	True	1.0	True	0.0	125141.0	-0.6637864877301677	0.9814814814814815	0.022072813904034025	pass	
Galeopsis_tetrahit	pltd	True	True	1.0	True	0.0	128678.0	-0.23354774719478139	1.0	0.08110617895388506	pass	
Galium_aparine	pltd	True	True	1.0	True	0.0	128455.0	-2.8418182099476668	1.0	0.5316986547320276	fail	high_cross_organelle_alignment(>35%)
Galium_boreale	pltd	True	True	1.0	True	0.0	129602.0	0.2714248529080866	1.0	0.33984008287203393	flag	elevated_cross_organelle_alignment(>15%)
Galium_odoratum	pltd	True	True	1.0	True	0.0	129145.0	-0.9689867248818692	1.0	0.5532590686130049	fail	high_cross_organelle_alignment(>35%)
Galium_saxatile	pltd	True	True	1.0	True	0.0	129642.0	0.37999479407132125	1.0	0.09070221066319896	pass	
Galium_uliginosum	pltd	True	True	1.0	True	0.0	129402.0	-0.2714248529080866	1.0	0.1066186056213172	pass	
Galium_verum	pltd	True	True	2.0	True	0.0	245778.0	315.6019619674068	1.0	0.1759859288510286	flag	size_outlier(|z|>4);elevated_cross_organelle_alignment(>15%)
Geheebia_maxima	pltd	True	True	1.0	True	0.0	117669.0	-1.572676470563192	1.0	0.01212692632810976	pass	
Genista_anglica	pltd	True	True	1.0	True	0.0	129081.0	-0.6744907594765952	0.9907407407407407	0.026786009618883177	pass	
Genista_pilosa	pltd	True	True	1.0	True	0.0	130188.0	0.8974277052404381	0.9814814814814815	0.02774231144460377	pass	
Genista_tinctoria	pltd	True	True	1.0	True	0.0	129556.0	0.0	0.9907407407407407	0.034209039176775174	pass	
Gentiana_pneumonanthe	pltd	True	True	1.0	True	0.0	125653.0	-0.601507088478226	1.0	0.3900406026643401	fail	high_cross_organelle_alignment(>35%)
Gentiana_verna	pltd	True	True	1.0	True	0.0	124704.0	-0.7169429281073133	1.0	0.09799789961223611	pass	
Gentianella_amarella	pltd	True	True	1.0	True	0.0	129315.0	-0.1560634164848461	1.0	0.0062625825447725466	pass	
Gentianella_campestris	pltd	True	True	1.0	True	0.0	129145.0	-0.17674212326771738	1.0	0.032866995073891625	pass	
Geranium_dissectum	pltd	True	True	1.0	True	0.0	189128.0	0.12179192124281105	0.9907407407407407	0.2029404248439301	flag	elevated_cross_organelle_alignment(>15%)
Geranium_lucidum	pltd	True	True	1.0	True	0.0	147689.0	-0.9364876812694236	0.9814814814814815	0.21611615200138454	flag	elevated_cross_organelle_alignment(>15%)
Geranium_molle	pltd	True	True	1.0	False	0.0	210347.0	0.663688079106348	0.9814814814814815	0.12152776127066228	flag	non_circular
Geranium_phaeum	pltd	True	True	1.0	False	0.0	295729.0	2.844195065802446	0.9814814814814815	0.12533772474123267	flag	non_circular
Geranium_pratense	pltd	True	True	1.0	True	0.0	179590.0	-0.12179192124281105	0.9907407407407407	0.05873243294494427	pass	
Geranium_pyrenaicum	pltd	True	True	1.0	True	0.0	210730.0	0.6734692294179431	0.9907407407407407	0.4387083633628929	fail	high_cross_organelle_alignment(>35%)
Geranium_robertianum	pltd	True	True	1.0	True	0.0	146707.0	-0.9615662442093357	0.9814814814814815	0.6410180321244571	fail	high_cross_organelle_alignment(>35%)
Geranium_rotundifolium	pltd	True	True	1.0	True	0.0	157908.0	-0.6755122895352474	0.9907407407407407	0.14689188870271164	pass	
Geranium_sanguineum	pltd	True	True	1.0	False	0.0	191065.0	0.17125951433304484	0.9907407407407407	0.08918954282573993	flag	non_circular
Geranium_sylvaticum	pltd	True	True	3.0	False	1.0	57550.0	-3.2384801301907373	0.4351851851851852		fail	core_gene_pct<0.50;dead_end_nodes>0;non_circular
Geum_rivale	pltd	True	True	1.0	True	0.0	132492.0	0.2303851214515187	1.0	0.3080186623599682	flag	elevated_cross_organelle_alignment(>15%)
Geum_urbanum	pltd	True	True	1.0	True	0.0	132486.0	0.22965528474153502	1.0	0.3080305069537909	flag	elevated_cross_organelle_alignment(>15%)
Ginkgo_biloba	pltd	True	True	1.0	True	0.0	141854.0	1.3691736679294058	1.0	0.0	pass	
Glaucium_flavum	pltd	True	True	1.0	True	0.0	137431.0	0.831162373219761	1.0	0.13058760516860451	pass	
Glaux_maritima	pltd	True	True	1.0	True	0.0	131314.0	0.08709384739138722	1.0	0.08596219598735566	pass	
Glebionis_segetum	pltd	True	True	1.0	True	0.0	129876.0	-0.08782368410137091	1.0	0.022183183263419455	pass	
Glechoma_hederacea	pltd	True	True	1.0	True	0.0	135329.0	0.575476245822141	1.0	0.14975275268675414	pass	
Glyceria_declinata	pltd	True	True	1.0	True	0.0	115675.0	-1.030825500332155	0.9907407407407407	0.1873513187064083	flag	elevated_cross_organelle_alignment(>15%)
Glyceria_fluitans	pltd	True	True	1.0	True	0.0	115809.0	0.6744907594765952	0.9907407407407407	0.18717395942933243	flag	elevated_cross_organelle_alignment(>15%)
Glyceria_maxima	pltd	True	True	1.0	True	0.0	115756.0	0.0	0.9907407407407407	0.039335074385985505	pass	
Gnaphalium_supinum	pltd	True	True	1.0	True	0.0	129668.0	-0.11312469004747223	1.0	0.030090885142255004	pass	
Gnaphalium_uliginosum	pltd	True	True	1.0	True	0.0	130902.0	0.036978393305840386	1.0	0.018017487368779287	pass	
Grimmia_atrata	pltd	True	True	1.0	True	0.0	117474.0	0.4662499230556658	1.0	0.012015591276616307	pass	
Grimmia_decipiens	pltd	True	True	2.0	True	0.0	135373.0	23.908405464553873	1.0	0.010426493916713837	flag	size_outlier(|z|>4)
Grimmia_donniana	pltd	True	True	1.0	True	0.0	117118.0	0.0	1.0	0.012023143745870065	pass	
Grimmia_elongata	pltd	True	True	1.0	True	0.0	117028.0	-0.11787217155901664	1.0	0.012017526902506605	pass	
Grimmia_funalis	pltd	True	True	1.0	True	0.0	117647.0	0.6928264306079978	1.0	0.012004087182499136	pass	
Grimmia_montana	pltd	True	True	1.0	True	0.0	116647.0	-0.6168643644921871	1.0	0.012024112697849844	pass	
Grimmia_pulvinata	pltd	True	True	1.0	True	0.0	116421.0	-0.9128544841848288	1.0	0.01204702538595698	pass	
Grimmia_ramondii	pltd	True	True	1.0	True	0.0	116509.0	-0.7976016942160126	1.0	0.012002831767280217	pass	
Grimmia_trichophylla	pltd	True	True	1.0	True	0.0	117633.0	0.6744907594765952	1.0	0.012001866241935744	pass	
Groenlandia_densa	pltd	True	True	1.0	True	0.0	131270.0	0.08174171151817348	1.0	0.4737251798467816	fail	high_cross_organelle_alignment(>35%)
Gunnera_tinctoria	pltd	True	True	1.0	True	0.0	134007.0	0.4146688907224009	1.0		pass	
Gymnadenia_conopsea	pltd	True	True	1.0	True	0.0	129242.0	-0.16494309645631436	1.0	0.23082771752198128	flag	elevated_cross_organelle_alignment(>15%)
Gymnocarpium_robertianum	pltd	True	True	1.0	True	0.0	131756.0	0.14085848502685253	0.9907407407407407	0.06865407358955554	pass	
Gymnomitrion_concinnatum	pltd	True	True	1.0	True	0.0	115342.0	-1.8557314745852005	1.0	0.0	pass	
Gymnomitrion_obtusum	pltd	True	True	1.0	True	0.0	114249.0	-1.9886833952538963	1.0	0.0	pass	
Gymnostomum_aeruginosum	pltd	True	True	1.0	True	0.0	114289.0	-1.9838178171873384	1.0	0.012176709187212822	pass	
Halimione_portulacoides	pltd	True	True	2.0	True	0.0	266249.0	16.500513257666295	1.0	0.011400599426135746	flag	size_outlier(|z|>4)
Harpanthus_flotovianus	pltd	True	True	1.0	True	0.0	114407.0	-1.9694643618909924	1.0	0.0	pass	
Hedera_helix	pltd	True	False	1.0		0.0	135239.0	0.5645286951723856	1.0		flag	no_resolved_ctg_fasta
Hedera_hibernica	pltd	True	True	2.0	True	0.0	261289.0	15.89718157741311	1.0	0.23212840222508596	flag	size_outlier(|z|>4);elevated_cross_organelle_alignment(>15%)
Hedwigia_stellata	pltd	True	True	1.0	True	0.0	118550.0	-1.465512113647253	1.0	0.011870758312315514	pass	
Helianthemum_apenninum	pltd	True	True	1.0	True	0.0	215599.0	10.339475030887298	0.9629629629629629	0.032991428395239365	flag	size_outlier(|z|>4)
Helianthemum_oelandicum	pltd	True	True	1.0	True	0.0	169053.0	4.677645113737145	0.9722222222222222	0.03755922292477588	flag	size_outlier(|z|>4)
Helictochloa_pratensis	pltd	True	True	1.0	True	0.0	114858.0	-1.9146049691905516	0.9907407407407407	0.26816684555312925	flag	elevated_cross_organelle_alignment(>15%)
Helleborus_foetidus	pltd	True	True	1.0	True	0.0	131560.0	0.11701715250071859	1.0	0.36513050230713445	fail	high_cross_organelle_alignment(>35%)
Helleborus_viridis	pltd	True	True	1.0	True	0.0	131016.0	0.05084529079553053	1.0	0.1421892809077035	pass	
Helminthotheca_echioides	pltd	True	True	2.0	True	0.0	259508.0	15.680541713999618	1.0	0.042220632236243005	flag	size_outlier(|z|>4)
Helosciadium_nodiflorum	pltd	True	True	1.0	True	0.0	133888.0	0.40019379597439103	1.0	0.14779392269837882	pass	
Heracleum_sphondylium	pltd	True	True	1.0	True	0.0	132698.0	0.2554428484942921	1.0	0.18041737848792416	flag	elevated_cross_organelle_alignment(>15%)
Herbertus_borealis	pltd	True	True	1.0	True	0.0	111716.0	0.0	1.0		pass	
Herbertus_hutchinsiae	pltd	True	False	1.0		0.0	108932.0	-9.159913533574834	1.0		flag	size_outlier(|z|>4);no_resolved_ctg_fasta
Herbertus_stramineus	pltd	True	True	1.0	True	0.0	111921.0	0.6744907594765952	1.0	0.0	pass	
Herniaria_ciliolata	pltd	True	True	2.0	True	0.0	257822.0	15.4754575984942	1.0	0.012443019187957172	flag	size_outlier(|z|>4)
Hesperis_matronalis	pltd	True	True	1.0	True	0.0	132788.0	0.2663903991440475	1.0	0.051524922310382186	pass	
Heterocladium_heteropterum	pltd	True	False	1.0		0.0	116781.0	-1.6806923036407784	1.0		flag	no_resolved_ctg_fasta
Hibiscus_tridactylites	pltd	True	True	1.0	True	0.0	137638.0	-6.9556859571023875	1.0	0.14096614445448033	flag	size_outlier(|z|>4)
Hibiscus_trionum	pltd	True	True	1.0	True	0.0	138181.0	0.6744907594765952	1.0	0.14059111892587092	pass	
Hibiscus_verdcourtii	pltd	True	True	1.0	True	0.0	138133.0	0.0	1.0	0.18097397353872913	flag	elevated_cross_organelle_alignment(>15%)
Hieracium_aggregatifolium	pltd	True	True	1.0	True	0.0	133228.0	14.199805462665163	1.0	0.08066179349954314	flag	size_outlier(|z|>4)
Hieracium_attenboroughianum	pltd	True	True	1.0	True	0.0	129671.0	-0.6556968993054207	1.0	0.19492030632767104	flag	elevated_cross_organelle_alignment(>15%)
Hieracium_britannicum	pltd	True	True	1.0	True	0.0	129681.0	-0.6139327655916996	1.0	0.19490753781352968	flag	elevated_cross_organelle_alignment(>15%)
Hieracium_drummondii	pltd	True	True	1.0	True	0.0	130270.0	1.845974710146471	1.0	0.08064547702788236	pass	
Hieracium_radyrense	pltd	True	True	1.0	True	0.0	129670.0	-0.6598733126767928	1.0	0.19474470343146888	flag	elevated_cross_organelle_alignment(>15%)
Hieracium_richianum	pltd	True	True	1.0	True	0.0	129975.0	0.6139327655916996	1.0	0.08170844939647168	pass	
Hieracium_sabaudum	pltd	True	True	1.0	True	0.0	130066.0	0.9939863823865613	1.0	0.08070333633904418	pass	
Hieracium_scullyi	pltd	True	True	1.0	True	0.0	130325.0	2.075677445571937	1.0	0.08061654468840097	pass	
Hieracium_snowdoniense	pltd	True	True	1.0	True	0.0	129666.0	-0.6765789661622812	1.0	0.08109489242380566	pass	
Hieracium_sp_SM_2023a	pltd	True	True	1.0	True	0.0	129667.0	-0.6724025527909091	1.0	0.18479720655385443	flag	elevated_cross_organelle_alignment(>15%)
Hierochloe_odorata	pltd	True	True	1.0	True	0.0	118232.0	-1.5041934592763888	1.0	0.1916346470523658	flag	elevated_cross_organelle_alignment(>15%)
Hippocrepis_comosa	pltd	True	True	1.0	True	0.0	133035.0	0.2964353437050428	0.9814814814814815	0.019153866525423727	pass	
Hippophae_rhamnoides	pltd	True	True	1.0	True	0.0	133218.0	0.3186953633595454	1.0	0.6020152585693329	fail	high_cross_organelle_alignment(>35%)
Hippuris_vulgaris	pltd	True	True	1.0	True	0.0	129852.0	-0.09074303094130569	1.0	0.10398496634451691	pass	
Holcus_lanatus	pltd	True	True	1.0	True	0.0	116173.0	-1.754649090252459	0.9907407407407407	0.10177186827441846	pass	
Holcus_mollis	pltd	True	True	1.0	True	0.0	115975.0	-1.778733701681921	1.0	0.2844520881619156	flag	elevated_cross_organelle_alignment(>15%)
Homalia_trichomanoides	pltd	True	True	1.0	True	0.0	117109.0	-1.6407945634950032	1.0	0.011918932089248196	pass	
Homalothecium_sericeum	pltd	True	True	1.0	True	0.0	116456.0	-1.7202251254315617	1.0		pass	
Homogyne_alpina	pltd	True	True	1.0	True	0.0	129572.0	-0.1248020774072113	1.0	0.028213561075231743	pass	
Honckenya_peploides	pltd	True	True	1.0	True	0.0	132208.0	0.1958395171789573	1.0	0.26994432173428273	flag	elevated_cross_organelle_alignment(>15%)
Hookeria_lucens	pltd	True	True	1.0	True	0.0	117243.0	-1.624494876972034	1.0	0.012083515557931225	pass	
Hordeum_murinum	pltd	True	True	1.0	True	0.0	116264.0	-1.7435799001510397	0.9907407407407407	0.13189260466649574	pass	
Hordeum_vulgare	pltd	True	True	1.0	True	0.0	117043.0	-1.6488227673048237	1.0	0.11265407219592267	pass	
Hornungia_petraea	pltd	True	True	1.0	True	0.0	129525.0	-0.1305191316354169	1.0	0.055386128219949905	pass	
Hottonia_palustris	pltd	True	True	1.0	True	0.0	129312.0	-0.15642833483983795	1.0	0.043178334184977005	pass	
Humulus_lupulus	pltd	True	True	1.0	True	0.0	130217.0	-0.04634463108396443	0.9907407407407407	0.03133271335574791	pass	
Huperzia_selago	pltd	True	True	1.0	True	0.0	148901.0	2.2263668838052517	1.0	0.008819739191090407	pass	
Hyacinthoides_non_scripta	pltd	True	True	1.0	True	0.0	129537.0	-0.1290594582154495	1.0	0.15249908086456782	flag	elevated_cross_organelle_alignment(>15%)
Hydrocotyle_ranunculoides	pltd	True	True	1.0	True	0.0	131718.0	0.13623618586362246	1.0	0.3086634259349641	flag	elevated_cross_organelle_alignment(>15%)
Hydrocotyle_vulgaris	pltd	True	True	1.0	True	0.0	130277.0	-0.03904626398412751	1.0	0.6733430920235777	fail	high_cross_organelle_alignment(>35%)
Hygrohypnum_duriusculum	pltd	True	True	1.0	True	0.0	118102.0	-1.520006587992702	1.0	0.011953499923888573	pass	
Hylocomiadelphus_triquetrus	pltd	True	True	1.0	True	0.0	206367.0	9.216499613125723	1.0	0.011235997364209733	flag	size_outlier(|z|>4)
Hylocomiastrum_umbratum	pltd	False	False								fail	missing_gfa
Hyocomium_armoricum	pltd	True	True	1.0	True	0.0	116016.0	-1.773746484163699	1.0	0.012047317211029916	pass	
Hypericum_androsaemum	pltd	True	True	1.0	True	0.0	141440.0	-0.3424320480038014	0.9814814814814815	0.09601759989333399	pass	
Hypericum_hircinum	pltd	True	True	1.0	True	0.0	144329.0	-0.12683083046365054	0.9814814814814815	0.08214212351526722	pass	
Hypericum_hirsutum	pltd	True	True	1.0	True	0.0	161703.0	1.169761607591933	0.9814814814814815	0.15503421449665006	flag	elevated_cross_organelle_alignment(>15%)
Hypericum_linariifolium	pltd	True	True	1.0	True	0.0	147728.0	0.12683083046365054	0.9814814814814815	0.15462472217473072	flag	elevated_cross_organelle_alignment(>15%)
Hypericum_maculatum	pltd	True	True	1.0	True	0.0	131340.0	-1.0961780837101094	0.9814814814814815	0.15629134336897058	flag	elevated_cross_organelle_alignment(>15%)
Hypericum_perforatum	pltd	True	True	1.0	False	0.0	183870.0	2.824047585166362	0.9814814814814815	0.1094196987001686	flag	non_circular
Hypericum_pulchrum	pltd	True	True	1.0	True	0.0	157388.0	0.8477404052084956	0.9907407407407407	0.12500754228708963	pass	
Hypericum_tetrapterum	pltd	True	True	1.0	True	0.0	139312.0	-0.5012411137446948	0.9814814814814815	0.13444880033410123	pass	
Hypnum_andoi	pltd	True	True	1.0	True	0.0	117740.0	-1.5640400694950516	1.0	0.0	pass	
Hypnum_cupressiforme	pltd	True	False	1.0		0.0	116633.0	-1.6986949424870428	1.0		flag	no_resolved_ctg_fasta
Hypnum_jutlandicum	pltd	False	False								fail	missing_gfa
Hypochaeris_maculata	pltd	True	True	1.0	True	0.0	128854.0	-0.21213920370192643	1.0	0.04437739520269249	pass	
Hypochaeris_radicata	pltd	True	True	1.0	True	0.0	130649.0	0.00620361203486138	1.0	0.08081445821166443	pass	
Ilex_aquifolium	pltd	True	True	1.0	True	0.0	132937.0	0.28451467744197584	1.0	0.05448901077972041	pass	
Impatiens_glandulifera	pltd	True	False	1.0		0.0	131557.0	0.0	1.0		flag	no_resolved_ctg_fasta
Impatiens_noli_tangere	pltd	True	True	1.0	True	0.0	131904.0	0.6744907594765952	1.0	0.036297294631997636	pass	
Impatiens_parviflora	pltd	True	True	1.0	True	0.0	127948.0	-7.015092654037557	1.0	0.07686255482923439	flag	size_outlier(|z|>4)
Inula_conyza	pltd	True	True	1.0	True	0.0	129150.0	-0.17613392600939762	1.0	0.027072163718661568	pass	
Inula_salicina	pltd	True	True	1.0	True	0.0	129360.0	-0.15058964115996842	1.0	0.02684261728754558	pass	
Iris_foetidissima	pltd	True	True	1.0	True	0.0	129965.0	-0.07699777290327948	1.0	0.08080622394380067	pass	
Iris_pseudacorus	pltd	True	True	1.0	True	0.0	130638.0	0.0048655780665579455	1.0	0.07517500852101414	pass	
Isolepis_cernua	pltd	True	True	1.0	True	0.0	159435.0	3.507716867633287	1.0	0.4279887918715642	fail	high_cross_organelle_alignment(>35%)
Isopterygiella_pulchella	pltd	True	False	2.0		0.0	228058.0	11.854980959168435	1.0		flag	size_outlier(|z|>4);no_resolved_ctg_fasta
Isothecium_holtii	pltd	True	True	1.0	True	0.0	118589.0	-1.4607681750323591	1.0	0.01193160916782624	pass	
Isothecium_myosuroides	pltd	True	True	1.0	True	0.0	118569.0	-1.463200964065638	1.0	0.011934567851857777	pass	
Jacobaea_erucifolia	pltd	True	True	1.0	True	0.0	128836.0	-1.434052425553842	1.0	0.04210854440664027	pass	
Jacobaea_maritima	pltd	True	True	1.0	True	0.0	129072.0	0.0	1.0	0.045387906729908126	pass	
Jacobaea_vulgaris	pltd	True	True	1.0	True	0.0	129183.0	0.6744907594765952	1.0	0.03597189074516043	pass	
Jasione_montana	pltd	True	True	1.0	True	0.0	155578.0	3.038553502565437	0.9814814814814815	0.02836168004152194	pass	
Juglans_regia	pltd	True	True	1.0	True	0.0	138850.0	1.0037687551309042	1.0	0.7519346490817822	fail	high_cross_organelle_alignment(>35%)
Juncus_bufonius	pltd	True	True	1.0	True	0.0	130215.0	-1.5843289860727083	0.9722222222222222	0.10959704107455713	pass	
Juncus_conglomeratus	pltd	True	True	1.0	True	0.0	144506.0	1.251548461317707	0.9814814814814815	0.013802665109961044	pass	
Juncus_effusus	pltd	True	True	1.0	True	0.0	138199.0	0.0	0.9814814814814815	0.01405046511096382	pass	
Juncus_gerardii	pltd	True	True	1.0	True	0.0	137060.0	-0.22602088115441069	0.9722222222222222	0.2719277504483878	flag	elevated_cross_organelle_alignment(>15%)
Juncus_inflexus	pltd	True	True	1.0	True	0.0	139919.0	0.3413133587230785	0.9814814814814815	0.9422331452829135	fail	high_cross_organelle_alignment(>35%)
Juncus_squarrosus	pltd	True	False	1.0		0.0	134800.0	-0.6744907594765952	0.9722222222222222		flag	no_resolved_ctg_fasta
Juncus_tenuis	pltd	True	True	2.0	True	0.0	148584.0	2.060778622290215	0.9722222222222222	0.02505787382151551	pass	
Jungermannia_exsertifolia	pltd	True	True	1.0	True	0.0	112791.0	-2.166033715779933	1.0		pass	
Kali_turgidum	pltd	True	True	2.0	True	0.0	260947.0	15.855580884944041	1.0	0.08232259749587816	flag	size_outlier(|z|>4)
Kalmia_procumbens	pltd	True	True	1.0	False	1.0	160639.0	3.654170767436681	0.9814814814814815	0.014146687909092653	flag	dead_end_nodes>0;non_circular
Kiaeria_blyttii	pltd	True	True	1.0	True	0.0	117389.0	-1.6067355170290976	1.0	0.011926077503517074	pass	
Kickxia_elatine	pltd	True	True	2.0	True	0.0	264039.0	16.23169006948897	1.0	0.5262103160494146	fail	high_cross_organelle_alignment(>35%);size_outlier(|z|>4)
Knautia_arvensis	pltd	True	True	1.0	True	0.0	135778.0	0.6300923596192539	1.0	0.06571151165106552	pass	
Koeleria_macrantha	pltd	True	True	1.0	True	0.0	118175.0	-1.511126908021234	1.0	0.07253000381466593	pass	
Kurzia_trichoclados	pltd	True	True	2.0	True	0.0	224702.0	11.446758959384223	1.0	0.0	flag	size_outlier(|z|>4)
Laburnum_anagyroides	pltd	True	True	1.0	True	0.0	129859.0	-0.08989155477965804	0.9907407407407407	0.16966812872186743	flag	elevated_cross_organelle_alignment(>15%)
Lactuca_saligna	pltd	True	True	1.0	True	0.0	130655.0	0.006933448744845072	1.0	0.03101460666797668	pass	
Lactuca_serriola	pltd	True	True	1.0	True	0.0	130489.0	-0.013258700231370402	1.0	0.02053367916371925	pass	
Lamium_album	pltd	True	True	1.0	True	0.0	129769.0	2.903972659013486	1.0	0.05906173036199125	pass	
Lamium_amplexicaule	pltd	True	True	1.0	True	0.0	127406.0	-0.7019587089575425	1.0	0.06720151828847482	pass	
Lamium_galeobdolon	pltd	True	True	1.0	True	0.0	128290.0	0.647022809995648	1.0	0.07027212772425095	pass	
Lamium_purpureum	pltd	True	False	1.0		0.0	127442.0	-0.647022809995648	1.0		flag	no_resolved_ctg_fasta
Lapsana_communis	pltd	True	True	1.0	True	0.0	128535.0	-0.25094218878272606	1.0	0.0405221092581489	pass	
Lathraea_clandestina	pltd	True	True	6.0	True	0.0	195429.0	7.886007290825454	0.9907407407407407	0.24628633233389466	flag	fragmented(n_subgraphs>=5);size_outlier(|z|>4);elevated_cross_organelle_alignment(>15%)
Lathraea_squamaria	pltd	True	True	1.0	True	0.0	126542.0	-0.49336961594897566	1.0	0.2654143060663287	flag	elevated_cross_organelle_alignment(>15%)
Lathyrus_aphaca	pltd	False	False								fail	missing_gfa
Lathyrus_linifolius	pltd	True	True	1.0	True	0.0	134854.0	0.5667082697101503	0.9722222222222222	0.034863447170637246	pass	
Lathyrus_nissolia	pltd	True	True	1.0	True	0.0	119979.0	-0.78227324924304	0.9537037037037037	0.020883594692400483	pass	
Lathyrus_pratensis	pltd	True	True	1.0	True	0.0	169365.0	3.696436081514759	0.9537037037037037	0.013839471242250522	pass	
Lathyrus_sylvestris	pltd	True	True	1.0	True	0.0	122356.0	-0.5667082697101503	0.9629629629629629	0.020622603092572755	pass	
Leersia_oryzoides	pltd	True	False	1.0		0.0	116446.0	-1.7214415199482012	1.0		flag	no_resolved_ctg_fasta
Lemna_japonica	pltd	True	True	2.0	True	0.0	278387.0	0.6744907594765952	0.9907407407407407	0.11469177804536022	pass	
Lemna_minuta	pltd	True	True	2.0	True	1.0	259091.0	0.0	1.0	0.0573424623582626	flag	dead_end_nodes>0
Lemna_trisulca	pltd	True	True	1.0	True	0.0	138692.0	-4.2085413013175055	0.9907407407407407	0.0676191619642214	flag	size_outlier(|z|>4)
Leontodon_hispidus	pltd	True	True	1.0	True	0.0	128741.0	-0.2258844617399526	1.0	0.020388688161003508	pass	
Leontodon_saxatilis	pltd	True	True	1.0	True	0.0	128987.0	-0.19596115663062125	1.0	0.02032165565390849	pass	
Lepidium_campestre	pltd	True	True	1.0	True	0.0	131697.0	0.6744907594765952	1.0	0.05553681260218514	pass	
Lepidium_didymum	pltd	True	True	1.0	True	0.0	132134.0	3.0708522382674257	0.9907407407407407	0.0545610704276286	pass	
Lepidium_draba	pltd	True	True	1.0	True	0.0	131490.0	-0.46062783574011384	1.0	0.052635685629384955	pass	
Lepidium_heterophyllum	pltd	True	True	1.0	True	0.0	131574.0	0.0	1.0	0.055568181080326476	pass	
Lepidium_latifolium	pltd	True	True	1.0	True	0.0	131079.0	-2.7144140320399566	0.9907407407407407	0.05317808520124319	pass	
Lepidozia_cupressina	pltd	True	True	1.0	True	0.0	113294.0	-2.1048490715929673	1.0	0.0009858775152516094	pass	
Lepidozia_reptans	pltd	True	True	1.0	True	0.0	118382.0	-1.4859475415267966	1.0	0.0	pass	
Leucanthemum_vulgare	pltd	True	True	1.0	True	0.0	127763.0	-0.34484784546729436	1.0	0.031153208240912816	pass	
Leucobryum_glaucum	pltd	True	True	1.0	True	0.0	117424.0	-1.6024781362208593	1.0	0.011985187208302875	pass	
Leucobryum_juniperoideum	pltd	True	True	1.0	True	0.0	118199.0	-1.508207561181299	1.0	0.028361850341883085	pass	
Leucojum_aestivum	pltd	True	True	1.0	True	0.0	133176.0	0.31358650638965957	1.0	0.45570940819423367	fail	high_cross_organelle_alignment(>35%)
Levisticum_officinale	pltd	True	True	1.0	True	0.0	134015.0	0.41564200633571247	1.0	0.20563188755074152	flag	elevated_cross_organelle_alignment(>15%)
Lewinskya_affinis	pltd	True	True	1.0	True	0.0	117165.0	0.6744907594765952	1.0	0.012062414099765544	pass	
Lewinskya_rupestris	pltd	True	True	1.0	True	0.0	117132.0	0.0	1.0	0.012139654849759566	pass	
Lewinskya_speciosa	pltd	True	True	1.0	True	0.0	115742.0	-28.41036835371113	1.0	0.012068853944217951	flag	size_outlier(|z|>4)
Ligusticum_scoticum	pltd	True	True	1.0	True	0.0	131268.0	0.08149843261484559	1.0	0.12241914501732377	pass	
Ligustrum_vulgare	pltd	True	True	1.0	True	0.0	134714.0	0.5006679830488125	1.0	0.2632307502162897	flag	elevated_cross_organelle_alignment(>15%)
Limonium_binervosum	pltd	True	True	1.0	True	0.0	130079.0	-0.06313087541358935	1.0	0.13703708504543274	pass	
Limosella_aquatica	pltd	True	True	1.0	True	0.0	126870.0	-0.45347187580320053	1.0	0.053634965376566965	pass	
Linaria_purpurea	pltd	True	True	1.0	True	0.0	127511.0	0.6744907594765952	1.0	0.21447052423474464	flag	elevated_cross_organelle_alignment(>15%)
Linaria_repens	pltd	True	True	1.0	True	0.0	126714.0	-48.19543063169126	1.0	0.21060518655553567	flag	size_outlier(|z|>4);elevated_cross_organelle_alignment(>15%)
Linaria_vulgaris	pltd	True	True	1.0	True	0.0	127500.0	0.0	1.0	0.031009398396431794	pass	
Linnaea_borealis	pltd	True	True	1.0	True	0.0	135265.0	0.5676913209156483	1.0	0.1219795999207764	pass	
Linum_bienne	pltd	True	True	1.0	True	0.0	133680.0	0.3748927900282897	1.0	0.053879433934613204	pass	
Linum_catharticum	pltd	True	True	1.0	True	0.0	129586.0	-0.12309912508391602	1.0	0.13805820519731524	pass	
Lithospermum_officinale	pltd	True	True	1.0	True	0.0	127254.0	-0.40676232636424425	1.0	0.0697260619580661	pass	
Littorella_uniflora	pltd	True	True	1.0	True	0.0	129449.0	-0.13976372996187697	1.0	0.04856004190898059	pass	
Lobelia_dortmanna	pltd	True	True	1.0	True	0.0	129272.0	-0.1612939129063959	0.9814814814814815	0.2661747805462503	flag	elevated_cross_organelle_alignment(>15%)
Lobelia_urens	pltd	True	True	1.0	True	0.0	129644.0	-0.116044036887407	0.9907407407407407	0.37444790187607624	fail	high_cross_organelle_alignment(>35%)
Loeskeobryum_brevirostre	pltd	True	True	1.0	True	0.0	117072.0	-1.6452952232065692	1.0	0.000751651233827504	pass	
Logfia_minima	pltd	True	True	1.0	True	0.0	129184.0	-0.17199818465282338	1.0	0.030205867964194576	pass	
Lolium_perenne	pltd	True	True	1.0	True	0.0	138562.0	0.9687365930516869	0.9907407407407407	0.10008205871263925	pass	
Lonicera_periclymenum	pltd	True	True	2.0	True	0.0	159613.0	3.52936869002947	1.0	0.31377849572255095	flag	elevated_cross_organelle_alignment(>15%)
Lophocolea_bispinosa	pltd	True	True	1.0	True	0.0	109323.0	-2.5878793341505073	1.0	0.0	pass	
Lophozia_ventricosa	pltd	True	True	2.0	True	0.0	258106.0	15.510003202766763	1.0	0.0	flag	size_outlier(|z|>4)
Lotus_corniculatus	pltd	True	True	1.0	True	0.0	127179.0	-10.949320811425507	0.9814814814814815	0.032041377938397266	flag	size_outlier(|z|>4)
Lotus_pedunculatus	pltd	True	True	1.0	True	0.0	131608.0	0.6744907594765952	0.9814814814814815	0.03973164810807958	pass	
Lotus_tenuis	pltd	True	True	1.0	True	0.0	131351.0	0.0	0.9814814814814815	0.03169970680797267	pass	
Ludwigia_grandiflora	pltd	True	True	1.0	True	0.0	137404.0	0.8278781080248344	1.0	0.3890201485288127	fail	high_cross_organelle_alignment(>35%)
Lunaria_annua	pltd	True	True	1.0	True	0.0	132795.0	0.26724187530569515	1.0	0.06448211848565016	pass	
Lunularia_cruciata	pltd	True	True	1.0	True	0.0	113580.0	-2.0700601884170777	1.0	0.0	pass	
Luzula_campestris	pltd	True	True	2.0	True	1.0	258923.0	52.21771358094782	1.0	0.02389080915684497	flag	dead_end_nodes>0;size_outlier(|z|>4)
Luzula_pallescens	pltd	True	True	1.0	True	0.0	144569.0	-0.7203209483497475	0.9166666666666666	0.03184993894260605	pass	
Luzula_spicata	pltd	True	True	1.0	True	0.0	144767.0	-0.6286605706034428	0.9166666666666666	0.23606938268637584	flag	elevated_cross_organelle_alignment(>15%)
Luzula_sylvatica	pltd	True	True	1.0	True	0.0	147483.0	0.6286605706034428	0.9166666666666666	0.0753771340297336	pass	
Lycopodium_clavatum	pltd	True	True	1.0	True	0.0	156272.0	3.122971282020217	1.0	0.008391875854233342	pass	
Lycopus_europaeus	pltd	True	True	2.0	True	0.0	258253.0	15.527884202161363	1.0	0.03308132940717656	flag	size_outlier(|z|>4)
Lysimachia_nemorum	pltd	True	True	1.0	True	0.0	129653.0	-1.3356431126995112	1.0	0.3838758742622397	fail	high_cross_organelle_alignment(>35%)
Lysimachia_nummularia	pltd	True	True	1.0	True	0.0	131487.0	-0.013338406253679328	1.0	0.07306229854145622	pass	
Lysimachia_thyrsiflora	pltd	True	True	1.0	True	0.0	133800.0	1.6543228729225523	1.0	0.064417593040116	pass	
Lysimachia_vulgaris	pltd	True	True	1.0	True	0.0	131524.0	0.013338406253679328	1.0	0.06041353892149977	pass	
Lythrum_hyssopifolia	pltd	True	True	1.0	True	0.0	135269.0	0.5681778787223041	1.0	0.08778563104828495	pass	
Lythrum_salicaria	pltd	True	True	1.0	True	0.0	136402.0	0.7059953774575579	1.0	0.7650507000839217	fail	high_cross_organelle_alignment(>35%)
Malus_domestica	pltd	True	False	2.0		0.0	272231.0	374.653463165922	1.0		flag	size_outlier(|z|>4);no_resolved_ctg_fasta
Malus_sylvestris	pltd	True	False	1.0		0.0	135898.0	-0.6744907594765952	1.0		flag	no_resolved_ctg_fasta
Malus_x_robusta	pltd	True	True	1.0	True	0.0	136143.0	0.0	1.0	0.011976533732759158	pass	
Malva_arborea	pltd	True	True	1.0	True	0.0	137156.0	-12.582999835124483	1.0	0.022647445292363674	flag	size_outlier(|z|>4)
Malva_neglecta	pltd	True	False	1.0		0.0	142463.0	0.6744907594765952	1.0		flag	no_resolved_ctg_fasta
Malva_sylvestris	pltd	True	True	1.0	True	0.0	142193.0	0.0	1.0	0.022615121226616984	pass	
Marchantia_polymorpha	pltd	True	True	1.0	True	0.0	113091.0	-2.129541880280749	1.0	0.0	pass	
Marchantia_quadrata	pltd	True	True	1.0	True	0.0	114551.0	-1.9519482808513837	1.0	0.0	pass	
Marsupella_aquatica	pltd	True	True	1.0	True	0.0	114905.0	-1.9088879149623459	1.0	0.00034960960261041835	pass	
Marsupella_emarginata	pltd	True	True	1.0	True	0.0	114877.0	-1.9122938196089365	1.0	0.0	pass	
Mastigophora_woodsii	pltd	True	True	1.0	True	0.0	113977.0	-2.02176932610649	1.0	0.0	pass	
Matricaria_chamomilla	pltd	True	True	2.0	True	0.0	258734.0	15.586392778411723	1.0	0.029430082022605906	flag	size_outlier(|z|>4)
Matricaria_discoidea	pltd	True	True	1.0	True	0.0	127532.0	-0.3729465588016665	1.0	0.031231844862471703	pass	
Matthiola_sinuata	pltd	True	True	1.0	True	0.0	132391.0	0.2180995368334599	0.9907407407407407	0.17019543973941367	flag	elevated_cross_organelle_alignment(>15%)
Meconopsis_cambrica	pltd	True	True	1.0	True	0.0	129844.0	-0.09171614655461727	1.0	0.16746713934741383	flag	elevated_cross_organelle_alignment(>15%)
Medicago_arabica	pltd	True	True	1.0	True	0.0	125940.0	-0.6744907594765952	0.9907407407407407	0.011769785553227895	pass	
Medicago_lupulina	pltd	True	True	1.0	True	0.0	130337.0	3.6740955593189897	0.9814814814814815	0.018089730871904058	pass	
Medicago_sativa	pltd	True	True	1.0	True	0.0	126622.0	0.0	0.9814814814814815	0.01723699274901412	pass	
Meesia_triquetra	pltd	True	True	1.0	True	0.0	116900.0	-1.6662172088927685	1.0	0.01200041824513991	pass	
Melampyrum_pratense	pltd	True	True	1.0	True	0.0	120689.0	-1.205325326538067	0.9722222222222222	0.6587369274649069	fail	high_cross_organelle_alignment(>35%)
Melampyrum_sylvaticum	pltd	True	False	1.0		0.0	120884.0	-1.1816056334635971	0.9537037037037037		flag	no_resolved_ctg_fasta
Melica_uniflora	pltd	True	True	1.0	True	0.0	114836.0	-1.9172810371271585	0.9907407407407407	0.21713865882981565	flag	elevated_cross_organelle_alignment(>15%)
Melilotus_altissimus	pltd	True	True	1.0	True	0.0	140420.0	1.1947426942433035	0.9814814814814815	0.03268022989605473	pass	
Melissa_officinalis	pltd	True	True	1.0	True	0.0	128256.0	-0.2848795957969677	1.0	0.13845830210757437	pass	
Melittis_melissophyllum	pltd	True	True	1.0	True	0.0	128513.0	-0.2536182567193329	1.0	0.5118381038150802	fail	high_cross_organelle_alignment(>35%)
Mentha_aquatica	pltd	True	True	1.0	True	0.0	129866.0	-0.0890400786180104	1.0	0.07980776184559148	pass	
Mentha_arvensis	pltd	True	True	1.0	True	0.0	129869.0	-0.08867516026301855	1.0	0.36913731213758827	fail	high_cross_organelle_alignment(>35%)
Mercurialis_annua	pltd	True	False	1.0		0.0	151510.0	2.543724213196494	1.0		flag	no_resolved_ctg_fasta
Mercurialis_perennis	pltd	True	True	1.0	True	0.0	137773.0	0.8727630656888314	1.0	0.05400688268597437	pass	
Mesoptychia_bantriensis	pltd	True	True	1.0	True	0.0	115499.0	-1.8366340806739605	1.0	0.0	pass	
Mesoptychia_rutheana	pltd	True	True	1.0	True	0.0	113636.0	-2.063248379123897	1.0	0.0	pass	
Metzgeria_conjugata	pltd	True	True	1.0	True	0.0	109376.0	0.0	1.0	0.0	pass	
Metzgeria_furcata	pltd	True	True	1.0	True	0.0	110998.0	156.28914455300534	1.0	0.05543531977982652	flag	size_outlier(|z|>4)
Metzgeria_violacea	pltd	True	True	1.0	True	0.0	109369.0	-0.6744907594765952	1.0	0.0	pass	
Meum_athamanticum	pltd	True	True	1.0	True	0.0	132779.0	0.26529564407907197	1.0	0.09779774071392415	pass	
Milium_effusum	pltd	True	True	1.0	True	0.0	116866.0	-1.6703529502493426	1.0	0.2633754828097693	flag	elevated_cross_organelle_alignment(>15%)
Mimulus_peregrinus	pltd	True	True	1.0	True	0.0	130969.0	0.045128236567324946	1.0	0.12818487449815583	pass	
Misopates_orontium	pltd	True	True	1.0	True	0.0	129132.0	-0.1783234361393487	1.0	0.2177222178405237	flag	elevated_cross_organelle_alignment(>15%)
Mnium_stellare	pltd	True	True	1.0	True	0.0	117934.0	-1.5404420158722456	1.0	0.011940680746852766	pass	
Moehringia_trinervia	pltd	True	True	1.0	True	0.0	127809.0	-0.3392524306907527	1.0	0.13850922548665945	pass	
Molinia_caerulea	pltd	True	True	1.0	True	0.0	117497.0	-1.593598456249391	0.9907407407407407	0.2609147533596436	flag	elevated_cross_organelle_alignment(>15%)
Mollugo_verticillata	pltd	True	True	1.0	True	0.0	131985.0	0.16871391945789677	1.0	0.07704229188011465	pass	
Monotropa_hypopitys	pltd	True	True	1.0	True	0.0	39462.0	-11.085733066845624	0.48148148148148145	0.1786633109619687	fail	core_gene_pct<0.50;size_outlier(|z|>4);elevated_cross_organelle_alignment(>15%)
Montia_fontana	pltd	True	True	1.0	True	0.0	129201.0	-0.16993031397453626	1.0	0.1299683099741906	pass	
Myosotis_alpestris	pltd	True	True	1.0	True	0.0	125473.0	-2.005328082560825	0.9907407407407407		pass	
Myosotis_ramosissima	pltd	True	True	1.0	True	0.0	128015.0	0.0	1.0	0.01702427722373325	pass	
Myosotis_sylvatica	pltd	True	True	1.0	True	0.0	128870.0	0.6744907594765953	1.0		pass	
Myrica_gale	pltd	True	True	1.0	True	0.0	135545.0	0.6017503673815539	1.0	0.29037958401238845	flag	elevated_cross_organelle_alignment(>15%)
Myriophyllum_alterniflorum	pltd	True	True	1.0	True	0.0	135682.0	0.0	1.0	0.4609634499145967	fail	high_cross_organelle_alignment(>35%)
Myriophyllum_aquaticum	pltd	True	True	2.0	True	0.0	271856.0	258.00029404765695	1.0	0.6269931305939278	fail	high_cross_organelle_alignment(>35%);size_outlier(|z|>4)
Myriophyllum_spicatum	pltd	True	True	1.0	True	0.0	135326.0	-0.6744907594765951	1.0	0.24039665511014352	flag	elevated_cross_organelle_alignment(>15%)
Myrrhis_odorata	pltd	True	True	1.0	True	0.0	130455.0	-0.017394441587944655	1.0	0.2227209210975382	flag	elevated_cross_organelle_alignment(>15%)
Narcissus_pseudonarcissus	pltd	True	True	1.0	True	0.0	132743.0	0.2609166238191698	1.0	0.09900070885059563	pass	
Nardia_scalaris	pltd	True	True	1.0	True	0.0	115024.0	-1.894412820214336	1.0	0.0	pass	
Narthecium_ossifragum	pltd	True	True	1.0	True	0.0	130622.0	0.0029193468399347673	1.0	0.4604280416194499	fail	high_cross_organelle_alignment(>35%)
Nasturtium_officinale	pltd	True	True	1.0	True	0.0	131246.0	0.07882236467823872	1.0	0.0657700466147865	pass	
Neckera_pumila	pltd	True	True	1.0	True	0.0	118183.0	-1.5101537924079222	1.0	0.011947852269451296	pass	
Neoorthocaulis_attenuatus	pltd	True	True	1.0	True	0.0	123429.0	-0.8720332289788477	1.0	0.0	pass	
Neoorthocaulis_floerkei	pltd	True	True	2.0	False	1.0	108650.0	-2.6697426851203447	1.0		flag	dead_end_nodes>0;non_circular
Neottia_nidus_avis	pltd	True	True	1.0	True	0.0	69558.0	-7.424872129567425	0.7129629629629629		flag	size_outlier(|z|>4);core_gene_pct<0.80
Neottia_ovata	pltd	True	True	1.0	True	0.0	133087.0	0.30276059519156817	1.0	0.0	pass	
Nigella_damascena	pltd	True	True	1.0	True	0.0	131943.0	0.1636050624880109	0.9907407407407407	0.002390125111131154	pass	
Niphotrichum_ericoides	pltd	True	True	1.0	True	0.0	115704.0	-1.811697993082851	1.0	0.01208234131804415	pass	
Nowellia_curvifolia	pltd	True	True	1.0	True	0.0	106687.0	-2.908520928736676	1.0	0.03552053394368781	pass	
Nuphar_pumila	pltd	True	True	1.0	True	0.0	137645.0	0.8571932158758461	1.0	0.4545624288141606	fail	high_cross_organelle_alignment(>35%)
Nymphaea_alba	pltd	True	True	1.0	True	0.0	137924.0	0.8911306228900877	1.0	0.1787650461153666	flag	elevated_cross_organelle_alignment(>15%)
Nymphoides_peltata	pltd	True	True	1.0	True	0.0	129267.0	-0.16190211016471565	1.0	0.08965263303240908	pass	
Odontites_vernus	pltd	True	True	1.0	True	0.0	129831.0	-0.0932974594262486	1.0	0.5808422045017088	fail	high_cross_organelle_alignment(>35%)
Odontoschisma_sphagni	pltd	True	True	1.0	True	0.0	110512.0	-2.4432500261220724	1.0	0.0	pass	
Oedipodium_griffithianum	pltd	True	True	1.0	True	0.0	127692.0	-0.35348424653543475	1.0	0.011117734724292101	pass	
Oenanthe_crocata	pltd	True	True	1.0	True	0.0	131349.0	0.6744907594765952	1.0	0.11354781181548561	pass	
Oenanthe_lachenalii	pltd	True	True	1.0	True	0.0	129992.0	-2.3363117425291273	1.0	0.11239291907140454	pass	
Oenanthe_pimpinelloides	pltd	True	True	1.0	True	0.0	131045.0	0.0	1.0	0.0769250699554358	pass	
Oenothera_biennis	pltd	True	True	1.0	True	0.0	140370.0	1.1886607216601062	1.0	0.0757418701636815	pass	
Oligotrichum_hercynicum	pltd	True	True	1.0	True	0.0	118708.0	-1.4462930802843492	1.0	0.0007463575370201278	pass	
Onobrychis_viciifolia	pltd	True	True	1.0	True	0.0	122344.0	-1.004012034034232	0.9907407407407407	0.0592135924711577	pass	
Onoclea_sensibilis	pltd	True	True	1.0	True	0.0	128527.0	-0.2519153043960376	0.9814814814814815	0.16828563927540036	flag	elevated_cross_organelle_alignment(>15%)
Ononis_reclinata	pltd	True	True	1.0	True	0.0	125281.0	-0.6467569644972149	0.9814814814814815	0.0468477308004729	pass	
Ononis_repens	pltd	True	True	1.0	True	0.0	124850.0	-0.6991835681643768	0.9814814814814815	0.1219062727848152	pass	
Onopordum_acanthium	pltd	True	True	1.0	True	0.0	130556.0	-0.005108856969885843	1.0	0.03127347797398559	pass	
Ophioglossum_vulgatum	pltd	True	True	1.0	True	0.0	132544.0	0.23671037293804403	1.0		pass	
Ophrys_apifera	pltd	True	True	1.0	True	0.0	124578.0	-0.7322694990169708	1.0	0.04087542500493994	pass	
Orchis_mascula	pltd	True	True	1.0	True	0.0	124540.0	-0.7368917981802008	0.9907407407407407	0.2195166755112871	flag	elevated_cross_organelle_alignment(>15%)
Oreojuncus_trifidus	pltd	True	True	2.0	True	1.0	249517.0	14.465241952425108	1.0	0.04290247901317965	flag	dead_end_nodes>0;size_outlier(|z|>4)
Origanum_vulgare	pltd	True	True	2.0	True	0.0	259249.0	15.649037096018656	1.0	0.03125544799365813	flag	size_outlier(|z|>4)
Ornithopus_perpusillus	pltd	True	True	1.0	True	0.0	128593.0	-0.24388710058621701	0.9907407407407407	0.05955013040657726	pass	
Orobanche_alba	pltd	True	True	1.0	True	0.0	70365.0	-3.8075056818631254	0.7129629629629629	0.02241775682393717	flag	core_gene_pct<0.80
Orobanche_hederae	pltd	True	True	1.0	True	0.0	74558.0	0.6744907594765952	0.7037037037037037	0.04161114749655593	flag	core_gene_pct<0.80
Orobanche_minor	pltd	True	True	1.0	True	0.0	73927.0	0.0	0.7407407407407407	0.025273231716220923	flag	core_gene_pct<0.80
Orontium_aquaticum	pltd	True	True	1.0	True	0.0	136572.0	0.7266740842404291	1.0	0.18585058066875973	flag	elevated_cross_organelle_alignment(>15%)
Orthothecium_rufescens	pltd	True	False	1.0		0.0	117307.0	-1.6167099520655412	1.0		flag	no_resolved_ctg_fasta
Orthotrichum_anomalum	pltd	True	True	1.0	True	0.0	117937.0	0.9758893273019379	1.0	0.012094388106644618	pass	
Orthotrichum_lyellii	pltd	True	True	1.0	True	0.0	115817.0	-0.5364537822595448	1.0	0.012052183044549457	pass	
Orthotrichum_pulchellum	pltd	True	True	1.0	True	0.0	115430.0	-0.8125277366936456	1.0	0.012108325691237695	pass	
Orthotrichum_striatum	pltd	True	True	1.0	True	0.0	117321.0	0.5364537822595448	1.0	0.012121212121212121	pass	
Oxalis_acetosella	pltd	True	True	1.0	True	0.0	130359.0	-0.029071828947683724	0.9907407407407407	0.11201327217722261	pass	
Oxybasis_chenopodioides	pltd	True	True	1.0	True	0.0	136706.0	0.7429737707633983	1.0	0.03578560376634884	pass	
Oxyria_digyna	pltd	True	True	1.0	True	0.0	137422.0	0.8300676181547855	1.0	0.22470895285316522	flag	elevated_cross_organelle_alignment(>15%)
Oxytropis_halleri	pltd	True	True	1.0	True	0.0	122628.0	-0.9694664297616706	0.9814814814814815	0.007072528082096796	pass	
Palustriella_falcata	pltd	True	True	1.0	True	0.0	123738.0	-0.8344466384146877	0.9907407407407407	0.010216029306035811	pass	
Papaver_rhoeas	pltd	True	True	1.0	True	0.0	129885.0	-0.08672892903639538	1.0	0.7141522378307743	fail	high_cross_organelle_alignment(>35%)
Papaver_somniferum	pltd	True	True	1.0	True	0.0	129427.0	-0.14243979789848385	1.0	0.08381518013657413	pass	
Parietaria_judaica	pltd	True	False	1.0		0.0	129958.0	-0.07784924906492713	1.0		flag	no_resolved_ctg_fasta
Parnassia_palustris	pltd	True	True	1.0	True	0.0	128509.0	-0.2541048145259887	0.9814814814814815	0.4169666434789656	fail	high_cross_organelle_alignment(>35%)
Parthenocissus_inserta	pltd	True	True	1.0	True	0.0	137840.0	0.880912908950316	1.0	0.1284799761798422	pass	
Pastinaca_sativa	pltd	True	True	1.0	True	0.0	132455.0	0.2258844617399526	1.0	0.1746523341605517	flag	elevated_cross_organelle_alignment(>15%)
Paulownia_tomentosa	pltd	True	True	1.0	True	0.0	134086.0	0.42427840740385286	1.0	0.2502036857419981	flag	elevated_cross_organelle_alignment(>15%)
Pedicularis_palustris	pltd	True	True	1.0	True	0.0	124428.0	-0.7505154167665631	1.0	0.1278431692539932	pass	
Pedicularis_sylvatica	pltd	True	True	1.0	True	0.0	125641.0	-0.6029667618981934	0.9907407407407407	0.9696251968503937	fail	high_cross_organelle_alignment(>35%)
Pentaglottis_sempervirens	pltd	True	True	1.0	True	0.0	123992.0	-0.8035502176920447	1.0	0.07868267249998323	pass	
Persicaria_amphibia	pltd	True	True	1.0	True	0.0	130991.0	-0.1080190043109631	1.0	0.1323821892626124	pass	
Persicaria_hydropiper	pltd	True	True	1.0	True	0.0	131077.0	0.1080190043109631	1.0	0.25288787655031725	flag	elevated_cross_organelle_alignment(>15%)
Persicaria_maculosa	pltd	True	True	1.0	True	0.0	132411.0	3.459120207818516	1.0	0.26805578198873825	flag	elevated_cross_organelle_alignment(>15%)
Persicaria_nepalensis	pltd	True	True	1.0	True	0.0	130540.0	-1.2409625146422272	1.0	0.35618364709757516	fail	high_cross_organelle_alignment(>35%)
Petalophyllum_ralfsii	pltd	True	True	1.0	True	0.0	117644.0	-1.5757174568547907	1.0	0.0	pass	
Petasites_albus	pltd	True	True	1.0	True	0.0	129458.0	0.42293887786852075	1.0	0.02998267932867467	pass	
Petasites_fragrans	pltd	True	True	1.0	True	0.0	128970.0	-0.9260426410846697	1.0	0.03007969321109713	pass	
Petasites_hybridus	pltd	True	True	1.0	True	0.0	137802.0	23.48831140685504	1.0	0.030076889791299136	flag	size_outlier(|z|>4)
Petasites_japonicus	pltd	True	True	1.0	True	0.0	129152.0	-0.42293887786852075	1.0	0.07991488512817103	pass	
Phacelia_tanacetifolia	pltd	True	True	1.0	True	0.0	129494.0	-0.1342899546369993	1.0	0.0	pass	
Phaeoceros_laevis	pltd	True	True	1.0	False	1.0	146871.0	1.979438796927436	0.9814814814814815	0.005117475561653232	flag	dead_end_nodes>0;non_circular
Phalaris_arundinacea	pltd	True	True	1.0	True	0.0	115983.0	-1.7777605860686092	1.0	0.20272398163409466	flag	elevated_cross_organelle_alignment(>15%)
Phegopteris_connectilis	pltd	True	True	1.0	True	0.0	130852.0	0.030896420722642953	0.9907407407407407	0.11168939383919478	pass	
Phleum_pratense	pltd	True	True	1.0	True	0.0	116346.0	-1.733605465114596	1.0	0.13291564273432369	pass	
Phragmites_australis	pltd	True	True	1.0	True	0.0	118214.0	-1.50638296940634	0.9907407407407407	0.2975986402463827	flag	elevated_cross_organelle_alignment(>15%)
Physcomitrium_patens	pltd	True	True	1.0	True	0.0	115374.0	-1.8518390121319541	1.0	0.09524429437370327	pass	
Phyteuma_orbiculare	pltd	True	True	1.0	True	0.0	170115.0	4.806826211404259	0.9814814814814815	0.025177200982820856	flag	size_outlier(|z|>4)
Phyteuma_spicatum	pltd	True	True	1.0	True	0.0	165029.0	4.188167960241415	0.9814814814814815	0.005878510777269758	flag	size_outlier(|z|>4)
Phytolacca_acinosa	pltd	True	True	1.0	True	0.0	132746.0	0.26128154217416166	1.0	0.020675167450977888	pass	
Pilosella_aurantiaca	pltd	True	True	1.0	True	0.0	130256.0	-0.04160069246907043	1.0	0.038473846796893876	pass	
Pilosella_officinarum	pltd	True	True	1.0	True	0.0	130099.0	-0.06069808638031037	1.0	0.038489446125888206	pass	
Pilularia_globulifera	pltd	True	True	1.0	True	0.0	130851.0	0.030774781270979004	1.0	0.028238030524775245	pass	
Pimpinella_saxifraga	pltd	True	True	1.0	True	0.0	130078.0	-0.0632525148652533	1.0	0.05040640782828283	pass	
Pinguicula_vulgaris	pltd	True	True	1.0	True	0.0	126363.0	-0.5151430777968224	1.0	0.281157912983186	flag	elevated_cross_organelle_alignment(>15%)
Plagiochila_asplenioides	pltd	True	True	1.0	True	0.0	109701.0	-2.5418996214215346	1.0	0.0	pass	
Plagiochila_carringtonii	pltd	True	True	1.0	True	0.0	110142.0	-2.4882566232377332	1.0	0.0	pass	
Plagiothecium_denticulatum	pltd	True	True	1.0	True	0.0	116537.0	-1.7103723298467817	1.0	0.01192455242966752	pass	
Plantago_coronopus	pltd	True	True	1.0	True	0.0	142319.0	0.2342074831813798	1.0	0.03173060254092474	pass	
Plantago_lanceolata	pltd	True	True	2.0	True	0.0	254171.0	10.223368744879643	1.0	0.15611228332576588	flag	size_outlier(|z|>4);elevated_cross_organelle_alignment(>15%)
Plantago_major	pltd	True	True	1.0	True	0.0	137074.0	-0.2342074831813798	1.0	0.0	pass	
Plantago_maritima	pltd	True	True	1.0	True	0.0	127214.0	-1.1147740357718106	1.0	0.11735096162943992	pass	
Platanus_orientalis	pltd	True	True	1.0	True	0.0	139059.0	1.0291914005286693	1.0	0.10712541043922408	pass	
Platanus_x_hispanica	pltd	True	True	1.0	True	0.0	139059.0	1.0291914005286693	1.0	0.10712541043922408	pass	
Pleuridium_subulatum	pltd	True	True	1.0	True	0.0	116747.0	-1.6848280449973525	1.0	0.01198586118251928	pass	
Poa_alpina	pltd	True	True	1.0	True	0.0	116698.0	1.1929158379040847	0.9907407407407407	0.3367000390449459	flag	elevated_cross_organelle_alignment(>15%)
Poa_chaixii	pltd	True	True	1.0	True	0.0	116012.0	-0.03767102646012899	0.9907407407407407	0.09850227018102482	pass	
Poa_infirma	pltd	True	True	1.0	True	0.0	116033.0	0.0	0.9907407407407407	0.09814521184409454	pass	
Poa_nemoralis	pltd	True	True	1.0	True	0.0	115657.0	-0.6744907594765952	1.0	0.33739194408681256	flag	elevated_cross_organelle_alignment(>15%)
Poa_trivialis	pltd	True	True	2.0	True	0.0	242899.0	227.57964013765354	1.0	0.21541667396291173	flag	size_outlier(|z|>4);elevated_cross_organelle_alignment(>15%)
Pogonatum_aloides	pltd	True	True	1.0	True	0.0	118955.0	-1.416248135723354	1.0	0.0007506368434922182	pass	
Pohlia_annotina	pltd	True	True	1.0	True	0.0	117499.0	-0.34842478459150084	1.0	0.011944504487194883	pass	
Pohlia_cruda	pltd	True	True	1.0	True	0.0	118382.0	1.2968109629715754	1.0	0.011925886847952935	pass	
Pohlia_nutans	pltd	True	True	1.0	True	0.0	117873.0	0.34842478459150084	1.0	0.01192055096594813	pass	
Pohlia_wahlenbergii	pltd	True	True	1.0	True	0.0	117149.0	-1.0005567343616897	1.0	0.011954649252834421	pass	
Polygala_serpyllifolia	pltd	True	True	1.0	True	0.0	131378.0	0.09487877229787993	0.9907407407407407	0.06434560699963543	pass	
Polygala_vulgaris	pltd	True	True	1.0	True	0.0	131293.0	0.0845394189064443	0.9907407407407407	0.06237502810917909	pass	
Polygonum_aviculare	pltd	True	True	1.0	True	0.0	135247.0	0.5655018107856972	1.0	0.126138430726452	pass	
Polygonum_maritimum	pltd	True	True	1.0	True	0.0	138276.0	0.9339477098757977	1.0	0.3510559477812544	fail	high_cross_organelle_alignment(>35%)
Polypodium_vulgare	pltd	True	True	1.0	True	0.0	134067.0	0.4219672578222378	0.9814814814814815	0.17372238581462643	flag	elevated_cross_organelle_alignment(>15%)
Polypogon_viridis	pltd	True	True	1.0	True	0.0	117774.0	-1.5599043281384772	0.9907407407407407	0.4214447233422857	fail	high_cross_organelle_alignment(>35%)
Polystichum_lonchitis	pltd	True	True	1.0	True	0.0	129516.0	-0.13161388670039242	0.9907407407407407	0.1394685143888712	pass	
Polystichum_setiferum	pltd	True	True	1.0	True	0.0	142730.0	1.4757298275870248	0.9907407407407407	0.23446363223621952	flag	elevated_cross_organelle_alignment(>15%)
Polytrichastrum_sexangulare	pltd	True	False	1.0		0.0	119706.0	-1.3248969075237285	1.0		flag	no_resolved_ctg_fasta
Polytrichum_commune	pltd	True	False	1.0		0.0	120271.0	1.12013643984506	1.0		flag	no_resolved_ctg_fasta
Polytrichum_formosum	pltd	True	True	1.0	True	0.0	119992.0	0.0	1.0	0.0007445957399618197	pass	
Polytrichum_juniperinum	pltd	True	True	1.0	True	0.0	119922.0	-0.28103781644858133	1.0	0.0007458837532235668	pass	
Polytrichum_piliferum	pltd	True	True	1.0	True	0.0	118796.0	-4.801731835321475	1.0	0.000747836048879837	flag	size_outlier(|z|>4)
Polytrichum_strictum	pltd	True	True	1.0	True	0.0	120160.0	0.6744907594765952	1.0	0.000745582029886735	pass	
Pontederia_cordata	pltd	True	True	1.0	True	0.0	137919.0	0.890522425631768	1.0	0.08985838847319275	pass	
Populus_alba	pltd	True	True	1.0	True	0.0	131061.0	-0.6744907594765952	0.9907407407407407	0.5691531163147302	fail	high_cross_organelle_alignment(>35%)
Populus_nigra	pltd	True	True	1.0	True	0.0	132710.0	0.8326030919826264	0.9907407407407407	0.21552589674556025	flag	elevated_cross_organelle_alignment(>15%)
Populus_tremula	pltd	True	True	1.0	True	0.0	131799.0	0.0	0.9907407407407407	0.17587104282160967	flag	elevated_cross_organelle_alignment(>15%)
Porella_arboris_vitae	pltd	True	True	1.0	True	0.0	114125.0	-2.0037666872602258	1.0	0.0	pass	
Porella_cordaeana	pltd	True	True	1.0	True	0.0	115363.0	-1.8531770461002575	1.0	0.0	pass	
Potamogeton_alpinus	pltd	True	True	1.0	True	0.0	132291.0	-0.5305491560575676	1.0	0.1096064162353303	pass	
Potamogeton_berchtoldii	pltd	True	True	1.0	True	0.0	135017.0	1.5238215817448888	1.0	0.11263083992851672	pass	
Potamogeton_coloratus	pltd	True	True	1.0	True	0.0	131647.0	-1.0158810544965926	1.0	0.1210802344316701	pass	
Potamogeton_compressus	pltd	True	True	1.0	True	0.0	135252.0	1.7009225074175145	1.0	0.11336507147454894	pass	
Potamogeton_epihydrus	pltd	True	True	1.0	True	0.0	149600.0	12.513876045931692	1.0	0.11910277742224498	flag	size_outlier(|z|>4)
Potamogeton_friesii	pltd	True	True	1.0	True	0.0	133004.0	0.0067825886427814045	1.0		pass	
Potamogeton_gramineus	pltd	True	True	1.0	True	0.0	132285.0	-0.5350708818194219	1.0		pass	
Potamogeton_lucens	pltd	True	True	1.0	True	0.0	135319.0	1.7514151117582204	1.0	0.11294809887755429	pass	
Potamogeton_natans	pltd	True	False	1.0		0.0	132100.0	-0.6744907594765952	1.0		flag	no_resolved_ctg_fasta
Potamogeton_nodosus	pltd	True	True	1.0	True	0.0	132886.0	-0.0821446846736859	1.0	0.1293223081301281	pass	
Potamogeton_obtusifolius	pltd	True	True	1.0	True	0.0	132736.0	-0.19518782872004264	1.0	0.11288945524052246	pass	
Potamogeton_perfoliatus	pltd	True	True	1.0	True	0.0	132078.0	-0.6910704206033942	1.0	0.15805541155463396	flag	elevated_cross_organelle_alignment(>15%)
Potamogeton_polygonifolius	pltd	True	True	2.0	True	0.0	260378.0	95.99849878704707	1.0	0.16774036131717088	flag	size_outlier(|z|>4);elevated_cross_organelle_alignment(>15%)
Potamogeton_praelongus	pltd	True	True	1.0	True	0.0	137528.0	3.416163813080901	1.0	0.16593181513645267	flag	elevated_cross_organelle_alignment(>15%)
Potamogeton_pusillus	pltd	True	True	1.0	True	0.0	132995.0	0.0	1.0	0.1125927532810576	pass	
Potamogeton_rutilus	pltd	True	True	1.0	True	0.0	133117.0	0.09194175715770349	1.0	0.1129831453150608	pass	
Potamogeton_trichoides	pltd	True	True	1.0	True	0.0	132564.0	-0.32481063389319836	1.0	0.1130161889088752	pass	
Potentilla_anglica	pltd	True	True	1.0	True	0.0	134367.0	0.6028684129435454	1.0	0.11881750269532322	pass	
Potentilla_anserina	pltd	True	False	1.0		0.0	131885.0	-2.196606612175032	1.0		flag	no_resolved_ctg_fasta
Potentilla_crantzii	pltd	True	True	2.0	True	0.0	263051.0	145.7469635508803	1.0	0.2499601622129647	flag	size_outlier(|z|>4);elevated_cross_organelle_alignment(>15%)
Potentilla_erecta	pltd	True	True	1.0	True	0.0	133171.0	-0.746113106009645	1.0	0.366362342441689	fail	high_cross_organelle_alignment(>35%)
Potentilla_indica	pltd	True	True	1.0	True	0.0	133726.0	-0.12012251820109932	1.0	0.5058143632391289	fail	high_cross_organelle_alignment(>35%)
Potentilla_reptans	pltd	True	True	1.0	True	0.0	134348.0	0.5814381045320817	1.0	0.11883190628708512	pass	
Potentilla_sterilis	pltd	True	True	1.0	True	0.0	132412.0	-1.6021975314991697	1.0	0.5384252528189719	fail	high_cross_organelle_alignment(>35%)
Potentilla_verna	pltd	True	True	1.0	True	0.0	133939.0	0.12012251820109932	1.0	0.08477016090336202	pass	
Poterium_sanguisorba	pltd	True	True	1.0	True	0.0	131485.0	0.10789419362592244	0.9907407407407407	0.057301903382641975	pass	
Primula_farinosa	pltd	True	True	1.0	True	0.0	131485.0	0.0007432405063102978	0.9907407407407407	0.057301903382641975	pass	
Primula_scotica	pltd	True	True	1.0	True	0.0	131483.0	-0.0007432405063102978	0.9907407407407407	0.0573037558108711	pass	
Primula_veris	pltd	True	True	1.0	True	0.0	129670.0	-1.34823827844688	0.9907407407407407	0.06823823765124416	pass	
Primula_vulgaris	pltd	True	True	2.0	True	0.0	170563.0	29.045095746100127	0.9907407407407407	0.07935043651243572	flag	size_outlier(|z|>4)
Prunella_vulgaris	pltd	True	False	1.0		0.0	126959.0	-0.4426459646051091	1.0		flag	no_resolved_ctg_fasta
Prunus_avium	pltd	True	True	1.0	True	0.0	135436.0	0.56955530863826	1.0	0.013852100627336671	pass	
Prunus_domestica	pltd	True	True	1.0	True	0.0	134205.0	-1.0552942508836358	1.0	0.013620626244435708	pass	
Prunus_laurocerasus	pltd	True	True	1.0	True	0.0	134648.0	-0.4705596003002078	1.0	0.015502801217537072	pass	
Prunus_lusitanica	pltd	True	True	1.0	True	0.0	135595.0	0.7794262103149305	1.0	0.013918522051256307	pass	
Prunus_padus	pltd	True	True	1.0	True	0.0	135361.0	0.4705596003002078	1.0	0.01373973766160234	pass	
Prunus_spinosa	pltd	True	True	1.0	True	0.0	134114.0	-1.1754090436671392	1.0	0.013615973707085255	pass	
Pseudisothecium_interludens	pltd	True	True	1.0	True	0.0	118636.0	-1.4550511208041537	1.0	0.01192836584585865	pass	
Pseudobryum_cinclidioides	pltd	True	True	1.0	True	0.0	117629.0	-1.5775420486297498	1.0	0.011949096209445552	pass	
Pseudofumaria_lutea	pltd	True	True	1.0	True	0.0	146666.0	1.9545027093363267	0.9907407407407407	0.5253296466271316	fail	high_cross_organelle_alignment(>35%)
Pseudognaphalium_luteoalbum	pltd	True	True	1.0	True	0.0	131233.0	0.07724105180660738	1.0	0.02977641613975621	pass	
Pseudoscleropodium_purum	pltd	True	True	1.0	True	0.0	116226.0	-1.7482021993142698	1.0	0.01196884250383051	pass	
Pseudotaxiphyllum_elegans	pltd	True	False	1.0		0.0	117640.0	-1.5762040146614464	1.0		flag	no_resolved_ctg_fasta
Pseudotsuga_menziesii	pltd	True	True	1.0	True	0.0	121989.0	-1.0471940393749337	0.9537037037037037		pass	
Pteridium_aquilinum	pltd	True	True	1.0	True	0.0	130862.0	0.03211281523928244	0.9907407407407407	0.020911362846254257	pass	
Pterigynandrum_filiforme	pltd	True	True	1.0	True	0.0	116622.0	-1.7000329764553461	1.0	0.011993954789543073	pass	
Ptilidium_ciliare	pltd	True	True	1.0	True	0.0	112489.0	-2.2027688301824457	1.0	0.0	pass	
Ptilium_crista_castrensis	pltd	True	True	1.0	True	0.0	116472.0	-1.7182788942049385	1.0	0.011934186003727433	pass	
Ptychomitrium_polyphyllum	pltd	True	True	1.0	True	0.0	116409.0	-1.7259421796597672	1.0	0.012055396648405811	pass	
Ptychostomum_cyclophyllum	pltd	True	True	1.0	True	0.0	115116.0	-1.8832219906612528	1.0	0.01212278791621301	pass	
Ptychostomum_pallens	pltd	True	True	1.0	True	0.0	116802.0	-1.6781378751558353	1.0	0.012133928644041607	pass	
Puccinellia_maritima	pltd	True	True	1.0	True	0.0	116267.0	-1.7432149817960478	0.9907407407407407	0.09572799375510896	pass	
Pulicaria_dysenterica	pltd	True	False	1.0		0.0	129408.0	-0.14475094748009887	1.0		flag	no_resolved_ctg_fasta
Pulicaria_vulgaris	pltd	True	True	1.0	True	0.0	129542.0	-0.12845126095712975	1.0	0.03444805646223823	pass	
Pyrola_rotundifolia	pltd	True	True	1.0	True	0.0	145707.0	1.8378504751906	1.0	0.04717111136408573	pass	
Pyrus_communis	pltd	True	True	1.0	True	0.0	136652.0	0.736405240373545	1.0	0.023504326947126206	pass	
Quercus_cerris	pltd	True	True	1.0	True	0.0	136906.0	0.6744907594765952	1.0	0.4066266741936885	fail	high_cross_organelle_alignment(>35%)
Quercus_ilex	pltd	True	False	1.0		0.0	136890.0	-2.9227932910652457	1.0		flag	no_resolved_ctg_fasta
Quercus_petraea	pltd	True	True	1.0	True	0.0	136906.0	0.6744907594765952	1.0	0.05776842993460646	pass	
Quercus_robur	pltd	True	True	1.0	True	0.0	136900.0	-0.6744907594765952	1.0	0.05776437594619413	pass	
Racomitrium_heterostichum	pltd	True	True	1.0	True	0.0	115657.0	-1.8174150473110566	1.0	0.012063096787755795	pass	
Radula_complanata	pltd	True	True	1.0	True	0.0	112876.0	-2.155694362388498	1.0	0.0	pass	
Ranunculus_acris	pltd	True	True	1.0	True	0.0	133856.0	0.5896297969088098	1.0	0.024566981415155172	pass	
Ranunculus_auricomus	pltd	True	True	1.0	True	0.0	133571.0	0.33900415616457297	1.0	0.07448969782420611	pass	
Ranunculus_bulbosus	pltd	True	True	1.0	True	0.0	132911.0	-0.24139206450629125	1.0	0.1070221651140379	pass	
Ranunculus_flammula	pltd	True	True	1.0	True	0.0	132159.0	-0.9026920007858213	1.0	0.05772777572851347	pass	
Ranunculus_omiophyllus	pltd	True	True	1.0	True	0.0	134358.0	1.0310826799039217	1.0		pass	
Ranunculus_repens	pltd	True	True	1.0	True	0.0	132322.0	-0.7593517220443806	1.0	0.1085800185013876	pass	
Ranunculus_sardous	pltd	True	True	1.0	True	0.0	131821.0	-1.1999252168263548	1.0	0.1480904130943102	pass	
Ranunculus_sceleratus	pltd	True	True	1.0	True	0.0	133460.0	0.24139206450629125	1.0	0.07927835711086943	pass	
Raphanus_raphanistrum	pltd	True	True	1.0	True	0.0	130662.0	0.007784924906492713	1.0	0.07060610802493285	pass	
Reseda_lutea	pltd	True	True	1.0	True	0.0	128706.0	-0.2301418425481908	0.9907407407407407	0.21328252514084137	flag	elevated_cross_organelle_alignment(>15%)
Reseda_luteola	pltd	True	True	1.0	True	0.0	130076.0	-0.0634957937685812	0.9907407407407407	0.20828872320959296	flag	elevated_cross_organelle_alignment(>15%)
Reynoutria_japonica	pltd	True	True	1.0	True	0.0	135720.0	0.6230372714227449	1.0	0.2800093028379776	flag	elevated_cross_organelle_alignment(>15%)
Rhabdoweisia_crispata	pltd	True	True	1.0	True	0.0	117377.0	-1.608195190449065	1.0	0.012048095480349168	pass	
Rhamnus_cathartica	pltd	True	True	1.0	True	0.0	141654.0	1.344845777596616	1.0	0.1114810612401803	pass	
Rhinanthus_minor	pltd	True	True	1.0	True	0.0	121897.0	-1.058384868928017	0.9814814814814815	0.33623940328085433	flag	elevated_cross_organelle_alignment(>15%)
Rhodiola_rosea	pltd	True	True	2.0	True	0.0	255451.0	15.187050458598979	1.0	0.33675250252425626	flag	size_outlier(|z|>4);elevated_cross_organelle_alignment(>15%)
Rhodobryum_roseum	pltd	True	True	1.0	True	0.0	118368.0	-1.4876504938500918	1.0	0.01200766172517585	pass	
Rhododendron_ponticum	pltd	True	True	1.0	True	0.0	161212.0	3.7238701732401234	1.0	0.07336384641422243	pass	
Rhynchospora_alba	pltd	True	True	1.0	True	0.0	145552.0	1.818996360182688	1.0	0.5377329649675038	fail	high_cross_organelle_alignment(>35%)
Rhynchostegiella_tenella	pltd	True	False	1.0		0.0	115777.0	-1.8028183131113826	1.0		flag	no_resolved_ctg_fasta
Rhynchostegium_confertum	pltd	True	True	1.0	True	0.0	116332.0	0.0	1.0	0.011993569131832797	pass	
Rhynchostegium_megapolitanum	pltd	True	False	1.0		0.0	116488.0	0.6744907594765952	1.0		flag	no_resolved_ctg_fasta
Rhynchostegium_riparioides	pltd	True	True	1.0	True	0.0	116086.0	-1.0636200437900156	1.0		pass	
Rhytidiadelphus_loreus	pltd	True	True	1.0	True	0.0	116718.0	-1.688355589095607	1.0	0.011952542318568899	pass	
Rhytidium_rugosum	pltd	True	True	1.0	True	0.0	115505.0	-1.8359042439639768	1.0	0.0120150107104318	pass	
Ribes_nigrum	pltd	True	True	1.0	True	0.0	133699.0	-0.6744907594765952	1.0	0.027100666878374088	pass	
Ribes_rubrum	pltd	True	True	1.0	True	0.0	139410.0	1.4714795621784662	1.0	0.04412463641375639	pass	
Ribes_uva_crispa	pltd	True	False	1.0		0.0	135494.0	0.0	1.0		flag	no_resolved_ctg_fasta
Riccardia_palmata	pltd	True	True	1.0	True	0.0	110973.0	-2.387174238904992	1.0	0.0	pass	
Riccia_beyrichiana	pltd	True	True	1.0	True	0.0	116136.0	-1.7591497499640252	1.0	0.0011929345366889074	pass	
Riccia_sorocarpa	pltd	True	True	1.0	True	0.0	114612.0	-1.9445282742998828	1.0	0.00038528695680687286	pass	
Robinia_pseudoacacia	pltd	True	True	1.0	True	0.0	140067.0	1.1518039678059295	0.9907407407407407	0.030950845052251322	pass	
Rorippa_islandica	pltd	True	True	1.0	True	0.0	132634.0	0.24765792358779942	1.0	0.053471334921378906	pass	
Rorippa_sylvestris	pltd	True	True	1.0	True	0.0	130790.0	0.02335477471947814	1.0	0.05420250334403857	pass	
Rosa_agrestis	pltd	True	True	1.0	True	0.0	133548.0	0.0	1.0	0.04253647443595575	pass	
Rosa_canina	pltd	True	True	1.0	True	0.0	133522.0	-0.06240839767399101	1.0	0.043341656395879766	pass	
Rosa_rubiginosa	pltd	True	True	1.0	True	0.0	134452.0	2.1698919806649184	1.0	0.04323913432301914	pass	
Rosa_rugosa	pltd	True	True	1.0	True	0.0	133267.0	-0.6744907594765952	1.0	0.05798670368577906	pass	
Rosa_spinosissima	pltd	True	True	1.0	True	0.0	137394.0	9.231642209775748	1.0	0.06708306036648581	flag	size_outlier(|z|>4)
Rosulabryum_capillare	pltd	True	True	1.0	True	0.0	115873.0	-1.7911409257516437	1.0	0.012107932643538244	pass	
Rubus_caesius	pltd	True	True	1.0	True	0.0	133315.0	-0.5186714079335368	1.0	0.250630669656508	flag	elevated_cross_organelle_alignment(>15%)
Rubus_chamaemorus	pltd	True	True	1.0	True	0.0	133791.0	0.5186714079335368	1.0	0.26371046958119126	flag	elevated_cross_organelle_alignment(>15%)
Rubus_idaeus	pltd	True	True	1.0	True	0.0	132023.0	-3.3343161938584513	1.0	0.39500186258012304	fail	high_cross_organelle_alignment(>35%)
Rubus_saxatilis	pltd	True	True	1.0	True	0.0	133934.0	0.8303101110196536	1.0	0.2016508155207277	flag	elevated_cross_organelle_alignment(>15%)
Rumex_acetosa	pltd	True	True	1.0	True	0.0	137708.0	1.6655295288158523	1.0	0.21851133735247727	flag	elevated_cross_organelle_alignment(>15%)
Rumex_acetosella	pltd	True	True	1.0	True	0.0	133604.0	0.0	1.0	0.469160565640357	fail	high_cross_organelle_alignment(>35%)
Rumex_hydrolapathum	pltd	True	True	1.0	True	0.0	132576.0	-0.41719404376771346	1.0	0.13021610358871705	pass	
Rumex_obtusifolius	pltd	True	True	1.0	True	0.0	131942.0	-0.6744907594765952	1.0	0.3554199068340552	fail	high_cross_organelle_alignment(>35%)
Rumex_sanguineus	pltd	True	True	1.0	True	0.0	179571.0	18.65482355045767	1.0	0.5632901249116191	fail	high_cross_organelle_alignment(>35%);size_outlier(|z|>4)
Ruppia_maritima	pltd	True	True	1.0	True	0.0	134276.0	0.4473899032200031	1.0	0.09050850445051556	pass	
Ruscus_aculeatus	pltd	True	True	1.0	True	0.0	129053.0	-0.18793295282080064	1.0		pass	
Sabulina_verna	pltd	True	True	1.0	True	0.0	128931.0	-0.20277296592380237	1.0	0.06482533463924257	pass	
Saccogyna_viticulosa	pltd	True	True	1.0	True	0.0	117058.0	-1.6469981755298646	1.0	0.0	pass	
Sagina_nodosa	pltd	True	True	1.0	True	0.0	128909.0	-0.20544903386040925	1.0		pass	
Sagina_procumbens	pltd	True	True	1.0	True	0.0	128146.0	-0.29825993548000207	1.0	0.009453013937050767	pass	
Salicornia_ramosissima	pltd	True	True	1.0	True	0.0	130685.0	0.010582632294763531	1.0	0.05265526846228612	pass	
Salix_alba	pltd	True	True	1.0	True	0.0	131060.0	3.574025748490924	0.9907407407407407	0.5523641155861271	fail	high_cross_organelle_alignment(>35%)
Salix_arbuscula	pltd	True	True	1.0	True	0.0	130512.0	-0.6744907594765952	0.9907407407407407	0.10267983437491963	pass	
Salix_aurita	pltd	True	True	1.0	True	0.0	130576.0	-0.1783136490570309	0.9907407407407407	0.10264402683873622	pass	
Salix_caprea	pltd	True	True	1.0	True	0.0	130562.0	-0.28685239196131057	0.9907407407407407	0.1002043938244784	pass	
Salix_cinerea	pltd	True	True	1.0	True	0.0	130614.0	0.11629151025458538	0.9907407407407407	0.12133595486847347	pass	
Salix_euxina	pltd	True	True	1.0	True	0.0	131046.0	3.4654870055866445	0.9907407407407407	0.552426691354691	fail	high_cross_organelle_alignment(>35%)
Salix_herbacea	pltd	True	True	1.0	True	0.0	130607.0	0.06202213880244553	0.9907407407407407	0.10310550225860551	pass	
Salix_lanata	pltd	True	True	1.0	True	0.0	130538.0	-0.4729188083686472	0.9907407407407407	0.10580619447408683	pass	
Salix_lapponum	pltd	True	True	1.0	True	0.0	130599.0	0.0	0.9907407407407407	0.10588038735629968	pass	
Salix_myrsinifolia	pltd	True	True	2.0	True	0.0	260575.0	1007.6736891233326	1.0	0.10070854645547929	flag	size_outlier(|z|>4)
Salix_pentandra	pltd	True	True	1.0	True	0.0	137359.0	52.40870728806647	0.9907407407407407	0.47398635834731573	fail	high_cross_organelle_alignment(>35%);size_outlier(|z|>4)
Salix_phylicifolia	pltd	True	True	1.0	True	0.0	130733.0	1.0388708249409626	1.0	0.08643550043499022	pass	
Salix_purpurea	pltd	True	True	1.0	True	0.0	130485.0	-0.8838154779348488	0.9907407407407407	0.10294202758753737	pass	
Salix_repens	pltd	True	True	1.0	True	0.0	130598.0	-0.007752767350305691	0.9907407407407407	0.10300864938503258	pass	
Salix_reticulata	pltd	True	True	1.0	True	0.0	130481.0	-0.9148265473360716	0.9907407407407407	0.10837299035369775	pass	
Salix_triandra	pltd	True	True	1.0	True	0.0	130713.0	0.8838154779348488	0.9907407407407407	0.5532297534250095	fail	high_cross_organelle_alignment(>35%)
Salix_viminalis	pltd	True	False	1.0		0.0	130519.0	-0.6202213880244554	0.9907407407407407		flag	no_resolved_ctg_fasta
Salvia_pratensis	pltd	True	True	1.0	True	0.0	129102.0	-0.18197261968926715	1.0	0.7590875468906852	fail	high_cross_organelle_alignment(>35%)
Salvia_verbenaca	pltd	True	True	1.0	True	0.0	128743.0	-0.2256411828366247	1.0	0.19362623557803563	flag	elevated_cross_organelle_alignment(>15%)
Sambucus_ebulus	pltd	True	True	1.0	True	0.0	133370.0	0.3371845600124656	1.0	0.04960889904607984	pass	
Sambucus_nigra	pltd	True	True	1.0	True	0.0	133544.0	0.35834982460199266	1.0	0.13616894743168775	pass	
Samolus_valerandi	pltd	True	True	2.0	True	0.0	266896.0	16.57921398289287	1.0	0.028699321271988917	flag	size_outlier(|z|>4)
Sanguisorba_minor	pltd	True	True	1.0	True	0.0	157844.0	3.3141885000359443	1.0	0.4295400176816267	fail	high_cross_organelle_alignment(>35%)
Sanicula_europaea	pltd	True	True	1.0	True	0.0	132293.0	0.20617887057039294	1.0	0.09004154973445418	pass	
Saponaria_officinalis	pltd	True	True	1.0	True	0.0	128498.0	-0.2554428484942921	1.0	0.03491240567780064	pass	
Sarmentypnum_exannulatum	pltd	True	True	1.0	True	0.0	117121.0	-1.6393348900750357	1.0	0.011951010469149252	pass	
Sarmentypnum_sarmentosum	pltd	True	True	1.0	True	0.0	119506.0	-1.3492247978565182	1.0	0.01197720157341254	pass	
Sarracenia_purpurea	pltd	True	True	1.0	True	0.0	130226.0	-0.045249876018988895	0.9907407407407407	0.22081425821115597	flag	elevated_cross_organelle_alignment(>15%)
Saxifraga_aizoides	pltd	True	True	1.0	True	0.0	130008.0	0.6744907594765952	1.0	0.13209558146267006	pass	
Saxifraga_cernua	pltd	True	True	1.0	True	0.0	128743.0	0.0	1.0	0.12966021084894444	pass	
Saxifraga_cespitosa	pltd	True	True	1.0	True	0.0	126778.0	-1.0477267528628535	1.0	0.12775818035115327	pass	
Saxifraga_hirsuta	pltd	True	True	1.0	True	0.0	130478.0	0.9250920693216543	1.0	0.11753814638758306	pass	
Saxifraga_hypnoides	pltd	True	True	1.0	True	0.0	126654.0	-1.1138428431198477	1.0	0.1727621526040103	flag	elevated_cross_organelle_alignment(>15%)
Saxifraga_oppositifolia	pltd	True	True	1.0	True	0.0	129192.0	0.23940423004347136	1.0	0.1615636852085967	flag	elevated_cross_organelle_alignment(>15%)
Saxifraga_tridactylites	pltd	True	True	1.0	True	0.0	128368.0	-0.1999478535997812	1.0	0.164940207175139	flag	elevated_cross_organelle_alignment(>15%)
Scabiosa_columbaria	pltd	True	True	1.0	True	0.0	142043.0	1.3921635242938921	1.0	0.21995395719263314	flag	elevated_cross_organelle_alignment(>15%)
Scapania_compacta	pltd	True	True	1.0	True	0.0	121822.0	16.413338448951563	1.0	0.0	flag	size_outlier(|z|>4)
Scapania_gracilis	pltd	True	True	1.0	True	0.0	111021.0	0.6445620569457073	1.0	0.0	pass	
Scapania_irrigua	pltd	True	True	1.0	True	0.0	110019.0	-0.8182945252957394	1.0	0.0	pass	
Scapania_ornithopodioides	pltd	True	True	1.0	True	0.0	110673.0	0.13650408227502522	1.0	0.0	pass	
Scapania_uliginosa	pltd	True	True	1.0	True	0.0	110097.0	-0.7044194620074831	1.0	0.0	pass	
Scapania_undulata	pltd	True	True	1.0	True	0.0	110486.0	-0.13650408227502522	1.0	0.0	pass	
Scheuchzeria_palustris	pltd	True	True	1.0	True	0.0	137703.0	0.8642483040723551	1.0	0.8460015261110025	fail	high_cross_organelle_alignment(>35%)
Schistidium_strictum	pltd	True	True	1.0	True	0.0	116892.0	-1.66719032450608	1.0	0.012034393198793335	pass	
Schoenoplectus_lacustris	pltd	True	True	1.0	True	0.0	176275.0	0.0	1.0	0.047077642849771235	pass	
Schoenoplectus_tabernaemontani	pltd	True	True	1.0	True	0.0	176150.0	-0.6744907594765952	1.0	0.03044866998191295	pass	
Schoenoplectus_triqueter	pltd	True	True	1.0	True	0.0	184026.0	41.82382301362472	1.0	0.01600630210272081	flag	size_outlier(|z|>4)
Schoenus_ferrugineus	pltd	True	True	1.0	True	0.0	150305.0	2.3971486739414356	1.0	0.46628066721173794	fail	high_cross_organelle_alignment(>35%)
Schoenus_nigricans	pltd	True	True	1.0	True	0.0	146789.0	1.9694643618909924	1.0	0.1113808177480545	pass	
Scilla_verna	pltd	True	True	1.0	True	0.0	131464.0	0.10533976514097952	1.0	0.270656969883536	flag	elevated_cross_organelle_alignment(>15%)
Scirpus_sylvaticus	pltd	True	False	1.0		0.0	153020.0	2.727399785209056	1.0		flag	no_resolved_ctg_fasta
Sciuro_hypnum_glaciale	pltd	True	True	1.0	True	0.0	118190.0	-1.5093023162462746	1.0	0.011970859141820982	pass	
Sciuro_hypnum_plumosum	pltd	True	True	1.0	True	0.0	116119.0	-1.7612176206423122	1.0	0.01195072329109463	pass	
Scleranthus_perennis	pltd	True	True	1.0	True	0.0	129213.0	-0.16847064055456887	0.9907407407407407	0.06154611467696581	pass	
Scorpidium_scorpioides	pltd	True	True	1.0	True	0.0	116426.0	-1.72387430898148	1.0	0.011974221715716568	pass	
Scorzonera_humilis	pltd	True	True	1.0	True	0.0	130611.0	0.0015813128716313323	1.0	0.026968349463771905	pass	
Scorzoneroides_autumnalis	pltd	True	True	2.0	True	0.0	259249.0	15.649037096018656	1.0	0.3750949801158511	fail	high_cross_organelle_alignment(>35%);size_outlier(|z|>4)
Scrophularia_auriculata	pltd	True	True	1.0	True	0.0	128613.0	0.0	1.0	0.25662580345033187	flag	elevated_cross_organelle_alignment(>15%)
Scrophularia_umbrosa	pltd	True	True	1.0	True	0.0	128118.0	-0.6744907594765952	1.0	0.11567407949408107	pass	
Scrophularia_vernalis	pltd	True	True	1.0	True	0.0	147353.0	25.535266328467465	1.0	0.2760903121157418	flag	size_outlier(|z|>4);elevated_cross_organelle_alignment(>15%)
Scutellaria_galericulata	pltd	True	True	1.0	True	0.0	130421.0	-0.02153018294451891	1.0	0.024579687346376954	pass	
Scutellaria_minor	pltd	True	False	1.0		0.0	130686.0	0.01070427174642748	1.0		flag	no_resolved_ctg_fasta
Sedum_acre	pltd	True	True	1.0	True	0.0	126489.0	0.0	1.0	0.11311040304394969	pass	
Sedum_album	pltd	True	True	1.0	True	0.0	126093.0	-0.6744907594765952	1.0	0.02499329399141631	pass	
Sedum_anglicum	pltd	True	True	1.0	True	0.0	127169.0	1.1582164556668806	1.0	0.27160898035547243	flag	elevated_cross_organelle_alignment(>15%)
Selaginella_selaginoides	pltd	True	True	1.0	False	1.0	221037.0	11.00095036903585	0.5555555555555556	0.2245370684546026	flag	dead_end_nodes>0;non_circular;size_outlier(|z|>4);core_gene_pct<0.80;elevated_cross_organelle_alignment(>15%)
Senecio_eboracensis	pltd	True	True	1.0	True	0.0	129766.0	0.0	1.0	0.029849857400925075	pass	
Senecio_squalidus	pltd	True	True	1.0	True	0.0	129449.0	-9.29624220669916	1.0	0.04856004190898059	flag	size_outlier(|z|>4)
Senecio_sylvaticus	pltd	True	True	1.0	True	0.0	129743.0	-0.6744907594765953	1.0	0.02985479622496658	pass	
Senecio_viscosus	pltd	True	True	1.0	True	0.0	129776.0	0.29325685194634576	1.0	0.029854203479791664	pass	
Senecio_vulgaris	pltd	True	True	2.0	True	0.0	253394.0	3625.4758092422835	1.0	0.029887986763891577	flag	size_outlier(|z|>4)
Sesleria_caerulea	pltd	True	True	1.0	True	0.0	116277.0	-1.7419985872794084	0.9907407407407407	0.14391831205736413	pass	
Sherardia_arvensis	pltd	True	True	1.0	True	0.0	130054.0	-0.06617186170518806	0.9907407407407407	0.12409782167323789	pass	
Sibbaldia_procumbens	pltd	True	True	1.0	True	0.0	131248.0	0.07906564358156662	1.0	0.08038771498131729	pass	
Sibthorpia_europaea	pltd	True	True	1.0	True	0.0	126030.0	-0.5556490152009174	1.0	0.09129588862184342	pass	
Silaum_silaus	pltd	True	True	1.0	True	0.0	131364.0	0.09317581997458466	1.0	0.12870997379793786	pass	
Silene_acaulis	pltd	True	True	1.0	True	0.0	133966.0	17.188250768508677	1.0	0.0018051730726153926	flag	size_outlier(|z|>4)
Silene_dioica	pltd	True	True	1.0	True	0.0	127594.0	0.30080432691785286	1.0		pass	
Silene_flos_cuculi	pltd	True	True	1.0	True	0.0	126432.0	-2.7787959187080946	1.0		pass	
Silene_latifolia	pltd	True	True	1.0	True	0.0	127570.0	0.23719812563125844	1.0	0.004815990934605299	pass	
Silene_uniflora	pltd	True	True	1.0	True	0.0	127391.0	-0.23719812563125844	1.0	0.05894809058585272	pass	
Silene_vulgaris	pltd	True	True	1.0	True	0.0	127085.0	-1.0481771920353375	1.0	0.09832063083572536	pass	
Sinapis_arvensis	pltd	True	True	1.0	True	0.0	131797.0	0.14584570254507442	1.0	0.06697300252531826	pass	
Sisymbrium_altissimum	pltd	True	True	1.0	True	0.0	132509.0	0.23245299212980583	1.0	0.07214487391685327	pass	
Sisymbrium_officinale	pltd	True	True	1.0	True	0.0	131088.0	0.05960333131533483	1.0	0.12202591896584236	pass	
Sisyrinchium_bermudianum	pltd	True	True	1.0	True	0.0	127670.0	-0.3561603144720416	1.0	0.20242250051324162	flag	elevated_cross_organelle_alignment(>15%)
Sium_latifolium	pltd	True	True	1.0	True	0.0	132325.0	0.21007133302363928	1.0	0.501440194701378	fail	high_cross_organelle_alignment(>35%)
Smyrnium_perfoliatum	pltd	True	True	1.0	True	0.0	146743.0	1.9638689471144508	1.0	0.29430709852396597	flag	elevated_cross_organelle_alignment(>15%)
Solanum_crispum	pltd	True	True	1.0	True	0.0	132234.0	1.9215143729275097	1.0	0.22944586224143015	flag	elevated_cross_organelle_alignment(>15%)
Solanum_dulcamara	pltd	True	False	1.0		0.0	130579.0	-0.6744907594765953	1.0		flag	no_resolved_ctg_fasta
Solanum_nigrum	pltd	True	True	1.0	True	0.0	131009.0	0.0	1.0	0.19898477810517648	flag	elevated_cross_organelle_alignment(>15%)
Soleirolia_soleirolii	pltd	True	True	1.0	True	0.0	131181.0	0.07091580032008206	1.0	0.5999475341028332	fail	high_cross_organelle_alignment(>35%)
Solenostoma_gracillimum	pltd	True	True	1.0	True	0.0	112571.0	-2.1927943951460023	1.0	0.0	pass	
Solidago_canadensis	pltd	True	True	1.0	True	0.0	131633.0	0.12589683247218683	1.0	0.08682519238187393	pass	
Solidago_virgaurea	pltd	True	True	1.0	True	0.0	130733.0	0.016421325974633066	1.0	0.08643550043499022	pass	
Sonchus_arvensis	pltd	True	True	2.0	True	0.0	260575.0	0.0	1.0	0.10064676406606163	pass	
Sonchus_asper	pltd	True	True	2.0	True	0.0	261015.0	0.6744907594765952	1.0	0.06477249438026798	pass	
Sonchus_oleraceus	pltd	True	True	1.0	True	0.0	130138.0	-199.9512527132924	1.0	0.06680324629127032	flag	size_outlier(|z|>4)
Sorbus_bristoliensis	pltd	True	True	1.0	True	0.0	139344.0	8.019876670132684	1.0	0.023446563790371876	flag	size_outlier(|z|>4)
Sorbus_cuneifolia	pltd	True	True	1.0	True	0.0	136510.0	0.10473458998083778	1.0	0.02354867538700948	pass	
Sorbus_devoniensis	pltd	True	True	1.0	True	0.0	136027.0	-1.2442469289723528	1.0	0.023457537426597688	pass	
Sorbus_hibernica	pltd	True	True	1.0	True	0.0	136435.0	-0.10473458998083778	1.0	0.023440276868393978	pass	
Southbya_tophacea	pltd	True	True	1.0	True	0.0	113582.0	-2.06981690951375	1.0	0.0	pass	
Sparganium_angustifolium	pltd	True	True	1.0	True	0.0	137449.0	0.729783806717793	1.0	0.06684169884169884	pass	
Sparganium_emersum	pltd	True	False	1.0		0.0	137318.0	0.6191977122353975	1.0		flag	no_resolved_ctg_fasta
Sparganium_erectum	pltd	True	True	1.0	True	0.0	135851.0	-0.6191977122353975	1.0	0.06668436683811135	pass	
Sparganium_natans	pltd	True	True	1.0	True	0.0	135163.0	-1.1999857504330165	1.0	0.06767563689441686	pass	
Spergula_arvensis	pltd	True	True	1.0	True	0.0	128859.0	-0.21153100644360667	1.0	0.0601117230630194	pass	
Spergularia_bocconei	pltd	True	True	1.0	True	0.0	129710.0	-0.5275846281512004	1.0	0.20308901588468023	flag	elevated_cross_organelle_alignment(>15%)
Spergularia_marina	pltd	True	True	1.0	True	0.0	129595.0	-0.8213968908019901	1.0	0.20349623714522125	flag	elevated_cross_organelle_alignment(>15%)
Spergularia_media	pltd	True	True	1.0	True	0.0	131084.0	2.9828331882156247	1.0	0.05290402800955466	pass	
Spergularia_rubra	pltd	True	True	1.0	True	0.0	130123.0	0.5275846281512004	1.0	0.07497187814520745	pass	
Sphagnum_angustifolium	pltd	True	True	1.0	False	1.0	126980.0	-5.405040815805689	0.9722222222222222		flag	dead_end_nodes>0;non_circular;size_outlier(|z|>4)
Sphagnum_capillifolium	pltd	True	True	1.0	False	1.0	126193.0	-6.301703362609879	0.9814814814814815	0.0178941825956537	flag	dead_end_nodes>0;non_circular;size_outlier(|z|>4)
Sphagnum_compactum	pltd	True	True	1.0	True	0.0	132735.0	1.151875266606145	1.0	0.031943603802470896	pass	
Sphagnum_contortum	pltd	True	True	1.0	True	0.0	132047.0	0.36800762721442615	1.0	0.0320170148380236	pass	
Sphagnum_fallax	pltd	True	True	1.0	True	0.0	131778.0	0.061524494952257	1.0	0.031983915355986825	pass	
Sphagnum_fimbriatum	pltd	True	True	1.0	False	1.0	126090.0	-6.419055640018813	0.9814814814814815	0.017912187954193352	flag	dead_end_nodes>0;non_circular;size_outlier(|z|>4)
Sphagnum_girgensohnii	pltd	True	False	1.0		0.0	131547.0	-0.20166362234350904	1.0		flag	no_resolved_ctg_fasta
Sphagnum_inundatum	pltd	True	True	1.0	True	0.0	131750.0	0.02962290497701263	1.0	0.03203919552051194	pass	
Sphagnum_lindbergii	pltd	True	True	1.0	True	0.0	131083.0	-0.7303185419332728	1.0	0.03225087528846776	pass	
Sphagnum_medium	pltd	True	True	1.0	True	0.0	132295.0	0.650564566995162	1.0	0.031935644621627395	pass	
Sphagnum_palustre	pltd	True	True	1.0	True	0.0	132341.0	0.702974321954492	1.0	0.03193518993108947	pass	
Sphagnum_papillosum	pltd	True	True	1.0	True	0.0	132316.0	0.6744907594765952	1.0	0.031944968631835303	pass	
Sphagnum_riparium	pltd	True	True	1.0	True	0.0	131724.0	0.0	1.0	0.032189519023689876	pass	
Sphagnum_rubellum	pltd	True	True	1.0	True	0.0	130962.0	-0.8681789843262933	1.0	0.03225551313301265	pass	
Sphagnum_squarrosum	pltd	True	True	1.0	True	0.0	131190.0	-0.6084088945278747	1.0	0.03226061630290173	pass	
Sphagnum_tenellum	pltd	True	True	1.0	True	0.0	132079.0	0.404466587186134	1.0	0.032005593487582314	pass	
Sphagnum_teres	pltd	True	True	1.0	True	0.0	131131.0	-0.6756301019757112	1.0	0.03224415278236994	pass	
Spinacia_oleracea	pltd	True	True	1.0	True	0.0	127679.0	-0.3550655594070661	1.0	0.060700946669408715	pass	
Spiraea_salicifolia	pltd	True	True	1.0	True	0.0	132439.0	0.22393823051332945	1.0	0.02572654561314613	pass	
Spirodela_polyrhiza	pltd	True	True	2.0	True	1.0	274491.0	17.503065618280562	1.0	0.052042357054873443	flag	dead_end_nodes>0;size_outlier(|z|>4)
Splachnum_sphaericum	pltd	True	True	1.0	True	0.0	116053.0	-1.769245824452133	1.0	0.01208116730635314	pass	
Stachys_alpina	pltd	True	True	1.0	True	0.0	127003.0	0.0	1.0	0.34545309306830513	flag	elevated_cross_organelle_alignment(>15%)
Stachys_palustris	pltd	True	True	1.0	True	0.0	126500.0	-0.6744907594765952	1.0	0.06698278610137073	pass	
Stachys_sylvatica	pltd	True	True	2.0	True	0.0	254950.0	171.5687260492086	1.0	0.032407484435156744	flag	size_outlier(|z|>4)
Stellaria_alsine	pltd	True	True	1.0	True	0.0	124755.0	-0.013166634169019606	1.0	0.0	pass	
Stellaria_graminea	pltd	True	True	2.0	True	1.0	277745.0	45.767818854883465	1.0	0.0	flag	dead_end_nodes>0;size_outlier(|z|>4)
Stellaria_holostea	pltd	True	True	1.0	True	0.0	124799.0	0.0	1.0		pass	
Stellaria_media	pltd	True	True	1.0	True	0.0	115975.0	-2.64050863425975	1.0	0.2844520881619156	flag	elevated_cross_organelle_alignment(>15%)
Stellaria_palustris	pltd	True	True	1.0	True	0.0	127053.0	0.6744907594765952	1.0	0.0	pass	
Stereodon_callichrous	pltd	True	True	1.0	True	0.0	116208.0	-1.750391709444221	1.0	0.011970282890197526	pass	
Straminergon_stramineum	pltd	True	True	1.0	True	0.0	117002.0	-1.6538099848230456	1.0	0.01196586680354164	pass	
Struthiopteris_spicant	pltd	True	True	1.0	True	0.0	132308.0	0.20800346234535216	0.9907407407407407	0.05159041565303827	pass	
Stuckenia_filiformis	pltd	True	True	1.0	True	0.0	132718.0	0.2578756375275711	1.0	0.1330894838306076	pass	
Stuckenia_pectinata	pltd	True	True	1.0	True	0.0	131861.0	0.15363062745156714	1.0	0.13403246293187634	pass	
Suaeda_maritima	pltd	True	True	1.0	True	0.0	129148.0	-0.17637720491272552	1.0	0.2708422416798784	flag	elevated_cross_organelle_alignment(>15%)
Suaeda_vera	pltd	True	True	1.0	True	0.0	129892.0	-0.08587745287474774	1.0	0.1431611956231652	pass	
Succisa_pratensis	pltd	True	True	1.0	True	0.0	137887.0	0.8866299631785216	1.0	0.06502179932289515	pass	
Symphytum_tuberosum	pltd	True	True	1.0	True	0.0	122733.0	-0.956694287336956	1.0	0.07170677376894259	pass	
Syntrichia_ruraliformis	pltd	True	True	1.0	True	0.0	115049.0	-1.8913718339227374	1.0	0.012105967787739869	pass	
Syringa_vulgaris	pltd	True	False	1.0		0.0	132272.0	0.20362444208545002	1.0		flag	no_resolved_ctg_fasta
Tamarix_gallica	pltd	True	True	1.0	True	0.0	132234.0	0.19900214292221996	1.0	0.08222546684085145	pass	
Tanacetum_parthenium	pltd	True	True	1.0	True	0.0	136900.0	0.7665718243862043	1.0	0.05111309656764202	pass	
Tanacetum_vulgare	pltd	True	True	1.0	True	0.0	128725.0	-0.2278306929665758	1.0	0.0314879906268307	pass	
Tellima_grandiflora	pltd	True	True	1.0	True	0.0	132295.0	0.20642214947372084	1.0	0.07880696004490352	pass	
Tephroseris_palustris	pltd	True	True	1.0	True	0.0	129383.0	-0.14779193377169758	1.0	0.015510361266590974	pass	
Tetraplodon_mnioides	pltd	True	True	1.0	True	0.0	116813.0	-1.676799841187532	1.0	0.012064852626046172	pass	
Teucrium_botrys	pltd	True	True	1.0	True	0.0	128173.0	0.6744907594765953	1.0	0.136945917708673	pass	
Teucrium_chamaedrys	pltd	True	True	1.0	True	0.0	127298.0	-24.98548378582866	1.0	0.025515990020412792	flag	size_outlier(|z|>4)
Teucrium_scorodonia	pltd	True	True	1.0	True	0.0	128150.0	0.0	1.0	0.015869106497413948	pass	
Thalictrum_alpinum	pltd	True	True	1.0	True	0.0	132167.0	6.614360996157578	0.9907407407407407	0.029222597778850796	flag	size_outlier(|z|>4)
Thalictrum_flavum	pltd	True	True	1.0	True	0.0	131559.0	0.0	1.0	0.0084416	pass	
Thalictrum_minus	pltd	True	True	1.0	True	0.0	131497.0	-0.6744907594765952	1.0	0.008413099849537408	pass	
Thamnobryum_alopecurum	pltd	True	True	1.0	True	0.0	118085.0	-1.5220744586709893	1.0	0.011957236051226979	pass	
Thelypteris_palustris	pltd	True	True	1.0	True	0.0	134797.0	0.5107640575369203	0.9907407407407407	0.08981762616340219	pass	
Thuidium_delicatulum	pltd	True	True	1.0	True	0.0	116840.0	-1.6735155759926053	1.0	0.011925886847952935	pass	
Thuidium_tamariscinum	pltd	True	True	1.0	True	0.0	117283.0	-1.6196292989054761	1.0	0.011931322921414805	pass	
Thymus_drucei	pltd	True	True	1.0	True	0.0	129285.0	-0.6744907594765952	1.0	0.6240339215531112	fail	high_cross_organelle_alignment(>35%)
Thymus_pulegioides	pltd	True	True	1.0	True	0.0	129380.0	2.885321582205435	1.0	0.467154391168232	fail	high_cross_organelle_alignment(>35%)
Thymus_serpyllum	pltd	True	True	1.0	True	0.0	129303.0	0.0	1.0	0.4019556774648723	fail	high_cross_organelle_alignment(>35%)
Tilia_cordata	pltd	True	True	1.0	True	0.0	144110.0	1.643592270883274	1.0	0.05926535525434971	pass	
Tofieldia_pusilla	pltd	True	True	1.0	True	0.0	131414.0	0.09925779255778208	0.9814814814814815	0.1273161444383491	pass	
Torilis_japonica	pltd	True	False	1.0		0.0	131916.0	0.1603207972930843	1.0		flag	no_resolved_ctg_fasta
Tortella_tortuosa	pltd	True	True	1.0	True	0.0	115259.0	-1.865827549073308	1.0	0.012075691600433818	pass	
Tragopogon_porrifolius	pltd	True	True	1.0	True	0.0	130651.0	0.006446890938189277	1.0	0.031302677486377356	pass	
Tragopogon_pratensis	pltd	True	True	1.0	True	0.0	130725.0	0.015448210361321477	1.0	0.03128652870380649	pass	
Tricholepidozia_tetradactyla	pltd	True	True	1.0	True	0.0	117454.0	-1.598828952670941	1.0	0.0	pass	
Trichophorum_cespitosum	pltd	True	False	1.0		0.0	152370.0	2.6483341416274895	0.9907407407407407		flag	no_resolved_ctg_fasta
Trichostomum_littorale	pltd	True	True	1.0	True	0.0	118134.0	-1.516114125539456	1.0	0.012077548872789088	pass	
Trifolium_arvense	pltd	True	True	1.0	True	0.0	145734.0	0.2952938871376565	0.9814814814814815	0.02534582775546631	pass	
Trifolium_bocconei	pltd	True	True	1.0	True	0.0	163681.0	1.7253099131655896	0.9722222222222222	0.005701524565211967	pass	
Trifolium_campestre	pltd	True	True	1.0	True	0.0	127175.0	-1.1834862670414494	0.9814814814814815	0.008647474715449733	pass	
Trifolium_dubium	pltd	True	True	1.0	True	0.0	126886.0	-1.2065137720017254	0.9814814814814815	0.008643569612029695	pass	
Trifolium_fragiferum	pltd	True	False	1.0		0.0	139197.0	-0.22557393267315312	0.9722222222222222		flag	no_resolved_ctg_fasta
Trifolium_incarnatum	pltd	True	True	1.0	True	0.0	150994.0	0.7144104134042708	0.9814814814814815	0.006160793376980612	pass	
Trifolium_medium	pltd	True	True	1.0	True	0.0	162605.0	1.6395742891612404	0.9722222222222222	0.006624405479217621	pass	
Trifolium_occidentale	pltd	True	True	1.0	True	0.0	135596.0	-0.5125014252750691	0.9814814814814815	0.007076771800181761	pass	
Trifolium_ochroleucon	pltd	True	True	1.0	True	0.0	163567.0	1.7162263990982143	0.9722222222222222	0.006109728117098789	pass	
Trifolium_pratense	pltd	True	True	1.0	True	0.0	149496.0	0.5950498513610412	0.9722222222222222	0.005388963079869963	pass	
Trifolium_repens	pltd	True	True	1.0	True	0.0	132712.0	-0.7422983951900722	0.9722222222222222	0.007123151372619963	pass	
Trifolium_scabrum	pltd	True	True	1.0	True	0.0	141082.0	-0.07537723076962305	0.9814814814814815	0.08377419377869162	pass	
Trifolium_squamosum	pltd	True	True	1.0	True	0.0	142974.0	0.07537723076962305	0.9814814814814815	0.0613411511173927	pass	
Trifolium_striatum	pltd	True	True	1.0	True	0.0	134064.0	-0.6345711055489196	0.9722222222222222	0.007051554699917173	pass	
Trifolium_strictum	pltd	True	True	1.0	True	0.0	126721.0	-1.2196609634150317	0.9814814814814815	0.007491612393921453	pass	
Trifolium_subterraneum	pltd	True	True	1.0	True	0.0	145273.0	0.2585614311283581	0.9722222222222222	0.005519442391251787	pass	
Triglochin_maritima	pltd	True	True	1.0	True	0.0	132606.0	0.24425201894120885	1.0	0.06943785350588054	pass	
Triglochin_palustris	pltd	True	True	1.0	True	0.0	132879.0	0.2774595892454668	1.0	0.10460385301554298	pass	
Trinia_glauca	pltd	False	False								fail	missing_gfa
Tripleurospermum_maritimum	pltd	True	True	2.0	True	0.0	151202.0	2.5062592620839976	1.0	0.03055167901048694	pass	
Tripolium_pannonicum	pltd	True	False	1.0		0.0	129366.0	-0.14985980444998473	1.0		flag	no_resolved_ctg_fasta
Trocdaris_verticillatum	pltd	True	True	1.0	True	0.0	136645.0	0.7355537642118974	1.0	0.07643608602550973	pass	
Trollius_europaeus	pltd	True	True	1.0	True	0.0	135828.0	0.6361743322024513	1.0	0.07734164641498353	pass	
Tulipa_sylvestris	pltd	True	True	1.0	True	0.0	128146.0	-0.29825993548000207	0.9907407407407407		pass	
Turritis_glabra	pltd	True	True	1.0	True	0.0	131801.0	0.14633226035173022	1.0	0.03900265293282048	pass	
Tussilago_farfara	pltd	True	True	1.0	True	0.0	129124.0	-0.1792965517526603	1.0	0.030077038732253817	pass	
Typha_latifolia	pltd	True	True	1.0	True	0.0	137087.0	0.7893184018473627	1.0	0.03498313059089361	pass	
Ulex_europaeus	pltd	True	True	1.0	True	0.0	130861.0	0.03199117578761849	0.9907407407407407	0.022374339917856444	pass	
Ulex_minor	pltd	True	True	1.0	True	0.0	132056.0	0.1773503205260371	0.9907407407407407	0.02701636239280265	pass	
Ulmus_glabra	pltd	True	True	1.0	True	0.0	136891.0	0.14805894720217944	1.0	0.013165329415753192	pass	
Ulmus_minor	pltd	True	True	1.0	True	0.0	136882.0	-0.14805894720217944	1.0	0.013172434577326838	pass	
Ulmus_plotii	pltd	True	True	1.0	True	0.0	126884.0	-329.1021376421777	1.0	0.01914556857239356	flag	size_outlier(|z|>4)
Ulmus_procera	pltd	True	True	1.0	True	0.0	136923.0	1.2009225717510108	1.0	0.013169788580324412	pass	
Ulota_crispa	pltd	True	True	1.0	True	0.0	116772.0	-1.6817870587057537	1.0	0.012077353343532706	pass	
Ulota_phyllantha	pltd	True	True	1.0	True	0.0	116350.0	-1.7331189073079403	1.0	0.012095858870836982	pass	
Umbilicus_rupestris	pltd	True	True	1.0	True	0.0	126736.0	-0.4697715623261696	1.0	0.05098403021668544	pass	
Urtica_dioica	pltd	True	True	1.0	True	0.0	125830.0	-0.5799769055337071	1.0	0.33296288973280336	flag	elevated_cross_organelle_alignment(>15%)
Urtica_urens	pltd	True	True	1.0	True	0.0	124101.0	-0.7902915174606743	1.0	0.1196046396539919	pass	
Utricularia_minor	pltd	True	True	1.0	True	0.0	130777.0	0.021773461847846804	1.0	0.6768211834442596	fail	high_cross_organelle_alignment(>35%)
Utricularia_vulgaris	pltd	True	True	1.0	True	0.0	131149.0	0.0670233378668357	1.0	0.665182685443572	fail	high_cross_organelle_alignment(>35%)
Vaccinium_myrtillus	pltd	True	True	1.0	True	0.0	150763.0	10.133879533197335	1.0	0.05725275664586717	flag	size_outlier(|z|>4)
Vaccinium_oxycoccos	pltd	True	True	1.0	True	0.0	147082.0	0.0	1.0	0.015066921606118546	pass	
Vaccinium_vitis_idaea	pltd	True	True	1.0	True	0.0	146837.0	-0.6744907594765952	1.0	0.03052914977065745	pass	
Valeriana_officinalis	pltd	True	True	2.0	True	0.0	262840.0	16.085844366943896	1.0	0.4734873275585499	fail	high_cross_organelle_alignment(>35%);size_outlier(|z|>4)
Valeriana_pyrenaica	pltd	True	True	1.0	True	0.0	128314.0	-0.2778245076004587	1.0	0.34046601639110047	flag	elevated_cross_organelle_alignment(>15%)
Valerianella_locusta	pltd	True	True	1.0	True	0.0	127307.0	-0.40031543542605497	1.0	0.3054490305856572	flag	elevated_cross_organelle_alignment(>15%)
Vandenboschia_speciosa	pltd	True	True	1.0	True	0.0	130496.0	-0.01240722406972276	1.0	0.16690822735283511	flag	elevated_cross_organelle_alignment(>15%)
Verbascum_nigrum	pltd	True	False	1.0		0.0	130178.0	-0.05108856969885843	1.0		flag	no_resolved_ctg_fasta
Verbascum_thapsus	pltd	True	True	1.0	True	0.0	130130.0	-0.056927263378727964	1.0	0.1639266220173076	flag	elevated_cross_organelle_alignment(>15%)
Verbena_officinalis	pltd	True	True	1.0	True	0.0	129237.0	-0.1655512937146341	1.0	0.18028738066534164	flag	elevated_cross_organelle_alignment(>15%)
Veronica_anagallis_aquatica	pltd	True	True	1.0	True	0.0	127372.0	0.0	1.0	0.17455281005830325	flag	elevated_cross_organelle_alignment(>15%)
Veronica_arvensis	pltd	True	True	1.0	True	0.0	125645.0	-0.7076825890741677	1.0	0.011581667492334677	pass	
Veronica_beccabunga	pltd	True	True	1.0	True	0.0	125726.0	-0.6744907594765952	1.0	0.017833413065433477	pass	
Veronica_chamaedrys	pltd	True	True	1.0	True	0.0	129133.0	0.7216149619916672	1.0	0.035159959885500996	pass	
Veronica_filiformis	pltd	True	True	1.0	True	0.0	134641.0	2.9786593746265924	1.0	0.010311750599520384	pass	
Veronica_hederifolia	pltd	True	True	2.0	True	0.0	253303.0	51.603460408048065	1.0	0.10310826585322617	flag	size_outlier(|z|>4)
Veronica_montana	pltd	True	True	2.0	True	0.0	261268.0	54.86732365180935	1.0	0.06440907551642397	flag	size_outlier(|z|>4)
Veronica_officinalis	pltd	True	True	1.0	True	0.0	126572.0	-0.3278205392352832	1.0	0.018576569531244824	pass	
Veronica_persica	pltd	True	True	1.0	True	0.0	128475.0	0.4519825684706468	1.0	0.010353000705735096	pass	
Veronica_praecox	pltd	True	True	3.0	True	0.0	405576.0	114.00123162176591	1.0	0.05961250552354404	flag	size_outlier(|z|>4)
Veronica_scutellata	pltd	True	True	1.0	True	0.0	126430.0	-0.386008684949546	1.0	0.026207901447163624	pass	
Veronica_serpyllifolia	pltd	True	True	1.0	True	0.0	127307.0	-0.02663541881286676	1.0	0.016690298556908685	pass	
Veronica_spicata	pltd	True	True	1.0	True	0.0	127872.0	0.20488783702205202	1.0	0.017064151488679728	pass	
Veronica_triphyllos	pltd	True	True	1.0	True	0.0	125656.0	-0.7031750566596825	1.0	0.06874662074213508	pass	
Veronica_verna	pltd	True	True	1.0	True	0.0	126904.0	-0.1917750154526407	1.0	0.0661242524562153	pass	
Viburnum_lantana	pltd	True	True	1.0	True	0.0	134229.0	0.4416728489917975	1.0	0.047974696330715424	pass	
Viburnum_opulus	pltd	True	True	1.0	True	0.0	134055.0	0.42050758440227043	1.0	0.038523912590788335	pass	
Vicia_cracca	pltd	True	True	1.0	True	0.0	129864.0	3.604794809272778	0.9814814814814815	0.4633589224320633	fail	high_cross_organelle_alignment(>35%)
Vicia_hirsuta	pltd	True	True	1.0	True	0.0	124748.0	-0.17471748588851563	0.9814814814814815	0.0067906536204779145	pass	
Vicia_lutea	pltd	True	True	1.0	True	0.0	123406.0	-1.1661376383721858	0.9814814814814815	0.022981331214889635	pass	
Vicia_parviflora	pltd	True	True	1.0	True	0.0	122276.0	-2.000940002236975	0.9814814814814815	0.02118956066432136	pass	
Vicia_sativa	pltd	True	True	1.0	True	0.0	125221.0	0.17471748588851563	0.9814814814814815	0.020325464203752145	pass	
Vicia_sepium	pltd	True	True	1.0	True	0.0	125232.0	0.18284388058100473	0.9814814814814815	0.014970442562709699	pass	
Vinca_minor	pltd	True	True	1.0	True	0.0	130313.0	-0.03466724372422536	1.0	0.5538779205721618	fail	high_cross_organelle_alignment(>35%)
Viola_hirta	pltd	True	True	1.0	True	0.0	134817.0	-0.18259458890321487	1.0	0.10119281025083168	pass	
Viola_lutea	pltd	True	True	1.0	True	0.0	136897.0	0.7047809833367079	0.9814814814814815	0.18907935854734378	flag	elevated_cross_organelle_alignment(>15%)
Viola_odorata	pltd	True	True	1.0	True	0.0	134285.0	-0.4095579564184259	1.0	0.09722397715498723	pass	
Viola_palustris	pltd	True	True	1.0	True	0.0	133664.0	-0.6744907594765951	1.0	0.10242083298979533	pass	
Viola_riviniana	pltd	True	True	4.0	True	0.0	522114.0	165.0471635850417	1.0	0.0689587945900311	flag	size_outlier(|z|>4)
Viola_stagnina	pltd	True	True	1.0	True	0.0	135245.0	0.0	0.9814814814814815	0.13600981390260714	pass	
Viola_tricolor	pltd	True	True	1.0	True	0.0	141124.0	2.5081158601915896	0.9814814814814815	0.16549893296994317	flag	elevated_cross_organelle_alignment(>15%)
Viscaria_vulgaris	pltd	True	True	1.0	True	0.0	130002.0	-0.07249711319171338	1.0	0.17788401959313588	flag	elevated_cross_organelle_alignment(>15%)
Viscum_album	pltd	True	True	1.0	True	0.0	107792.0	-2.7741093346480126	0.8796296296296297	0.10364940857087454	pass	
Vitis_vinifera	pltd	True	True	1.0	True	0.0	137661.0	0.8591394471024693	1.0	0.6541026294365138	fail	high_cross_organelle_alignment(>35%)
Woodsia_ilvensis	pltd	True	True	1.0	True	0.0	131459.0	0.10473156788265978	0.9907407407407407	0.0485475187188977	pass	
Xerophyllum_tenax	pltd	True	True	1.0	True	0.0	131300.0	0.08539089506809194	1.0	0.21017548112190548	flag	elevated_cross_organelle_alignment(>15%)
Zostera_marina	pltd	True	True	1.0	True	0.0	121726.0	-1.0791852151625523	0.9907407407407407	0.6661549788841965	fail	high_cross_organelle_alignment(>35%)
Zostera_noltei	pltd	True	True	1.0	True	0.0	123738.0	-0.8344466384146877	0.9907407407407407		pass	
Zygodon_viridissimus	pltd	True	True	1.0	True	0.0	116327.0	-1.735916614696211	1.0	0.012098016638827173	pass	
