species	organelle	map_source	ctg_length_bp	n_unitigs	total_unitig_bp	pct_unitig_content_placed	n_orphan_unitigs	n_multicopy_unitigs	pct_ctg_explained_by_unitigs	qc_status	any_circular	core_gene_pct	n_contigs
Acaena_ovalifolia	mito	path	365030	3	358496	100.0	0	1	100.0	pass	True	1.0	1.0
Acer_campestre	mito	path	769913	9	750721	100.0	0	3	100.0	pass	True	1.0	1.0
Acer_pseudoplatanus	mito	path	733404	4	732180	100.0	0	1	100.0	pass	True	1.0	2.0
Achillea_maritima	mito	path	202095	1	202131	100.0	0	0	100.0	pass	True	1.0	1.0
Achillea_millefolium	mito	path	194590	1	195982	100.0	0	0	100.0	pass	True	1.0	1.0
Achillea_ptarmica	mito	path	187732	1	188653	100.0	0	0	100.0	pass	True	1.0	1.0
Adiantum_capillus_veneris	mito	seqmatch	310918	73	248689	95.96	5	24	100.0	pass	True		1.0
Adoxa_moschatellina	mito	path	683172	4	685747	100.0	0	0	100.0	pass	True	1.0	4.0
Aegonychon_purpurocaeruleum	mito	path	301953	3	297260	100.0	0	1	100.0	pass	True	1.0	1.0
Aesculus_hippocastanum	mito	path	507208	9	506845	99.53	1	2	100.0	pass	True	1.0	1.0
Aethusa_cynapium	mito	path	268507	14	257781	100.0	0	6	100.0	pass	True	1.0	1.0
Agrimonia_eupatoria	mito	path	326407	6	319533	100.0	0	2	100.0	pass	True	0.9743589743589743	1.0
Agrostemma_githago	mito	path	262909	9	244138	100.0	0	5	100.0	pass	True	1.0	1.0
Agrostis_capillaris	mito	path	580118	12	564309	100.0	0	4	100.0	pass	True	0.9743589743589743	1.0
Agrostis_gigantea	mito	path	629711	12	616546	100.0	0	3	100.0	pass	True	1.0	4.0
Ailanthus_altissima	mito	path	661054	3	658069	100.0	0	1	100.0	pass	True	1.0	1.0
Ajuga_chamaepitys	mito	path	418311	6	406560	100.0	0	2	100.0	pass	True	0.9487179487179487	1.0
Ajuga_reptans	mito	path	503934	21	379759	98.48	3	5	100.0	pass	True	0.9743589743589743	1.0
Alchemilla_alpina	mito	path	319169	2	321841	100.0	0	0	100.0	pass	True	1.0	2.0
Alchemilla_micans	mito	path	308446	1	309262	100.0	0	0	100.0	pass	True	1.0	1.0
Alisma_plantago_aquatica	mito	path	250396	11	246240	100.0	0	3	100.0	pass	True	0.9743589743589743	1.0
Alleniella_complanata	mito	path	104476	1	104861	100.0	0	0	100.0	pass	True	1.0	1.0
Alliaria_petiolata	mito	path	275511	2	277577	100.0	0	0	100.0	pass	True	1.0	2.0
Allium_schoenoprasum	mito	path	474046	39	470358	98.26	5	11	100.0	pass	True	0.9487179487179487	3.0
Allium_triquetrum	mito	path	358101	3	359465	100.0	0	0	100.0	pass	True	0.9230769230769231	3.0
Alnus_glutinosa	mito	path	661083	4	663388	100.0	0	0	100.0	pass	True	1.0	2.0
Alnus_incana	mito	path	661184	6	664479	99.79	1	0	100.0	pass	True	1.0	2.0
Alopecurus_geniculatus	mito	path	552814	12	533139	100.0	0	5	100.0	pass	True	1.0	1.0
Alopecurus_pratensis	mito	path	531554	9	492273	100.0	0	4	100.0	pass	True	1.0	1.0
Ammi_majus	mito	path	245593	14	248792	98.56	2	3	100.0	pass	True	1.0	1.0
Ammophila_arenaria	mito	path	534620	10	496630	100.0	0	3	100.0	pass	True	0.9743589743589743	1.0
Amphidium_lapponicum	mito	path	106097	1	106595	100.0	0	0	100.0	pass	True	1.0	1.0
Amphidium_mougeotii	mito	path	106009	1	107210	100.0	0	0	100.0	pass	True	1.0	1.0
Anagallis_arvensis	mito	path	503652	9	506574	99.43	2	1	100.0	pass	True	1.0	1.0
Anagallis_tenella	mito	path	374353	15	382425	98.43	4	1	100.0	pass	True	1.0	2.0
Anastrepta_orcadensis	mito	path	145550	3	147195	98.95	1	0	100.0	pass	True	1.0	1.0
Anastrophyllum_donnianum	mito	path	146968	1	148217	100.0	0	0	100.0	pass	True	1.0	1.0
Anchusa_arvensis	mito	path	339780	1	340389	100.0	0	0	100.0	pass	True	1.0	1.0
Andreaea_frigida	mito	path	118200	1	119106	100.0	0	0	100.0	pass	True	1.0	1.0
Andreaea_hookeri	mito	path	118661	1	119987	100.0	0	0	100.0	pass	True	1.0	1.0
Andreaea_nivalis	mito	path	120403	1	120446	100.0	0	0	100.0	pass	True	1.0	1.0
Andreaea_rothii	mito	path	118255	1	119686	100.0	0	0	100.0	pass	True	1.0	1.0
Andreaea_rupestris	mito	path	118850	3	122835	98.15	1	0	100.0	pass	True	1.0	1.0
Andromeda_polifolia	mito	path	466475	6	462348	100.0	0	2	100.0	pass	True	1.0	1.0
Anemone_nemorosa	mito	path	812285	28	801905	97.59	2	6	100.0	pass	True	1.0	7.0
Anethum_foeniculum	mito	path	246021	12	244735	98.84	2	2	100.0	pass	True	1.0	1.0
Angelica_archangelica	mito	seqmatch	416858	69	331734	98.45	3	35	99.98	pass	True		4.0
Anoectangium_aestivum	mito	path	105550	1	106947	100.0	0	0	100.0	pass	True	1.0	1.0
Anomodon_viticulosus	mito	path	103659	3	106540	98.21	1	0	100.0	pass	True	1.0	1.0
Antennaria_dioica	mito	path	340504	23	325033	99.0	2	8	100.0	pass	True	1.0	1.0
Anthelia_julacea	mito	path	164310	1	165408	100.0	0	0	100.0	pass	True	1.0	1.0
Anthoxanthum_odoratum	mito	path	617920	22	572864	100.0	0	6	100.0	pass	True	1.0	2.0
Anthyllis_vulneraria	mito	path	334259	30	336837	96.78	7	6	100.0	pass	True	1.0	3.0
Antitrichia_curtipendula	mito	path	106513	1	106559	100.0	0	0	100.0	pass	True	1.0	1.0
Aquilegia_vulgaris	mito	path	492347	4	492481	100.0	0	0	100.0	pass	True	1.0	3.0
Arabidopsis_thaliana	mito	path	368828	6	363316	100.0	0	2	100.0	pass	True	1.0	1.0
Arabis_alpina	mito	path	308481	9	309798	99.46	1	2	100.0	pass	True	1.0	1.0
Arabis_hirsuta	mito	path	342942	9	325981	100.0	0	3	100.0	pass	True	1.0	1.0
Archidium_alternifolium	mito	path	111798	1	111862	100.0	0	0	100.0	pass	True	1.0	1.0
Arctium_lappa	mito	path	312605	9	284669	100.0	0	3	100.0	pass	True	1.0	1.0
Arctium_minus	mito	path	763404	15	723447	100.0	0	6	100.0	pass	True	1.0	2.0
Arctostaphylos_uva_ursi	mito	path	623260	6	599084	100.0	0	2	100.0	pass	True	1.0	1.0
Aria_edulis	mito	path	430287	3	425231	100.0	0	1	100.0	pass	True	1.0	1.0
Aristolochia_clematitis	mito	path	367841	11	348584	100.0	0	4	100.0	pass	True	1.0	1.0
Armoracia_rusticana	mito	path	316393	6	306166	100.0	0	2	100.0	pass	True	1.0	1.0
Arrhenatherum_elatius	mito	path	458007	11	433432	100.0	0	4	100.0	pass	True	1.0	2.0
Artemisia_campestris	mito	path	225615	1	225885	100.0	0	0	100.0	pass	True	1.0	1.0
Artemisia_maritima	mito	path	214047	3	213875	100.0	0	1	100.0	pass	True	1.0	1.0
Artemisia_vulgaris	mito	path	222375	1	223732	100.0	0	0	100.0	pass	True	1.0	1.0
Arum_italicum	mito	path	725900	12	711431	100.0	0	3	100.0	pass	True	1.0	2.0
Arum_maculatum	mito	path	665103	17	659631	100.0	0	5	100.0	pass	True	1.0	5.0
Asparagus_officinalis	mito	path	490455	6	474121	100.0	0	2	100.0	pass	True	1.0	1.0
Asplenium_trichomanes	mito	seqmatch	286509	57	230117	96.89	2	18	100.0	pass	True		1.0
Asplenium_viride	mito	seqmatch	331649	76	257114	99.19	1	32	100.0	pass	True		1.0
Astragalus_alpinus	mito	path	313827	5	311629	100.0	0	1	100.0	pass	True	1.0	1.0
Astragalus_danicus	mito	path	301965	3	304654	99.54	1	0	100.0	pass	True	1.0	1.0
Atractylocarpus_subporodictyon	mito	path	102045	1	102510	100.0	0	0	100.0	pass	True	1.0	1.0
Atriplex_laciniata	mito	path	295536	7	288453	100.0	0	2	100.0	pass	True	1.0	2.0
Atriplex_praecox	mito	path	279828	6	276986	100.0	0	2	100.0	pass	True	1.0	1.0
Atropa_belladonna	mito	path	454837	7	430739	100.0	0	2	100.0	pass	True	1.0	3.0
Aulacomnium_androgynum	mito	path	103951	1	105111	100.0	0	0	100.0	pass	True	1.0	1.0
Avenella_flexuosa	mito	seqmatch	612153	155	653524	85.33	28	19	100.0	pass	True		6.0
Azolla_filiculoides	mito	seqmatch	551924	175	385042	86.13	7	133	99.88	pass	True		6.0
Baldellia_ranunculoides	mito	path	269262	6	266010	99.43	1	1	100.0	pass	True	0.9743589743589743	2.0
Ballota_nigra	mito	path	395588	3	397940	100.0	0	0	100.0	pass	True	0.9487179487179487	3.0
Barbarea_vulgaris	mito	path	393129	62	428430	89.84	15	4	100.0	pass	True	1.0	1.0
Bartramia_pomiformis	mito	path	105983	3	108691	98.25	1	0	100.0	pass	True	1.0	1.0
Bazzania_tricrenata	mito	path	162462	1	162501	100.0	0	0	100.0	pass	True	1.0	1.0
Bazzania_trilobata	mito	path	162492	1	162531	100.0	0	0	100.0	pass	True	1.0	1.0
Bellardia_viscosa	mito	path	541985	7	542056	99.74	1	1	100.0	pass	True	1.0	2.0
Bellis_perennis	mito	path	262077	3	258284	100.0	0	1	100.0	pass	True	1.0	1.0
Berberis_vulgaris	mito	path	786618	9	759191	100.0	0	4	100.0	pass	True	1.0	1.0
Betonica_officinalis	mito	path	348131	10	337297	99.18	2	2	100.0	pass	True	1.0	1.0
Betula_pendula	mito	path	667830	6	645776	100.0	0	2	100.0	pass	True	1.0	1.0
Betula_pubescens	mito	path	661962	6	639908	100.0	0	2	100.0	pass	True	1.0	1.0
Bidens_cernua	mito	path	212302	12	213469	100.0	0	3	100.0	pass	True	1.0	3.0
Blasia_pusilla	mito	path	185171	1	186320	100.0	0	0	100.0	pass	True	1.0	1.0
Blindia_acuta	mito	path	106303	1	106870	100.0	0	0	100.0	pass	True	1.0	1.0
Blindiadelphus_recurvatus	mito	path	106825	1	108024	100.0	0	0	100.0	pass	True	1.0	1.0
Borago_officinalis	mito	path	501152	6	429774	100.0	0	2	100.0	pass	True	1.0	5.0
Brachydontium_trichodes	mito	path	104339	1	104389	100.0	0	0	100.0	pass	True	1.0	1.0
Brachypodium_pinnatum	mito	path	491929	12	457403	100.0	0	5	100.0	pass	True	1.0	1.0
Brachypodium_sylvaticum	mito	path	533239	14	489210	100.0	0	6	100.0	pass	True	1.0	1.0
Brachythecium_rutabulum	mito	path	104523	1	104566	100.0	0	0	100.0	pass	True	1.0	1.0
Brassica_nigra	mito	path	232214	3	227052	100.0	0	1	100.0	pass	True	1.0	1.0
Braunia_imberbis	mito	path	107071	1	108463	100.0	0	0	100.0	pass	True	1.0	1.0
Bromus_hordeaceus	mito	path	488720	14	464581	100.0	0	5	100.0	pass	True	1.0	1.0
Bromus_interruptus	mito	path	488720	14	464581	100.0	0	5	100.0	pass	True	1.0	1.0
Bromus_sterilis	mito	path	523284	17	487981	100.0	0	7	100.0	pass	True	1.0	1.0
Bryoerythrophyllum_caledonicum	mito	path	106392	1	106954	100.0	0	0	100.0	pass	True	1.0	1.0
Bryoerythrophyllum_ferruginascens	mito	path	106405	1	107442	100.0	0	0	100.0	pass	True	1.0	1.0
Bryum_calophyllum	mito	path	99353	1	99392	100.0	0	0	100.0	pass	True	1.0	1.0
Bryum_knowltonii	mito	path	99389	6	106983	94.06	3	0	100.0	pass	True	1.0	1.0
Bryum_marratii	mito	path	101418	1	101464	100.0	0	0	100.0	pass	True	1.0	1.0
Bryum_riparium	mito	path	101278	1	102049	100.0	0	0	100.0	pass	True	1.0	1.0
Buddleja_davidii	mito	path	539871	3	523477	100.0	0	1	100.0	pass	True	1.0	1.0
Butomus_umbellatus	mito	path	450833	6	438808	100.0	0	3	100.0	pass	True	0.9743589743589743	1.0
Calendula_officinalis	mito	path	353320	7	315747	100.0	0	2	100.0	pass	True	1.0	2.0
Calliergon_cordifolium	mito	path	104646	1	104705	100.0	0	0	100.0	pass	True	1.0	1.0
Calliergon_giganteum	mito	path	104547	1	105434	100.0	0	0	100.0	pass	True	1.0	1.0
Calliergonella_cuspidata	mito	path	105661	3	107923	98.53	1	0	100.0	pass	True	1.0	1.0
Calluna_vulgaris	mito	path	440945	3	431208	100.0	0	1	100.0	pass	True	1.0	1.0
Calypogeia_arguta	mito	path	159054	1	159675	100.0	0	0	100.0	pass	True	1.0	1.0
Calystegia_sepium	mito	path	287334	28	319286	91.51	10	1	100.0	pass	True	1.0	1.0
Calystegia_soldanella	mito	path	279181	42	297885	93.9	11	4	100.0	pass	True	1.0	1.0
Campanula_glomerata	mito	path	436349	7	432006	100.0	0	2	100.0	pass	True	1.0	2.0
Campanula_medium	mito	path	281371	9	275291	99.5	1	2	100.0	pass	True	1.0	1.0
Campanula_patula	mito	path	309182	6	305990	100.0	0	2	100.0	pass	True	1.0	1.0
Campanula_rotundifolia	mito	path	343546	3	340649	100.0	0	1	100.0	pass	True	1.0	1.0
Camptothecium_lutescens	mito	path	104254	1	104344	100.0	0	0	100.0	pass	True	1.0	1.0
Campylium_stellatum	mito	path	104131	1	104176	100.0	0	0	100.0	pass	True	1.0	1.0
Campylopus_flexuosus	mito	path	139678	2	141469	100.0	0	0	100.0	pass	True	1.0	2.0
Campylopus_introflexus	mito	path	101679	1	101720	100.0	0	0	100.0	pass	True	1.0	1.0
Capsella_bursa_pastoris	mito	path	287290	3	288773	99.51	1	0	100.0	pass	True	1.0	1.0
Cardamine_amara	mito	path	309469	3	304383	100.0	0	1	100.0	pass	True	1.0	1.0
Cardamine_bulbifera	mito	path	284774	6	290755	98.86	2	0	100.0	pass	True	1.0	1.0
Cardamine_pratensis	mito	path	300364	6	295926	100.0	0	2	100.0	pass	True	1.0	1.0
Cardamine_raphanifolia	mito	path	276520	3	279240	99.5	1	0	100.0	pass	True	1.0	2.0
Carduus_crispus	mito	path	343604	9	325619	99.45	1	2	100.0	pass	True	1.0	1.0
Carduus_nutans	mito	path	343604	6	322691	100.0	0	2	100.0	pass	True	1.0	1.0
Carex_acutiformis	mito	path	1353240	21	1360221	99.3	1	2	100.0	pass	True	1.0	5.0
Carex_aquatilis	mito	path	1814251	21	1384390	100.0	0	7	100.0	pass	True	1.0	2.0
Carex_atrata	mito	path	1341675	6	1310914	100.0	0	2	100.0	pass	True	1.0	1.0
Carex_bigelowii	mito	path	1362626	15	1184025	100.0	0	7	100.0	pass	True	1.0	2.0
Carex_buxbaumii	mito	path	1099548	9	1078479	100.0	0	4	100.0	pass	True	1.0	1.0
Carex_capillaris	mito	path	1229974	9	1225043	99.89	1	1	100.0	pass	True	1.0	3.0
Carex_caryophyllea	mito	path	1284981	18	1280156	100.0	0	4	100.0	pass	True	1.0	4.0
Carex_depauperata	mito	path	1763200	29	1706535	100.0	0	11	100.0	pass	True	1.0	4.0
Carex_disticha	mito	path	1169353	21	1168451	99.37	4	3	100.0	pass	True	1.0	2.0
Carex_divulsa	mito	path	1377950	7	1373558	100.0	0	1	100.0	pass	True	1.0	2.0
Carex_extensa	mito	path	1940548	19	1883418	100.0	0	7	100.0	pass	True	1.0	2.0
Carex_hirta	mito	path	1440554	12	1413439	100.0	0	3	100.0	pass	True	1.0	3.0
Carex_lepidocarpa	mito	path	1350966	13	1340403	100.0	0	3	100.0	pass	True	1.0	2.0
Carex_leporina	mito	path	1380376	9	1366867	100.0	0	2	100.0	pass	True	1.0	2.0
Carex_nigra	mito	path	1477044	15	1446556	100.0	0	5	100.0	pass	True	1.0	1.0
Carex_pallescens	mito	path	1544783	6	1518009	100.0	0	2	100.0	pass	True	1.0	1.0
Carex_panicea	mito	path	1309858	15	1239530	100.0	0	4	100.0	pass	True	1.0	4.0
Carex_pendula	mito	path	1862709	19	1795118	100.0	0	6	100.0	pass	True	1.0	2.0
Carex_remota	mito	path	1519912	16	1508171	100.0	0	3	100.0	pass	True	1.0	3.0
Carex_rupestris	mito	path	1447240	16	1432003	100.0	0	3	100.0	pass	True	1.0	4.0
Carex_saxatilis	mito	path	2189430	12	1654818	100.0	0	5	100.0	pass	True	1.0	2.0
Carex_spicata	mito	path	1362885	9	1329841	100.0	0	3	100.0	pass	True	1.0	1.0
Carex_sylvatica	mito	path	1879770	9	1834260	100.0	0	3	100.0	pass	True	1.0	1.0
Carex_vaginata	mito	path	1174861	9	1140576	100.0	0	3	100.0	pass	True	1.0	1.0
Carex_viridula	mito	path	1323393	11	1276880	100.0	0	3	100.0	pass	True	1.0	3.0
Carpinus_betulus	mito	path	735326	4	737693	99.71	1	0	100.0	pass	True	1.0	2.0
Castanea_sativa	mito	path	449806	9	411476	99.65	1	2	100.0	pass	True	1.0	3.0
Centaurea_cyanus	mito	path	314377	3	303723	100.0	0	1	100.0	pass	True	1.0	1.0
Centaurea_nigra	mito	path	319476	6	307006	100.0	0	2	100.0	pass	True	1.0	1.0
Cephalozia_bicuspidata	mito	path	151105	1	151863	100.0	0	0	100.0	pass	True	1.0	1.0
Cerastium_fontanum	mito	path	286656	6	276407	100.0	0	2	100.0	pass	True	1.0	1.0
Cerastium_glomeratum	mito	seqmatch	215676	71	143006	91.1	4	36	100.0	pass	True		1.0
Ceratocapnos_claviculata	mito	path	550672	5	553646	99.74	1	0	100.0	pass	True	1.0	4.0
Ceratodon_purpureus	mito	path	106539	1	107223	100.0	0	0	100.0	pass	True	1.0	1.0
Ceratophyllum_demersum	mito	path	877626	10	864034	100.0	0	3	100.0	pass	True	1.0	4.0
Chaenorhinum_minus	mito	path	458551	9	457420	99.37	2	1	100.0	pass	True	1.0	1.0
Chamaemelum_nobile	mito	path	235361	3	224527	100.0	0	1	100.0	pass	True	1.0	1.0
Chamaenerion_angustifolium	mito	path	495176	3	486356	100.0	0	1	100.0	pass	True	1.0	1.0
Chenopodium_album	mito	path	312951	6	306277	100.0	0	2	100.0	pass	True	1.0	1.0
Chionoloma_tenuirostre	mito	path	192185	2	193539	100.0	0	0	100.0	pass	True	1.0	2.0
Chrysosplenium_alternifolium	mito	path	306976	9	309406	98.85	2	1	100.0	pass	True	1.0	2.0
Chrysosplenium_oppositifolium	mito	path	417328	20	423930	99.31	2	2	100.0	pass	True	1.0	4.0
Cicerbita_macrophylla	mito	path	350926	8	315945	100.0	0	3	100.0	pass	True	1.0	1.0
Circaea_lutetiana	mito	path	428857	4	430298	100.0	0	1	100.0	pass	True	1.0	2.0
Cirsium_acaule	mito	path	341746	42	348572	96.79	8	8	100.0	pass	True	1.0	2.0
Cirsium_dissectum	mito	path	316648	50	337137	93.96	13	5	100.0	pass	True	1.0	1.0
Cirsium_heterophyllum	mito	path	320086	3	295829	100.0	0	1	100.0	pass	True	1.0	1.0
Cirsium_vulgare	mito	path	358591	13	321831	99.13	2	2	100.0	pass	True	1.0	2.0
Claytonia_perfoliata	mito	path	341607	3	340359	100.0	0	1	100.0	pass	True	1.0	1.0
Claytonia_sibirica	mito	path	370073	6	362739	100.0	0	2	100.0	pass	True	1.0	1.0
Clematis_vitalba	mito	path	796403	9	729178	100.0	0	3	100.0	pass	True	1.0	2.0
Climacium_dendroides	mito	path	104863	3	107465	98.2	1	0	100.0	pass	True	1.0	1.0
Clinopodium_vulgare	mito	path	194036	6	197277	100.0	0	2	100.0	pass	True	0.9487179487179487	1.0
Cochlearia_officinalis	mito	path	428460	13	411807	100.0	0	4	100.0	pass	True	1.0	2.0
Codriophorus_aciculare	mito	path	105920	1	106879	100.0	0	0	100.0	pass	True	1.0	1.0
Coincya_wrightii	mito	path	247098	7	254963	98.86	2	0	100.0	pass	True	1.0	2.0
Colura_calyptrifolia	mito	path	132699	1	133575	100.0	0	0	100.0	pass	True	1.0	1.0
Comarum_palustre	mito	path	362318	14	359018	98.95	2	3	100.0	pass	True	0.9743589743589743	1.0
Conium_maculatum	mito	path	577494	3	575110	100.0	0	1	100.0	pass	True	1.0	1.0
Conocephalum_conicum	mito	path	187371	1	187418	100.0	0	0	100.0	pass	True	1.0	1.0
Convolvulus_arvensis	mito	path	306741	25	320870	97.17	6	2	100.0	pass	True	1.0	1.0
Cornus_suecica	mito	path	394226	3	379645	100.0	0	1	100.0	pass	True	1.0	1.0
Corynephorus_canescens	mito	path	538374	12	484912	100.0	0	4	100.0	pass	True	1.0	2.0
Cotoneaster_cambricus	mito	path	423013	2	424107	100.0	0	0	100.0	pass	True	1.0	2.0
Cotoneaster_horizontalis	mito	path	426214	10	434516	98.86	3	0	100.0	pass	True	1.0	1.0
Crataegus_laevigata	mito	path	465791	15	455503	99.37	2	3	100.0	pass	True	1.0	1.0
Crataegus_monogyna	mito	path	465791	18	458579	99.07	3	3	100.0	pass	True	1.0	1.0
Cratoneuron_filicinum	mito	path	103889	1	103934	100.0	0	0	100.0	pass	True	1.0	1.0
Crepis_paludosa	mito	path	275757	3	247500	100.0	0	1	100.0	pass	True	1.0	1.0
Crocosmia_x_crocosmiiflora	mito	path	391228	18	388605	98.49	1	4	100.0	pass	True	0.9743589743589743	2.0
Cruciata_laevipes	mito	path	231343	2	234125	100.0	0	0	100.0	pass	True	1.0	2.0
Cryphaea_heteromalla	mito	path	102544	3	104939	98.4	1	0	100.0	pass	True	1.0	1.0
Cuscuta_epithymum	mito	path	408053	27	430279	96.6	8	1	100.0	pass	True	1.0	1.0
Cynodontium_bruntonii	mito	path	106046	1	107354	100.0	0	0	100.0	pass	True	1.0	1.0
Cynosurus_cristatus	mito	path	567054	9	540710	100.0	0	3	100.0	pass	True	0.9743589743589743	1.0
Cyperus_fuscus	mito	path	916078	9	896795	100.0	0	3	100.0	pass	True	1.0	1.0
Cystopteris_fragilis	mito	seqmatch	206285	33	189986	88.97	1	10	100.0	pass	True		1.0
Cystopteris_montana	mito	seqmatch	223332	40	196865	91.31	2	12	100.0	pass	True		1.0
Cytisus_scoparius	mito	path	457509	5	450465	100.0	0	1	100.0	pass	True	1.0	1.0
Daboecia_cantabrica	mito	path	488394	3	479213	100.0	0	1	100.0	pass	True	1.0	1.0
Dactylis_glomerata	mito	path	593310	9	577165	100.0	0	4	100.0	pass	True	1.0	1.0
Damasonium_alisma	mito	path	208568	4	210577	100.0	0	0	100.0	pass	True	0.9743589743589743	4.0
Danthonia_decumbens	mito	path	416588	6	391620	100.0	0	2	100.0	pass	True	1.0	1.0
Daphne_laureola	mito	path	384046	14	391976	98.87	3	0	100.0	pass	True	1.0	4.0
Daphne_mezereum	mito	path	935700	20	894036	100.0	0	8	100.0	pass	True	1.0	2.0
Dasiphora_fruticosa	mito	path	288462	1	288501	100.0	0	0	100.0	pass	True	0.9743589743589743	1.0
Datura_stramonium	mito	path	344830	25	349377	97.66	5	4	100.0	pass	True	1.0	1.0
Daucus_carota	mito	path	320081	13	265361	98.46	2	5	100.0	pass	True	1.0	2.0
Deschampsia_cespitosa	mito	path	603919	20	565126	98.26	1	6	100.0	pass	True	1.0	1.0
Descurainia_sophia	mito	path	265488	1	266404	100.0	0	0	100.0	pass	True	1.0	1.0
Dichodontium_palustre	mito	path	105826	3	108322	98.69	1	0	100.0	pass	True	1.0	1.0
Dicranodontium_denudatum	mito	path	101780	1	102799	100.0	0	0	100.0	pass	True	1.0	1.0
Dicranoweisia_cirrata	mito	path	105834	1	105879	100.0	0	0	100.0	pass	True	1.0	1.0
Dicranum_bonjeanii	mito	path	105772	1	105810	100.0	0	0	100.0	pass	True	1.0	1.0
Dicranum_flexicaule	mito	path	105684	1	106573	100.0	0	0	100.0	pass	True	1.0	1.0
Dicranum_majus	mito	path	105434	3	107460	98.19	1	0	100.0	pass	True	1.0	1.0
Dicranum_scoparium	mito	path	105749	1	107041	100.0	0	0	100.0	pass	True	1.0	1.0
Dicranum_tauricum	mito	path	105647	1	105690	100.0	0	0	100.0	pass	True	1.0	1.0
Didymodon_insulanus	mito	path	105600	1	105642	100.0	0	0	100.0	pass	True	1.0	1.0
Didymodon_rigidulus	mito	path	106259	1	107595	100.0	0	0	100.0	pass	True	1.0	1.0
Digitalis_purpurea	mito	path	384361	3	363496	100.0	0	1	100.0	pass	True	1.0	1.0
Dilutineuron_fasciculare	mito	path	106532	3	110006	98.13	1	0	100.0	pass	True	1.0	1.0
Dioscorea_communis	mito	path	583703	7	567743	100.0	0	3	100.0	pass	True	1.0	2.0
Dipsacus_fullonum	mito	path	565869	6	552701	100.0	0	1	100.0	pass	True	1.0	4.0
Distichium_capillaceum	mito	path	107079	3	109349	98.64	1	0	100.0	pass	True	1.0	1.0
Ditrichum_cornubicum	mito	path	105901	1	107328	100.0	0	0	100.0	pass	True	1.0	1.0
Doronicum_pardalianches	mito	path	346322	3	349663	100.0	0	0	100.0	pass	True	1.0	3.0
Douinia_ovata	mito	path	143786	3	146013	98.53	1	0	100.0	pass	True	1.0	1.0
Draba_incana	mito	path	283085	1	284340	100.0	0	0	100.0	pass	True	1.0	1.0
Draba_verna	mito	path	290597	11	281090	98.38	3	3	100.0	pass	True	1.0	1.0
Drosera_rotundifolia	mito	path	494264	3	494166	100.0	0	1	100.0	pass	True	1.0	1.0
Dryas_octopetala	mito	path	346574	6	352388	99.07	2	0	100.0	pass	True	1.0	1.0
Dryopteris_borreri	mito	seqmatch	259573	35	188835	94.68	2	14	100.0	pass	True		1.0
Dryopteris_filix_mas	mito	seqmatch	217739	36	189438	86.38	3	10	100.0	pass	True		1.0
Elodea_nuttallii	mito	path	287615	1	287656	100.0	0	0	100.0	pass	True	0.9487179487179487	1.0
Empetrum_nigrum	mito	path	562095	2	562907	100.0	0	0	100.0	pass	True	1.0	2.0
Encalypta_ciliata	mito	path	108951	1	109007	100.0	0	0	100.0	pass	True	1.0	1.0
Entodon_concinnus	mito	path	105307	1	106608	100.0	0	0	100.0	pass	True	1.0	1.0
Epilobium_alsinifolium	mito	path	425970	3	423105	100.0	0	1	100.0	pass	True	1.0	1.0
Epilobium_anagallidifolium	mito	path	426708	3	423843	100.0	0	1	100.0	pass	True	1.0	1.0
Epilobium_brunnescens	mito	path	426805	3	422773	100.0	0	1	100.0	pass	True	1.0	1.0
Epilobium_ciliatum	mito	path	426407	3	422120	100.0	0	1	100.0	pass	True	1.0	1.0
Epilobium_palustre	mito	path	427147	3	424279	100.0	0	1	100.0	pass	True	1.0	1.0
Equisetum_arvense	mito	path	245769	15	231436	99.29	1	4	100.0	pass	True	1.0	1.0
Equisetum_fluviatile	mito	path	243163	18	231184	98.63	2	4	100.0	pass	True	1.0	1.0
Equisetum_palustre	mito	path	236800	9	224413	100.0	0	3	100.0	pass	True	1.0	1.0
Equisetum_pratense	mito	path	239012	20	235062	97.2	4	3	100.0	pass	True	1.0	1.0
Equisetum_sylvaticum	mito	path	251362	11	229781	100.0	0	3	100.0	pass	True	1.0	2.0
Equisetum_telmateia	mito	path	243533	25	238735	96.77	5	4	100.0	pass	True	1.0	1.0
Erica_ciliaris	mito	path	631255	6	623378	100.0	0	3	100.0	pass	True	1.0	1.0
Erica_mackaiana	mito	path	691123	7	617594	100.0	0	2	100.0	pass	True	1.0	1.0
Erigeron_borealis	mito	path	247415	6	256338	96.8	2	0	100.0	pass	True	1.0	2.0
Eriocaulon_aquaticum	mito	path	243085	17	241591	98.18	3	3	100.0	pass	True	0.8461538461538461	2.0
Eriophorum_angustifolium	mito	path	3197065	18	2839378	100.0	0	4	100.0	pass	True	1.0	3.0
Eriophorum_latifolium	mito	seqmatch	3009684	93	2808345	99.14	5	35	100.0	pass	True		1.0
Erodium_maritimum	mito	path	307743	11	303841	100.0	0	3	100.0	pass	True	0.9743589743589743	3.0
Eryngium_campestre	mito	path	244591	6	239935	100.0	0	2	100.0	pass	True	1.0	1.0
Eryngium_maritimum	mito	path	240750	3	238514	100.0	0	1	100.0	pass	True	1.0	1.0
Erythranthe_lutea	mito	path	519526	4	512442	100.0	0	1	100.0	pass	True	1.0	2.0
Euphorbia_amygdaloides	mito	path	898817	31	858721	99.66	2	10	100.0	pass	True	1.0	2.0
Euphorbia_lathyris	mito	path	1046427	18	1021757	100.0	0	6	100.0	pass	True	1.0	4.0
Euphorbia_maculata	mito	path	708913	7	696573	100.0	0	2	100.0	pass	True	1.0	2.0
Euphorbia_paralias	mito	path	835397	28	832969	99.45	3	4	100.0	pass	True	1.0	3.0
Euphrasia_anglica	mito	path	422936	4	418738	100.0	0	1	100.0	pass	True	1.0	2.0
Euphrasia_confusa	mito	path	442021	10	433776	100.0	0	3	100.0	pass	True	1.0	2.0
Euphrasia_nemorosa	mito	path	442016	10	433771	100.0	0	3	100.0	pass	True	1.0	2.0
Euphrasia_tetraquetra	mito	path	400701	4	395902	100.0	0	1	100.0	pass	True	1.0	2.0
Eurhynchium_striatum	mito	path	104696	1	104743	100.0	0	0	100.0	pass	True	1.0	1.0
Exsertotheca_crispa	mito	path	104671	1	105973	100.0	0	0	100.0	pass	True	1.0	1.0
Fagus_sylvatica	mito	path	504715	5	508244	99.45	2	0	100.0	pass	True	1.0	1.0
Fallopia_convolvulus	mito	path	353276	8	359074	97.56	1	1	100.0	pass	True	1.0	1.0
Festuca_arundinacea	mito	path	418203	4	419487	100.0	0	0	100.0	pass	True	1.0	2.0
Festuca_heterophylla	mito	path	439218	8	427174	100.0	0	3	100.0	pass	True	0.9743589743589743	1.0
Festuca_vivipara	mito	path	452804	11	429070	100.0	0	4	100.0	pass	True	1.0	1.0
Ficaria_verna	mito	path	855671	22	819239	98.96	1	6	100.0	pass	True	1.0	4.0
Ficus_carica	mito	path	480877	2	482210	100.0	0	0	100.0	pass	True	1.0	2.0
Filago_lutescens	mito	path	225837	8	234771	96.82	3	0	100.0	pass	True	1.0	1.0
Filago_pyramidata	mito	path	223216	1	224565	100.0	0	0	100.0	pass	True	1.0	1.0
Fissidens_adianthoides	mito	path	104615	1	104654	100.0	0	0	100.0	pass	True	1.0	1.0
Fissidens_bryoides	mito	path	103254	3	106581	97.88	1	0	100.0	pass	True	1.0	1.0
Fissidens_dubius	mito	path	104718	1	105888	100.0	0	0	100.0	pass	True	1.0	1.0
Fissidens_pusillus	mito	path	103361	1	103399	100.0	0	0	100.0	pass	True	1.0	1.0
Fissidens_taxifolius	mito	path	105181	1	105236	100.0	0	0	100.0	pass	True	1.0	1.0
Flexitrichum_flexicaule	mito	path	107669	1	108837	100.0	0	0	100.0	pass	True	1.0	1.0
Flexitrichum_gracile	mito	path	107662	1	108851	100.0	0	0	100.0	pass	True	1.0	1.0
Fontinalis_squamosa	mito	path	104135	1	105437	100.0	0	0	100.0	pass	True	1.0	1.0
Fragaria_moschata	mito	path	363740	3	349547	100.0	0	1	100.0	pass	True	0.9743589743589743	1.0
Fragaria_vesca	mito	path	368415	9	343999	99.45	1	3	100.0	pass	True	0.9743589743589743	1.0
Frangula_alnus	mito	path	492034	6	481712	100.0	0	2	100.0	pass	True	1.0	1.0
Fritillaria_meleagris	mito	path	319558	3	317636	100.0	0	1	100.0	pass	True	1.0	1.0
Fuchsia_magellanica	mito	path	406453	4	399091	100.0	0	1	100.0	pass	True	1.0	1.0
Fumaria_purpurea	mito	path	486179	1	487126	100.0	0	0	100.0	pass	True	1.0	1.0
Funaria_hygrometrica	mito	path	108929	1	109809	100.0	0	0	100.0	pass	True	1.0	1.0
Galatella_linosyris	mito	path	255697	4	254402	100.0	0	1	100.0	pass	True	1.0	2.0
Galega_officinalis	mito	path	350116	7	349172	100.0	0	2	100.0	pass	True	1.0	2.0
Galium_saxatile	mito	path	199992	1	201007	100.0	0	0	100.0	pass	True	1.0	1.0
Galium_uliginosum	mito	path	189051	1	189097	100.0	0	0	100.0	pass	True	1.0	1.0
Galium_verum	mito	path	188063	1	188844	100.0	0	0	100.0	pass	True	1.0	1.0
Geheebia_maxima	mito	path	106941	1	108206	100.0	0	0	100.0	pass	True	1.0	1.0
Genista_anglica	mito	path	514574	3	515415	100.0	0	1	100.0	pass	True	1.0	1.0
Genista_pilosa	mito	path	437091	6	431482	100.0	0	2	100.0	pass	True	1.0	1.0
Genista_tinctoria	mito	path	411185	3	413863	100.0	0	0	100.0	pass	True	1.0	3.0
Gentiana_verna	mito	path	309124	11	310111	100.0	0	2	100.0	pass	True	1.0	2.0
Geranium_lucidum	mito	path	477248	6	473257	100.0	0	1	100.0	pass	True	0.9743589743589743	4.0
Geranium_molle	mito	path	378675	11	395683	96.69	3	0	100.0	pass	True	0.9743589743589743	5.0
Geranium_pratense	mito	path	303471	3	306120	100.0	0	0	100.0	pass	True	0.9743589743589743	3.0
Geranium_robertianum	mito	path	810453	7	804598	100.0	0	2	100.0	pass	True	1.0	2.0
Geranium_rotundifolium	mito	path	335810	3	331981	100.0	0	1	100.0	pass	True	0.9743589743589743	1.0
Geum_rivale	mito	path	335495	8	324628	99.53	1	2	100.0	pass	True	0.9487179487179487	1.0
Geum_urbanum	mito	path	335495	8	324628	99.53	1	2	100.0	pass	True	0.9487179487179487	1.0
Ginkgo_biloba	mito	path	346597	6	345058	100.0	0	2	100.0	pass	True	1.0	1.0
Glaux_maritima	mito	path	310025	6	304000	100.0	0	2	100.0	pass	True	1.0	1.0
Glebionis_segetum	mito	path	213529	1	214838	100.0	0	0	100.0	pass	True	1.0	1.0
Glechoma_hederacea	mito	seqmatch	458532	64	475107	94.05	6	12	100.0	pass	True		4.0
Glyceria_declinata	mito	path	535395	9	488506	100.0	0	4	100.0	pass	True	1.0	1.0
Glyceria_fluitans	mito	path	534852	9	483116	100.0	0	4	100.0	pass	True	1.0	1.0
Gnaphalium_supinum	mito	path	249517	2	250765	100.0	0	0	100.0	pass	True	1.0	2.0
Gnaphalium_uliginosum	mito	path	195002	1	196229	100.0	0	0	100.0	pass	True	1.0	1.0
Grimmia_atrata	mito	path	106759	1	107796	100.0	0	0	100.0	pass	True	1.0	1.0
Grimmia_decipiens	mito	path	107102	1	107140	100.0	0	0	100.0	pass	True	1.0	1.0
Grimmia_donniana	mito	path	106769	3	110121	98.19	1	0	100.0	pass	True	1.0	1.0
Grimmia_elongata	mito	path	106757	1	107390	100.0	0	0	100.0	pass	True	1.0	1.0
Grimmia_funalis	mito	path	107104	1	108348	100.0	0	0	100.0	pass	True	1.0	1.0
Grimmia_montana	mito	path	107080	1	108108	100.0	0	0	100.0	pass	True	1.0	1.0
Grimmia_pulvinata	mito	path	106890	1	107888	100.0	0	0	100.0	pass	True	1.0	1.0
Grimmia_ramondii	mito	path	106187	1	107570	100.0	0	0	100.0	pass	True	1.0	1.0
Grimmia_trichophylla	mito	path	106788	3	108618	98.4	1	0	100.0	pass	True	1.0	1.0
Gymnocarpium_robertianum	mito	seqmatch	247525	33	203620	97.54	1	12	100.0	pass	True		1.0
Gymnomitrion_concinnatum	mito	path	188611	2	189515	100.0	0	0	100.0	pass	True	1.0	2.0
Gymnostomum_aeruginosum	mito	path	105122	1	105477	100.0	0	0	100.0	pass	True	1.0	1.0
Halimione_portulacoides	mito	path	302804	9	294082	99.21	1	2	100.0	pass	True	1.0	1.0
Harpanthus_flotovianus	mito	path	154456	1	154504	100.0	0	0	100.0	pass	True	1.0	1.0
Hedera_helix	mito	path	618945	48	649797	94.92	13	3	100.0	pass	True	1.0	1.0
Hedera_hibernica	mito	path	596285	10	599601	100.0	0	1	100.0	pass	True	1.0	3.0
Hedwigia_stellata	mito	path	106675	1	108027	100.0	0	0	100.0	pass	True	1.0	1.0
Helianthemum_apenninum	mito	path	431739	9	416485	100.0	0	3	100.0	pass	True	1.0	1.0
Helianthemum_oelandicum	mito	path	488972	9	470473	99.7	1	2	100.0	pass	True	0.9743589743589743	1.0
Helictochloa_pratensis	mito	path	470398	12	452325	100.0	0	5	100.0	pass	True	1.0	1.0
Helleborus_foetidus	mito	path	594055	18	573307	100.0	0	5	100.0	pass	True	1.0	2.0
Helminthotheca_echioides	mito	path	314960	6	286936	100.0	0	2	100.0	pass	True	1.0	1.0
Helosciadium_nodiflorum	mito	path	334455	12	331338	99.42	1	3	100.0	pass	True	0.9743589743589743	1.0
Heracleum_sphondylium	mito	path	290188	23	280078	100.0	0	6	100.0	pass	True	1.0	1.0
Herbertus_borealis	mito	path	161546	1	162790	100.0	0	0	100.0	pass	True	1.0	1.0
Herbertus_hutchinsiae	mito	path	161557	1	162942	100.0	0	0	100.0	pass	True	1.0	1.0
Herbertus_stramineus	mito	path	161558	1	162322	100.0	0	0	100.0	pass	True	1.0	1.0
Herniaria_ciliolata	mito	path	286656	6	276407	100.0	0	2	100.0	pass	True	1.0	1.0
Heterocladium_heteropterum	mito	path	105094	1	106079	100.0	0	0	100.0	pass	True	1.0	1.0
Hibiscus_trionum	mito	path	522692	8	516585	100.0	0	2	100.0	pass	True	1.0	1.0
Hibiscus_verdcourtii	mito	path	535649	7	534935	100.0	0	2	100.0	pass	True	1.0	2.0
Hieracium_attenboroughianum	mito	path	377955	12	350399	100.0	0	4	100.0	pass	True	1.0	1.0
Hieracium_britannicum	mito	path	377955	12	350399	100.0	0	4	100.0	pass	True	1.0	1.0
Hieracium_drummondii	mito	path	357793	6	321050	100.0	0	2	100.0	pass	True	1.0	1.0
Hieracium_radyrense	mito	path	377935	12	350379	100.0	0	4	100.0	pass	True	1.0	1.0
Hieracium_richianum	mito	path	405127	9	364366	100.0	0	3	100.0	pass	True	1.0	1.0
Hieracium_sabaudum	mito	path	368100	8	319816	100.0	0	3	100.0	pass	True	1.0	1.0
Hieracium_scullyi	mito	path	357795	6	321052	100.0	0	2	100.0	pass	True	1.0	1.0
Hieracium_snowdoniense	mito	path	370769	6	342844	100.0	0	2	100.0	pass	True	1.0	1.0
Hieracium_sp_SM_2023a	mito	path	392624	12	349490	100.0	0	4	100.0	pass	True	1.0	1.0
Hierochloe_odorata	mito	path	537001	6	512934	100.0	0	2	100.0	pass	True	0.9743589743589743	1.0
Hippocrepis_comosa	mito	path	412557	6	391711	100.0	0	3	100.0	pass	True	1.0	1.0
Hippuris_vulgaris	mito	path	544790	3	547976	100.0	0	0	100.0	pass	True	1.0	3.0
Holcus_lanatus	mito	path	493264	9	457387	100.0	0	3	100.0	pass	True	1.0	1.0
Holcus_mollis	mito	path	515343	11	471124	100.0	0	4	100.0	pass	True	1.0	1.0
Homalia_trichomanoides	mito	path	104210	1	104781	100.0	0	0	100.0	pass	True	1.0	1.0
Homogyne_alpina	mito	path	380694	13	346143	100.0	0	5	100.0	pass	True	1.0	2.0
Honckenya_peploides	mito	path	774369	11	751764	100.0	0	3	100.0	pass	True	1.0	2.0
Hookeria_lucens	mito	path	104957	1	105000	100.0	0	0	100.0	pass	True	1.0	1.0
Hordeum_murinum	mito	path	428170	7	420290	100.0	0	2	100.0	pass	True	1.0	2.0
Hordeum_vulgare	mito	path	525599	15	475420	100.0	0	6	100.0	pass	True	1.0	1.0
Hornungia_petraea	mito	path	324164	6	313086	100.0	0	2	100.0	pass	True	1.0	1.0
Hottonia_palustris	mito	path	323991	4	324417	100.0	0	0	100.0	pass	True	1.0	1.0
Humulus_lupulus	mito	path	400026	1	401295	100.0	0	0	100.0	pass	True	1.0	1.0
Huperzia_selago	mito	path	411367	3	397477	100.0	0	1	100.0	pass	True	0.8974358974358975	1.0
Hydrocotyle_ranunculoides	mito	path	447000	6	436068	100.0	0	2	100.0	pass	True	1.0	1.0
Hygrohypnum_duriusculum	mito	path	104069	1	104128	100.0	0	0	100.0	pass	True	1.0	1.0
Hylocomiadelphus_triquetrus	mito	path	104225	1	104267	100.0	0	0	100.0	pass	True	1.0	1.0
Hyocomium_armoricum	mito	path	104430	1	104473	100.0	0	0	100.0	pass	True	1.0	1.0
Hypericum_androsaemum	mito	path	415731	4	418341	100.0	0	0	100.0	pass	True	1.0	4.0
Hypericum_hircinum	mito	path	486110	4	470686	100.0	0	1	100.0	pass	True	1.0	2.0
Hypericum_hirsutum	mito	path	481980	3	474752	100.0	0	1	100.0	pass	True	1.0	1.0
Hypericum_linariifolium	mito	path	497155	2	498521	100.0	0	0	100.0	pass	True	1.0	2.0
Hypericum_maculatum	mito	path	429550	1	429587	100.0	0	0	100.0	pass	True	1.0	1.0
Hypericum_pulchrum	mito	path	494351	4	495292	100.0	0	1	100.0	pass	True	1.0	2.0
Hypericum_tetrapterum	mito	path	479678	1	479715	100.0	0	0	100.0	pass	True	1.0	1.0
Hypnum_cupressiforme	mito	path	104123	1	104805	100.0	0	0	100.0	pass	True	1.0	1.0
Ilex_aquifolium	mito	path	538426	1	539365	100.0	0	0	100.0	pass	True	1.0	1.0
Inula_conyza	mito	path	337014	3	336421	100.0	0	1	100.0	pass	True	1.0	1.0
Inula_salicina	mito	path	369569	3	369219	100.0	0	1	100.0	pass	True	1.0	1.0
Iris_foetidissima	mito	path	445502	6	418224	100.0	0	1	100.0	pass	True	1.0	2.0
Isopterygiella_pulchella	mito	path	105047	1	105093	100.0	0	0	100.0	pass	True	1.0	1.0
Isothecium_holtii	mito	path	104585	1	105392	100.0	0	0	100.0	pass	True	1.0	1.0
Isothecium_myosuroides	mito	path	104589	1	105398	100.0	0	0	100.0	pass	True	1.0	1.0
Jacobaea_erucifolia	mito	path	308793	16	303581	99.07	2	3	100.0	pass	True	1.0	2.0
Jacobaea_maritima	mito	path	344125	8	316088	100.0	0	2	100.0	pass	True	1.0	1.0
Jacobaea_vulgaris	mito	path	278596	3	280156	99.49	1	0	100.0	pass	True	1.0	2.0
Jasione_montana	mito	path	321123	3	322876	99.58	1	0	100.0	pass	True	1.0	1.0
Juncus_bufonius	mito	path	993689	9	945306	100.0	0	4	100.0	pass	True	1.0	1.0
Juncus_conglomeratus	mito	path	519050	44	547887	91.45	13	3	100.0	pass	True	1.0	1.0
Juncus_effusus	mito	path	519027	3	488823	100.0	0	1	100.0	pass	True	1.0	1.0
Juncus_squarrosus	mito	path	1002600	9	985867	99.39	1	2	100.0	pass	True	1.0	2.0
Juncus_tenuis	mito	path	662075	6	638401	100.0	0	2	100.0	pass	True	1.0	1.0
Kali_turgidum	mito	path	189051	1	189097	100.0	0	0	100.0	pass	True	1.0	1.0
Kiaeria_blyttii	mito	path	128056	2	128885	100.0	0	0	100.0	pass	True	1.0	2.0
Knautia_arvensis	mito	path	600385	16	540294	99.74	1	7	100.0	pass	True	1.0	2.0
Kurzia_trichoclados	mito	path	162903	3	164757	99.05	1	0	100.0	pass	True	1.0	1.0
Laburnum_anagyroides	mito	path	430506	3	421492	100.0	0	1	100.0	pass	True	1.0	1.0
Lactuca_saligna	mito	path	341271	6	301249	100.0	0	2	100.0	pass	True	1.0	1.0
Lactuca_serriola	mito	path	363345	12	323939	99.5	1	4	100.0	pass	True	1.0	1.0
Lamium_album	mito	path	324024	6	316191	100.0	0	2	100.0	pass	True	0.9487179487179487	1.0
Lamium_amplexicaule	mito	path	309357	6	299451	100.0	0	2	100.0	pass	True	0.9487179487179487	1.0
Lamium_galeobdolon	mito	path	345869	10	349149	99.23	2	1	100.0	pass	True	0.9487179487179487	2.0
Lamium_purpureum	mito	path	286005	15	296376	97.94	4	0	100.0	pass	True	0.9487179487179487	2.0
Lapsana_communis	mito	path	312710	8	293943	100.0	0	2	100.0	pass	True	1.0	1.0
Lathyrus_aphaca	mito	path	375350	3	370128	100.0	0	1	100.0	pass	True	1.0	1.0
Lathyrus_linifolius	mito	path	446901	17	427013	100.0	0	6	100.0	pass	True	1.0	1.0
Lathyrus_nissolia	mito	path	413091	3	410689	100.0	0	1	100.0	pass	True	1.0	1.0
Lathyrus_pratensis	mito	path	356433	3	350246	100.0	0	1	100.0	pass	True	1.0	1.0
Lathyrus_sylvestris	mito	path	421759	3	418455	100.0	0	1	100.0	pass	True	1.0	1.0
Lemna_trisulca	mito	path	210768	1	210808	100.0	0	0	100.0	pass	True	1.0	1.0
Leontodon_hispidus	mito	path	356746	14	310835	99.55	1	4	100.0	pass	True	1.0	2.0
Leontodon_saxatilis	mito	path	311554	9	282837	100.0	0	3	100.0	pass	True	1.0	1.0
Lepidium_campestre	mito	path	308009	3	307716	100.0	0	1	100.0	pass	True	1.0	1.0
Lepidium_didymum	mito	path	262678	1	263508	100.0	0	0	100.0	pass	True	1.0	1.0
Lepidium_draba	mito	path	287806	3	281997	100.0	0	1	100.0	pass	True	1.0	1.0
Lepidium_heterophyllum	mito	path	315772	6	309872	100.0	0	2	100.0	pass	True	1.0	1.0
Lepidium_latifolium	mito	path	270156	1	270458	100.0	0	0	100.0	pass	True	1.0	1.0
Lepidozia_cupressina	mito	path	166351	1	166386	100.0	0	0	100.0	pass	True	1.0	1.0
Lepidozia_reptans	mito	path	163629	4	167867	97.94	2	0	100.0	pass	True	0.9743589743589743	1.0
Leucanthemum_vulgare	mito	path	219867	1	220459	100.0	0	0	100.0	pass	True	1.0	1.0
Leucobryum_glaucum	mito	path	102152	1	103402	100.0	0	0	100.0	pass	True	1.0	1.0
Leucobryum_juniperoideum	mito	path	445250	2	446185	100.0	0	0	100.0	pass	True	1.0	2.0
Leucojum_aestivum	mito	path	351496	10	346226	100.0	0	2	100.0	pass	True	1.0	2.0
Levisticum_officinale	mito	path	271847	28	258053	97.0	5	5	100.0	pass	True	1.0	1.0
Lewinskya_rupestris	mito	path	104802	3	106721	98.28	1	0	100.0	pass	True	1.0	1.0
Lewinskya_speciosa	mito	path	104807	3	106726	98.28	1	0	100.0	pass	True	1.0	1.0
Ligusticum_scoticum	mito	path	300891	10	301080	100.0	0	1	100.0	pass	True	1.0	2.0
Ligustrum_vulgare	mito	path	962718	3	965431	99.86	1	0	100.0	pass	True	1.0	2.0
Limonium_binervosum	mito	path	295633	2	296578	100.0	0	0	100.0	pass	True	1.0	2.0
Limosella_aquatica	mito	path	674478	3	669714	100.0	0	1	100.0	pass	True	1.0	1.0
Linaria_purpurea	mito	path	466489	1	467360	100.0	0	0	100.0	pass	True	1.0	1.0
Linaria_repens	mito	path	493299	6	487246	100.0	0	2	100.0	pass	True	1.0	1.0
Linaria_vulgaris	mito	path	463364	4	458732	100.0	0	1	100.0	pass	True	1.0	2.0
Linnaea_borealis	mito	path	686309	3	684511	100.0	0	1	100.0	pass	True	1.0	1.0
Linum_catharticum	mito	path	496580	5	501562	99.59	1	0	100.0	pass	True	1.0	3.0
Lithospermum_officinale	mito	path	292901	3	285730	100.0	0	1	100.0	pass	True	1.0	1.0
Littorella_uniflora	mito	path	426188	9	341866	100.0	0	4	100.0	pass	True	1.0	1.0
Lobelia_dortmanna	mito	path	496362	40	519299	96.55	11	5	100.0	pass	True	1.0	1.0
Lobelia_urens	mito	path	543772	16	511945	98.23	2	5	100.0	pass	True	1.0	1.0
Loeskeobryum_brevirostre	mito	path	103842	1	103888	100.0	0	0	100.0	pass	True	1.0	1.0
Logfia_minima	mito	path	221920	1	221959	100.0	0	0	100.0	pass	True	1.0	1.0
Lolium_perenne	mito	path	614104	47	623185	96.72	11	4	100.0	pass	True	1.0	1.0
Lonicera_periclymenum	mito	path	1017185	4	1018676	100.0	0	0	100.0	pass	True	1.0	2.0
Lophocolea_bispinosa	mito	path	178255	2	178299	100.0	0	0	100.0	pass	True	0.9743589743589743	2.0
Lophozia_ventricosa	mito	path	145235	1	145592	100.0	0	0	100.0	pass	True	1.0	1.0
Lotus_corniculatus	mito	path	388921	6	387196	100.0	0	2	100.0	pass	True	1.0	1.0
Lotus_pedunculatus	mito	path	434017	6	414266	100.0	0	2	100.0	pass	True	1.0	1.0
Lotus_tenuis	mito	path	368498	12	366740	98.54	3	1	100.0	pass	True	1.0	2.0
Ludwigia_grandiflora	mito	path	718603	16	685750	100.0	0	7	100.0	pass	True	1.0	2.0
Lunaria_annua	mito	path	289949	3	292595	100.0	0	0	100.0	pass	True	1.0	3.0
Lunularia_cruciata	mito	path	191349	1	191461	100.0	0	0	100.0	pass	True	1.0	1.0
Luzula_campestris	mito	path	614621	9	597945	100.0	0	4	100.0	pass	True	1.0	1.0
Luzula_pallescens	mito	path	657066	3	653022	100.0	0	1	100.0	pass	True	1.0	1.0
Luzula_spicata	mito	path	519314	4	503677	100.0	0	1	100.0	pass	True	1.0	2.0
Luzula_sylvatica	mito	path	650474	12	649416	100.0	0	3	100.0	pass	True	1.0	2.0
Lycopodium_clavatum	mito	path	445393	3	431003	100.0	0	1	100.0	pass	True	0.8974358974358975	1.0
Lycopus_europaeus	mito	path	290230	9	295850	99.06	2	1	100.0	pass	True	1.0	1.0
Lysimachia_nemorum	mito	path	456451	2	457297	100.0	0	0	100.0	pass	True	1.0	2.0
Lysimachia_nummularia	mito	path	356790	1	357854	100.0	0	0	100.0	pass	True	1.0	1.0
Lysimachia_thyrsiflora	mito	path	310125	3	313923	100.0	0	0	100.0	pass	True	1.0	3.0
Lysimachia_vulgaris	mito	path	299561	3	298084	100.0	0	1	100.0	pass	True	1.0	1.0
Lythrum_hyssopifolia	mito	path	258348	3	261696	99.32	1	0	100.0	pass	True	1.0	1.0
Malus_domestica	mito	path	396948	23	418803	95.62	8	1	100.0	pass	True	1.0	1.0
Malus_sylvestris	mito	path	416479	3	392784	100.0	0	1	100.0	pass	True	1.0	1.0
Malus_x_robusta	mito	path	385872	3	374153	100.0	0	1	100.0	pass	True	1.0	1.0
Malva_arborea	mito	path	552702	9	553896	99.74	1	1	100.0	pass	True	1.0	4.0
Malva_neglecta	mito	path	557117	13	548720	100.0	0	4	100.0	pass	True	1.0	2.0
Malva_sylvestris	mito	path	559960	12	545516	100.0	0	5	100.0	pass	True	1.0	1.0
Marchantia_polymorpha	mito	path	186299	3	188432	99.13	1	0	100.0	pass	True	1.0	1.0
Marchantia_quadrata	mito	path	189846	1	189903	100.0	0	0	100.0	pass	True	1.0	1.0
Marsupella_aquatica	mito	path	162310	3	164779	99.0	1	0	100.0	pass	True	1.0	1.0
Marsupella_emarginata	mito	path	162572	3	164775	99.16	1	0	100.0	pass	True	1.0	1.0
Mastigophora_woodsii	mito	path	189399	4	191889	99.21	1	0	100.0	pass	True	1.0	2.0
Matricaria_chamomilla	mito	path	220249	1	220295	100.0	0	0	100.0	pass	True	1.0	1.0
Matricaria_discoidea	mito	path	223480	3	225232	99.39	1	0	100.0	pass	True	1.0	1.0
Matthiola_sinuata	mito	path	418526	11	424756	99.02	3	1	100.0	pass	True	1.0	1.0
Medicago_lupulina	mito	path	294123	3	297329	99.32	1	0	100.0	pass	True	1.0	1.0
Medicago_sativa	mito	path	297928	3	296383	100.0	0	1	100.0	pass	True	1.0	1.0
Meesia_triquetra	mito	path	104310	1	104359	100.0	0	0	100.0	pass	True	1.0	1.0
Melica_uniflora	mito	path	654218	18	576759	100.0	0	6	100.0	pass	True	1.0	1.0
Melilotus_altissimus	mito	path	307457	3	307934	100.0	0	1	100.0	pass	True	1.0	1.0
Melissa_officinalis	mito	path	347997	2	348082	100.0	0	0	100.0	pass	True	1.0	2.0
Mercurialis_annua	mito	path	428275	5	432385	99.34	2	0	100.0	pass	True	1.0	1.0
Mercurialis_perennis	mito	path	404875	3	406829	100.0	0	0	100.0	pass	True	1.0	3.0
Mesoptychia_bantriensis	mito	path	155732	1	156280	100.0	0	0	100.0	pass	True	1.0	1.0
Metzgeria_conjugata	mito	path	171838	3	173474	99.15	1	0	100.0	pass	True	1.0	1.0
Meum_athamanticum	mito	path	420072	24	372622	99.14	2	7	100.0	pass	True	1.0	2.0
Milium_effusum	mito	path	472215	24	472881	98.4	5	5	100.0	pass	True	0.9743589743589743	1.0
Mimulus_peregrinus	mito	path	500931	4	492881	100.0	0	1	100.0	pass	True	1.0	2.0
Misopates_orontium	mito	path	569764	1	569953	100.0	0	0	100.0	pass	True	1.0	1.0
Mnium_stellare	mito	path	100620	3	102270	98.47	1	0	100.0	pass	True	1.0	1.0
Moehringia_trinervia	mito	path	335438	6	334854	100.0	0	2	100.0	pass	True	1.0	1.0
Molinia_caerulea	mito	path	492621	3	467064	100.0	0	1	100.0	pass	True	1.0	1.0
Monotropa_hypopitys	mito	path	1004578	42	1023063	98.09	12	2	100.0	pass	True	1.0	4.0
Montia_fontana	mito	path	407058	3	406025	100.0	0	1	100.0	pass	True	1.0	1.0
Myrica_gale	mito	path	486427	1	486469	100.0	0	0	100.0	pass	True	1.0	1.0
Myriophyllum_alterniflorum	mito	path	436554	12	393920	100.0	0	6	100.0	pass	True	1.0	1.0
Myriophyllum_spicatum	mito	path	446859	15	414586	99.65	1	4	100.0	pass	True	1.0	3.0
Myrrhis_odorata	mito	path	289039	8	283170	100.0	0	3	100.0	pass	True	1.0	1.0
Narcissus_pseudonarcissus	mito	path	434601	11	413378	100.0	0	3	100.0	pass	True	1.0	2.0
Nardia_scalaris	mito	path	188362	2	188410	100.0	0	0	100.0	pass	True	1.0	2.0
Nasturtium_officinale	mito	path	286925	3	287210	100.0	0	1	100.0	pass	True	1.0	1.0
Neckera_pumila	mito	path	103982	1	104381	100.0	0	0	100.0	pass	True	1.0	1.0
Neoorthocaulis_attenuatus	mito	path	146757	1	147305	100.0	0	0	100.0	pass	True	1.0	1.0
Nigella_damascena	mito	path	686359	15	663760	100.0	0	2	100.0	pass	True	1.0	4.0
Niphotrichum_ericoides	mito	path	106602	3	109383	98.13	1	0	100.0	pass	True	1.0	1.0
Nymphaea_alba	mito	path	321186	6	322695	100.0	0	0	100.0	pass	True	1.0	1.0
Nymphoides_peltata	mito	path	336890	1	337075	100.0	0	0	100.0	pass	True	1.0	1.0
Odontoschisma_sphagni	mito	path	154828	3	157049	99.07	1	0	100.0	pass	True	1.0	1.0
Oedipodium_griffithianum	mito	path	121105	1	121147	100.0	0	0	100.0	pass	True	1.0	1.0
Oenanthe_crocata	mito	path	344102	8	343860	100.0	0	2	100.0	pass	True	1.0	3.0
Oenanthe_lachenalii	mito	path	339666	22	353812	96.03	4	3	100.0	pass	True	1.0	2.0
Oenanthe_pimpinelloides	mito	path	351599	9	309167	99.32	1	2	100.0	pass	True	1.0	3.0
Oenothera_biennis	mito	path	429455	3	420342	100.0	0	1	100.0	pass	True	1.0	1.0
Oligotrichum_hercynicum	mito	path	115158	1	115305	100.0	0	0	100.0	pass	True	1.0	1.0
Onobrychis_viciifolia	mito	path	348666	3	341172	100.0	0	1	100.0	pass	True	1.0	1.0
Onoclea_sensibilis	mito	seqmatch	347216	55	258449	96.05	2	17	100.0	pass	True		1.0
Ononis_reclinata	mito	path	319002	2	320543	100.0	0	0	100.0	pass	True	1.0	2.0
Ononis_repens	mito	path	319941	3	315209	100.0	0	1	100.0	pass	True	1.0	1.0
Onopordum_acanthium	mito	path	330915	8	313203	100.0	0	2	100.0	pass	True	1.0	1.0
Ornithopus_perpusillus	mito	path	336144	3	335691	100.0	0	1	100.0	pass	True	1.0	1.0
Orontium_aquaticum	mito	path	619140	16	596042	100.0	0	5	100.0	pass	True	1.0	2.0
Orthothecium_rufescens	mito	path	105014	3	106897	98.65	1	0	100.0	pass	True	1.0	1.0
Orthotrichum_anomalum	mito	path	104477	1	105765	100.0	0	0	100.0	pass	True	1.0	1.0
Orthotrichum_lyellii	mito	path	104700	1	105632	100.0	0	0	100.0	pass	True	1.0	1.0
Orthotrichum_pulchellum	mito	path	104769	1	104817	100.0	0	0	100.0	pass	True	1.0	1.0
Orthotrichum_striatum	mito	path	104791	1	106205	100.0	0	0	100.0	pass	True	1.0	1.0
Oxybasis_chenopodioides	mito	path	310373	24	323225	97.24	5	2	100.0	pass	True	1.0	1.0
Oxyria_digyna	mito	path	423093	6	411215	100.0	0	2	100.0	pass	True	1.0	2.0
Oxytropis_halleri	mito	path	353506	3	349066	100.0	0	1	100.0	pass	True	1.0	1.0
Palustriella_falcata	mito	path	104111	1	104156	100.0	0	0	100.0	pass	True	1.0	1.0
Papaver_somniferum	mito	path	155803	6	151420	100.0	0	2	100.0	pass	True	0.9230769230769231	1.0
Parietaria_judaica	mito	path	435508	3	437715	100.0	0	0	100.0	pass	True	0.9743589743589743	3.0
Parthenocissus_inserta	mito	path	758988	1	760148	100.0	0	0	100.0	pass	True	1.0	1.0
Pastinaca_sativa	mito	path	265876	28	307147	88.4	10	2	100.0	pass	True	0.9743589743589743	2.0
Paulownia_tomentosa	mito	path	877786	6	859918	100.0	0	2	100.0	pass	True	1.0	1.0
Pedicularis_palustris	mito	path	364142	35	389014	95.08	11	2	100.0	pass	True	1.0	1.0
Pentaglottis_sempervirens	mito	path	327469	5	326907	100.0	0	1	100.0	pass	True	1.0	1.0
Persicaria_amphibia	mito	path	397003	9	395894	100.0	0	3	100.0	pass	True	1.0	1.0
Persicaria_hydropiper	mito	path	405624	9	397610	100.0	0	3	100.0	pass	True	1.0	1.0
Persicaria_maculosa	mito	path	405318	12	391600	99.6	1	3	100.0	pass	True	1.0	1.0
Petalophyllum_ralfsii	mito	path	160125	1	161204	100.0	0	0	100.0	pass	True	1.0	1.0
Petasites_albus	mito	path	309078	7	308622	99.54	1	1	100.0	pass	True	1.0	3.0
Petasites_fragrans	mito	path	310129	2	310207	100.0	0	0	100.0	pass	True	1.0	1.0
Petasites_hybridus	mito	path	302336	2	302891	100.0	0	0	100.0	pass	True	1.0	1.0
Petasites_japonicus	mito	path	318780	7	317364	100.0	0	2	100.0	pass	True	1.0	3.0
Phalaris_arundinacea	mito	path	500100	9	465408	100.0	0	3	100.0	pass	True	1.0	2.0
Phegopteris_connectilis	mito	seqmatch	283822	59	221236	90.77	3	22	100.0	pass	True		1.0
Phleum_pratense	mito	path	564470	12	526235	100.0	0	6	100.0	pass	True	1.0	1.0
Phragmites_australis	mito	path	501143	12	476252	100.0	0	4	100.0	pass	True	1.0	1.0
Physcomitrium_patens	mito	path	105340	1	106583	100.0	0	0	100.0	pass	True	1.0	1.0
Phyteuma_orbiculare	mito	path	280954	3	282627	100.0	0	0	100.0	pass	True	1.0	3.0
Phyteuma_spicatum	mito	path	269373	2	269642	100.0	0	0	100.0	pass	True	1.0	2.0
Phytolacca_acinosa	mito	path	496109	12	471954	100.0	0	4	100.0	pass	True	1.0	1.0
Pilosella_aurantiaca	mito	path	363389	9	322652	100.0	0	3	100.0	pass	True	1.0	1.0
Pilosella_officinarum	mito	path	375103	9	336508	100.0	0	3	100.0	pass	True	1.0	1.0
Pilularia_globulifera	mito	seqmatch	232989	54	196815	98.48	1	25	100.0	pass	True		1.0
Pinguicula_vulgaris	mito	path	424132	7	429814	99.26	2	0	100.0	pass	True	1.0	1.0
Plagiothecium_denticulatum	mito	path	104744	1	104783	100.0	0	0	100.0	pass	True	1.0	1.0
Plantago_maritima	mito	seqmatch	2885633	91	2575363	97.38	1	37	100.0	pass	True		1.0
Platanus_orientalis	mito	path	587622	2	589403	100.0	0	0	100.0	pass	True	1.0	2.0
Platanus_x_hispanica	mito	path	587622	2	589403	100.0	0	0	100.0	pass	True	1.0	2.0
Pleuridium_subulatum	mito	path	138580	2	139908	100.0	0	0	100.0	pass	True	1.0	2.0
Poa_alpina	mito	path	553765	8	522036	100.0	0	3	100.0	pass	True	1.0	1.0
Poa_chaixii	mito	path	481622	12	458472	100.0	0	5	100.0	pass	True	0.9743589743589743	1.0
Poa_nemoralis	mito	path	555733	12	529704	100.0	0	5	100.0	pass	True	1.0	1.0
Poa_trivialis	mito	path	765566	13	723618	100.0	0	3	100.0	pass	True	1.0	3.0
Pogonatum_aloides	mito	path	527017	2	527060	100.0	0	0	100.0	pass	True	1.0	2.0
Pohlia_annotina	mito	path	100037	1	100084	100.0	0	0	100.0	pass	True	1.0	1.0
Pohlia_cruda	mito	path	100079	1	100126	100.0	0	0	100.0	pass	True	1.0	1.0
Pohlia_nutans	mito	path	99734	1	99773	100.0	0	0	100.0	pass	True	1.0	1.0
Polygala_serpyllifolia	mito	path	324711	5	323286	100.0	0	1	100.0	pass	True	1.0	3.0
Polygala_vulgaris	mito	path	335927	13	345476	97.52	1	2	100.0	pass	True	1.0	1.0
Polygonum_aviculare	mito	path	333387	1	334661	100.0	0	0	100.0	pass	True	1.0	1.0
Polygonum_maritimum	mito	path	352405	9	353784	99.17	2	1	100.0	pass	True	1.0	1.0
Polypodium_vulgare	mito	seqmatch	360018	70	336861	92.2	5	19	100.0	pass	True		1.0
Polypogon_viridis	mito	path	610724	9	560672	100.0	0	4	100.0	pass	True	1.0	1.0
Polystichum_lonchitis	mito	seqmatch	294590	72	253671	91.0	5	27	100.0	pass	True		1.0
Polytrichastrum_sexangulare	mito	path	114905	1	116192	100.0	0	0	100.0	pass	True	1.0	1.0
Polytrichum_commune	mito	path	114830	1	115506	100.0	0	0	100.0	pass	True	1.0	1.0
Polytrichum_formosum	mito	path	114806	1	116057	100.0	0	0	100.0	pass	True	1.0	1.0
Polytrichum_juniperinum	mito	path	114874	3	117027	98.23	1	0	100.0	pass	True	1.0	1.0
Polytrichum_piliferum	mito	path	114404	1	114914	100.0	0	0	100.0	pass	True	1.0	1.0
Polytrichum_strictum	mito	path	114872	3	117027	98.23	1	0	100.0	pass	True	1.0	1.0
Pontederia_cordata	mito	path	280467	3	283049	99.39	1	0	100.0	pass	True	1.0	1.0
Populus_alba	mito	path	838648	1	838691	100.0	0	0	100.0	pass	True	1.0	1.0
Populus_nigra	mito	path	803569	3	805020	100.0	0	0	100.0	pass	True	1.0	3.0
Populus_tremula	mito	path	783337	1	783737	100.0	0	0	100.0	pass	True	1.0	1.0
Porella_arboris_vitae	mito	path	179049	1	179089	100.0	0	0	100.0	pass	True	1.0	1.0
Porella_cordaeana	mito	path	178604	3	180716	99.05	1	0	100.0	pass	True	1.0	1.0
Potamogeton_alpinus	mito	path	264943	3	259890	100.0	0	1	100.0	pass	True	0.9743589743589743	1.0
Potamogeton_berchtoldii	mito	path	244358	3	237488	100.0	0	1	100.0	pass	True	0.9743589743589743	1.0
Potamogeton_compressus	mito	path	244461	3	238427	100.0	0	1	100.0	pass	True	0.9743589743589743	1.0
Potamogeton_lucens	mito	path	248602	3	243535	100.0	0	1	100.0	pass	True	0.9743589743589743	1.0
Potamogeton_natans	mito	path	264024	3	258143	100.0	0	1	100.0	pass	True	0.9743589743589743	1.0
Potamogeton_nodosus	mito	path	252769	6	251024	99.32	1	1	100.0	pass	True	0.9743589743589743	1.0
Potamogeton_obtusifolius	mito	path	244979	3	238949	100.0	0	1	100.0	pass	True	0.9743589743589743	1.0
Potamogeton_perfoliatus	mito	path	255754	3	252004	100.0	0	1	100.0	pass	True	0.9743589743589743	1.0
Potamogeton_praelongus	mito	path	284359	3	279329	100.0	0	1	100.0	pass	True	0.9743589743589743	1.0
Potamogeton_pusillus	mito	path	242422	3	236385	100.0	0	1	100.0	pass	True	0.9743589743589743	1.0
Potamogeton_rutilus	mito	path	242391	3	236354	100.0	0	1	100.0	pass	True	0.9743589743589743	1.0
Potamogeton_trichoides	mito	path	245087	3	238221	100.0	0	1	100.0	pass	True	0.9743589743589743	1.0
Potentilla_anglica	mito	path	350461	3	350622	100.0	0	1	100.0	pass	True	0.9743589743589743	1.0
Potentilla_anserina	mito	path	294593	3	290869	100.0	0	1	100.0	pass	True	0.9743589743589743	1.0
Potentilla_crantzii	mito	path	411329	6	394741	100.0	0	2	100.0	pass	True	1.0	1.0
Potentilla_erecta	mito	path	377838	6	361815	99.44	1	1	100.0	pass	True	0.9743589743589743	2.0
Potentilla_indica	mito	path	435443	3	435184	100.0	0	1	100.0	pass	True	1.0	1.0
Potentilla_reptans	mito	path	350448	3	351627	100.0	0	1	100.0	pass	True	0.9743589743589743	1.0
Potentilla_sterilis	mito	path	449910	6	450425	99.56	1	1	100.0	pass	True	1.0	1.0
Potentilla_verna	mito	path	369701	6	368155	99.62	1	1	100.0	pass	True	0.9743589743589743	1.0
Poterium_sanguisorba	mito	path	346315	6	345423	99.58	1	1	100.0	pass	True	1.0	1.0
Primula_farinosa	mito	path	346315	6	345423	99.58	1	1	100.0	pass	True	1.0	1.0
Primula_scotica	mito	path	361600	11	355186	100.0	0	3	100.0	pass	True	1.0	1.0
Primula_veris	mito	path	326209	5	326576	100.0	0	1	100.0	pass	True	1.0	1.0
Primula_vulgaris	mito	path	328664	6	327389	100.0	0	2	100.0	pass	True	1.0	1.0
Prunus_avium	mito	path	444558	2	445875	100.0	0	0	100.0	pass	True	1.0	2.0
Prunus_domestica	mito	path	477271	3	480767	99.48	1	0	100.0	pass	True	1.0	1.0
Prunus_laurocerasus	mito	path	588207	5	585076	100.0	0	1	100.0	pass	True	1.0	2.0
Prunus_lusitanica	mito	path	509205	8	504584	100.0	0	2	100.0	pass	True	1.0	1.0
Prunus_padus	mito	path	436201	4	435128	100.0	0	1	100.0	pass	True	1.0	2.0
Prunus_spinosa	mito	path	477416	1	477457	100.0	0	0	100.0	pass	True	1.0	1.0
Pseudisothecium_interludens	mito	path	104588	1	105770	100.0	0	0	100.0	pass	True	1.0	1.0
Pseudobryum_cinclidioides	mito	path	100146	1	100192	100.0	0	0	100.0	pass	True	1.0	1.0
Pseudofumaria_lutea	mito	path	639090	3	632900	100.0	0	1	100.0	pass	True	1.0	1.0
Pseudognaphalium_luteoalbum	mito	path	241679	3	234032	100.0	0	1	100.0	pass	True	1.0	1.0
Pseudoscleropodium_purum	mito	path	104998	1	105336	100.0	0	0	100.0	pass	True	1.0	1.0
Pseudotaxiphyllum_elegans	mito	path	104972	3	107297	98.63	1	0	100.0	pass	True	1.0	1.0
Pteridium_aquilinum	mito	seqmatch	285281	61	207092	99.34	1	35	99.99	pass	True		4.0
Pterigynandrum_filiforme	mito	path	105173	3	107050	98.65	1	0	100.0	pass	True	1.0	1.0
Ptilidium_ciliare	mito	path	179562	1	179604	100.0	0	0	100.0	pass	True	1.0	1.0
Ptilium_crista_castrensis	mito	path	104497	3	106813	98.63	1	0	100.0	pass	True	1.0	1.0
Ptychomitrium_polyphyllum	mito	path	101935	1	103205	100.0	0	0	100.0	pass	True	1.0	1.0
Ptychostomum_cyclophyllum	mito	path	99358	3	101772	97.71	1	0	100.0	pass	True	1.0	1.0
Ptychostomum_pallens	mito	path	99293	1	100584	100.0	0	0	100.0	pass	True	1.0	1.0
Puccinellia_maritima	mito	path	502932	13	475299	100.0	0	6	100.0	pass	True	1.0	1.0
Pulicaria_dysenterica	mito	path	374392	8	353925	100.0	0	3	100.0	pass	True	1.0	1.0
Pulicaria_vulgaris	mito	path	339656	6	335110	100.0	0	2	100.0	pass	True	1.0	2.0
Pyrus_communis	mito	path	443530	2	444483	100.0	0	0	100.0	pass	True	1.0	2.0
Quercus_petraea	mito	path	379713	8	375478	100.0	0	2	100.0	pass	True	1.0	2.0
Quercus_robur	mito	path	390899	9	377745	100.0	0	3	100.0	pass	True	1.0	1.0
Racomitrium_heterostichum	mito	path	106122	1	107080	100.0	0	0	100.0	pass	True	1.0	1.0
Radula_complanata	mito	path	145033	1	145078	100.0	0	0	100.0	pass	True	1.0	1.0
Ranunculus_acris	mito	path	970619	15	938153	100.0	0	4	100.0	pass	True	1.0	2.0
Ranunculus_auricomus	mito	path	680712	15	653467	100.0	0	4	100.0	pass	True	1.0	3.0
Ranunculus_bulbosus	mito	path	860705	12	859034	100.0	0	2	100.0	pass	True	1.0	4.0
Ranunculus_repens	mito	path	872571	10	822300	100.0	0	3	100.0	pass	True	1.0	5.0
Ranunculus_sardous	mito	path	856376	9	828996	100.0	0	2	100.0	pass	True	1.0	3.0
Raphanus_raphanistrum	mito	path	242904	20	252894	96.3	6	1	100.0	pass	True	1.0	2.0
Reseda_lutea	mito	path	646862	6	649029	99.77	1	1	100.0	pass	True	1.0	2.0
Reseda_luteola	mito	path	604562	21	615041	98.97	4	2	100.0	pass	True	1.0	2.0
Reynoutria_japonica	mito	path	360510	9	357982	99.6	1	3	100.0	pass	True	1.0	1.0
Rhabdoweisia_crispata	mito	path	105627	1	106313	100.0	0	0	100.0	pass	True	1.0	1.0
Rhodobryum_roseum	mito	path	102623	1	103698	100.0	0	0	100.0	pass	True	1.0	1.0
Rhynchostegiella_tenella	mito	path	104512	1	105269	100.0	0	0	100.0	pass	True	1.0	1.0
Rhynchostegium_confertum	mito	path	104676	1	104716	100.0	0	0	100.0	pass	True	0.9743589743589743	1.0
Rhynchostegium_megapolitanum	mito	path	104537	1	104582	100.0	0	0	100.0	pass	True	1.0	1.0
Rhytidiadelphus_loreus	mito	path	104814	1	106094	100.0	0	0	100.0	pass	True	1.0	1.0
Rhytidium_rugosum	mito	path	104250	1	104292	100.0	0	0	100.0	pass	True	1.0	1.0
Ribes_nigrum	mito	path	450221	2	450316	100.0	0	0	100.0	pass	True	1.0	2.0
Riccardia_palmata	mito	path	149408	5	153191	99.06	1	0	100.0	pass	True	1.0	1.0
Riccia_beyrichiana	mito	path	187413	1	187466	100.0	0	0	100.0	pass	True	1.0	1.0
Riccia_sorocarpa	mito	path	187397	1	187554	100.0	0	0	100.0	pass	True	1.0	1.0
Robinia_pseudoacacia	mito	path	401153	3	404249	99.54	1	0	100.0	pass	True	1.0	1.0
Rorippa_islandica	mito	path	254373	1	255784	100.0	0	0	100.0	pass	True	1.0	1.0
Rorippa_sylvestris	mito	path	254011	2	255179	100.0	0	0	100.0	pass	True	1.0	2.0
Rosa_agrestis	mito	path	271191	1	271910	100.0	0	0	100.0	pass	True	1.0	1.0
Rosa_canina	mito	path	273192	3	260972	100.0	0	1	100.0	pass	True	1.0	1.0
Rosa_rubiginosa	mito	path	271191	2	271795	100.0	0	0	100.0	pass	True	1.0	1.0
Rosa_rugosa	mito	path	302780	1	303366	100.0	0	0	100.0	pass	True	1.0	1.0
Rosa_spinosissima	mito	path	290803	3	287776	100.0	0	1	100.0	pass	True	1.0	1.0
Rosulabryum_capillare	mito	path	100034	1	101271	100.0	0	0	100.0	pass	True	1.0	1.0
Rubus_caesius	mito	path	423344	6	406798	100.0	0	2	100.0	pass	True	1.0	1.0
Rubus_chamaemorus	mito	path	356134	2	356221	100.0	0	0	100.0	pass	True	1.0	2.0
Rubus_idaeus	mito	path	406480	3	406600	100.0	0	1	100.0	pass	True	1.0	1.0
Rubus_saxatilis	mito	path	382071	3	379820	100.0	0	1	100.0	pass	True	1.0	1.0
Rumex_obtusifolius	mito	path	430411	17	416565	100.0	0	6	100.0	pass	True	1.0	1.0
Ruppia_maritima	mito	path	256613	6	237292	100.0	0	2	100.0	pass	True	1.0	1.0
Sabulina_verna	mito	path	377694	14	376962	98.76	3	1	100.0	pass	True	1.0	1.0
Saccogyna_viticulosa	mito	path	164434	1	164479	100.0	0	0	100.0	pass	True	1.0	1.0
Sagina_procumbens	mito	path	855748	33	868370	97.63	7	5	100.0	pass	True	0.8974358974358975	3.0
Salicornia_ramosissima	mito	path	328550	18	321844	98.14	4	2	100.0	pass	True	1.0	1.0
Salix_arbuscula	mito	path	624578	2	625508	100.0	0	0	100.0	pass	True	1.0	2.0
Salix_aurita	mito	path	640503	3	631540	100.0	0	1	100.0	pass	True	1.0	1.0
Salix_caprea	mito	path	606028	4	609096	99.77	1	0	100.0	pass	True	1.0	2.0
Salix_cinerea	mito	path	686789	6	654430	99.79	1	1	100.0	pass	True	1.0	1.0
Salix_herbacea	mito	path	692630	7	645428	99.56	2	2	100.0	pass	True	1.0	1.0
Salix_lanata	mito	path	659043	3	632497	100.0	0	1	100.0	pass	True	1.0	1.0
Salix_lapponum	mito	path	595303	3	591638	100.0	0	1	100.0	pass	True	1.0	1.0
Salix_myrsinifolia	mito	path	629465	1	630066	100.0	0	0	100.0	pass	True	1.0	1.0
Salix_purpurea	mito	path	642558	3	637021	100.0	0	1	100.0	pass	True	1.0	1.0
Salix_repens	mito	path	645969	3	641629	100.0	0	1	100.0	pass	True	1.0	1.0
Salix_reticulata	mito	path	643145	3	635358	100.0	0	1	100.0	pass	True	1.0	1.0
Salix_viminalis	mito	path	663341	4	635775	100.0	0	1	100.0	pass	True	1.0	2.0
Salvia_verbenaca	mito	path	293302	7	291781	99.5	1	1	100.0	pass	True	1.0	2.0
Sambucus_ebulus	mito	path	675262	6	647510	100.0	0	2	100.0	pass	True	1.0	1.0
Sambucus_nigra	mito	path	724114	5	718256	100.0	0	1	100.0	pass	True	1.0	1.0
Samolus_valerandi	mito	path	431154	3	432016	100.0	0	1	100.0	pass	True	1.0	1.0
Sanguisorba_minor	mito	path	566907	23	541553	99.69	1	10	100.0	pass	True	1.0	2.0
Sanicula_europaea	mito	path	299043	16	302762	99.09	2	3	100.0	pass	True	1.0	1.0
Sarmentypnum_exannulatum	mito	path	104610	1	105607	100.0	0	0	100.0	pass	True	1.0	1.0
Sarmentypnum_sarmentosum	mito	path	105307	1	106608	100.0	0	0	100.0	pass	True	1.0	1.0
Sarracenia_purpurea	mito	path	695612	18	656297	98.79	5	1	100.0	pass	True	1.0	1.0
Saxifraga_aizoides	mito	path	621970	4	433879	100.0	0	1	100.0	pass	True	0.8974358974358975	2.0
Saxifraga_cespitosa	mito	path	483761	5	486026	100.0	0	1	100.0	pass	True	0.8974358974358975	1.0
Saxifraga_hirsuta	mito	path	455954	3	447165	100.0	0	1	100.0	pass	True	0.9230769230769231	1.0
Saxifraga_hypnoides	mito	path	567474	12	561343	99.44	2	1	100.0	pass	True	0.8974358974358975	3.0
Saxifraga_oppositifolia	mito	path	522767	20	516205	99.73	1	3	100.0	pass	True	0.9487179487179487	3.0
Saxifraga_tridactylites	mito	path	291327	3	288941	100.0	0	1	100.0	pass	True	0.9487179487179487	1.0
Scabiosa_columbaria	mito	path	532002	37	539720	96.88	4	6	100.0	pass	True	1.0	4.0
Scapania_compacta	mito	path	142609	3	146514	98.57	1	0	100.0	pass	True	1.0	1.0
Scapania_gracilis	mito	path	143046	1	144499	100.0	0	0	100.0	pass	True	1.0	1.0
Scapania_ornithopodioides	mito	path	143038	1	144322	100.0	0	0	100.0	pass	True	1.0	1.0
Scapania_uliginosa	mito	path	141352	1	142592	100.0	0	0	100.0	pass	True	1.0	1.0
Scapania_undulata	mito	path	141178	1	141817	100.0	0	0	100.0	pass	True	1.0	1.0
Schistidium_strictum	mito	path	106235	1	107246	100.0	0	0	100.0	pass	True	1.0	1.0
Schoenoplectus_tabernaemontani	mito	path	2180853	34	2130341	99.72	4	9	100.0	pass	True	1.0	5.0
Scilla_verna	mito	path	450200	29	430005	98.67	3	8	100.0	pass	True	1.0	2.0
Sciuro_hypnum_glaciale	mito	path	104388	3	106705	98.63	1	0	100.0	pass	True	1.0	1.0
Sciuro_hypnum_plumosum	mito	path	104610	1	105607	100.0	0	0	100.0	pass	True	1.0	1.0
Scleranthus_perennis	mito	seqmatch	326650	62	278251	98.78	2	28	100.0	pass	True		1.0
Scorpidium_scorpioides	mito	path	104565	1	105644	100.0	0	0	100.0	pass	True	1.0	1.0
Scorzonera_humilis	mito	path	382176	20	381406	98.43	4	3	100.0	pass	True	1.0	2.0
Scrophularia_umbrosa	mito	path	787095	6	757865	100.0	0	2	100.0	pass	True	1.0	1.0
Scrophularia_vernalis	mito	path	1026908	6	1029740	100.0	0	0	100.0	pass	True	1.0	4.0
Scutellaria_galericulata	mito	path	326510	1	327327	100.0	0	0	100.0	pass	True	1.0	1.0
Scutellaria_minor	mito	path	376641	6	376501	100.0	0	2	100.0	pass	True	1.0	1.0
Sedum_acre	mito	path	204037	2	204446	100.0	0	0	100.0	pass	True	0.9487179487179487	2.0
Sedum_album	mito	path	196470	1	197001	100.0	0	0	100.0	pass	True	0.9487179487179487	1.0
Sedum_anglicum	mito	path	223337	9	219153	99.34	1	1	100.0	pass	True	1.0	2.0
Senecio_eboracensis	mito	path	292207	6	295555	100.0	0	1	100.0	pass	True	1.0	2.0
Senecio_squalidus	mito	path	426188	12	343857	99.45	1	6	100.0	pass	True	1.0	1.0
Senecio_sylvaticus	mito	path	270089	3	264779	100.0	0	1	100.0	pass	True	1.0	1.0
Senecio_vulgaris	mito	path	308355	3	273973	100.0	0	1	100.0	pass	True	1.0	1.0
Sesleria_caerulea	mito	path	621826	9	507248	100.0	0	3	100.0	pass	True	0.9743589743589743	3.0
Sherardia_arvensis	mito	path	191917	2	192771	100.0	0	0	100.0	pass	True	1.0	1.0
Sibbaldia_procumbens	mito	path	242415	1	243207	100.0	0	0	100.0	pass	True	0.9743589743589743	1.0
Sibthorpia_europaea	mito	path	340822	10	336611	98.94	2	2	100.0	pass	True	1.0	1.0
Silene_acaulis	mito	path	1719028	39	1640729	99.91	1	15	100.0	pass	True	0.8717948717948718	5.0
Sinapis_arvensis	mito	path	240033	14	245486	97.01	4	2	100.0	pass	True	1.0	1.0
Sisymbrium_altissimum	mito	path	314581	1	314629	100.0	0	0	100.0	pass	True	1.0	1.0
Sisymbrium_officinale	mito	path	283896	9	288841	98.86	2	1	100.0	pass	True	1.0	1.0
Sisyrinchium_bermudianum	mito	path	256296	6	257165	96.75	1	1	100.0	pass	True	1.0	1.0
Solanum_dulcamara	mito	path	458388	10	454213	100.0	0	3	100.0	pass	True	1.0	2.0
Solenostoma_gracillimum	mito	path	223653	3	225392	100.0	0	0	100.0	pass	True	1.0	3.0
Solidago_canadensis	mito	path	277775	3	257596	100.0	0	1	100.0	pass	True	1.0	1.0
Solidago_virgaurea	mito	path	293532	3	270346	100.0	0	1	100.0	pass	True	1.0	1.0
Sonchus_asper	mito	path	356781	13	335981	99.08	2	3	100.0	pass	True	1.0	1.0
Sonchus_oleraceus	mito	path	356777	13	335977	99.08	2	3	100.0	pass	True	1.0	1.0
Sorbus_bristoliensis	mito	path	386758	1	386950	100.0	0	0	100.0	pass	True	1.0	1.0
Sorbus_cuneifolia	mito	path	388833	1	389477	100.0	0	0	100.0	pass	True	1.0	1.0
Sorbus_devoniensis	mito	path	386758	1	386950	100.0	0	0	100.0	pass	True	1.0	1.0
Sparganium_angustifolium	mito	path	431322	3	433551	100.0	0	0	100.0	pass	True	1.0	3.0
Sparganium_emersum	mito	path	419325	3	420347	100.0	0	0	100.0	pass	True	1.0	3.0
Sparganium_erectum	mito	path	435510	3	439182	100.0	0	0	100.0	pass	True	1.0	3.0
Sparganium_natans	mito	path	430563	3	432468	100.0	0	0	100.0	pass	True	1.0	3.0
Spergula_arvensis	mito	path	337064	7	335332	100.0	0	1	100.0	pass	True	1.0	1.0
Spergularia_bocconei	mito	path	327068	22	334589	98.11	4	2	100.0	pass	True	1.0	1.0
Spergularia_marina	mito	path	327068	19	333072	98.53	3	2	100.0	pass	True	1.0	1.0
Spergularia_media	mito	path	323472	20	322984	98.06	4	5	100.0	pass	True	1.0	1.0
Sphagnum_capillifolium	mito	path	141761	1	141805	100.0	0	0	100.0	pass	True	1.0	1.0
Sphagnum_compactum	mito	path	141152	1	142506	100.0	0	0	100.0	pass	True	1.0	1.0
Sphagnum_contortum	mito	path	141702	1	141744	100.0	0	0	100.0	pass	True	1.0	1.0
Sphagnum_fallax	mito	path	141539	1	141575	100.0	0	0	100.0	pass	True	1.0	1.0
Sphagnum_fimbriatum	mito	path	141444	1	142650	100.0	0	0	100.0	pass	True	1.0	1.0
Sphagnum_girgensohnii	mito	path	141421	1	142534	100.0	0	0	100.0	pass	True	1.0	1.0
Sphagnum_inundatum	mito	path	138960	1	139961	100.0	0	0	100.0	pass	True	1.0	1.0
Sphagnum_lindbergii	mito	path	141744	1	143046	100.0	0	0	100.0	pass	True	1.0	1.0
Sphagnum_medium	mito	path	141224	1	142108	100.0	0	0	100.0	pass	True	1.0	1.0
Sphagnum_palustre	mito	path	141297	1	142181	100.0	0	0	100.0	pass	True	1.0	1.0
Sphagnum_papillosum	mito	path	141296	1	142651	100.0	0	0	100.0	pass	True	1.0	1.0
Sphagnum_riparium	mito	path	141773	1	142272	100.0	0	0	100.0	pass	True	1.0	1.0
Sphagnum_rubellum	mito	path	141741	1	142566	100.0	0	0	100.0	pass	True	1.0	1.0
Sphagnum_squarrosum	mito	path	141700	1	143115	100.0	0	0	100.0	pass	True	1.0	1.0
Sphagnum_tenellum	mito	path	141305	1	141348	100.0	0	0	100.0	pass	True	1.0	1.0
Sphagnum_teres	mito	path	141745	1	142216	100.0	0	0	100.0	pass	True	1.0	1.0
Spinacia_oleracea	mito	path	329669	3	325567	100.0	0	1	100.0	pass	True	1.0	1.0
Spiraea_salicifolia	mito	path	313442	6	299714	100.0	0	2	100.0	pass	True	1.0	1.0
Spirodela_polyrhiza	mito	path	229417	2	229867	100.0	0	0	100.0	pass	True	1.0	1.0
Splachnum_sphaericum	mito	path	104494	1	104545	100.0	0	0	100.0	pass	True	1.0	1.0
Stachys_palustris	mito	path	344001	4	345133	100.0	0	1	100.0	pass	True	0.9487179487179487	2.0
Stereodon_callichrous	mito	path	103943	1	104862	100.0	0	0	100.0	pass	True	1.0	1.0
Straminergon_stramineum	mito	path	104602	1	105488	100.0	0	0	100.0	pass	True	1.0	1.0
Struthiopteris_spicant	mito	seqmatch	275710	38	189067	98.48	1	13	100.0	pass	True		1.0
Stuckenia_filiformis	mito	path	269589	3	263551	100.0	0	1	100.0	pass	True	0.9743589743589743	1.0
Stuckenia_pectinata	mito	path	271115	9	268797	98.92	2	1	100.0	pass	True	0.9743589743589743	1.0
Suaeda_maritima	mito	path	615653	11	602285	100.0	0	5	100.0	pass	True	1.0	1.0
Succisa_pratensis	mito	path	550860	13	545772	99.32	1	2	100.0	pass	True	1.0	5.0
Symphytum_tuberosum	mito	path	356579	8	356160	99.21	2	1	100.0	pass	True	1.0	1.0
Syntrichia_ruraliformis	mito	path	106092	1	106300	100.0	0	0	100.0	pass	True	1.0	1.0
Syringa_vulgaris	mito	path	890456	6	771760	100.0	0	2	100.0	pass	True	1.0	1.0
Tamarix_gallica	mito	path	483720	9	456413	100.0	0	3	100.0	pass	True	1.0	1.0
Tanacetum_parthenium	mito	path	220023	2	222020	100.0	0	0	100.0	pass	True	1.0	1.0
Tanacetum_vulgare	mito	path	226965	1	228043	100.0	0	0	100.0	pass	True	1.0	1.0
Tellima_grandiflora	mito	path	552762	7	532972	100.0	0	2	100.0	pass	True	1.0	1.0
Tetraplodon_mnioides	mito	path	104978	1	106309	100.0	0	0	100.0	pass	True	1.0	1.0
Teucrium_scorodonia	mito	path	525072	31	518229	99.27	2	8	100.0	pass	True	1.0	4.0
Thalictrum_alpinum	mito	path	416572	13	417387	99.64	1	1	100.0	pass	True	1.0	3.0
Thalictrum_flavum	mito	path	454947	3	447808	100.0	0	1	100.0	pass	True	1.0	1.0
Thalictrum_minus	mito	path	427672	3	422940	100.0	0	1	100.0	pass	True	1.0	1.0
Thamnobryum_alopecurum	mito	path	104219	1	105465	100.0	0	0	100.0	pass	True	1.0	1.0
Thelypteris_palustris	mito	seqmatch	288380	56	220625	100.0	0	28	100.0	pass	True		1.0
Thuidium_delicatulum	mito	path	103216	1	103257	100.0	0	0	100.0	pass	True	1.0	1.0
Thuidium_tamariscinum	mito	path	103123	1	103489	100.0	0	0	100.0	pass	True	1.0	1.0
Thymus_serpyllum	mito	seqmatch	553088	119	526958	97.74	7	33	99.89	pass	True		8.0
Tilia_cordata	mito	path	789200	3	789305	100.0	0	0	100.0	pass	True	1.0	2.0
Tofieldia_pusilla	mito	path	828740	16	815950	99.83	1	5	100.0	pass	True	1.0	2.0
Torilis_japonica	mito	path	309248	24	293079	98.44	3	7	100.0	pass	True	1.0	1.0
Tortella_tortuosa	mito	path	104029	1	104589	100.0	0	0	100.0	pass	True	1.0	1.0
Tragopogon_porrifolius	mito	path	401775	13	346208	100.0	0	6	100.0	pass	True	1.0	1.0
Tragopogon_pratensis	mito	path	381643	10	337952	100.0	0	4	100.0	pass	True	1.0	1.0
Tricholepidozia_tetradactyla	mito	path	165573	3	168738	98.64	1	0	100.0	pass	True	1.0	1.0
Trichostomum_littorale	mito	path	104775	1	105930	100.0	0	0	100.0	pass	True	1.0	1.0
Trifolium_arvense	mito	path	315994	1	317238	100.0	0	0	100.0	pass	True	1.0	1.0
Trifolium_bocconei	mito	path	306913	1	307929	100.0	0	0	100.0	pass	True	1.0	1.0
Trifolium_campestre	mito	path	316184	8	317392	99.56	1	1	100.0	pass	True	1.0	2.0
Trifolium_dubium	mito	path	316188	3	317614	100.0	0	0	100.0	pass	True	1.0	3.0
Trifolium_fragiferum	mito	path	298572	3	296439	100.0	0	1	100.0	pass	True	1.0	1.0
Trifolium_incarnatum	mito	path	326515	5	321155	100.0	0	1	100.0	pass	True	1.0	3.0
Trifolium_medium	mito	path	297794	2	298608	100.0	0	0	100.0	pass	True	1.0	1.0
Trifolium_occidentale	mito	path	318504	3	321896	99.46	1	0	100.0	pass	True	1.0	2.0
Trifolium_ochroleucon	mito	path	330779	12	327500	99.05	2	2	100.0	pass	True	1.0	1.0
Trifolium_pratense	mito	path	299986	3	299594	100.0	0	1	100.0	pass	True	1.0	1.0
Trifolium_repens	mito	path	350848	1	351277	100.0	0	0	100.0	pass	True	1.0	1.0
Trifolium_scabrum	mito	path	322954	12	332608	97.97	4	0	100.0	pass	True	1.0	1.0
Trifolium_striatum	mito	path	284373	5	286982	100.0	0	1	100.0	pass	True	1.0	1.0
Trifolium_strictum	mito	path	345770	2	346095	100.0	0	0	100.0	pass	True	1.0	1.0
Trifolium_subterraneum	mito	path	309277	6	308677	100.0	0	2	100.0	pass	True	1.0	1.0
Triglochin_palustris	mito	path	352751	2	353467	100.0	0	0	100.0	pass	True	0.9743589743589743	2.0
Tripleurospermum_maritimum	mito	path	228959	1	228999	100.0	0	0	100.0	pass	True	1.0	1.0
Tripolium_pannonicum	mito	path	306448	7	301053	100.0	0	1	100.0	pass	True	1.0	3.0
Trocdaris_verticillatum	mito	path	308824	17	298614	99.55	1	4	100.0	pass	True	1.0	1.0
Turritis_glabra	mito	path	275839	2	277219	100.0	0	0	100.0	pass	True	1.0	2.0
Tussilago_farfara	mito	path	305151	12	303483	96.59	2	2	100.0	pass	True	1.0	1.0
Ulex_europaeus	mito	path	432390	3	430272	100.0	0	1	100.0	pass	True	1.0	1.0
Ulex_minor	mito	path	480510	1	481414	100.0	0	0	100.0	pass	True	1.0	1.0
Ulmus_glabra	mito	path	520458	1	521320	100.0	0	0	100.0	pass	True	1.0	1.0
Ulmus_minor	mito	path	520470	3	523275	99.67	1	0	100.0	pass	True	1.0	1.0
Ulmus_procera	mito	path	520458	1	521320	100.0	0	0	100.0	pass	True	1.0	1.0
Ulota_crispa	mito	path	104638	1	105547	100.0	0	0	100.0	pass	True	1.0	1.0
Ulota_phyllantha	mito	path	104733	1	105477	100.0	0	0	100.0	pass	True	1.0	1.0
Umbilicus_rupestris	mito	path	241617	1	242384	100.0	0	0	100.0	pass	True	0.9487179487179487	1.0
Vaccinium_myrtillus	mito	path	754687	3	751658	100.0	0	1	100.0	pass	True	1.0	1.0
Vaccinium_oxycoccos	mito	path	485812	2	485948	100.0	0	0	100.0	pass	True	1.0	2.0
Vaccinium_vitis_idaea	mito	path	550445	1	551720	100.0	0	0	100.0	pass	True	1.0	1.0
Valeriana_officinalis	mito	path	1144074	14	1088941	100.0	0	6	100.0	pass	True	1.0	2.0
Verbascum_nigrum	mito	path	491164	4	484842	100.0	0	1	100.0	pass	True	1.0	2.0
Verbascum_thapsus	mito	path	481892	6	477262	99.7	1	1	100.0	pass	True	1.0	2.0
Verbena_officinalis	mito	path	495811	6	491677	100.0	0	2	100.0	pass	True	1.0	1.0
Veronica_anagallis_aquatica	mito	path	362748	3	340626	100.0	0	1	100.0	pass	True	1.0	1.0
Veronica_arvensis	mito	path	280619	3	277530	100.0	0	1	100.0	pass	True	1.0	1.0
Veronica_beccabunga	mito	path	349940	3	333737	100.0	0	1	100.0	pass	True	1.0	1.0
Veronica_chamaedrys	mito	path	314316	6	309949	100.0	0	1	100.0	pass	True	1.0	2.0
Veronica_filiformis	mito	path	314235	21	314594	97.54	5	2	100.0	pass	True	1.0	1.0
Veronica_hederifolia	mito	path	289247	17	307211	95.6	6	0	100.0	pass	True	1.0	1.0
Veronica_officinalis	mito	path	350489	3	352053	99.58	1	0	100.0	pass	True	1.0	2.0
Veronica_persica	mito	path	314756	12	319010	98.36	3	1	100.0	pass	True	1.0	1.0
Veronica_praecox	mito	path	359353	6	347280	100.0	0	2	100.0	pass	True	1.0	1.0
Veronica_scutellata	mito	path	333745	2	336010	100.0	0	0	100.0	pass	True	1.0	2.0
Veronica_serpyllifolia	mito	path	334109	3	324799	100.0	0	1	100.0	pass	True	1.0	1.0
Veronica_triphyllos	mito	path	328578	6	324556	99.57	1	1	100.0	pass	True	1.0	1.0
Veronica_verna	mito	path	311805	3	306776	100.0	0	1	100.0	pass	True	1.0	1.0
Viburnum_lantana	mito	path	655833	5	654271	99.72	1	1	100.0	pass	True	1.0	1.0
Vicia_cracca	mito	path	463438	11	452245	100.0	0	3	100.0	pass	True	1.0	1.0
Vicia_hirsuta	mito	path	325006	1	326260	100.0	0	0	100.0	pass	True	1.0	1.0
Vicia_parviflora	mito	path	406063	2	407108	100.0	0	0	100.0	pass	True	1.0	2.0
Vicia_sativa	mito	path	405761	3	401813	100.0	0	1	100.0	pass	True	1.0	1.0
Vicia_sepium	mito	path	406512	6	386602	100.0	0	3	100.0	pass	True	1.0	1.0
Viola_hirta	mito	path	495635	3	487345	100.0	0	1	100.0	pass	True	1.0	1.0
Viola_lutea	mito	path	419194	3	420217	100.0	0	0	100.0	pass	True	1.0	3.0
Viola_odorata	mito	path	482110	1	482146	100.0	0	0	100.0	pass	True	1.0	1.0
Viola_palustris	mito	path	513642	3	516080	99.63	1	0	100.0	pass	True	1.0	2.0
Viola_stagnina	mito	path	484667	1	485622	100.0	0	0	100.0	pass	True	1.0	1.0
Viola_tricolor	mito	path	418480	3	420632	100.0	0	0	100.0	pass	True	1.0	3.0
Vitis_vinifera	mito	path	816565	1	817464	100.0	0	0	100.0	pass	True	1.0	1.0
Woodsia_ilvensis	mito	seqmatch	186397	43	195933	75.22	5	13	100.0	pass	True		1.0
Xerophyllum_tenax	mito	path	1125471	11	1063466	100.0	0	3	100.0	pass	True	1.0	3.0
Zygodon_viridissimus	mito	path	102795	1	104035	100.0	0	0	100.0	pass	True	1.0	1.0
Acer_campestre	pltd	path	156294	7	136367	97.52	2	1	100.0	pass	True	1.0	1.0
Acer_pseudoplatanus	pltd	path	155976	3	132400	100.0	0	1	100.0	pass	True	1.0	1.0
Achillea_millefolium	pltd	path	149137	3	127599	100.0	0	1	100.0	pass	True	1.0	1.0
Achillea_ptarmica	pltd	path	149264	3	127734	100.0	0	1	100.0	pass	True	1.0	1.0
Aconitum_napellus	pltd	path	155694	3	131304	100.0	0	1	100.0	pass	True	0.9907407407407407	1.0
Adiantum_capillus_veneris	pltd	path	150591	9	139154	94.21	4	2	100.0	pass	True	0.9907407407407407	1.0
Adonis_annua	pltd	path	152758	3	128372	100.0	0	1	100.0	pass	True	0.9907407407407407	1.0
Adoxa_moschatellina	pltd	path	157663	3	133749	100.0	0	1	100.0	pass	True	1.0	1.0
Aegonychon_purpurocaeruleum	pltd	path	151739	5	130021	98.81	1	1	100.0	pass	True	1.0	1.0
Aesculus_hippocastanum	pltd	path	156082	3	131604	100.0	0	1	100.0	pass	True	1.0	1.0
Agrimonia_eupatoria	pltd	path	155185	3	130347	100.0	0	1	100.0	pass	True	1.0	1.0
Agrostemma_githago	pltd	path	151730	3	129699	100.0	0	1	100.0	pass	True	1.0	1.0
Agrostis_stolonifera	pltd	path	136578	5	120334	98.77	1	1	100.0	pass	True	0.9907407407407407	1.0
Ailanthus_altissima	pltd	path	161079	3	136435	100.0	0	1	100.0	pass	True	1.0	1.0
Ajuga_chamaepitys	pltd	path	150704	3	127409	100.0	0	1	100.0	pass	True	1.0	1.0
Ajuga_reptans	pltd	path	149990	3	126564	100.0	0	1	100.0	pass	True	1.0	1.0
Alisma_plantago_aquatica	pltd	path	159878	3	136071	100.0	0	1	100.0	pass	True	1.0	1.0
Alleniella_complanata	pltd	path	124900	3	118207	100.0	0	1	100.0	pass	True	1.0	1.0
Alliaria_petiolata	pltd	path	153318	3	129228	100.0	0	1	100.0	pass	True	1.0	1.0
Allium_triquetrum	pltd	path	153145	3	128514	100.0	0	1	100.0	pass	True	1.0	1.0
Alnus_cordata	pltd	path	160763	3	137551	100.0	0	1	100.0	pass	True	1.0	1.0
Alopecurus_pratensis	pltd	path	136158	3	116593	100.0	0	1	100.0	pass	True	1.0	1.0
Ammi_majus	pltd	path	153023	3	132655	100.0	0	1	100.0	pass	True	1.0	1.0
Amphidium_lapponicum	pltd	path	124834	3	117995	100.0	0	1	100.0	pass	True	1.0	1.0
Amphidium_mougeotii	pltd	path	125037	3	117918	100.0	0	1	100.0	pass	True	1.0	1.0
Amsinckia_menziesii	pltd	path	149604	25	154920	85.86	12	8	100.0	pass	True	1.0	1.0
Anacamptis_pyramidalis	pltd	path	149723	3	127570	100.0	0	1	100.0	pass	True	1.0	1.0
Anagallis_tenella	pltd	path	153375	3	130807	100.0	0	1	100.0	pass	True	1.0	1.0
Anastrepta_orcadensis	pltd	path	118519	7	115185	97.32	2	1	100.0	pass	True	1.0	1.0
Anastrophyllum_donnianum	pltd	path	118617	9	118779	94.65	4	1	100.0	pass	True	1.0	1.0
Anchusa_arvensis	pltd	path	150812	3	126524	100.0	0	1	100.0	pass	True	1.0	1.0
Andreaea_frigida	pltd	path	134387	3	126714	100.0	0	1	100.0	pass	True	1.0	1.0
Andreaea_hookeri	pltd	path	134982	3	128015	100.0	0	1	100.0	pass	True	1.0	1.0
Andreaea_mutabilis	pltd	path	135060	3	128143	100.0	0	1	100.0	pass	True	1.0	1.0
Andreaea_nivalis	pltd	path	136258	3	129689	100.0	0	1	100.0	pass	True	1.0	1.0
Andreaea_rothii	pltd	path	135496	3	127272	100.0	0	1	100.0	pass	True	1.0	1.0
Andreaea_rupestris	pltd	path	135054	3	128350	100.0	0	1	100.0	pass	True	1.0	1.0
Andromeda_polifolia	pltd	path	189942	6	152012	100.0	0	4	100.0	pass	True	0.9907407407407407	1.0
Anemone_nemorosa	pltd	path	160716	3	131860	100.0	0	1	100.0	pass	True	0.9907407407407407	1.0
Anethum_foeniculum	pltd	path	153563	3	132529	100.0	0	1	100.0	pass	True	1.0	1.0
Angelica_archangelica	pltd	path	145653	3	131524	100.0	0	1	100.0	pass	True	1.0	1.0
Anoectangium_aestivum	pltd	path	123857	3	118895	100.0	0	1	100.0	pass	True	1.0	1.0
Anomodon_viticulosus	pltd	path	126114	3	117974	100.0	0	1	100.0	pass	True	1.0	1.0
Antennaria_dioica	pltd	path	151513	3	130591	100.0	0	1	100.0	pass	True	1.0	1.0
Anthelia_julacea	pltd	path	118679	3	111449	100.0	0	1	100.0	pass	True	1.0	1.0
Anthoxanthum_odoratum	pltd	path	135599	3	115418	100.0	0	1	100.0	pass	True	0.9907407407407407	1.0
Anthriscus_caucalis	pltd	path	154417	3	129670	100.0	0	1	100.0	pass	True	1.0	1.0
Anthriscus_sylvestris	pltd	path	155063	3	130236	100.0	0	1	100.0	pass	True	1.0	1.0
Anthyllis_vulneraria	pltd	path	151909	15	146911	89.82	6	1	100.0	pass	True	0.9814814814814815	1.0
Antitrichia_curtipendula	pltd	path	124870	3	117157	100.0	0	1	100.0	pass	True	1.0	1.0
Arabidopsis_thaliana	pltd	path	154475	3	132509	100.0	0	1	100.0	pass	True	1.0	1.0
Arabis_alpina	pltd	path	152797	3	130316	100.0	0	1	100.0	pass	True	1.0	1.0
Arabis_hirsuta	pltd	path	153766	3	131611	100.0	0	1	100.0	pass	True	1.0	1.0
Arbutus_unedo	pltd	path	150965	3	126031	100.0	0	1	100.0	pass	True	1.0	1.0
Archidium_alternifolium	pltd	path	125307	3	119287	100.0	0	1	100.0	pass	True	1.0	1.0
Arctium_lappa	pltd	path	152708	3	130161	100.0	0	1	100.0	pass	True	1.0	1.0
Arctostaphylos_uva_ursi	pltd	path	149998	6	126887	98.43	1	3	100.0	pass	True	1.0	1.0
Arenaria_serpyllifolia	pltd	path	146663	3	126448	100.0	0	1	100.0	pass	True	1.0	1.0
Aria_edulis	pltd	path	160365	3	136435	100.0	0	1	100.0	pass	True	1.0	1.0
Aristolochia_clematitis	pltd	path	160899	3	135952	100.0	0	1	100.0	pass	True	1.0	1.0
Arrhenatherum_elatius	pltd	path	136396	3	117716	100.0	0	1	100.0	pass	True	0.9907407407407407	1.0
Artemisia_campestris	pltd	path	151025	3	128702	100.0	0	1	100.0	pass	True	1.0	1.0
Artemisia_maritima	pltd	path	151065	3	128732	100.0	0	1	100.0	pass	True	1.0	1.0
Artemisia_vulgaris	pltd	path	151167	3	128844	100.0	0	1	100.0	pass	True	1.0	1.0
Arum_italicum	pltd	path	162884	7	145144	97.32	2	1	100.0	pass	True	1.0	1.0
Asparagus_officinalis	pltd	path	156728	3	130810	100.0	0	1	100.0	pass	True	1.0	1.0
Asplenium_ceterach	pltd	path	149524	3	128861	100.0	0	1	100.0	pass	True	0.9907407407407407	1.0
Asplenium_scolopendrium	pltd	path	149312	3	129013	100.0	0	1	100.0	pass	True	0.9814814814814815	1.0
Asplenium_trichomanes	pltd	path	148467	3	129439	100.0	0	1	100.0	pass	True	0.9814814814814815	1.0
Asplenium_viride	pltd	path	155664	3	131896	100.0	0	1	100.0	pass	True	0.9814814814814815	1.0
Astragalus_alpinus	pltd	path	123202	3	125713	98.08	1	0	100.0	pass	True	0.9907407407407407	1.0
Astragalus_glycyphyllos	pltd	path	124001	3	125828	98.61	1	0	100.0	pass	True	1.0	1.0
Atractylocarpus_subporodictyon	pltd	path	127894	3	121291	100.0	0	1	100.0	pass	True	1.0	1.0
Atriplex_laciniata	pltd	path	152006	5	131557	100.0	0	1	100.0	pass	True	1.0	1.0
Atriplex_littoralis	pltd	path	152180	5	131744	100.0	0	1	100.0	pass	True	1.0	1.0
Atriplex_praecox	pltd	path	152187	5	131778	100.0	0	1	100.0	pass	True	1.0	1.0
Aulacomnium_androgynum	pltd	path	125921	3	119328	100.0	0	1	100.0	pass	True	1.0	1.0
Azolla_filiculoides	pltd	path	147671	3	128727	100.0	0	1	100.0	pass	True	1.0	1.0
Baldellia_ranunculoides	pltd	path	159446	3	135729	100.0	0	1	100.0	pass	True	1.0	1.0
Ballota_nigra	pltd	path	151913	3	130100	100.0	0	1	100.0	pass	True	1.0	1.0
Bartramia_pomiformis	pltd	path	125774	3	120273	100.0	0	1	100.0	pass	True	1.0	1.0
Bazzania_pearsonii	pltd	path	119895	3	113845	100.0	0	1	100.0	pass	True	1.0	1.0
Bazzania_tricrenata	pltd	path	119261	3	112750	100.0	0	1	100.0	pass	True	1.0	1.0
Bellis_perennis	pltd	path	151870	7	131389	97.6	2	1	100.0	pass	True	1.0	1.0
Berberis_vulgaris	pltd	path	166264	3	132595	100.0	0	1	100.0	pass	True	1.0	1.0
Beta_vulgaris	pltd	path	149717	3	127414	100.0	0	1	100.0	pass	True	1.0	1.0
Betonica_officinalis	pltd	path	151541	3	128204	100.0	0	1	100.0	pass	True	1.0	1.0
Bidens_cernua	pltd	path	150511	3	128754	100.0	0	1	100.0	pass	True	1.0	1.0
Bistorta_vivipara	pltd	path	158851	3	130795	100.0	0	1	100.0	pass	True	1.0	1.0
Blasia_pusilla	pltd	path	121429	3	113375	100.0	0	1	100.0	pass	True	1.0	1.0
Blindia_acuta	pltd	path	123787	3	116212	100.0	0	1	100.0	pass	True	1.0	1.0
Blindiadelphus_recurvatus	pltd	path	123949	3	117298	100.0	0	1	100.0	pass	True	1.0	1.0
Blitum_bonus_henricus	pltd	path	152606	3	130040	100.0	0	1	100.0	pass	True	1.0	1.0
Brachydontium_trichodes	pltd	path	123450	3	117236	100.0	0	1	100.0	pass	True	1.0	1.0
Brachythecium_rutabulum	pltd	path	124488	3	116656	100.0	0	1	100.0	pass	True	1.0	1.0
Brassica_nigra	pltd	path	153630	3	131910	100.0	0	1	100.0	pass	True	1.0	1.0
Brassica_oleracea	pltd	path	153365	3	129093	100.0	0	1	100.0	pass	True	1.0	1.0
Braunia_imberbis	pltd	path	125213	3	115640	100.0	0	1	100.0	pass	True	1.0	1.0
Bromus_benekenii	pltd	path	137238	3	116972	100.0	0	1	100.0	pass	True	0.9907407407407407	1.0
Bromus_hordeaceus	pltd	path	137141	3	117497	100.0	0	1	100.0	pass	True	0.9907407407407407	1.0
Bromus_sterilis	pltd	path	136963	3	116859	100.0	0	1	100.0	pass	True	0.9907407407407407	1.0
Bryoerythrophyllum_ferruginascens	pltd	path	123210	3	116954	100.0	0	1	100.0	pass	True	1.0	1.0
Bryum_calophyllum	pltd	path	123057	5	116914	98.6	1	1	100.0	pass	True	1.0	1.0
Bryum_knowltonii	pltd	path	123220	3	116683	100.0	0	1	100.0	pass	True	1.0	1.0
Bryum_marratii	pltd	path	123085	3	115754	100.0	0	1	100.0	pass	True	1.0	1.0
Bryum_riparium	pltd	path	123219	3	115306	100.0	0	1	100.0	pass	True	1.0	1.0
Buddleja_davidii	pltd	path	154118	3	131165	100.0	0	1	100.0	pass	True	1.0	1.0
Butomus_umbellatus	pltd	path	158338	3	135529	100.0	0	1	100.0	pass	True	1.0	1.0
Calendula_officinalis	pltd	path	150465	9	135224	96.2	3	1	100.0	pass	True	1.0	1.0
Calliergon_cordifolium	pltd	path	124153	7	122006	95.9	3	1	100.0	pass	True	1.0	1.0
Calliergon_giganteum	pltd	path	124817	3	116941	100.0	0	1	100.0	pass	True	1.0	1.0
Calliergonella_cuspidata	pltd	path	124566	3	117129	100.0	0	1	100.0	pass	True	1.0	1.0
Calypogeia_arguta	pltd	path	119666	3	114218	100.0	0	1	100.0	pass	True	1.0	1.0
Calypogeia_muelleriana	pltd	path	120122	5	117665	98.17	1	1	100.0	pass	True	1.0	1.0
Campanula_medium	pltd	path	172145	21	160820	91.59	8	6	100.0	pass	True	0.9814814814814815	1.0
Campanula_patula	pltd	path	186277	6	156125	98.98	1	3	100.0	pass	True	0.9814814814814815	1.0
Campanula_rotundifolia	pltd	path	180176	3	149917	100.0	0	1	100.0	pass	True	0.9814814814814815	1.0
Camptothecium_lutescens	pltd	path	124499	3	116421	100.0	0	1	100.0	pass	True	1.0	1.0
Campylium_stellatum	pltd	path	124529	6	123331	95.3	2	1	100.0	pass	True	1.0	1.0
Campylopus_flexuosus	pltd	path	123694	3	116790	100.0	0	1	100.0	pass	True	1.0	1.0
Campylopus_introflexus	pltd	path	123702	3	117002	100.0	0	1	100.0	pass	True	1.0	1.0
Capsella_bursa_pastoris	pltd	path	154570	3	131503	100.0	0	1	100.0	pass	True	1.0	1.0
Cardamine_amara	pltd	path	154667	3	132104	100.0	0	1	100.0	pass	True	1.0	1.0
Cardamine_bulbifera	pltd	path	155036	3	130026	100.0	0	1	100.0	pass	True	1.0	1.0
Cardamine_pratensis	pltd	path	154637	3	131190	100.0	0	1	100.0	pass	True	1.0	1.0
Cardamine_raphanifolia	pltd	path	154634	3	132143	100.0	0	1	100.0	pass	True	1.0	1.0
Carex_acutiformis	pltd	path	238898	6	182375	100.0	0	4	100.0	pass	True	0.9907407407407407	1.0
Carex_aquatilis	pltd	path	216069	9	173736	100.0	0	5	100.0	pass	True	0.9814814814814815	1.0
Carex_arenaria	pltd	path	197034	3	158920	100.0	0	1	100.0	pass	True	0.9907407407407407	1.0
Carex_atrata	pltd	path	204493	3	157668	100.0	0	1	100.0	pass	True	0.9907407407407407	1.0
Carex_bigelowii	pltd	path	200868	6	163175	98.93	1	3	100.0	pass	True	0.9814814814814815	1.0
Carex_buxbaumii	pltd	path	195205	3	154746	100.0	0	1	100.0	pass	True	0.9907407407407407	1.0
Carex_capillaris	pltd	path	207978	8	168645	99.14	1	5	100.0	pass	True	0.9907407407407407	1.0
Carex_caryophyllea	pltd	path	227459	9	174555	100.0	0	5	100.0	pass	True	0.9907407407407407	1.0
Carex_distans	pltd	path	200949	3	159464	100.0	0	1	100.0	pass	True	0.9907407407407407	1.0
Carex_disticha	pltd	path	188904	3	154426	100.0	0	1	100.0	pass	True	0.9907407407407407	1.0
Carex_divulsa	pltd	path	183844	3	150180	100.0	0	1	100.0	pass	True	0.9907407407407407	1.0
Carex_echinata	pltd	path	179086	3	145776	100.0	0	1	100.0	pass	True	0.9907407407407407	1.0
Carex_elata	pltd	path	213592	19	182820	97.44	2	8	100.0	pass	True	0.9814814814814815	1.0
Carex_extensa	pltd	path	214888	7	169404	97.87	1	4	100.0	pass	True	0.9907407407407407	1.0
Carex_lachenalii	pltd	path	181289	3	149079	100.0	0	1	100.0	pass	True	0.9907407407407407	1.0
Carex_lepidocarpa	pltd	path	231518	3	175358	100.0	0	1	100.0	pass	True	0.9907407407407407	1.0
Carex_leporina	pltd	path	182571	3	149010	100.0	0	1	100.0	pass	True	0.9907407407407407	1.0
Carex_montana	pltd	path	229650	17	185593	97.54	3	8	100.0	pass	True	0.9907407407407407	1.0
Carex_nigra	pltd	path	206436	3	163398	100.0	0	1	100.0	pass	True	0.9814814814814815	1.0
Carex_otrubae	pltd	path	186737	3	152183	100.0	0	1	100.0	pass	True	0.9907407407407407	1.0
Carex_pallescens	pltd	path	230872	6	177435	100.0	0	4	100.0	pass	True	0.9907407407407407	1.0
Carex_panicea	pltd	path	206378	9	170722	100.0	0	3	100.0	pass	True	0.9814814814814815	1.0
Carex_pendula	pltd	path	212052	3	168615	100.0	0	1	100.0	pass	True	0.9907407407407407	1.0
Carex_pseudocyperus	pltd	path	237043	4	191954	100.0	0	1	100.0	pass	True	1.0	2.0
Carex_riparia	pltd	path	216812	6	167038	100.0	0	4	100.0	pass	True	0.9907407407407407	1.0
Carex_rostrata	pltd	path	220951	7	170138	100.0	0	5	100.0	pass	True	0.9907407407407407	1.0
Carex_rupestris	pltd	path	205384	5	159565	100.0	0	3	100.0	pass	True	0.9814814814814815	1.0
Carex_saxatilis	pltd	path	220200	17	184700	93.63	7	2	100.0	pass	True	0.9907407407407407	1.0
Carex_spicata	pltd	path	183585	3	150503	100.0	0	1	100.0	pass	True	0.9907407407407407	1.0
Carex_strigosa	pltd	path	211576	3	168529	100.0	0	1	100.0	pass	True	0.9907407407407407	1.0
Carex_sylvatica	pltd	path	215139	9	174863	100.0	0	4	100.0	pass	True	0.9907407407407407	1.0
Carex_vaginata	pltd	path	205521	7	164114	100.0	0	4	100.0	pass	True	0.9814814814814815	1.0
Carlina_vulgaris	pltd	seqmatch	153046	3	129887	100.0	0	1	100.0	pass	True	1.0	1.0
Castanea_sativa	pltd	path	160938	3	136785	100.0	0	1	100.0	pass	True	1.0	1.0
Centaurea_nigra	pltd	path	152615	3	130454	100.0	0	1	100.0	pass	True	1.0	1.0
Cephalanthera_damasonium	pltd	path	161951	3	136341	100.0	0	1	100.0	pass	True	1.0	1.0
Cephalozia_bicuspidata	pltd	path	115238	3	108489	100.0	0	1	100.0	pass	True	1.0	1.0
Cerastium_arvense	pltd	path	147940	3	125493	100.0	0	1	100.0	pass	True	1.0	1.0
Cerastium_diffusum	pltd	path	148798	3	126716	100.0	0	1	100.0	pass	True	1.0	1.0
Cerastium_glomeratum	pltd	path	148659	3	126172	100.0	0	1	100.0	pass	True	1.0	1.0
Cerastium_semidecandrum	pltd	path	148611	6	129056	97.26	1	3	100.0	pass	True	1.0	1.0
Ceratocapnos_claviculata	pltd	path	189722	6	147643	98.65	1	3	100.0	pass	True	0.9907407407407407	1.0
Ceratodon_purpureus	pltd	path	124130	3	117744	100.0	0	1	100.0	pass	True	1.0	1.0
Chaenorhinum_minus	pltd	path	151457	9	136380	96.51	2	1	100.0	pass	True	1.0	1.0
Chamaemelum_nobile	pltd	path	149877	3	128549	100.0	0	1	100.0	pass	True	1.0	1.0
Chamaenerion_angustifolium	pltd	seqmatch	162153	3	136069	100.0	0	1	100.0	pass	True	1.0	1.0
Chelidonium_majus	pltd	path	159722	3	136366	100.0	0	1	100.0	pass	True	1.0	1.0
Chenopodium_album	pltd	path	152063	3	129616	100.0	0	1	100.0	pass	True	1.0	1.0
Chionoloma_tenuirostre	pltd	path	121997	3	116442	100.0	0	1	100.0	pass	True	1.0	1.0
Chrysosplenium_alternifolium	pltd	path	153441	3	130086	100.0	0	1	100.0	pass	True	1.0	1.0
Chrysosplenium_oppositifolium	pltd	path	150891	3	128703	100.0	0	1	100.0	pass	True	1.0	1.0
Cicerbita_alpina	pltd	path	152767	3	130241	100.0	0	1	100.0	pass	True	1.0	1.0
Cicerbita_macrophylla	pltd	path	152466	3	129954	100.0	0	1	100.0	pass	True	1.0	1.0
Cicerbita_muralis	pltd	path	152745	3	130195	100.0	0	1	100.0	pass	True	1.0	1.0
Cichorium_intybus	pltd	path	152975	3	130607	100.0	0	1	100.0	pass	True	1.0	1.0
Circaea_lutetiana	pltd	path	156086	3	133666	100.0	0	1	100.0	pass	True	1.0	1.0
Cirsium_acaule	pltd	path	152525	3	129984	100.0	0	1	100.0	pass	True	1.0	1.0
Cirsium_arvense	pltd	path	152430	3	129895	100.0	0	1	100.0	pass	True	1.0	1.0
Cirsium_dissectum	pltd	path	152519	3	129986	100.0	0	1	100.0	pass	True	1.0	1.0
Cirsium_eriophorum	pltd	path	152556	3	130027	100.0	0	1	100.0	pass	True	1.0	1.0
Cirsium_heterophyllum	pltd	path	152563	3	130023	100.0	0	1	100.0	pass	True	1.0	1.0
Cirsium_vulgare	pltd	path	152614	3	130065	100.0	0	1	100.0	pass	True	1.0	1.0
Clematis_vitalba	pltd	path	159707	3	130795	100.0	0	1	100.0	pass	True	1.0	1.0
Clematis_viticella	pltd	path	159638	3	130761	100.0	0	1	100.0	pass	True	1.0	1.0
Climacium_dendroides	pltd	path	124962	3	117585	100.0	0	1	100.0	pass	True	1.0	1.0
Clinopodium_vulgare	pltd	path	152009	3	128544	100.0	0	1	100.0	pass	True	1.0	1.0
Cochlearia_officinalis	pltd	path	154680	3	132303	100.0	0	1	100.0	pass	True	1.0	1.0
Codriophorus_aciculare	pltd	path	123942	3	116192	100.0	0	1	100.0	pass	True	1.0	1.0
Coincya_wrightii	pltd	path	153806	3	130032	100.0	0	1	100.0	pass	True	1.0	1.0
Colura_calyptrifolia	pltd	path	114840	3	107414	100.0	0	1	100.0	pass	True	1.0	1.0
Convallaria_majalis	pltd	path	162103	3	133895	100.0	0	1	100.0	pass	True	1.0	1.0
Cornus_suecica	pltd	path	157114	3	133616	100.0	0	1	100.0	pass	True	1.0	1.0
Corynephorus_canescens	pltd	path	135989	3	116492	100.0	0	1	100.0	pass	True	0.9907407407407407	1.0
Cotoneaster_cambricus	pltd	path	159960	3	136486	100.0	0	1	100.0	pass	True	1.0	1.0
Cotoneaster_horizontalis	pltd	path	159541	3	136078	100.0	0	1	100.0	pass	True	1.0	1.0
Crassula_aquatica	pltd	path	144505	3	122525	100.0	0	1	100.0	pass	True	1.0	1.0
Crassula_helmsii	pltd	path	144263	3	121929	100.0	0	1	100.0	pass	True	1.0	1.0
Crataegus_laevigata	pltd	path	159830	3	136362	100.0	0	1	100.0	pass	True	1.0	1.0
Crataegus_monogyna	pltd	path	159826	3	136358	100.0	0	1	100.0	pass	True	1.0	1.0
Crepis_paludosa	pltd	path	151873	3	130995	100.0	0	1	100.0	pass	True	1.0	1.0
Crithmum_maritimum	pltd	path	158343	3	133998	100.0	0	1	100.0	pass	True	1.0	1.0
Crocosmia_x_crocosmiiflora	pltd	path	153344	3	129741	100.0	0	1	100.0	pass	True	1.0	1.0
Cryphaea_heteromalla	pltd	path	124645	3	117389	100.0	0	1	100.0	pass	True	1.0	1.0
Cryptogramma_crispa	pltd	path	150347	3	130835	100.0	0	1	100.0	pass	True	0.9907407407407407	1.0
Ctenidium_molluscum	pltd	path	124633	3	117299	100.0	0	1	100.0	pass	True	1.0	1.0
Cynodontium_bruntonii	pltd	path	124567	3	118341	100.0	0	1	100.0	pass	True	1.0	1.0
Cynoglossum_officinale	pltd	path	151905	3	129225	100.0	0	1	100.0	pass	True	1.0	1.0
Cynosurus_cristatus	pltd	path	134808	3	115000	100.0	0	1	100.0	pass	True	0.9907407407407407	1.0
Cystopteris_fragilis	pltd	path	151412	3	131171	100.0	0	1	100.0	pass	True	0.9907407407407407	1.0
Cystopteris_montana	pltd	path	151356	3	130471	100.0	0	1	100.0	pass	True	0.9907407407407407	1.0
Cytisus_scoparius	pltd	path	152735	3	130202	100.0	0	1	100.0	pass	True	0.9907407407407407	1.0
Daboecia_cantabrica	pltd	path	187002	3	140624	100.0	0	1	100.0	pass	True	1.0	1.0
Dactylis_glomerata	pltd	path	134956	3	115457	100.0	0	1	100.0	pass	True	0.9907407407407407	1.0
Dactylorhiza_fuchsii	pltd	path	154109	3	129445	100.0	0	1	100.0	pass	True	1.0	1.0
Dactylorhiza_incarnata	pltd	path	153814	3	129316	100.0	0	1	100.0	pass	True	1.0	1.0
Dactylorhiza_viridis	pltd	path	154132	3	129468	100.0	0	1	100.0	pass	True	1.0	1.0
Damasonium_alisma	pltd	path	159495	3	136855	100.0	0	1	100.0	pass	True	1.0	1.0
Danthonia_decumbens	pltd	path	133905	3	113153	100.0	0	1	100.0	pass	True	0.9907407407407407	1.0
Daphne_laureola	pltd	path	171725	3	134217	100.0	0	1	100.0	pass	True	0.9907407407407407	1.0
Dasiphora_fruticosa	pltd	path	152097	3	129818	100.0	0	1	100.0	pass	True	0.9814814814814815	1.0
Datura_stramonium	pltd	path	155902	3	131288	100.0	0	1	100.0	pass	True	1.0	1.0
Dianthus_deltoides	pltd	path	150045	3	127886	100.0	0	1	100.0	pass	True	1.0	1.0
Diapensia_lapponica	pltd	path	180215	3	139712	100.0	0	1	100.0	pass	True	1.0	1.0
Dichodontium_palustre	pltd	path	124993	3	118046	100.0	0	1	100.0	pass	True	1.0	1.0
Dicranodontium_denudatum	pltd	path	127622	3	119749	100.0	0	1	100.0	pass	True	1.0	1.0
Dicranoweisia_cirrata	pltd	path	124898	3	118217	100.0	0	1	100.0	pass	True	1.0	1.0
Dicranum_bonjeanii	pltd	path	123821	3	116768	100.0	0	1	100.0	pass	True	1.0	1.0
Dicranum_flexicaule	pltd	path	123952	3	116038	100.0	0	1	100.0	pass	True	1.0	1.0
Dicranum_fuscescens	pltd	path	123940	3	116026	100.0	0	1	100.0	pass	True	1.0	1.0
Dicranum_majus	pltd	path	123875	3	116689	100.0	0	1	100.0	pass	True	1.0	1.0
Dicranum_scoparium	pltd	path	123893	3	116135	100.0	0	1	100.0	pass	True	1.0	1.0
Dicranum_scottianum	pltd	path	123666	3	115737	100.0	0	1	100.0	pass	True	1.0	1.0
Dicranum_tauricum	pltd	path	123978	3	115842	100.0	0	1	100.0	pass	True	1.0	1.0
Didymodon_insulanus	pltd	path	123095	3	116317	100.0	0	1	100.0	pass	True	1.0	1.0
Didymodon_rigidulus	pltd	path	122976	3	116214	100.0	0	1	100.0	pass	True	1.0	1.0
Digitaria_sanguinalis	pltd	path	138983	3	116570	100.0	0	1	100.0	pass	True	0.9907407407407407	1.0
Dilutineuron_fasciculare	pltd	path	124105	3	116309	100.0	0	1	100.0	pass	True	1.0	1.0
Diphasiastrum_alpinum	pltd	path	159968	11	155457	98.22	2	3	100.0	pass	True	1.0	1.0
Distichium_capillaceum	pltd	path	125518	3	120923	100.0	0	1	100.0	pass	True	1.0	1.0
Ditrichum_cornubicum	pltd	path	123961	3	118038	100.0	0	1	100.0	pass	True	1.0	1.0
Doronicum_pardalianches	pltd	path	152610	3	130356	100.0	0	1	100.0	pass	True	1.0	1.0
Douinia_ovata	pltd	path	118293	11	121591	92.23	6	1	100.0	pass	True	1.0	1.0
Draba_incana	pltd	path	153566	3	131487	100.0	0	1	100.0	pass	True	1.0	1.0
Draba_verna	pltd	path	151921	3	127454	100.0	0	1	100.0	pass	True	1.0	1.0
Dracunculus_vulgaris	pltd	path	168471	12	161002	93.07	6	1	100.0	pass	True	1.0	1.0
Dryas_octopetala	pltd	path	158178	3	134887	100.0	0	1	100.0	pass	True	1.0	1.0
Dryopteris_borreri	pltd	path	148588	3	128603	100.0	0	1	100.0	pass	True	0.9814814814814815	1.0
Dryopteris_filix_mas	pltd	path	148588	3	128602	100.0	0	1	100.0	pass	True	0.9814814814814815	1.0
Eleocharis_parvula	pltd	path	186547	3	156712	100.0	0	1	100.0	pass	True	0.9814814814814815	1.0
Empetrum_nigrum	pltd	path	172889	3	143389	100.0	0	1	100.0	pass	True	0.9907407407407407	1.0
Encalypta_ciliata	pltd	path	123632	3	116512	100.0	0	1	100.0	pass	True	1.0	1.0
Entodon_concinnus	pltd	path	124570	5	119506	97.9	1	1	100.0	pass	True	1.0	1.0
Epilobium_alsinifolium	pltd	path	161183	3	137738	100.0	0	1	100.0	pass	True	1.0	1.0
Epilobium_anagallidifolium	pltd	path	160165	3	136579	100.0	0	1	100.0	pass	True	1.0	1.0
Epilobium_brunnescens	pltd	path	160625	3	136645	100.0	0	1	100.0	pass	True	1.0	1.0
Epilobium_ciliatum	pltd	path	160909	3	136996	100.0	0	1	100.0	pass	True	1.0	1.0
Epilobium_hirsutum	pltd	path	161029	3	137133	100.0	0	1	100.0	pass	True	1.0	1.0
Epilobium_palustre	pltd	path	161003	3	137196	100.0	0	1	100.0	pass	True	1.0	1.0
Epipactis_purpurata	pltd	path	159860	3	134789	100.0	0	1	100.0	pass	True	1.0	1.0
Equisetum_arvense	pltd	path	133211	3	124291	100.0	0	1	100.0	pass	True	0.9907407407407407	1.0
Equisetum_fluviatile	pltd	path	132593	3	123649	100.0	0	1	100.0	pass	True	0.9907407407407407	1.0
Equisetum_hyemale	pltd	path	131556	3	121741	100.0	0	1	100.0	pass	True	1.0	1.0
Equisetum_palustre	pltd	path	132592	3	123648	100.0	0	1	100.0	pass	True	0.9907407407407407	1.0
Equisetum_pratense	pltd	path	132717	9	129494	96.42	3	2	100.0	pass	True	1.0	1.0
Equisetum_sylvaticum	pltd	path	133450	9	130813	96.41	3	2	100.0	pass	True	1.0	1.0
Equisetum_telmateia	pltd	path	132869	7	128696	97.28	2	1	100.0	pass	True	1.0	1.0
Equisetum_variegatum	pltd	path	130212	3	120585	100.0	0	1	100.0	pass	True	1.0	1.0
Eranthis_hyemalis	pltd	path	154512	3	130614	100.0	0	1	100.0	pass	True	0.9907407407407407	1.0
Erica_cinerea	pltd	path	188197	3	150937	100.0	0	1	100.0	pass	True	1.0	1.0
Erica_mackaiana	pltd	path	185384	3	152327	100.0	0	1	100.0	pass	True	1.0	1.0
Erica_tetralix	pltd	path	184768	3	152023	100.0	0	1	100.0	pass	True	1.0	1.0
Erigeron_borealis	pltd	path	152392	3	131355	100.0	0	1	100.0	pass	True	1.0	1.0
Erinus_alpinus	pltd	path	151571	3	128734	100.0	0	1	100.0	pass	True	1.0	1.0
Eriophorum_angustifolium	pltd	seqmatch	18564	28	193403	13.82	11	7	100.0	pass	True		1.0
Erodium_cicutarium	pltd	path	117522	1	117569	100.0	0	0	100.0	pass	True	0.9907407407407407	1.0
Erodium_moschatum	pltd	path	118992	3	121684	98.42	1	0	100.0	pass	True	0.9907407407407407	1.0
Eryngium_campestre	pltd	path	155816	3	132433	100.0	0	1	100.0	pass	True	1.0	1.0
Eryngium_maritimum	pltd	path	155270	3	131196	100.0	0	1	100.0	pass	True	1.0	1.0
Eupatorium_cannabinum	pltd	path	151358	3	129927	100.0	0	1	100.0	pass	True	1.0	1.0
Euphorbia_exigua	pltd	path	161136	3	137459	100.0	0	1	100.0	pass	True	0.9907407407407407	1.0
Euphorbia_helioscopia	pltd	path	160979	3	138099	100.0	0	1	100.0	pass	True	0.9907407407407407	1.0
Euphorbia_maculata	pltd	path	162727	3	139432	100.0	0	1	100.0	pass	True	0.9814814814814815	1.0
Euphorbia_paralias	pltd	path	160780	3	137668	100.0	0	1	100.0	pass	True	0.9907407407407407	1.0
Euphorbia_peplus	pltd	path	159599	6	140132	98.13	1	2	100.0	pass	True	0.9907407407407407	1.0
Euphorbia_portlandica	pltd	path	160744	3	136879	100.0	0	1	100.0	pass	True	0.9907407407407407	1.0
Euphrasia_foulaensis	pltd	path	144978	3	121613	100.0	0	1	100.0	pass	True	0.9629629629629629	1.0
Eurhynchium_striatum	pltd	path	124083	3	115666	100.0	0	1	100.0	pass	True	1.0	1.0
Exsertotheca_crispa	pltd	path	124884	3	119322	100.0	0	1	100.0	pass	True	1.0	1.0
Fagus_sylvatica	pltd	path	158461	3	133962	100.0	0	1	100.0	pass	True	1.0	1.0
Fallopia_convolvulus	pltd	path	162634	9	140940	97.67	2	1	100.0	pass	True	1.0	1.0
Festuca_heterophylla	pltd	path	133966	3	113992	100.0	0	1	100.0	pass	True	1.0	1.0
Festuca_vivipara	pltd	path	133214	3	113944	100.0	0	1	100.0	pass	True	0.9907407407407407	1.0
Ficus_carica	pltd	path	160602	3	137219	100.0	0	1	100.0	pass	True	1.0	1.0
Filago_lutescens	pltd	path	151540	3	129362	100.0	0	1	100.0	pass	True	1.0	1.0
Filago_pyramidata	pltd	path	151431	3	129263	100.0	0	1	100.0	pass	True	1.0	1.0
Fissidens_adianthoides	pltd	path	124482	3	116508	100.0	0	1	100.0	pass	True	1.0	1.0
Fissidens_bryoides	pltd	path	122862	3	115088	100.0	0	1	100.0	pass	True	1.0	1.0
Fissidens_dubius	pltd	path	124417	3	116661	100.0	0	1	100.0	pass	True	1.0	1.0
Fissidens_pusillus	pltd	path	123076	3	115827	100.0	0	1	100.0	pass	True	1.0	1.0
Fissidens_taxifolius	pltd	path	124584	3	118768	100.0	0	1	100.0	pass	True	1.0	1.0
Flexitrichum_flexicaule	pltd	path	127360	3	120662	100.0	0	1	100.0	pass	True	1.0	1.0
Flexitrichum_gracile	pltd	path	127580	3	120218	100.0	0	1	100.0	pass	True	1.0	1.0
Fontinalis_squamosa	pltd	path	123642	3	117625	100.0	0	1	100.0	pass	True	1.0	1.0
Fragaria_moschata	pltd	path	155606	3	132089	100.0	0	1	100.0	pass	True	1.0	1.0
Frangula_alnus	pltd	path	161229	5	139068	98.48	1	1	100.0	pass	True	1.0	1.0
Frankenia_laevis	pltd	path	154812	5	132721	98.49	1	2	100.0	pass	True	1.0	1.0
Fumaria_muralis	pltd	path	190936	20	159259	94.17	6	5	100.0	pass	True	0.9907407407407407	1.0
Fumaria_occidentalis	pltd	path	192339	3	145400	100.0	0	1	100.0	pass	True	0.9907407407407407	1.0
Fumaria_purpurea	pltd	path	189565	3	143044	100.0	0	1	100.0	pass	True	0.9907407407407407	1.0
Funaria_hygrometrica	pltd	path	122276	3	115296	100.0	0	1	100.0	pass	True	1.0	1.0
Galatella_linosyris	pltd	path	153439	3	131212	100.0	0	1	100.0	pass	True	1.0	1.0
Galega_officinalis	pltd	path	125086	1	125141	100.0	0	0	100.0	pass	True	0.9814814814814815	1.0
Galeopsis_tetrahit	pltd	path	151838	3	128678	100.0	0	1	100.0	pass	True	1.0	1.0
Galium_saxatile	pltd	path	153800	3	129642	100.0	0	1	100.0	pass	True	1.0	1.0
Galium_uliginosum	pltd	path	153416	3	129402	100.0	0	1	100.0	pass	True	1.0	1.0
Geheebia_maxima	pltd	path	123032	3	117669	100.0	0	1	100.0	pass	True	1.0	1.0
Genista_anglica	pltd	path	151161	3	129081	100.0	0	1	100.0	pass	True	0.9907407407407407	1.0
Genista_pilosa	pltd	path	152727	3	130188	100.0	0	1	100.0	pass	True	0.9814814814814815	1.0
Genista_tinctoria	pltd	path	152182	3	129556	100.0	0	1	100.0	pass	True	0.9907407407407407	1.0
Gentiana_verna	pltd	path	148544	3	124704	100.0	0	1	100.0	pass	True	1.0	1.0
Gentianella_amarella	pltd	path	152493	3	129315	100.0	0	1	100.0	pass	True	1.0	1.0
Gentianella_campestris	pltd	path	152250	3	129145	100.0	0	1	100.0	pass	True	1.0	1.0
Geranium_dissectum	pltd	path	191741	7	189128	99.02	1	4	100.0	pass	True	0.9907407407407407	1.0
Geranium_molle	pltd	seqmatch	340507	36	210347	100.0	0	20	100.0	pass	True		1.0
Geranium_pratense	pltd	path	189844	7	179590	100.0	0	4	100.0	pass	True	0.9907407407407407	1.0
Geranium_rotundifolium	pltd	path	169492	6	157908	100.0	0	2	100.0	pass	True	0.9907407407407407	1.0
Geranium_sanguineum	pltd	seqmatch	125442	15	191065	57.97	2	9	100.0	pass	True		1.0
Geranium_sylvaticum	pltd	path	207076	14	199562	100.0	0	6	100.0	pass	True	0.9907407407407407	1.0
Ginkgo_biloba	pltd	path	156977	3	141854	100.0	0	1	100.0	pass	True	1.0	1.0
Glaucium_flavum	pltd	path	179236	3	137431	100.0	0	1	100.0	pass	True	1.0	1.0
Glaux_maritima	pltd	path	155010	3	131314	100.0	0	1	100.0	pass	True	1.0	1.0
Glebionis_segetum	pltd	path	149708	5	129876	98.44	1	1	100.0	pass	True	1.0	1.0
Glechoma_hederacea	pltd	path	151670	8	135329	96.77	3	1	100.0	pass	True	1.0	1.0
Glyceria_maxima	pltd	path	136316	3	115756	100.0	0	1	100.0	pass	True	0.9907407407407407	1.0
Gnaphalium_supinum	pltd	path	151840	3	129668	100.0	0	1	100.0	pass	True	1.0	1.0
Gnaphalium_uliginosum	pltd	path	152796	3	130902	100.0	0	1	100.0	pass	True	1.0	1.0
Grimmia_atrata	pltd	path	124172	3	117474	100.0	0	1	100.0	pass	True	1.0	1.0
Grimmia_donniana	pltd	path	124094	3	117118	100.0	0	1	100.0	pass	True	1.0	1.0
Grimmia_elongata	pltd	path	124152	3	117028	100.0	0	1	100.0	pass	True	1.0	1.0
Grimmia_funalis	pltd	path	124291	3	117647	100.0	0	1	100.0	pass	True	1.0	1.0
Grimmia_montana	pltd	path	124084	3	116647	100.0	0	1	100.0	pass	True	1.0	1.0
Grimmia_pulvinata	pltd	path	123848	3	116421	100.0	0	1	100.0	pass	True	1.0	1.0
Grimmia_ramondii	pltd	path	124304	3	116509	100.0	0	1	100.0	pass	True	1.0	1.0
Grimmia_trichophylla	pltd	path	124314	3	117633	100.0	0	1	100.0	pass	True	1.0	1.0
Gunnera_tinctoria	pltd	path	157747	3	134007	100.0	0	1	100.0	pass	True	1.0	1.0
Gymnadenia_conopsea	pltd	path	153881	3	129242	100.0	0	1	100.0	pass	True	1.0	1.0
Gymnocarpium_robertianum	pltd	path	151353	3	131756	100.0	0	1	100.0	pass	True	0.9907407407407407	1.0
Gymnomitrion_concinnatum	pltd	path	120994	3	115342	100.0	0	1	100.0	pass	True	1.0	1.0
Gymnomitrion_obtusum	pltd	path	120821	3	114249	100.0	0	1	100.0	pass	True	1.0	1.0
Gymnostomum_aeruginosum	pltd	path	122529	3	114289	100.0	0	1	100.0	pass	True	1.0	1.0
Harpanthus_flotovianus	pltd	path	118936	3	114407	100.0	0	1	100.0	pass	True	1.0	1.0
Hedwigia_stellata	pltd	path	125687	3	118550	100.0	0	1	100.0	pass	True	1.0	1.0
Helleborus_viridis	pltd	path	155293	3	131016	100.0	0	1	100.0	pass	True	1.0	1.0
Helosciadium_nodiflorum	pltd	path	154641	5	133888	98.29	1	1	100.0	pass	True	1.0	1.0
Herbertus_borealis	pltd	path	116808	3	111716	100.0	0	1	100.0	pass	True	1.0	1.0
Herbertus_stramineus	pltd	path	116924	3	111921	100.0	0	1	100.0	pass	True	1.0	1.0
Hesperis_matronalis	pltd	path	154139	3	132788	100.0	0	1	100.0	pass	True	1.0	1.0
Heterocladium_heteropterum	pltd	seqmatch	125126	3	116781	100.0	0	1	100.0	pass	True	1.0	1.0
Hibiscus_trionum	pltd	path	160949	3	138181	100.0	0	1	100.0	pass	True	1.0	1.0
Hieracium_drummondii	pltd	path	153251	3	130270	100.0	0	1	100.0	pass	True	1.0	1.0
Hieracium_richianum	pltd	path	152934	3	129975	100.0	0	1	100.0	pass	True	1.0	1.0
Hieracium_sabaudum	pltd	path	153042	3	130066	100.0	0	1	100.0	pass	True	1.0	1.0
Hieracium_scullyi	pltd	path	153306	3	130325	100.0	0	1	100.0	pass	True	1.0	1.0
Hieracium_snowdoniense	pltd	path	152636	3	129666	100.0	0	1	100.0	pass	True	1.0	1.0
Hippocrepis_comosa	pltd	path	151040	9	133035	97.86	2	5	100.0	pass	True	0.9814814814814815	1.0
Hippuris_vulgaris	pltd	path	152724	3	129852	100.0	0	1	100.0	pass	True	1.0	1.0
Holcus_lanatus	pltd	path	135676	3	116173	100.0	0	1	100.0	pass	True	0.9907407407407407	1.0
Homalia_trichomanoides	pltd	path	125179	3	117109	100.0	0	1	100.0	pass	True	1.0	1.0
Homalothecium_sericeum	pltd	path	124552	3	116456	100.0	0	1	100.0	pass	True	1.0	1.0
Homogyne_alpina	pltd	path	150814	3	129572	100.0	0	1	100.0	pass	True	1.0	1.0
Hookeria_lucens	pltd	path	123474	3	117243	100.0	0	1	100.0	pass	True	1.0	1.0
Hordeum_murinum	pltd	path	136505	3	116264	100.0	0	1	100.0	pass	True	0.9907407407407407	1.0
Hordeum_vulgare	pltd	path	136462	3	117043	100.0	0	1	100.0	pass	True	1.0	1.0
Hornungia_petraea	pltd	path	150507	3	129525	100.0	0	1	100.0	pass	True	1.0	1.0
Hottonia_palustris	pltd	path	152646	3	129312	100.0	0	1	100.0	pass	True	1.0	1.0
Humulus_lupulus	pltd	path	153769	3	130217	100.0	0	1	100.0	pass	True	0.9907407407407407	1.0
Huperzia_selago	pltd	path	169166	3	148901	100.0	0	1	100.0	pass	True	1.0	1.0
Hyacinthoides_non_scripta	pltd	path	155037	3	129537	100.0	0	1	100.0	pass	True	1.0	1.0
Hygrohypnum_duriusculum	pltd	path	124817	3	118102	100.0	0	1	100.0	pass	True	1.0	1.0
Hyocomium_armoricum	pltd	path	123845	3	116016	100.0	0	1	100.0	pass	True	1.0	1.0
Hypericum_androsaemum	pltd	path	165001	3	141440	100.0	0	1	100.0	pass	True	0.9814814814814815	1.0
Hypericum_hircinum	pltd	path	165518	6	144329	98.94	1	3	100.0	pass	True	0.9814814814814815	1.0
Hypericum_pulchrum	pltd	path	149159	17	157388	90.4	7	1	100.0	pass	True	0.9907407407407407	1.0
Hypericum_tetrapterum	pltd	path	148458	11	139312	95.56	3	6	100.0	pass	True	0.9814814814814815	1.0
Hypnum_andoi	pltd	path	124925	3	117740	100.0	0	1	100.0	pass	True	1.0	1.0
Hypnum_cupressiforme	pltd	seqmatch	124983	3	116633	100.0	0	1	100.0	pass	True	1.0	1.0
Hypochaeris_maculata	pltd	path	152127	3	128854	100.0	0	1	100.0	pass	True	1.0	1.0
Hypochaeris_radicata	pltd	path	152052	3	130649	100.0	0	1	100.0	pass	True	1.0	1.0
Ilex_aquifolium	pltd	path	157518	3	132937	100.0	0	1	100.0	pass	True	1.0	1.0
Impatiens_glandulifera	pltd	seqmatch	153899	5	131557	97.77	1	1	100.0	pass	True	1.0	1.0
Impatiens_noli_tangere	pltd	path	152105	5	131904	98.34	1	1	100.0	pass	True	1.0	1.0
Inula_conyza	pltd	path	150893	3	129150	100.0	0	1	100.0	pass	True	1.0	1.0
Inula_salicina	pltd	path	151103	3	129360	100.0	0	1	100.0	pass	True	1.0	1.0
Iris_foetidissima	pltd	path	152315	3	129965	100.0	0	1	100.0	pass	True	1.0	1.0
Iris_pseudacorus	pltd	path	152564	3	130638	100.0	0	1	100.0	pass	True	1.0	1.0
Isothecium_holtii	pltd	path	125046	3	118589	100.0	0	1	100.0	pass	True	1.0	1.0
Isothecium_myosuroides	pltd	path	125015	3	118569	100.0	0	1	100.0	pass	True	1.0	1.0
Jacobaea_erucifolia	pltd	path	150777	3	128836	100.0	0	1	100.0	pass	True	1.0	1.0
Jacobaea_maritima	pltd	path	150745	3	129072	100.0	0	1	100.0	pass	True	1.0	1.0
Jacobaea_vulgaris	pltd	path	150840	3	129183	100.0	0	1	100.0	pass	True	1.0	1.0
Jasione_montana	pltd	path	200376	3	155578	100.0	0	1	100.0	pass	True	0.9814814814814815	1.0
Juncus_bufonius	pltd	path	169521	3	130215	100.0	0	1	100.0	pass	True	0.9722222222222222	1.0
Juncus_conglomeratus	pltd	path	178154	6	144506	98.87	1	1	100.0	pass	True	0.9814814814814815	1.0
Juncus_effusus	pltd	path	175012	3	138199	100.0	0	1	100.0	pass	True	0.9814814814814815	1.0
Juncus_tenuis	pltd	path	184453	4	148584	100.0	0	1	100.0	pass	True	0.9722222222222222	2.0
Jungermannia_exsertifolia	pltd	path	117702	3	112791	100.0	0	1	100.0	pass	True	1.0	1.0
Kiaeria_blyttii	pltd	path	125104	3	117389	100.0	0	1	100.0	pass	True	1.0	1.0
Knautia_arvensis	pltd	path	160672	3	135778	100.0	0	1	100.0	pass	True	1.0	1.0
Koeleria_macrantha	pltd	path	136316	3	118175	100.0	0	1	100.0	pass	True	1.0	1.0
Lactuca_saligna	pltd	path	152670	3	130655	100.0	0	1	100.0	pass	True	1.0	1.0
Lactuca_serriola	pltd	path	152676	3	130489	100.0	0	1	100.0	pass	True	1.0	1.0
Lamium_album	pltd	path	150639	5	129769	98.79	1	2	100.0	pass	True	1.0	1.0
Lamium_amplexicaule	pltd	path	150696	3	127406	100.0	0	1	100.0	pass	True	1.0	1.0
Lamium_galeobdolon	pltd	path	151326	3	128290	100.0	0	1	100.0	pass	True	1.0	1.0
Lamium_purpureum	pltd	seqmatch	150824	3	127442	100.0	0	1	100.0	pass	True	1.0	1.0
Lapsana_communis	pltd	path	151769	3	128535	100.0	0	1	100.0	pass	True	1.0	1.0
Lathyrus_aphaca	pltd	path	150598	2	149162	100.0	0	1	100.0	pass	True	0.9629629629629629	1.0
Lathyrus_linifolius	pltd	path	134783	1	134854	100.0	0	0	100.0	pass	True	0.9722222222222222	1.0
Lathyrus_nissolia	pltd	path	119376	1	119979	100.0	0	0	100.0	pass	True	0.9537037037037037	1.0
Lathyrus_pratensis	pltd	path	175657	9	169365	100.0	0	4	100.0	pass	True	0.9537037037037037	1.0
Lathyrus_sylvestris	pltd	path	122293	1	122356	100.0	0	0	100.0	pass	True	0.9629629629629629	1.0
Lemna_japonica	pltd	path	333023	8	278387	99.33	1	2	100.0	pass	True	0.9907407407407407	2.0
Lemna_minuta	pltd	path	320280	6	267702	100.0	0	2	100.0	pass	True	1.0	2.0
Leontodon_hispidus	pltd	path	151947	3	128741	100.0	0	1	100.0	pass	True	1.0	1.0
Leontodon_saxatilis	pltd	path	152399	3	128987	100.0	0	1	100.0	pass	True	1.0	1.0
Lepidium_campestre	pltd	path	154132	3	131697	100.0	0	1	100.0	pass	True	1.0	1.0
Lepidium_didymum	pltd	path	154854	3	132134	100.0	0	1	100.0	pass	True	0.9907407407407407	1.0
Lepidium_draba	pltd	path	153793	3	131490	100.0	0	1	100.0	pass	True	1.0	1.0
Lepidium_heterophyllum	pltd	path	154009	3	131574	100.0	0	1	100.0	pass	True	1.0	1.0
Lepidium_latifolium	pltd	path	154763	3	131079	100.0	0	1	100.0	pass	True	0.9907407407407407	1.0
Lepidozia_cupressina	pltd	path	118676	3	113294	100.0	0	1	100.0	pass	True	1.0	1.0
Lepidozia_reptans	pltd	path	118680	7	118382	96.62	2	1	100.0	pass	True	1.0	1.0
Leucanthemum_vulgare	pltd	path	150129	3	127763	100.0	0	1	100.0	pass	True	1.0	1.0
Leucobryum_glaucum	pltd	path	124487	3	117424	100.0	0	1	100.0	pass	True	1.0	1.0
Leucobryum_juniperoideum	pltd	path	124604	3	118199	100.0	0	1	100.0	pass	True	1.0	1.0
Lewinskya_affinis	pltd	path	123690	3	117165	100.0	0	1	100.0	pass	True	1.0	1.0
Lewinskya_rupestris	pltd	path	122903	3	117132	100.0	0	1	100.0	pass	True	1.0	1.0
Ligusticum_scoticum	pltd	path	155278	5	131268	98.71	1	1	100.0	pass	True	1.0	1.0
Limonium_binervosum	pltd	path	154294	3	130079	100.0	0	1	100.0	pass	True	1.0	1.0
Limosella_aquatica	pltd	path	151487	3	126870	100.0	0	1	100.0	pass	True	1.0	1.0
Linaria_vulgaris	pltd	path	150664	3	127500	100.0	0	1	100.0	pass	True	1.0	1.0
Linnaea_borealis	pltd	path	161568	3	135265	100.0	0	1	100.0	pass	True	1.0	1.0
Linum_bienne	pltd	path	156943	7	133680	95.3	2	1	100.0	pass	True	1.0	1.0
Linum_catharticum	pltd	path	152117	3	129586	100.0	0	1	100.0	pass	True	1.0	1.0
Lithospermum_officinale	pltd	path	150618	3	127254	100.0	0	1	100.0	pass	True	1.0	1.0
Littorella_uniflora	pltd	path	150803	3	129449	100.0	0	1	100.0	pass	True	1.0	1.0
Loeskeobryum_brevirostre	pltd	path	125058	3	117072	100.0	0	1	100.0	pass	True	1.0	1.0
Logfia_minima	pltd	path	151262	3	129184	100.0	0	1	100.0	pass	True	1.0	1.0
Lolium_perenne	pltd	path	135269	26	138562	91.3	6	2	100.0	pass	True	0.9907407407407407	1.0
Lophocolea_bispinosa	pltd	path	116242	3	109323	100.0	0	1	100.0	pass	True	1.0	1.0
Lotus_pedunculatus	pltd	path	151592	8	131608	97.52	2	4	100.0	pass	True	0.9814814814814815	1.0
Lotus_tenuis	pltd	path	148708	7	131351	98.61	1	2	100.0	pass	True	0.9814814814814815	1.0
Lunaria_annua	pltd	path	154601	3	132795	100.0	0	1	100.0	pass	True	1.0	1.0
Lunularia_cruciata	pltd	path	121968	3	113580	100.0	0	1	100.0	pass	True	1.0	1.0
Luzula_pallescens	pltd	path	199812	3	144569	100.0	0	1	100.0	pass	True	0.9166666666666666	1.0
Luzula_sylvatica	pltd	path	201321	6	147483	98.84	1	3	100.0	pass	True	0.9166666666666666	1.0
Lycopodium_clavatum	pltd	path	177791	3	156272	100.0	0	1	100.0	pass	True	1.0	1.0
Lysimachia_nummularia	pltd	path	155429	3	131487	100.0	0	1	100.0	pass	True	1.0	1.0
Lysimachia_thyrsiflora	pltd	path	155175	3	133800	100.0	0	1	100.0	pass	True	1.0	1.0
Lysimachia_vulgaris	pltd	path	155197	3	131524	100.0	0	1	100.0	pass	True	1.0	1.0
Lythrum_hyssopifolia	pltd	path	157896	3	135269	100.0	0	1	100.0	pass	True	1.0	1.0
Malus_sylvestris	pltd	seqmatch	160930	3	135898	100.0	0	1	100.0	pass	True	1.0	1.0
Malus_x_robusta	pltd	path	160230	3	136143	100.0	0	1	100.0	pass	True	1.0	1.0
Malva_neglecta	pltd	seqmatch	233820	9	142463	96.84	3	2	100.0	pass	True		1.0
Malva_sylvestris	pltd	path	158876	8	142193	96.46	3	1	100.0	pass	True	1.0	1.0
Marchantia_polymorpha	pltd	path	120334	3	113091	100.0	0	1	100.0	pass	True	1.0	1.0
Marchantia_quadrata	pltd	path	122138	3	114551	100.0	0	1	100.0	pass	True	1.0	1.0
Marsupella_aquatica	pltd	path	120134	3	114905	100.0	0	1	100.0	pass	True	1.0	1.0
Marsupella_emarginata	pltd	path	120115	3	114877	100.0	0	1	100.0	pass	True	1.0	1.0
Mastigophora_woodsii	pltd	path	119271	3	113977	100.0	0	1	100.0	pass	True	1.0	1.0
Matricaria_discoidea	pltd	path	149751	3	127532	100.0	0	1	100.0	pass	True	1.0	1.0
Medicago_arabica	pltd	path	125066	1	125940	100.0	0	0	100.0	pass	True	0.9907407407407407	1.0
Medicago_lupulina	pltd	path	123993	8	130337	95.87	3	0	100.0	pass	True	0.9814814814814815	1.0
Medicago_sativa	pltd	path	125776	1	126622	100.0	0	0	100.0	pass	True	0.9814814814814815	1.0
Meesia_triquetra	pltd	path	124329	3	116900	100.0	0	1	100.0	pass	True	1.0	1.0
Melilotus_altissimus	pltd	path	146327	10	140420	93.57	5	1	100.0	pass	True	0.9814814814814815	1.0
Melissa_officinalis	pltd	path	152118	3	128256	100.0	0	1	100.0	pass	True	1.0	1.0
Mentha_aquatica	pltd	path	152103	3	129866	100.0	0	1	100.0	pass	True	1.0	1.0
Mercurialis_annua	pltd	seqmatch	177532	13	151510	100.0	0	7	100.0	pass	True		1.0
Mercurialis_perennis	pltd	path	162146	3	137773	100.0	0	1	100.0	pass	True	1.0	1.0
Mesoptychia_bantriensis	pltd	path	120126	3	115499	100.0	0	1	100.0	pass	True	1.0	1.0
Mesoptychia_rutheana	pltd	path	119704	3	113636	100.0	0	1	100.0	pass	True	1.0	1.0
Metzgeria_conjugata	pltd	path	116702	3	109376	100.0	0	1	100.0	pass	True	1.0	1.0
Metzgeria_violacea	pltd	path	116710	3	109369	100.0	0	1	100.0	pass	True	1.0	1.0
Meum_athamanticum	pltd	path	156067	3	132779	100.0	0	1	100.0	pass	True	1.0	1.0
Mimulus_peregrinus	pltd	path	153185	3	130969	100.0	0	1	100.0	pass	True	1.0	1.0
Mnium_stellare	pltd	path	124951	3	117934	100.0	0	1	100.0	pass	True	1.0	1.0
Moehringia_trinervia	pltd	path	149694	3	127809	100.0	0	1	100.0	pass	True	1.0	1.0
Mollugo_verticillata	pltd	path	154214	3	131985	100.0	0	1	100.0	pass	True	1.0	1.0
Montia_fontana	pltd	path	153045	3	129201	100.0	0	1	100.0	pass	True	1.0	1.0
Myosotis_alpestris	pltd	path	148325	3	125473	100.0	0	1	100.0	pass	True	0.9907407407407407	1.0
Myosotis_ramosissima	pltd	path	148905	3	128015	100.0	0	1	100.0	pass	True	1.0	1.0
Myosotis_sylvatica	pltd	path	148587	6	128870	97.54	2	1	100.0	pass	True	1.0	1.0
Narcissus_pseudonarcissus	pltd	path	159413	3	132743	100.0	0	1	100.0	pass	True	1.0	1.0
Nardia_scalaris	pltd	path	120125	3	115024	100.0	0	1	100.0	pass	True	1.0	1.0
Nasturtium_officinale	pltd	path	155101	3	131246	100.0	0	1	100.0	pass	True	1.0	1.0
Neckera_pumila	pltd	path	124876	3	118183	100.0	0	1	100.0	pass	True	1.0	1.0
Neoorthocaulis_attenuatus	pltd	path	117802	11	123429	91.49	6	1	100.0	pass	True	1.0	1.0
Neoorthocaulis_floerkei	pltd	path	118258	3	112052	100.0	0	1	100.0	pass	True	1.0	1.0
Neottia_ovata	pltd	path	157695	3	133087	100.0	0	1	100.0	pass	True	1.0	1.0
Nigella_damascena	pltd	path	155222	3	131943	100.0	0	1	100.0	pass	True	0.9907407407407407	1.0
Niphotrichum_ericoides	pltd	path	123486	3	115704	100.0	0	1	100.0	pass	True	1.0	1.0
Nowellia_curvifolia	pltd	path	114469	3	106687	100.0	0	1	100.0	pass	True	1.0	1.0
Nymphoides_peltata	pltd	path	152087	3	129267	100.0	0	1	100.0	pass	True	1.0	1.0
Odontoschisma_sphagni	pltd	path	116613	3	110512	100.0	0	1	100.0	pass	True	1.0	1.0
Oedipodium_griffithianum	pltd	path	134200	5	127692	98.75	1	1	100.0	pass	True	1.0	1.0
Oenanthe_crocata	pltd	path	154763	3	131349	100.0	0	1	100.0	pass	True	1.0	1.0
Oenanthe_lachenalii	pltd	path	154556	3	129992	100.0	0	1	100.0	pass	True	1.0	1.0
Oenanthe_pimpinelloides	pltd	path	154384	3	131045	100.0	0	1	100.0	pass	True	1.0	1.0
Oenothera_biennis	pltd	path	165932	3	140370	100.0	0	1	100.0	pass	True	1.0	1.0
Oligotrichum_hercynicum	pltd	path	125945	3	118708	100.0	0	1	100.0	pass	True	1.0	1.0
Onobrychis_viciifolia	pltd	path	122303	1	122344	100.0	0	0	100.0	pass	True	0.9907407407407407	1.0
Ononis_reclinata	pltd	path	124339	1	125281	100.0	0	0	100.0	pass	True	0.9814814814814815	1.0
Ononis_repens	pltd	path	124809	1	124850	100.0	0	0	100.0	pass	True	0.9814814814814815	1.0
Onopordum_acanthium	pltd	path	153069	3	130556	100.0	0	1	100.0	pass	True	1.0	1.0
Ophioglossum_vulgatum	pltd	path	139632	3	132544	100.0	0	1	100.0	pass	True	1.0	1.0
Ophrys_apifera	pltd	path	146763	3	124578	100.0	0	1	100.0	pass	True	1.0	1.0
Orchis_mascula	pltd	path	146982	3	124540	100.0	0	1	100.0	pass	True	0.9907407407407407	1.0
Ornithopus_perpusillus	pltd	path	151066	3	128593	100.0	0	1	100.0	pass	True	0.9907407407407407	1.0
Orthothecium_rufescens	pltd	seqmatch	125985	3	117307	100.0	0	1	100.0	pass	True	1.0	1.0
Orthotrichum_anomalum	pltd	path	123363	3	117937	100.0	0	1	100.0	pass	True	1.0	1.0
Orthotrichum_lyellii	pltd	path	123795	3	115817	100.0	0	1	100.0	pass	True	1.0	1.0
Orthotrichum_pulchellum	pltd	path	123221	3	115430	100.0	0	1	100.0	pass	True	1.0	1.0
Orthotrichum_striatum	pltd	path	123090	3	117321	100.0	0	1	100.0	pass	True	1.0	1.0
Oxalis_acetosella	pltd	path	153705	5	130359	100.0	0	2	100.0	pass	True	0.9907407407407407	1.0
Oxybasis_chenopodioides	pltd	path	151234	12	136706	96.75	3	4	100.0	pass	True	1.0	1.0
Oxytropis_halleri	pltd	path	122587	1	122628	100.0	0	0	100.0	pass	True	0.9814814814814815	1.0
Palustriella_falcata	pltd	path	146045	3	123738	100.0	0	1	100.0	pass	True	0.9907407407407407	1.0
Papaver_somniferum	pltd	path	152884	5	129427	98.91	1	1	100.0	pass	True	1.0	1.0
Parthenocissus_inserta	pltd	path	161208	3	137840	100.0	0	1	100.0	pass	True	1.0	1.0
Pedicularis_palustris	pltd	path	147063	3	124428	100.0	0	1	100.0	pass	True	1.0	1.0
Pentaglottis_sempervirens	pltd	path	149029	3	123992	100.0	0	1	100.0	pass	True	1.0	1.0
Persicaria_amphibia	pltd	path	159387	3	130991	100.0	0	1	100.0	pass	True	1.0	1.0
Petalophyllum_ralfsii	pltd	path	124830	3	117644	100.0	0	1	100.0	pass	True	1.0	1.0
Petasites_albus	pltd	path	150687	3	129458	100.0	0	1	100.0	pass	True	1.0	1.0
Petasites_fragrans	pltd	path	150201	3	128970	100.0	0	1	100.0	pass	True	1.0	1.0
Petasites_japonicus	pltd	path	150385	3	129152	100.0	0	1	100.0	pass	True	1.0	1.0
Phacelia_tanacetifolia	pltd	path	154031	3	129494	100.0	0	1	100.0	pass	True	1.0	1.0
Phaeoceros_laevis	pltd	path	158780	3	151453	100.0	0	1	100.0	pass	True	0.9907407407407407	1.0
Phegopteris_connectilis	pltd	path	151214	3	130852	100.0	0	1	100.0	pass	True	0.9907407407407407	1.0
Phleum_pratense	pltd	path	135507	3	116346	100.0	0	1	100.0	pass	True	1.0	1.0
Physcomitrium_patens	pltd	path	122905	3	115374	100.0	0	1	100.0	pass	True	1.0	1.0
Phytolacca_acinosa	pltd	path	156613	3	132746	100.0	0	1	100.0	pass	True	1.0	1.0
Pilosella_aurantiaca	pltd	path	153117	3	130256	100.0	0	1	100.0	pass	True	1.0	1.0
Pilosella_officinarum	pltd	path	152977	3	130099	100.0	0	1	100.0	pass	True	1.0	1.0
Pilularia_globulifera	pltd	path	153056	3	130851	100.0	0	1	100.0	pass	True	1.0	1.0
Pimpinella_saxifraga	pltd	path	152064	3	130078	100.0	0	1	100.0	pass	True	1.0	1.0
Plagiochila_asplenioides	pltd	path	117633	3	109701	100.0	0	1	100.0	pass	True	1.0	1.0
Plagiochila_carringtonii	pltd	path	117363	3	110142	100.0	0	1	100.0	pass	True	1.0	1.0
Plagiothecium_denticulatum	pltd	path	125120	3	116537	100.0	0	1	100.0	pass	True	1.0	1.0
Plantago_coronopus	pltd	path	161516	18	142319	93.05	6	2	100.0	pass	True	1.0	1.0
Plantago_major	pltd	path	165110	11	137074	97.46	2	3	100.0	pass	True	1.0	1.0
Plantago_maritima	pltd	path	158533	3	127214	100.0	0	1	100.0	pass	True	1.0	1.0
Platanus_orientalis	pltd	path	161717	3	139059	100.0	0	1	100.0	pass	True	1.0	1.0
Platanus_x_hispanica	pltd	path	161717	3	139059	100.0	0	1	100.0	pass	True	1.0	1.0
Pleuridium_subulatum	pltd	path	124480	3	116747	100.0	0	1	100.0	pass	True	1.0	1.0
Poa_chaixii	pltd	path	135672	3	116012	100.0	0	1	100.0	pass	True	0.9907407407407407	1.0
Poa_infirma	pltd	path	135595	3	116033	100.0	0	1	100.0	pass	True	0.9907407407407407	1.0
Pogonatum_aloides	pltd	path	125227	3	118955	100.0	0	1	100.0	pass	True	1.0	1.0
Pohlia_annotina	pltd	path	124911	3	117499	100.0	0	1	100.0	pass	True	1.0	1.0
Pohlia_cruda	pltd	path	500424	3	118382	100.0	0	3	100.0	pass	True	1.0	1.0
Pohlia_nutans	pltd	path	125162	3	117873	100.0	0	1	100.0	pass	True	1.0	1.0
Pohlia_wahlenbergii	pltd	path	124805	3	117149	100.0	0	1	100.0	pass	True	1.0	1.0
Polygala_serpyllifolia	pltd	path	164580	3	131378	100.0	0	1	100.0	pass	True	0.9907407407407407	1.0
Polygala_vulgaris	pltd	path	164537	3	131293	100.0	0	1	100.0	pass	True	0.9907407407407407	1.0
Polygonum_aviculare	pltd	path	163273	3	135247	100.0	0	1	100.0	pass	True	1.0	1.0
Polystichum_lonchitis	pltd	path	150672	3	129516	100.0	0	1	100.0	pass	True	0.9907407407407407	1.0
Polytrichastrum_sexangulare	pltd	seqmatch	126722	3	119706	100.0	0	1	100.0	pass	True	1.0	1.0
Polytrichum_commune	pltd	seqmatch	128181	3	120271	100.0	0	1	100.0	pass	True	1.0	1.0
Polytrichum_formosum	pltd	path	126243	3	119992	100.0	0	1	100.0	pass	True	1.0	1.0
Polytrichum_juniperinum	pltd	path	126025	3	119922	100.0	0	1	100.0	pass	True	1.0	1.0
Polytrichum_strictum	pltd	path	126076	3	120160	100.0	0	1	100.0	pass	True	1.0	1.0
Pontederia_cordata	pltd	path	161710	3	137919	100.0	0	1	100.0	pass	True	1.0	1.0
Porella_arboris_vitae	pltd	path	121691	3	114125	100.0	0	1	100.0	pass	True	1.0	1.0
Porella_cordaeana	pltd	path	121321	3	115363	100.0	0	1	100.0	pass	True	1.0	1.0
Potamogeton_alpinus	pltd	path	156104	3	132291	100.0	0	1	100.0	pass	True	1.0	1.0
Potamogeton_berchtoldii	pltd	path	156680	5	135017	98.14	1	1	100.0	pass	True	1.0	1.0
Potamogeton_coloratus	pltd	path	155781	3	131647	100.0	0	1	100.0	pass	True	1.0	1.0
Potamogeton_compressus	pltd	path	156909	5	135252	98.15	1	1	100.0	pass	True	1.0	1.0
Potamogeton_friesii	pltd	path	156742	3	133004	100.0	0	1	100.0	pass	True	1.0	1.0
Potamogeton_gramineus	pltd	path	156446	3	132285	100.0	0	1	100.0	pass	True	1.0	1.0
Potamogeton_lucens	pltd	path	156355	5	135319	98.17	1	1	100.0	pass	True	1.0	1.0
Potamogeton_natans	pltd	seqmatch	156513	3	132100	100.0	0	1	100.0	pass	True	1.0	1.0
Potamogeton_nodosus	pltd	path	156369	3	132886	100.0	0	1	100.0	pass	True	1.0	1.0
Potamogeton_obtusifolius	pltd	path	156950	3	132736	100.0	0	1	100.0	pass	True	1.0	1.0
Potamogeton_pusillus	pltd	path	156733	3	132995	100.0	0	1	100.0	pass	True	1.0	1.0
Potamogeton_rutilus	pltd	path	156811	3	133117	100.0	0	1	100.0	pass	True	1.0	1.0
Potamogeton_trichoides	pltd	path	156774	3	132564	100.0	0	1	100.0	pass	True	1.0	1.0
Potentilla_anglica	pltd	path	156753	3	134367	100.0	0	1	100.0	pass	True	1.0	1.0
Potentilla_reptans	pltd	path	156734	3	134348	100.0	0	1	100.0	pass	True	1.0	1.0
Potentilla_verna	pltd	path	156305	3	133939	100.0	0	1	100.0	pass	True	1.0	1.0
Poterium_sanguisorba	pltd	path	154672	3	131485	100.0	0	1	100.0	pass	True	0.9907407407407407	1.0
Primula_farinosa	pltd	path	154672	3	131485	100.0	0	1	100.0	pass	True	0.9907407407407407	1.0
Primula_scotica	pltd	path	154667	3	131483	100.0	0	1	100.0	pass	True	0.9907407407407407	1.0
Primula_veris	pltd	path	153477	3	129670	100.0	0	1	100.0	pass	True	0.9907407407407407	1.0
Prunus_avium	pltd	path	157810	3	135436	100.0	0	1	100.0	pass	True	1.0	1.0
Prunus_domestica	pltd	path	157702	3	134205	100.0	0	1	100.0	pass	True	1.0	1.0
Prunus_laurocerasus	pltd	path	158681	3	134648	100.0	0	1	100.0	pass	True	1.0	1.0
Prunus_lusitanica	pltd	path	159356	3	135595	100.0	0	1	100.0	pass	True	1.0	1.0
Prunus_padus	pltd	path	158955	3	135361	100.0	0	1	100.0	pass	True	1.0	1.0
Prunus_spinosa	pltd	path	157609	3	134114	100.0	0	1	100.0	pass	True	1.0	1.0
Pseudisothecium_interludens	pltd	path	125080	3	118636	100.0	0	1	100.0	pass	True	1.0	1.0
Pseudobryum_cinclidioides	pltd	path	124863	3	117629	100.0	0	1	100.0	pass	True	1.0	1.0
Pseudognaphalium_luteoalbum	pltd	path	153410	3	131233	100.0	0	1	100.0	pass	True	1.0	1.0
Pseudoscleropodium_purum	pltd	path	124657	3	116226	100.0	0	1	100.0	pass	True	1.0	1.0
Pseudotaxiphyllum_elegans	pltd	seqmatch	125688	3	117640	100.0	0	1	100.0	pass	True	1.0	1.0
Pseudotsuga_menziesii	pltd	path	121951	1	121989	100.0	0	0	100.0	pass	True	0.9537037037037037	1.0
Pteridium_aquilinum	pltd	path	152453	3	130862	100.0	0	1	100.0	pass	True	0.9907407407407407	1.0
Pterigynandrum_filiforme	pltd	path	124396	3	116622	100.0	0	1	100.0	pass	True	1.0	1.0
Ptilidium_ciliare	pltd	path	118961	3	112489	100.0	0	1	100.0	pass	True	1.0	1.0
Ptilium_crista_castrensis	pltd	path	125019	3	116472	100.0	0	1	100.0	pass	True	1.0	1.0
Ptychomitrium_polyphyllum	pltd	path	123762	3	116409	100.0	0	1	100.0	pass	True	1.0	1.0
Ptychostomum_cyclophyllum	pltd	path	123074	3	115116	100.0	0	1	100.0	pass	True	1.0	1.0
Ptychostomum_pallens	pltd	path	122961	5	116802	98.61	1	1	100.0	pass	True	1.0	1.0
Puccinellia_maritima	pltd	path	135791	3	116267	100.0	0	1	100.0	pass	True	0.9907407407407407	1.0
Pulicaria_dysenterica	pltd	seqmatch	152695	3	129408	100.0	0	1	100.0	pass	True	1.0	1.0
Pulicaria_vulgaris	pltd	path	151039	3	129542	100.0	0	1	100.0	pass	True	1.0	1.0
Pyrola_rotundifolia	pltd	path	166903	3	145707	100.0	0	1	100.0	pass	True	1.0	1.0
Pyrus_communis	pltd	path	159928	3	136652	100.0	0	1	100.0	pass	True	1.0	1.0
Quercus_ilex	pltd	seqmatch	161357	3	136890	100.0	0	1	100.0	pass	True	1.0	1.0
Quercus_petraea	pltd	path	161178	3	136906	100.0	0	1	100.0	pass	True	1.0	1.0
Quercus_robur	pltd	path	161172	3	136900	100.0	0	1	100.0	pass	True	1.0	1.0
Racomitrium_heterostichum	pltd	path	123683	3	115657	100.0	0	1	100.0	pass	True	1.0	1.0
Radula_complanata	pltd	path	119270	3	112876	100.0	0	1	100.0	pass	True	1.0	1.0
Ranunculus_auricomus	pltd	path	156035	3	133571	100.0	0	1	100.0	pass	True	1.0	1.0
Ranunculus_bulbosus	pltd	path	155650	3	132911	100.0	0	1	100.0	pass	True	1.0	1.0
Ranunculus_flammula	pltd	path	157238	3	132159	100.0	0	1	100.0	pass	True	1.0	1.0
Ranunculus_omiophyllus	pltd	path	156533	3	134358	100.0	0	1	100.0	pass	True	1.0	1.0
Ranunculus_repens	pltd	path	155664	3	132322	100.0	0	1	100.0	pass	True	1.0	1.0
Ranunculus_sardous	pltd	path	155243	3	131821	100.0	0	1	100.0	pass	True	1.0	1.0
Ranunculus_sceleratus	pltd	path	156310	3	133460	100.0	0	1	100.0	pass	True	1.0	1.0
Raphanus_raphanistrum	pltd	path	153372	4	130662	100.0	0	2	100.0	pass	True	1.0	1.0
Rhabdoweisia_crispata	pltd	path	123837	3	117377	100.0	0	1	100.0	pass	True	1.0	1.0
Rhamnus_cathartica	pltd	path	161283	6	141654	96.82	2	1	100.0	pass	True	1.0	1.0
Rhodobryum_roseum	pltd	path	124254	3	118368	100.0	0	1	100.0	pass	True	1.0	1.0
Rhododendron_ponticum	pltd	path	203847	3	161212	100.0	0	1	100.0	pass	True	1.0	1.0
Rhynchostegiella_tenella	pltd	seqmatch	124797	3	115777	100.0	0	1	100.0	pass	True	1.0	1.0
Rhynchostegium_confertum	pltd	path	124400	3	116332	100.0	0	1	100.0	pass	True	1.0	1.0
Rhynchostegium_megapolitanum	pltd	seqmatch	125094	3	116488	100.0	0	1	100.0	pass	True	1.0	1.0
Rhynchostegium_riparioides	pltd	path	124473	3	116086	100.0	0	1	100.0	pass	True	1.0	1.0
Rhytidiadelphus_loreus	pltd	path	124827	3	116718	100.0	0	1	100.0	pass	True	1.0	1.0
Rhytidium_rugosum	pltd	path	124178	3	115505	100.0	0	1	100.0	pass	True	1.0	1.0
Ribes_nigrum	pltd	path	157450	3	133699	100.0	0	1	100.0	pass	True	1.0	1.0
Ribes_rubrum	pltd	path	157803	6	139410	96.63	2	1	100.0	pass	True	1.0	1.0
Ribes_uva_crispa	pltd	seqmatch	160986	3	135494	100.0	0	1	100.0	pass	True	1.0	1.0
Riccardia_palmata	pltd	path	118064	3	110973	100.0	0	1	100.0	pass	True	1.0	1.0
Riccia_beyrichiana	pltd	path	121549	5	116136	98.45	1	1	100.0	pass	True	1.0	1.0
Riccia_sorocarpa	pltd	path	121987	3	114612	100.0	0	1	100.0	pass	True	1.0	1.0
Robinia_pseudoacacia	pltd	path	155020	9	140067	97.46	2	1	100.0	pass	True	0.9907407407407407	1.0
Rorippa_islandica	pltd	path	155747	3	132634	100.0	0	1	100.0	pass	True	1.0	1.0
Rorippa_sylvestris	pltd	path	154753	3	130790	100.0	0	1	100.0	pass	True	1.0	1.0
Rosa_agrestis	pltd	path	156548	3	133548	100.0	0	1	100.0	pass	True	1.0	1.0
Rosa_canina	pltd	path	156593	3	133522	100.0	0	1	100.0	pass	True	1.0	1.0
Rosa_rubiginosa	pltd	path	156548	4	134452	100.0	0	1	100.0	pass	True	1.0	1.0
Rosa_rugosa	pltd	path	157036	3	133267	100.0	0	1	100.0	pass	True	1.0	1.0
Rosulabryum_capillare	pltd	path	123225	3	115873	100.0	0	1	100.0	pass	True	1.0	1.0
Rumex_acetosa	pltd	path	160399	7	137708	97.33	2	1	100.0	pass	True	1.0	1.0
Rumex_hydrolapathum	pltd	path	158859	3	132576	100.0	0	1	100.0	pass	True	1.0	1.0
Ruppia_maritima	pltd	path	158858	3	134276	100.0	0	1	100.0	pass	True	1.0	1.0
Ruscus_aculeatus	pltd	path	154426	3	129053	100.0	0	1	100.0	pass	True	1.0	1.0
Sabulina_verna	pltd	path	153150	3	128931	100.0	0	1	100.0	pass	True	1.0	1.0
Saccogyna_viticulosa	pltd	path	120026	7	117058	97.48	2	1	100.0	pass	True	1.0	1.0
Sagina_nodosa	pltd	path	151346	3	128909	100.0	0	1	100.0	pass	True	1.0	1.0
Sagina_procumbens	pltd	path	150534	3	128146	100.0	0	1	100.0	pass	True	1.0	1.0
Salicornia_ramosissima	pltd	path	153299	3	130685	100.0	0	1	100.0	pass	True	1.0	1.0
Salix_arbuscula	pltd	path	155532	3	130512	100.0	0	1	100.0	pass	True	0.9907407407407407	1.0
Salix_aurita	pltd	path	155596	3	130576	100.0	0	1	100.0	pass	True	0.9907407407407407	1.0
Salix_caprea	pltd	path	155582	3	130562	100.0	0	1	100.0	pass	True	0.9907407407407407	1.0
Salix_cinerea	pltd	path	155634	3	130614	100.0	0	1	100.0	pass	True	0.9907407407407407	1.0
Salix_herbacea	pltd	path	155627	3	130607	100.0	0	1	100.0	pass	True	0.9907407407407407	1.0
Salix_lanata	pltd	path	155558	3	130538	100.0	0	1	100.0	pass	True	0.9907407407407407	1.0
Salix_lapponum	pltd	path	155619	3	130599	100.0	0	1	100.0	pass	True	0.9907407407407407	1.0
Salix_phylicifolia	pltd	path	152877	3	130733	100.0	0	1	100.0	pass	True	1.0	1.0
Salix_purpurea	pltd	path	155505	3	130485	100.0	0	1	100.0	pass	True	0.9907407407407407	1.0
Salix_repens	pltd	path	155618	3	130598	100.0	0	1	100.0	pass	True	0.9907407407407407	1.0
Salix_reticulata	pltd	path	155500	3	130481	100.0	0	1	100.0	pass	True	0.9907407407407407	1.0
Sambucus_ebulus	pltd	path	158399	3	133370	100.0	0	1	100.0	pass	True	1.0	1.0
Sambucus_nigra	pltd	path	158061	3	133544	100.0	0	1	100.0	pass	True	1.0	1.0
Sanicula_europaea	pltd	path	155717	3	132293	100.0	0	1	100.0	pass	True	1.0	1.0
Saponaria_officinalis	pltd	path	151608	3	128498	100.0	0	1	100.0	pass	True	1.0	1.0
Sarmentypnum_exannulatum	pltd	path	124843	3	117121	100.0	0	1	100.0	pass	True	1.0	1.0
Sarmentypnum_sarmentosum	pltd	path	124570	5	119506	97.9	1	1	100.0	pass	True	1.0	1.0
Saxifraga_aizoides	pltd	path	151996	3	130008	100.0	0	1	100.0	pass	True	1.0	1.0
Saxifraga_cernua	pltd	path	151388	3	128743	100.0	0	1	100.0	pass	True	1.0	1.0
Saxifraga_cespitosa	pltd	path	149963	3	126778	100.0	0	1	100.0	pass	True	1.0	1.0
Saxifraga_hirsuta	pltd	path	152308	3	130478	100.0	0	1	100.0	pass	True	1.0	1.0
Scapania_gracilis	pltd	path	118063	3	111021	100.0	0	1	100.0	pass	True	1.0	1.0
Scapania_irrigua	pltd	path	118163	3	110019	100.0	0	1	100.0	pass	True	1.0	1.0
Scapania_ornithopodioides	pltd	path	117848	3	110673	100.0	0	1	100.0	pass	True	1.0	1.0
Scapania_uliginosa	pltd	path	117993	3	110097	100.0	0	1	100.0	pass	True	1.0	1.0
Scapania_undulata	pltd	path	117427	3	110486	100.0	0	1	100.0	pass	True	1.0	1.0
Schistidium_strictum	pltd	path	123978	3	116892	100.0	0	1	100.0	pass	True	1.0	1.0
Schoenoplectus_lacustris	pltd	path	232552	5	176275	100.0	0	3	100.0	pass	True	1.0	1.0
Schoenoplectus_tabernaemontani	pltd	path	233869	5	176150	100.0	0	3	100.0	pass	True	1.0	1.0
Schoenus_nigricans	pltd	path	180031	7	146789	98.06	2	1	100.0	pass	True	1.0	1.0
Sciuro_hypnum_glaciale	pltd	path	124636	3	118190	100.0	0	1	100.0	pass	True	1.0	1.0
Sciuro_hypnum_plumosum	pltd	path	124846	3	116119	100.0	0	1	100.0	pass	True	1.0	1.0
Scleranthus_perennis	pltd	path	144737	3	129213	100.0	0	1	100.0	pass	True	0.9907407407407407	1.0
Scorpidium_scorpioides	pltd	path	124601	3	116426	100.0	0	1	100.0	pass	True	1.0	1.0
Scorzonera_humilis	pltd	path	152920	3	130611	100.0	0	1	100.0	pass	True	1.0	1.0
Scrophularia_umbrosa	pltd	path	153068	3	128118	100.0	0	1	100.0	pass	True	1.0	1.0
Scutellaria_galericulata	pltd	path	152565	3	130421	100.0	0	1	100.0	pass	True	1.0	1.0
Scutellaria_minor	pltd	seqmatch	154634	3	130686	100.0	0	1	100.0	pass	True	1.0	1.0
Sedum_acre	pltd	path	150331	3	126489	100.0	0	1	100.0	pass	True	1.0	1.0
Sedum_album	pltd	path	149120	3	126093	100.0	0	1	100.0	pass	True	1.0	1.0
Senecio_eboracensis	pltd	path	151123	3	129766	100.0	0	1	100.0	pass	True	1.0	1.0
Senecio_sylvaticus	pltd	path	151098	3	129743	100.0	0	1	100.0	pass	True	1.0	1.0
Senecio_viscosus	pltd	path	151101	3	129776	100.0	0	1	100.0	pass	True	1.0	1.0
Sesleria_caerulea	pltd	path	135834	3	116277	100.0	0	1	100.0	pass	True	0.9907407407407407	1.0
Sherardia_arvensis	pltd	path	152686	3	130054	100.0	0	1	100.0	pass	True	0.9907407407407407	1.0
Sibbaldia_procumbens	pltd	path	153618	3	131248	100.0	0	1	100.0	pass	True	1.0	1.0
Sibthorpia_europaea	pltd	path	148539	3	126030	100.0	0	1	100.0	pass	True	1.0	1.0
Silaum_silaus	pltd	path	146935	4	131364	100.0	0	2	100.0	pass	True	1.0	1.0
Silene_dioica	pltd	path	151810	3	127594	100.0	0	1	100.0	pass	True	1.0	1.0
Silene_flos_cuculi	pltd	path	147282	3	126432	100.0	0	1	100.0	pass	True	1.0	1.0
Silene_latifolia	pltd	path	151786	3	127570	100.0	0	1	100.0	pass	True	1.0	1.0
Silene_uniflora	pltd	path	151591	3	127391	100.0	0	1	100.0	pass	True	1.0	1.0
Silene_vulgaris	pltd	path	151545	3	127085	100.0	0	1	100.0	pass	True	1.0	1.0
Sinapis_arvensis	pltd	path	153644	3	131797	100.0	0	1	100.0	pass	True	1.0	1.0
Sisymbrium_altissimum	pltd	path	154065	3	132509	100.0	0	1	100.0	pass	True	1.0	1.0
Sisymbrium_officinale	pltd	path	153787	3	131088	100.0	0	1	100.0	pass	True	1.0	1.0
Solenostoma_gracillimum	pltd	path	117320	3	112571	100.0	0	1	100.0	pass	True	1.0	1.0
Solidago_canadensis	pltd	path	152951	3	131633	100.0	0	1	100.0	pass	True	1.0	1.0
Solidago_virgaurea	pltd	path	152877	3	130733	100.0	0	1	100.0	pass	True	1.0	1.0
Sonchus_arvensis	pltd	path	307531	6	260575	100.0	0	2	100.0	pass	True	1.0	2.0
Sonchus_asper	pltd	path	307399	6	261015	100.0	0	2	100.0	pass	True	1.0	2.0
Sorbus_cuneifolia	pltd	path	160009	3	136510	100.0	0	1	100.0	pass	True	1.0	1.0
Sorbus_devoniensis	pltd	path	160247	3	136027	100.0	0	1	100.0	pass	True	1.0	1.0
Sorbus_hibernica	pltd	path	160365	3	136435	100.0	0	1	100.0	pass	True	1.0	1.0
Southbya_tophacea	pltd	path	119729	3	113582	100.0	0	1	100.0	pass	True	1.0	1.0
Sparganium_angustifolium	pltd	path	161875	3	137449	100.0	0	1	100.0	pass	True	1.0	1.0
Sparganium_emersum	pltd	seqmatch	164005	3	137318	100.0	0	1	100.0	pass	True	1.0	1.0
Sparganium_erectum	pltd	path	161957	3	135851	100.0	0	1	100.0	pass	True	1.0	1.0
Sparganium_natans	pltd	path	161683	3	135163	100.0	0	1	100.0	pass	True	1.0	1.0
Spergula_arvensis	pltd	path	152699	3	128859	100.0	0	1	100.0	pass	True	1.0	1.0
Spergularia_media	pltd	path	152805	4	131084	100.0	0	1	100.0	pass	True	1.0	1.0
Spergularia_rubra	pltd	path	152017	3	130123	100.0	0	1	100.0	pass	True	1.0	1.0
Sphagnum_angustifolium	pltd	path	140145	3	132059	100.0	0	1	100.0	pass	True	1.0	1.0
Sphagnum_capillifolium	pltd	path	139080	3	130985	100.0	0	1	100.0	pass	True	1.0	1.0
Sphagnum_compactum	pltd	path	140435	3	132735	100.0	0	1	100.0	pass	True	1.0	1.0
Sphagnum_contortum	pltd	path	140113	3	132047	100.0	0	1	100.0	pass	True	1.0	1.0
Sphagnum_fallax	pltd	path	140258	3	131778	100.0	0	1	100.0	pass	True	1.0	1.0
Sphagnum_fimbriatum	pltd	path	138759	3	131486	100.0	0	1	100.0	pass	True	1.0	1.0
Sphagnum_girgensohnii	pltd	seqmatch	141411	3	131547	100.0	0	1	100.0	pass	True	1.0	1.0
Sphagnum_inundatum	pltd	path	140016	3	131750	100.0	0	1	100.0	pass	True	1.0	1.0
Sphagnum_lindbergii	pltd	path	139097	3	131083	100.0	0	1	100.0	pass	True	1.0	1.0
Sphagnum_medium	pltd	path	140470	3	132295	100.0	0	1	100.0	pass	True	1.0	1.0
Sphagnum_palustre	pltd	path	140472	3	132341	100.0	0	1	100.0	pass	True	1.0	1.0
Sphagnum_papillosum	pltd	path	140429	3	132316	100.0	0	1	100.0	pass	True	1.0	1.0
Sphagnum_riparium	pltd	path	139300	3	131724	100.0	0	1	100.0	pass	True	1.0	1.0
Sphagnum_rubellum	pltd	path	139077	3	130962	100.0	0	1	100.0	pass	True	1.0	1.0
Sphagnum_squarrosum	pltd	path	139055	3	131190	100.0	0	1	100.0	pass	True	1.0	1.0
Sphagnum_tenellum	pltd	path	140163	3	132079	100.0	0	1	100.0	pass	True	1.0	1.0
Sphagnum_teres	pltd	path	139126	3	131131	100.0	0	1	100.0	pass	True	1.0	1.0
Spinacia_oleracea	pltd	path	150739	3	127679	100.0	0	1	100.0	pass	True	1.0	1.0
Spiraea_salicifolia	pltd	path	155909	3	132439	100.0	0	1	100.0	pass	True	1.0	1.0
Splachnum_sphaericum	pltd	path	123498	3	116053	100.0	0	1	100.0	pass	True	1.0	1.0
Stachys_palustris	pltd	path	150576	3	126500	100.0	0	1	100.0	pass	True	1.0	1.0
Stellaria_alsine	pltd	path	147456	3	124755	100.0	0	1	100.0	pass	True	1.0	1.0
Stellaria_holostea	pltd	path	148116	3	124799	100.0	0	1	100.0	pass	True	1.0	1.0
Stellaria_palustris	pltd	path	148690	3	127053	100.0	0	1	100.0	pass	True	1.0	1.0
Stereodon_callichrous	pltd	path	124642	3	116208	100.0	0	1	100.0	pass	True	1.0	1.0
Straminergon_stramineum	pltd	path	124688	3	117002	100.0	0	1	100.0	pass	True	1.0	1.0
Struthiopteris_spicant	pltd	path	152916	3	132308	100.0	0	1	100.0	pass	True	0.9907407407407407	1.0
Stuckenia_filiformis	pltd	path	156654	3	132718	100.0	0	1	100.0	pass	True	1.0	1.0
Stuckenia_pectinata	pltd	path	156671	3	131861	100.0	0	1	100.0	pass	True	1.0	1.0
Suaeda_vera	pltd	path	149880	6	129892	97.65	2	1	100.0	pass	True	1.0	1.0
Succisa_pratensis	pltd	path	162161	3	137887	100.0	0	1	100.0	pass	True	1.0	1.0
Symphytum_tuberosum	pltd	path	148145	3	122733	100.0	0	1	100.0	pass	True	1.0	1.0
Syntrichia_ruraliformis	pltd	path	123245	3	115049	100.0	0	1	100.0	pass	True	1.0	1.0
Tamarix_gallica	pltd	path	156156	3	132234	100.0	0	1	100.0	pass	True	1.0	1.0
Tanacetum_parthenium	pltd	path	161172	3	136900	100.0	0	1	100.0	pass	True	1.0	1.0
Tanacetum_vulgare	pltd	path	150216	3	128725	100.0	0	1	100.0	pass	True	1.0	1.0
Tellima_grandiflora	pltd	path	154999	3	132295	100.0	0	1	100.0	pass	True	1.0	1.0
Tephroseris_palustris	pltd	path	150609	3	129383	100.0	0	1	100.0	pass	True	1.0	1.0
Tetraplodon_mnioides	pltd	path	123665	3	116813	100.0	0	1	100.0	pass	True	1.0	1.0
Teucrium_botrys	pltd	path	150271	3	128173	100.0	0	1	100.0	pass	True	1.0	1.0
Teucrium_scorodonia	pltd	path	150229	3	128150	100.0	0	1	100.0	pass	True	1.0	1.0
Thalictrum_flavum	pltd	path	156250	3	131559	100.0	0	1	100.0	pass	True	1.0	1.0
Thalictrum_minus	pltd	path	156185	3	131497	100.0	0	1	100.0	pass	True	1.0	1.0
Thamnobryum_alopecurum	pltd	path	124778	3	118085	100.0	0	1	100.0	pass	True	1.0	1.0
Thelypteris_palustris	pltd	path	151173	7	134797	97.46	2	1	100.0	pass	True	0.9907407407407407	1.0
Thuidium_delicatulum	pltd	path	125106	3	116840	100.0	0	1	100.0	pass	True	1.0	1.0
Thuidium_tamariscinum	pltd	path	125049	3	117283	100.0	0	1	100.0	pass	True	1.0	1.0
Tilia_cordata	pltd	path	162827	6	144110	97.94	2	1	100.0	pass	True	1.0	1.0
Tofieldia_pusilla	pltd	path	154945	3	131414	100.0	0	1	100.0	pass	True	0.9814814814814815	1.0
Tortella_tortuosa	pltd	path	123554	3	115259	100.0	0	1	100.0	pass	True	1.0	1.0
Tragopogon_porrifolius	pltd	path	153054	3	130651	100.0	0	1	100.0	pass	True	1.0	1.0
Tragopogon_pratensis	pltd	path	153133	3	130725	100.0	0	1	100.0	pass	True	1.0	1.0
Tricholepidozia_tetradactyla	pltd	path	118415	7	117454	97.27	2	1	100.0	pass	True	1.0	1.0
Trichophorum_cespitosum	pltd	seqmatch	47436	3	152370	31.13	1	0	100.0	pass	True		1.0
Trichostomum_littorale	pltd	path	123535	3	118134	100.0	0	1	100.0	pass	True	1.0	1.0
Trifolium_arvense	pltd	path	145665	1	145734	100.0	0	0	100.0	pass	True	0.9814814814814815	1.0
Trifolium_bocconei	pltd	path	160308	4	163681	99.14	1	1	100.0	pass	True	0.9722222222222222	1.0
Trifolium_campestre	pltd	path	126164	1	127175	100.0	0	0	100.0	pass	True	0.9814814814814815	1.0
Trifolium_dubium	pltd	path	126221	1	126886	100.0	0	0	100.0	pass	True	0.9814814814814815	1.0
Trifolium_incarnatum	pltd	path	150143	1	150994	100.0	0	0	100.0	pass	True	0.9814814814814815	1.0
Trifolium_medium	pltd	path	140239	18	162605	90.81	8	0	100.0	pass	True	0.9722222222222222	1.0
Trifolium_occidentale	pltd	path	134242	3	135596	100.0	0	1	100.0	pass	True	0.9814814814814815	1.0
Trifolium_ochroleucon	pltd	path	153853	15	163567	94.24	6	2	100.0	pass	True	0.9722222222222222	1.0
Trifolium_pratense	pltd	path	148266	1	149496	100.0	0	0	100.0	pass	True	0.9722222222222222	1.0
Trifolium_repens	pltd	path	132666	1	132712	100.0	0	0	100.0	pass	True	0.9722222222222222	1.0
Trifolium_scabrum	pltd	path	140067	1	141082	100.0	0	0	100.0	pass	True	0.9814814814814815	1.0
Trifolium_squamosum	pltd	path	142922	1	142974	100.0	0	0	100.0	pass	True	0.9814814814814815	1.0
Trifolium_striatum	pltd	path	134013	1	134064	100.0	0	0	100.0	pass	True	0.9722222222222222	1.0
Trifolium_strictum	pltd	path	126675	1	126721	100.0	0	0	100.0	pass	True	0.9814814814814815	1.0
Trifolium_subterraneum	pltd	path	144761	3	145273	100.0	0	1	100.0	pass	True	0.9722222222222222	1.0
Triglochin_maritima	pltd	path	155938	3	132606	100.0	0	1	100.0	pass	True	1.0	1.0
Triglochin_palustris	pltd	path	155826	3	132879	100.0	0	1	100.0	pass	True	1.0	1.0
Tripleurospermum_maritimum	pltd	path	172691	4	151202	100.0	0	1	100.0	pass	True	1.0	2.0
Tripolium_pannonicum	pltd	seqmatch	154463	3	129366	100.0	0	1	100.0	pass	True	1.0	1.0
Trocdaris_verticillatum	pltd	path	161115	3	136645	100.0	0	1	100.0	pass	True	1.0	1.0
Trollius_europaeus	pltd	path	160069	3	135828	100.0	0	1	100.0	pass	True	1.0	1.0
Tulipa_sylvestris	pltd	path	151986	3	128146	100.0	0	1	100.0	pass	True	0.9907407407407407	1.0
Turritis_glabra	pltd	path	154169	3	131801	100.0	0	1	100.0	pass	True	1.0	1.0
Tussilago_farfara	pltd	path	150314	3	129124	100.0	0	1	100.0	pass	True	1.0	1.0
Typha_latifolia	pltd	path	161535	3	137087	100.0	0	1	100.0	pass	True	1.0	1.0
Ulex_europaeus	pltd	path	153390	6	130861	98.89	1	3	100.0	pass	True	0.9907407407407407	1.0
Ulex_minor	pltd	path	152056	6	132056	98.9	1	3	100.0	pass	True	0.9907407407407407	1.0
Ulmus_glabra	pltd	path	159282	3	136891	100.0	0	1	100.0	pass	True	1.0	1.0
Ulmus_minor	pltd	path	159272	3	136882	100.0	0	1	100.0	pass	True	1.0	1.0
Ulmus_procera	pltd	path	159304	3	136923	100.0	0	1	100.0	pass	True	1.0	1.0
Ulota_crispa	pltd	path	123537	3	116772	100.0	0	1	100.0	pass	True	1.0	1.0
Ulota_phyllantha	pltd	path	123348	3	116350	100.0	0	1	100.0	pass	True	1.0	1.0
Umbilicus_rupestris	pltd	path	150910	3	126736	100.0	0	1	100.0	pass	True	1.0	1.0
Urtica_urens	pltd	path	147511	3	124101	100.0	0	1	100.0	pass	True	1.0	1.0
Vaccinium_oxycoccos	pltd	path	183050	6	147082	100.0	0	4	100.0	pass	True	1.0	1.0
Vaccinium_vitis_idaea	pltd	path	180516	5	146837	100.0	0	3	100.0	pass	True	1.0	1.0
Valerianella_locusta	pltd	path	149678	3	127307	100.0	0	1	100.0	pass	True	1.0	1.0
Verbascum_nigrum	pltd	seqmatch	154380	3	130178	100.0	0	1	100.0	pass	True	1.0	1.0
Veronica_arvensis	pltd	path	149374	3	125645	100.0	0	1	100.0	pass	True	1.0	1.0
Veronica_beccabunga	pltd	path	150504	3	125726	100.0	0	1	100.0	pass	True	1.0	1.0
Veronica_chamaedrys	pltd	path	150569	3	129133	100.0	0	1	100.0	pass	True	1.0	1.0
Veronica_filiformis	pltd	path	150120	12	134641	93.77	5	3	100.0	pass	True	1.0	1.0
Veronica_officinalis	pltd	path	150889	3	126572	100.0	0	1	100.0	pass	True	1.0	1.0
Veronica_persica	pltd	path	150198	3	128475	100.0	0	1	100.0	pass	True	1.0	1.0
Veronica_scutellata	pltd	path	150985	3	126430	100.0	0	1	100.0	pass	True	1.0	1.0
Veronica_serpyllifolia	pltd	path	150926	3	127307	100.0	0	1	100.0	pass	True	1.0	1.0
Veronica_spicata	pltd	path	152249	3	127872	100.0	0	1	100.0	pass	True	1.0	1.0
Veronica_triphyllos	pltd	path	149811	3	125656	100.0	0	1	100.0	pass	True	1.0	1.0
Veronica_verna	pltd	path	149824	3	126904	100.0	0	1	100.0	pass	True	1.0	1.0
Viburnum_lantana	pltd	path	158396	3	134229	100.0	0	1	100.0	pass	True	1.0	1.0
Viburnum_opulus	pltd	path	158473	3	134055	100.0	0	1	100.0	pass	True	1.0	1.0
Vicia_hirsuta	pltd	path	124583	1	124748	100.0	0	0	100.0	pass	True	0.9814814814814815	1.0
Vicia_lutea	pltd	path	123361	1	123406	100.0	0	0	100.0	pass	True	0.9814814814814815	1.0
Vicia_parviflora	pltd	path	122230	1	122276	100.0	0	0	100.0	pass	True	0.9814814814814815	1.0
Vicia_sativa	pltd	path	124622	1	125221	100.0	0	0	100.0	pass	True	0.9814814814814815	1.0
Vicia_sepium	pltd	path	125180	1	125232	100.0	0	0	100.0	pass	True	0.9814814814814815	1.0
Viola_hirta	pltd	path	158114	3	134817	100.0	0	1	100.0	pass	True	1.0	1.0
Viola_odorata	pltd	path	158284	3	134285	100.0	0	1	100.0	pass	True	1.0	1.0
Viola_palustris	pltd	path	157673	3	133664	100.0	0	1	100.0	pass	True	1.0	1.0
Viola_stagnina	pltd	path	158143	3	135245	100.0	0	1	100.0	pass	True	0.9814814814814815	1.0
Viscum_album	pltd	path	128925	3	107792	100.0	0	1	100.0	pass	True	0.8796296296296297	1.0
Woodsia_ilvensis	pltd	path	152119	3	131459	100.0	0	1	100.0	pass	True	0.9907407407407407	1.0
Zostera_noltei	pltd	path	146045	3	123738	100.0	0	1	100.0	pass	True	0.9907407407407407	1.0
Zygodon_viridissimus	pltd	path	123326	3	116327	100.0	0	1	100.0	pass	True	1.0	1.0
