species	organelle	contig_id	start	end	gene	score	strand
Acer_campestre	mito	ctg000001c	677	1856	cox1	1435.1	+
Acer_campestre	mito	ctg000001c	2444	2579	sdh4	79.4	+
Acer_campestre	mito	ctg000001c	5563	5663	rrn26	39.7	+
Acer_campestre	mito	ctg000001c	36738	36854	atp1	54.2	-
Acer_campestre	mito	ctg000001c	36887	36999	trnP-UGG	81.0	-
Acer_campestre	mito	ctg000001c	36908	36983	trnP-UGG	62.8	-
Acer_campestre	mito	ctg000001c	36910	36983	trnQ-UUG	34.7	-
Acer_campestre	mito	ctg000001c	37180	37276	trnC-GCA	35.4	-
Acer_campestre	mito	ctg000001c	37184	37286	trnF-GAA	90.2	-
Acer_campestre	mito	ctg000001c	37196	37270	trnF-GAA	61.0	-
Acer_campestre	mito	ctg000001c	37604	37718	trnS-GCU	105.3	-
Acer_campestre	mito	ctg000001c	37620	37708	trnS-GCU	63.2	-
Acer_campestre	mito	ctg000001c	43230	43302	trnV-GAC	92.2	+
Acer_campestre	mito	ctg000001c	43230	43302	trnV-GAC	58.9	+
Acer_campestre	mito	ctg000001c	43516	43697	rrn18	59.2	+
Acer_campestre	mito	ctg000001c	47933	48432	atp9	421.8	+
Acer_campestre	mito	ctg000001c	48564	48840	nad5	222.9	+
Acer_campestre	mito	ctg000001c	49641	50898	nad5	1536.4	+
Acer_campestre	mito	ctg000001c	52620	53255	atp8	548.4	+
Acer_campestre	mito	ctg000001c	54392	55224	cox3	957.5	+
Acer_campestre	mito	ctg000001c	55093	55644	sdh4	586.7	+
Acer_campestre	mito	ctg000001c	62665	62751	trnW-CCA	72.7	-
Acer_campestre	mito	ctg000001c	62672	62746	trnR-UCG	49.5	-
Acer_campestre	mito	ctg000001c	62672	62747	trnM-CAU	34.3	-
Acer_campestre	mito	ctg000001c	62672	62746	trnW-CCA	68.7	-
Acer_campestre	mito	ctg000001c	62895	63010	trnP-UGG	79.9	-
Acer_campestre	mito	ctg000001c	62918	62992	trnP-UGG	50.4	-
Acer_campestre	mito	ctg000001c	63738	64401	nad9	788.2	-
Acer_campestre	mito	ctg000001c	78081	78192	trnS-GCU	31.6	+
Acer_campestre	mito	ctg000001c	78089	78176	trnS-UGA	99.7	+
Acer_campestre	mito	ctg000001c	78089	78176	trnS-UGA	73.8	+
Acer_campestre	mito	ctg000001c	79018	79109	rrn26	50.2	+
Acer_campestre	mito	ctg000001c	79573	79693	rrn18	80.7	+
Acer_campestre	mito	ctg000001c	80958	81043	rrn18	24.6	+
Acer_campestre	mito	ctg000001c	89948	90105	rrn18	108.6	+
Acer_campestre	mito	ctg000001c	90116	90375	rps19	201.1	+
Acer_campestre	mito	ctg000001c	90213	90334	rps3	74.5	+
Acer_campestre	mito	ctg000001c	92058	93789	rps3	1762.9	+
Acer_campestre	mito	ctg000001c	93536	94162	rpl16	679.1	+
Acer_campestre	mito	ctg000001c	95642	95787	rrn26	24.0	+
Acer_campestre	mito	ctg000001c	98384	98649	atp9	123.9	+
Acer_campestre	mito	ctg000001c	126218	126636	nad5	382.8	+
Acer_campestre	mito	ctg000001c	127642	127855	nad5	111.7	+
Acer_campestre	mito	ctg000001c	131524	132410	ccmC	1098.4	-
Acer_campestre	mito	ctg000001c	131555	131641	trnI-CAU	39.9	-
Acer_campestre	mito	ctg000001c	131555	131641	trnI-UAU	41.2	-
Acer_campestre	mito	ctg000001c	132427	132505	cob	33.8	-
Acer_campestre	mito	ctg000001c	133078	133437	sdh3	101.6	-
Acer_campestre	mito	ctg000001c	151285	151776	nad4	473.4	+
Acer_campestre	mito	ctg000001c	153155	153711	nad4	637.5	+
Acer_campestre	mito	ctg000001c	156718	157166	nad4	484.4	+
Acer_campestre	mito	ctg000001c	159622	159758	nad4	80.0	+
Acer_campestre	mito	ctg000001c	166418	166498	trnM-CAU	43.6	+
Acer_campestre	mito	ctg000001c	166418	166491	trnT-GGU	41.3	+
Acer_campestre	mito	ctg000001c	166418	166491	trnT-UGU	32.8	+
Acer_campestre	mito	ctg000001c	166418	166491	trnM-CAU	64.6	+
Acer_campestre	mito	ctg000001c	171549	171621	trnG-GCC	87.2	+
Acer_campestre	mito	ctg000001c	171549	171621	trnG-UCC	36.6	+
Acer_campestre	mito	ctg000001c	171549	171620	trnD-GUC	32.7	+
Acer_campestre	mito	ctg000001c	171549	171621	trnG-GCC	63.8	+
Acer_campestre	mito	ctg000001c	171551	171618	trnV-UAC	32.2	+
Acer_campestre	mito	ctg000001c	171551	171616	trnI-GAU	30.8	+
Acer_campestre	mito	ctg000001c	171552	171620	trnT-GGU	31.5	+
Acer_campestre	mito	ctg000001c	175067	175139	trnQ-UUG	80.3	+
Acer_campestre	mito	ctg000001c	175067	175139	trnQ-UUG	64.9	+
Acer_campestre	mito	ctg000001c	175069	175136	trnH-GUG	33.4	+
Acer_campestre	mito	ctg000001c	187956	190021	rrn18	2217.5	+
Acer_campestre	mito	ctg000001c	188032	189981	rrn18	182.8	-
Acer_campestre	mito	ctg000001c	188032	189145	rrn18	3.9e-229	+
Acer_campestre	mito	ctg000001c	189514	189959	rrn18	7.4e-92	+
Acer_campestre	mito	ctg000001c	190503	190665	rrn5	147.6	+
Acer_campestre	mito	ctg000001c	190798	190939	nad3	53.8	+
Acer_campestre	mito	ctg000001c	201315	201479	nad7	170.2	+
Acer_campestre	mito	ctg000001c	202222	202441	nad7	65.8	+
Acer_campestre	mito	ctg000001c	203932	204478	nad7	624.2	+
Acer_campestre	mito	ctg000001c	205495	205782	nad7	309.5	+
Acer_campestre	mito	ctg000001c	207530	207813	nad7	327.2	+
Acer_campestre	mito	ctg000001c	215671	215753	trnM-CAU	59.2	-
Acer_campestre	mito	ctg000001c	215676	215750	trnfM-CAU	81.1	-
Acer_campestre	mito	ctg000001c	215676	215750	trnM-CAU	60.3	-
Acer_campestre	mito	ctg000001c	216072	219264	rrn26	578.4	+
Acer_campestre	mito	ctg000001c	216101	219285	rrn26	3843.1	-
Acer_campestre	mito	ctg000001c	216140	219223	rrn26	0.0	-
Acer_campestre	mito	ctg000001c	229870	229942	trnE-UUC	78.6	-
Acer_campestre	mito	ctg000001c	229870	229942	trnE-UUC	60.8	-
Acer_campestre	mito	ctg000001c	267584	268288	atp4	735.4	-
Acer_campestre	mito	ctg000001c	268388	268765	nad4L	392.6	-
Acer_campestre	mito	ctg000001c	288995	289802	nad6	883.7	-
Acer_campestre	mito	ctg000001c	290310	291497	rps4	1017.3	-
Acer_campestre	mito	ctg000001c	314514	314709	nad2	51.1	-
Acer_campestre	mito	ctg000001c	324802	324874	trnE-UUC	78.6	+
Acer_campestre	mito	ctg000001c	324802	324874	trnE-UUC	60.8	+
Acer_campestre	mito	ctg000001c	335328	335486	rrn18	101.0	+
Acer_campestre	mito	ctg000001c	335902	336310	rps13	388.0	+
Acer_campestre	mito	ctg000001c	337245	337343	nad1	89.3	+
Acer_campestre	mito	ctg000001c	338834	339098	nad1	251.3	+
Acer_campestre	mito	ctg000001c	340304	340369	nad1	40.3	+
Acer_campestre	mito	ctg000001c	348345	348663	rrn18	184.0	+
Acer_campestre	mito	ctg000001c	351570	352382	ccmFc	967.5	+
Acer_campestre	mito	ctg000001c	353282	353930	ccmFc	772.7	+
Acer_campestre	mito	ctg000001c	358261	358347	trnM-CAU	60.7	+
Acer_campestre	mito	ctg000001c	358265	358339	trnI-CAU	76.2	+
Acer_campestre	mito	ctg000001c	358265	358339	trnI-GAU	30.1	+
Acer_campestre	mito	ctg000001c	358265	358342	trnM-CAU	59.5	+
Acer_campestre	mito	ctg000001c	361998	363026	mttB	1110.4	-
Acer_campestre	mito	ctg000001c	363201	363297	rps19	38.4	-
Acer_campestre	mito	ctg000001c	381734	382165	nad1	475.0	-
Acer_campestre	mito	ctg000001c	382416	383037	ccmB	783.4	-
Acer_campestre	mito	ctg000001c	385367	385468	trnW-CCA	40.4	+
Acer_campestre	mito	ctg000001c	385374	385453	trnM-CAU	35.5	+
Acer_campestre	mito	ctg000001c	385375	385448	trnK-UUU	81.1	+
Acer_campestre	mito	ctg000001c	385375	385448	trnV-UAC	46.0	+
Acer_campestre	mito	ctg000001c	385375	385448	trnR-UCU	45.1	+
Acer_campestre	mito	ctg000001c	385375	385442	trnR-UCG	39.1	+
Acer_campestre	mito	ctg000001c	385375	385447	trnT-UGU	34.6	+
Acer_campestre	mito	ctg000001c	385375	385448	trnQ-UUG	33.0	+
Acer_campestre	mito	ctg000001c	385375	385448	trnK-UUU	70.7	+
Acer_campestre	mito	ctg000001c	385377	385443	trnN-GUU	40.3	+
Acer_campestre	mito	ctg000001c	391853	391939	rrn26	83.7	+
Acer_campestre	mito	ctg000001c	429011	430270	cob	1652.3	-
Acer_campestre	mito	ctg000001c	431488	431953	rps14	421.4	-
Acer_campestre	mito	ctg000001c	431813	432471	rpl5	661.5	-
Acer_campestre	mito	ctg000001c	438896	438993	trnC-GCA	66.6	+
Acer_campestre	mito	ctg000001c	438898	438969	trnC-GCA	49.0	+
Acer_campestre	mito	ctg000001c	441162	441239	trnN-GUU	82.3	+
Acer_campestre	mito	ctg000001c	441164	441234	trnT-GGU	41.8	+
Acer_campestre	mito	ctg000001c	441164	441236	trnN-GUU	68.2	+
Acer_campestre	mito	ctg000001c	441165	441235	trnR-UCU	33.7	+
Acer_campestre	mito	ctg000001c	441166	441233	trnI-GAU	30.9	+
Acer_campestre	mito	ctg000001c	441167	441234	trnK-UUU	45.8	+
Acer_campestre	mito	ctg000001c	442331	442414	trnY-GUA	91.5	+
Acer_campestre	mito	ctg000001c	442331	442414	trnY-GUA	69.3	+
Acer_campestre	mito	ctg000001c	442927	443108	nad2	168.8	+
Acer_campestre	mito	ctg000001c	444303	444849	nad7	624.2	+
Acer_campestre	mito	ctg000001c	445866	446153	nad7	309.5	+
Acer_campestre	mito	ctg000001c	447901	448184	nad7	327.2	+
Acer_campestre	mito	ctg000001c	456042	456124	trnM-CAU	59.2	-
Acer_campestre	mito	ctg000001c	456047	456121	trnfM-CAU	81.1	-
Acer_campestre	mito	ctg000001c	456047	456121	trnM-CAU	60.3	-
Acer_campestre	mito	ctg000001c	456443	459635	rrn26	578.4	+
Acer_campestre	mito	ctg000001c	456472	459656	rrn26	3843.1	-
Acer_campestre	mito	ctg000001c	456511	459594	rrn26	0.0	-
Acer_campestre	mito	ctg000001c	466465	467226	cox2	896.9	+
Acer_campestre	mito	ctg000001c	469292	469428	cox2	43.2	+
Acer_campestre	mito	ctg000001c	476930	478593	cox1	2005.8	+
Acer_campestre	mito	ctg000001c	488510	488672	rps12	140.7	-
Acer_campestre	mito	ctg000001c	489107	490119	atp6	1102.0	-
Acer_campestre	mito	ctg000001c	511857	513889	ccmFn	2508.3	+
Acer_campestre	mito	ctg000001c	546762	547054	nad1	314.9	+
Acer_campestre	mito	ctg000001c	547285	547360	nad4	49.6	+
Acer_campestre	mito	ctg000001c	561753	561860	rps10	100.4	-
Acer_campestre	mito	ctg000001c	562697	563065	rps10	337.8	-
Acer_campestre	mito	ctg000001c	579339	579483	rps7	37.4	+
Acer_campestre	mito	ctg000001c	580446	580520	trnH-GUG	73.3	-
Acer_campestre	mito	ctg000001c	580446	580520	trnH-GUG	58.5	-
Acer_campestre	mito	ctg000001c	585823	585903	rps1	25.4	+
Acer_campestre	mito	ctg000001c	586125	586220	cox2	34.8	+
Acer_campestre	mito	ctg000001c	586311	586558	atp6	24.9	+
Acer_campestre	mito	ctg000001c	586872	588458	atp1	2046.8	+
Acer_campestre	mito	ctg000001c	586997	588027	atpA	1304.8	+
Acer_campestre	mito	ctg000001c	589148	589268	nad6	90.9	+
Acer_campestre	mito	ctg000001c	593588	593693	trnA-UGC	16.3	+
Acer_campestre	mito	ctg000001c	613399	613518	cox1	63.8	-
Acer_campestre	mito	ctg000001c	623807	623881	trnD-GUC	70.4	+
Acer_campestre	mito	ctg000001c	623807	623881	trnD-GUC	65.8	+
Acer_campestre	mito	ctg000001c	639418	639521	rrn18	27.1	+
Acer_campestre	mito	ctg000001c	655784	655868	trnS-GCU	52.0	+
Acer_campestre	mito	ctg000001c	655794	655861	trnS-GCU	21.6	+
Acer_campestre	mito	ctg000001c	670196	670630	nad2	428.7	-
Acer_campestre	mito	ctg000001c	671787	672008	nad2	150.8	-
Acer_campestre	mito	ctg000001c	672583	672998	sdh3	409.4	-
Acer_campestre	mito	ctg000001c	674079	674672	nad2	686.5	+
Acer_campestre	mito	ctg000001c	676171	676424	nad2	193.0	+
Acer_campestre	mito	ctg000001c	684997	685075	trnQ-UUG	43.8	+
Acer_campestre	mito	ctg000001c	702371	702816	rps12	562.9	-
Acer_campestre	mito	ctg000001c	702789	703230	nad3	441.1	-
Acer_campestre	mito	ctg000001c	719929	720009	trnM-CAU	37.2	-
Acer_campestre	mito	ctg000001c	719933	720018	trnL-CAA	38.2	-
Acer_campestre	mito	ctg000001c	719934	720008	trnI-CAU	58.8	-
Acer_campestre	mito	ctg000001c	719934	720008	trnM-CAU	70.4	-
Acer_campestre	mito	ctg000001c	722565	722659	nad1	47.8	+
Acer_campestre	mito	ctg000001c	723237	725307	matR	2629.7	+
Acer_campestre	mito	ctg000001c	761678	761763	rrn5	34.5	+
Andreaea_rothii	mito	ctg000001c	334	510	matR	44.0	-
Andreaea_rothii	mito	ctg000001c	2505	2574	atp9	76.6	-
Andreaea_rothii	mito	ctg000001c	4687	5134	rps11	392.6	-
Andreaea_rothii	mito	ctg000001c	5545	5950	rps13	339.6	-
Andreaea_rothii	mito	ctg000001c	7944	8355	rps14	333.1	-
Andreaea_rothii	mito	ctg000001c	8227	8875	rpl5	528.8	-
Andreaea_rothii	mito	ctg000001c	9629	10241	rpl16	537.5	-
Andreaea_rothii	mito	ctg000001c	9999	11752	rps3	938.1	-
Andreaea_rothii	mito	ctg000001c	11637	12092	rps19	312.7	-
Andreaea_rothii	mito	ctg000001c	11995	13528	rpl2	1218.2	-
Andreaea_rothii	mito	ctg000001c	14006	14368	rps10	124.7	-
Andreaea_rothii	mito	ctg000001c	14740	15733	nad7	1049.4	-
Andreaea_rothii	mito	ctg000001c	16788	16888	nad7	48.2	-
Andreaea_rothii	mito	ctg000001c	17855	18032	nad7	131.2	-
Andreaea_rothii	mito	ctg000001c	18053	18126	trnT-GGU	72.5	-
Andreaea_rothii	mito	ctg000001c	18053	18126	trnT-GGU	53.3	-
Andreaea_rothii	mito	ctg000001c	18056	18124	trnI-GAU	29.2	-
Andreaea_rothii	mito	ctg000001c	18393	18482	trnW-CCA	29.4	-
Andreaea_rothii	mito	ctg000001c	18402	18475	trnA-UGC	75.1	-
Andreaea_rothii	mito	ctg000001c	18402	18475	trnV-UAC	35.0	-
Andreaea_rothii	mito	ctg000001c	18402	18475	trnA-UGC	66.0	-
Andreaea_rothii	mito	ctg000001c	18405	18475	trnT-UGU	37.5	-
Andreaea_rothii	mito	ctg000001c	18452	18526	trnS-GCU	30.4	-
Andreaea_rothii	mito	ctg000001c	19527	19601	trnD-GUC	72.5	-
Andreaea_rothii	mito	ctg000001c	19527	19601	trnK-UUU	30.3	-
Andreaea_rothii	mito	ctg000001c	19527	19603	trnM-CAU	29.1	-
Andreaea_rothii	mito	ctg000001c	19527	19601	trnA-UGC	29.1	-
Andreaea_rothii	mito	ctg000001c	19527	19601	trnD-GUC	72.8	-
Andreaea_rothii	mito	ctg000001c	19528	19601	trnI-GAU	36.0	-
Andreaea_rothii	mito	ctg000001c	19528	19601	trnT-UGU	30.3	-
Andreaea_rothii	mito	ctg000001c	19530	19599	trnH-GUG	37.6	-
Andreaea_rothii	mito	ctg000001c	20305	20378	trnV-UAC	79.1	-
Andreaea_rothii	mito	ctg000001c	20305	20378	trnA-UGC	35.1	-
Andreaea_rothii	mito	ctg000001c	20305	20378	trnV-UAC	64.6	-
Andreaea_rothii	mito	ctg000001c	21366	21831	nad3	390.9	-
Andreaea_rothii	mito	ctg000001c	21772	21861	trnW-CCA	62.0	+
Andreaea_rothii	mito	ctg000001c	21779	21852	trnW-CCA	62.3	+
Andreaea_rothii	mito	ctg000001c	22529	22970	atp1	266.3	-
Andreaea_rothii	mito	ctg000001c	23402	23606	matR	35.0	-
Andreaea_rothii	mito	ctg000001c	25047	26204	atp1	1442.5	-
Andreaea_rothii	mito	ctg000001c	25073	26103	atpA	1065.5	-
Andreaea_rothii	mito	ctg000001c	26639	27063	nad9	441.3	-
Andreaea_rothii	mito	ctg000001c	29305	29581	nad9	213.8	-
Andreaea_rothii	mito	ctg000001c	31576	32343	cob	671.0	-
Andreaea_rothii	mito	ctg000001c	33356	33812	cob	430.8	-
Andreaea_rothii	mito	ctg000001c	34115	34413	nad1	297.1	-
Andreaea_rothii	mito	ctg000001c	35229	35684	nad1	526.0	-
Andreaea_rothii	mito	ctg000001c	36443	36757	nad1	309.6	-
Andreaea_rothii	mito	ctg000001c	38294	38643	cox3	304.3	-
Andreaea_rothii	mito	ctg000001c	38297	38417	sdh4	56.8	-
Andreaea_rothii	mito	ctg000001c	39445	39977	cox3	538.6	-
Andreaea_rothii	mito	ctg000001c	39963	40079	cox2	37.1	-
Andreaea_rothii	mito	ctg000001c	41314	41676	cox2	386.9	-
Andreaea_rothii	mito	ctg000001c	44080	44375	cox2	287.0	-
Andreaea_rothii	mito	ctg000001c	45483	45623	cox2	92.8	-
Andreaea_rothii	mito	ctg000001c	49603	50251	nad6	659.4	-
Andreaea_rothii	mito	ctg000001c	51162	51458	atp6	67.8	+
Andreaea_rothii	mito	ctg000001c	52086	52805	atp6	780.1	+
Andreaea_rothii	mito	ctg000001c	53393	54263	rps7	566.7	-
Andreaea_rothii	mito	ctg000001c	53929	54825	rps12	558.8	-
Andreaea_rothii	mito	ctg000001c	54948	55021	trnE-UUC	76.2	-
Andreaea_rothii	mito	ctg000001c	54948	55021	trnE-UUC	55.0	-
Andreaea_rothii	mito	ctg000001c	55651	55725	trnR-ACG	77.0	+
Andreaea_rothii	mito	ctg000001c	55651	55725	trnR-UCG	45.1	+
Andreaea_rothii	mito	ctg000001c	55651	55725	trnR-ACG	56.3	+
Andreaea_rothii	mito	ctg000001c	55832	55904	trnG-GCC	86.7	+
Andreaea_rothii	mito	ctg000001c	55832	55904	trnG-UCC	41.2	+
Andreaea_rothii	mito	ctg000001c	55832	55903	trnD-GUC	34.1	+
Andreaea_rothii	mito	ctg000001c	55832	55904	trnG-GCC	65.0	+
Andreaea_rothii	mito	ctg000001c	55834	55902	trnV-UAC	31.7	+
Andreaea_rothii	mito	ctg000001c	55834	55900	trnI-GAU	27.5	+
Andreaea_rothii	mito	ctg000001c	55835	55904	trnT-GGU	31.4	+
Andreaea_rothii	mito	ctg000001c	56452	57800	nad2	1398.0	-
Andreaea_rothii	mito	ctg000001c	58717	58962	nad2	133.6	-
Andreaea_rothii	mito	ctg000001c	58899	59967	nad4	1181.5	-
Andreaea_rothii	mito	ctg000001c	60748	61251	nad4	397.4	-
Andreaea_rothii	mito	ctg000001c	61777	62414	nad5	456.0	-
Andreaea_rothii	mito	ctg000001c	65042	65783	nad5	826.2	-
Andreaea_rothii	mito	ctg000001c	66617	67161	nad5	604.4	-
Andreaea_rothii	mito	ctg000001c	67999	68270	nad5	199.6	-
Andreaea_rothii	mito	ctg000001c	69368	69464	trnL-CAA	67.6	+
Andreaea_rothii	mito	ctg000001c	69382	69462	trnL-UAA	70.4	+
Andreaea_rothii	mito	ctg000001c	69382	69462	trnL-UAA	67.6	+
Andreaea_rothii	mito	ctg000001c	69460	69546	trnL-CAA	66.9	+
Andreaea_rothii	mito	ctg000001c	69463	69543	trnL-UAA	53.5	+
Andreaea_rothii	mito	ctg000001c	69463	69543	trnL-CAA	60.0	+
Andreaea_rothii	mito	ctg000001c	69569	69642	trnH-GUG	59.2	+
Andreaea_rothii	mito	ctg000001c	69569	69642	trnH-GUG	69.1	+
Andreaea_rothii	mito	ctg000001c	69911	70464	rpl10	376.9	-
Andreaea_rothii	mito	ctg000001c	74809	76531	rrn26	1582.1	-
Andreaea_rothii	mito	ctg000001c	74896	75414	rrn26	71.5	+
Andreaea_rothii	mito	ctg000001c	75838	78261	rrn26	0.0	-
Andreaea_rothii	mito	ctg000001c	75925	76489	rrn26	93.5	+
Andreaea_rothii	mito	ctg000001c	76528	78309	rrn26	1622.9	-
Andreaea_rothii	mito	ctg000001c	76587	77469	rrn26	94.1	+
Andreaea_rothii	mito	ctg000001c	78804	78879	trnM-CAU	56.8	-
Andreaea_rothii	mito	ctg000001c	78805	78878	trnfM-CAU	72.6	-
Andreaea_rothii	mito	ctg000001c	78805	78874	trnI-CAU	34.6	-
Andreaea_rothii	mito	ctg000001c	78805	78877	trnK-UUU	28.6	-
Andreaea_rothii	mito	ctg000001c	78805	78878	trnM-CAU	63.2	-
Andreaea_rothii	mito	ctg000001c	78808	78875	trnR-UCG	29.6	-
Andreaea_rothii	mito	ctg000001c	79328	79480	rrn5	125.6	-
Andreaea_rothii	mito	ctg000001c	80199	80273	trnM-CAU	39.0	-
Andreaea_rothii	mito	ctg000001c	80200	80273	trnM-CAU	56.6	-
Andreaea_rothii	mito	ctg000001c	80746	81758	rrn18	49.4	+
Andreaea_rothii	mito	ctg000001c	80750	83464	rrn18	1849.2	-
Andreaea_rothii	mito	ctg000001c	80781	81240	rrn18	1.8e-90	-
Andreaea_rothii	mito	ctg000001c	82698	83419	rrn18	3.1e-152	-
Andreaea_rothii	mito	ctg000001c	82725	83261	rrn18	33.2	+
Andreaea_rothii	mito	ctg000001c	84386	84491	trnP-UGG	87.4	+
Andreaea_rothii	mito	ctg000001c	84402	84476	trnQ-UUG	36.5	+
Andreaea_rothii	mito	ctg000001c	84404	84478	trnP-UGG	64.6	+
Andreaea_rothii	mito	ctg000001c	84405	84474	trnT-UGU	32.6	+
Andreaea_rothii	mito	ctg000001c	84407	84476	trnR-UCG	30.4	+
Andreaea_rothii	mito	ctg000001c	84457	84603	sdh3	117.4	+
Andreaea_rothii	mito	ctg000001c	85553	85890	sdh3	168.5	+
Andreaea_rothii	mito	ctg000001c	86438	86723	sdh4	249.9	+
Andreaea_rothii	mito	ctg000001c	86962	87289	nad4L	329.1	+
Andreaea_rothii	mito	ctg000001c	89347	89430	trnY-GUA	89.9	-
Andreaea_rothii	mito	ctg000001c	89347	89430	trnY-GUA	66.8	-
Andreaea_rothii	mito	ctg000001c	89580	89655	trnM-CAU	34.2	-
Andreaea_rothii	mito	ctg000001c	89581	89655	trnR-UCU	76.5	-
Andreaea_rothii	mito	ctg000001c	89581	89655	trnR-UCG	61.5	-
Andreaea_rothii	mito	ctg000001c	89581	89655	trnT-GGU	30.8	-
Andreaea_rothii	mito	ctg000001c	89581	89655	trnR-UCU	67.4	-
Andreaea_rothii	mito	ctg000001c	89582	89653	trnK-UUU	42.0	-
Andreaea_rothii	mito	ctg000001c	89585	89652	trnV-UAC	32.4	-
Andreaea_rothii	mito	ctg000001c	90228	91063	mttB	706.4	+
Andreaea_rothii	mito	ctg000001c	91913	92645	rps4	419.7	-
Andreaea_rothii	mito	ctg000001c	92598	92669	trnG-UCC	76.5	-
Andreaea_rothii	mito	ctg000001c	92598	92669	trnG-UCC	62.2	-
Andreaea_rothii	mito	ctg000001c	92769	92883	trnS-GCU	32.5	+
Andreaea_rothii	mito	ctg000001c	92784	92868	trnS-UGA	89.4	+
Andreaea_rothii	mito	ctg000001c	92784	92868	trnS-UGA	74.1	+
Andreaea_rothii	mito	ctg000001c	94136	94221	trnL-UAG	76.9	+
Andreaea_rothii	mito	ctg000001c	94136	94221	trnL-UAG	51.3	+
Andreaea_rothii	mito	ctg000001c	95786	95858	trnQ-UUG	73.8	+
Andreaea_rothii	mito	ctg000001c	95786	95858	trnQ-UUG	68.7	+
Andreaea_rothii	mito	ctg000001c	95788	95855	trnH-GUG	35.9	+
Andreaea_rothii	mito	ctg000001c	95893	96536	ccmFc	433.5	-
Andreaea_rothii	mito	ctg000001c	97227	97383	ccmFc	56.4	-
Andreaea_rothii	mito	ctg000001c	97602	98195	ccmFc	341.2	-
Andreaea_rothii	mito	ctg000001c	98515	99702	ccmFn	772.3	-
Andreaea_rothii	mito	ctg000001c	99968	100352	ccmFn	187.4	-
Andreaea_rothii	mito	ctg000001c	100419	101311	ccmC	783.4	-
Andreaea_rothii	mito	ctg000001c	101732	102354	ccmB	426.8	-
Andreaea_rothii	mito	ctg000001c	102378	103206	rps2	569.1	-
Andreaea_rothii	mito	ctg000001c	103134	103239	trnF-GAA	83.1	+
Andreaea_rothii	mito	ctg000001c	103154	103229	trnC-GCA	31.7	+
Andreaea_rothii	mito	ctg000001c	103156	103230	trnF-GAA	73.2	+
Andreaea_rothii	mito	ctg000001c	103570	103671	trnC-GCA	60.4	-
Andreaea_rothii	mito	ctg000001c	103599	103670	trnC-GCA	57.8	-
Andreaea_rothii	mito	ctg000001c	104077	104956	rps1	397.3	+
Andreaea_rothii	mito	ctg000001c	105346	105888	atp8	270.6	+
Andreaea_rothii	mito	ctg000001c	105879	106481	atp4	400.5	+
Andreaea_rothii	mito	ctg000001c	106422	106969	cox1	591.8	+
Andreaea_rothii	mito	ctg000001c	108677	108803	cox1	112.7	+
Andreaea_rothii	mito	ctg000001c	109272	109386	cox1	108.0	+
Andreaea_rothii	mito	ctg000001c	112015	112380	cox1	379.5	+
Andreaea_rothii	mito	ctg000001c	113664	114246	cox1	506.6	+
Andreaea_rothii	mito	ctg000001c	116355	116433	trnM-CAU	34.2	-
Andreaea_rothii	mito	ctg000001c	116359	116432	trnK-UUU	76.4	-
Andreaea_rothii	mito	ctg000001c	116359	116432	trnR-UCU	46.2	-
Andreaea_rothii	mito	ctg000001c	116359	116432	trnV-UAC	43.7	-
Andreaea_rothii	mito	ctg000001c	116359	116432	trnQ-UUG	33.1	-
Andreaea_rothii	mito	ctg000001c	116359	116432	trnK-UUU	75.2	-
Andreaea_rothii	mito	ctg000001c	116364	116429	trnN-GUU	39.8	-
Andreaea_rothii	mito	ctg000001c	116365	116432	trnR-UCG	38.4	-
Andreaea_rothii	mito	ctg000001c	117183	117263	trnM-CAU	47.5	-
Andreaea_rothii	mito	ctg000001c	117188	117262	trnI-CAU	76.5	-
Andreaea_rothii	mito	ctg000001c	117188	117262	trnI-GAU	30.5	-
Andreaea_rothii	mito	ctg000001c	117188	117262	trnM-CAU	55.6	-
Andreaea_rothii	mito	ctg000001c	117918	118092	atp9	151.8	-
Antennaria_dioica	mito	ctg000001c	5714	5843	trnS-GCU	102.7	+
Antennaria_dioica	mito	ctg000001c	5736	5824	trnS-GCU	60.4	+
Antennaria_dioica	mito	ctg000001c	6048	6153	trnF-GAA	90.9	+
Antennaria_dioica	mito	ctg000001c	6064	6160	trnC-GCA	35.4	+
Antennaria_dioica	mito	ctg000001c	6070	6144	trnF-GAA	61.0	+
Antennaria_dioica	mito	ctg000001c	6369	6478	trnP-UGG	80.9	+
Antennaria_dioica	mito	ctg000001c	6385	6458	trnQ-UUG	34.7	+
Antennaria_dioica	mito	ctg000001c	6385	6460	trnP-UGG	62.8	+
Antennaria_dioica	mito	ctg000001c	6489	6668	rps19	136.3	+
Antennaria_dioica	mito	ctg000001c	6560	6655	rps3	52.4	+
Antennaria_dioica	mito	ctg000001c	6973	7805	cox3	946.2	+
Antennaria_dioica	mito	ctg000001c	7673	8199	sdh4	607.1	+
Antennaria_dioica	mito	ctg000001c	12100	13006	ccmC	1071.3	+
Antennaria_dioica	mito	ctg000001c	12910	12978	trnI-CAU	41.4	+
Antennaria_dioica	mito	ctg000001c	22052	22132	trnW-CCA	29.9	+
Antennaria_dioica	mito	ctg000001c	22058	22131	trnG-GCC	86.0	+
Antennaria_dioica	mito	ctg000001c	22058	22130	trnD-GUC	36.4	+
Antennaria_dioica	mito	ctg000001c	22058	22131	trnG-UCC	32.9	+
Antennaria_dioica	mito	ctg000001c	22058	22131	trnA-UGC	32.7	+
Antennaria_dioica	mito	ctg000001c	22058	22131	trnG-GCC	63.3	+
Antennaria_dioica	mito	ctg000001c	22060	22128	trnV-UAC	35.0	+
Antennaria_dioica	mito	ctg000001c	22060	22126	trnI-GAU	30.8	+
Antennaria_dioica	mito	ctg000001c	22061	22129	trnT-GGU	32.2	+
Antennaria_dioica	mito	ctg000001c	24968	25040	trnQ-UUG	80.3	+
Antennaria_dioica	mito	ctg000001c	24968	25040	trnQ-UUG	64.9	+
Antennaria_dioica	mito	ctg000001c	24970	25037	trnH-GUG	33.4	+
Antennaria_dioica	mito	ctg000001c	28519	28593	trnH-GUG	73.3	-
Antennaria_dioica	mito	ctg000001c	28519	28593	trnH-GUG	58.5	-
Antennaria_dioica	mito	ctg000001c	30527	30599	trnE-UUC	78.6	+
Antennaria_dioica	mito	ctg000001c	30527	30599	trnE-UUC	60.8	+
Antennaria_dioica	mito	ctg000001c	38327	38734	rps13	435.4	+
Antennaria_dioica	mito	ctg000001c	39529	39627	nad1	89.1	+
Antennaria_dioica	mito	ctg000001c	40415	40679	nad1	254.0	+
Antennaria_dioica	mito	ctg000001c	41895	41953	nad3	29.4	+
Antennaria_dioica	mito	ctg000001c	41935	42641	rps1	741.2	+
Antennaria_dioica	mito	ctg000001c	42618	42716	atp1	23.3	+
Antennaria_dioica	mito	ctg000001c	42737	43427	rpl5	654.8	+
Antennaria_dioica	mito	ctg000001c	43286	43755	rps14	436.5	+
Antennaria_dioica	mito	ctg000001c	43774	43853	trnT-UGU	31.7	+
Antennaria_dioica	mito	ctg000001c	43787	43853	trnT-UGU	39.5	+
Antennaria_dioica	mito	ctg000001c	46698	46991	atp9	233.5	+
Antennaria_dioica	mito	ctg000001c	48873	49316	nad1	472.7	-
Antennaria_dioica	mito	ctg000001c	50282	52336	rrn18	2197.0	-
Antennaria_dioica	mito	ctg000001c	50316	52259	rrn18	168.2	+
Antennaria_dioica	mito	ctg000001c	50327	50772	rrn18	2.1e-91	-
Antennaria_dioica	mito	ctg000001c	51148	52259	rrn18	4.6e-227	-
Antennaria_dioica	mito	ctg000001c	63366	63836	atp8	514.8	-
Antennaria_dioica	mito	ctg000001c	68206	68287	trnM-CAU	53.9	+
Antennaria_dioica	mito	ctg000001c	68209	68282	trnfM-CAU	71.0	+
Antennaria_dioica	mito	ctg000001c	68209	68282	trnM-CAU	59.3	+
Antennaria_dioica	mito	ctg000001c	71466	73012	atp1	1934.6	-
Antennaria_dioica	mito	ctg000001c	71855	72885	atpA	1285.7	-
Antennaria_dioica	mito	ctg000001c	78599	78761	rrn5	148.8	+
Antennaria_dioica	mito	ctg000001c	83189	83522	rps11	139.6	-
Antennaria_dioica	mito	ctg000001c	83812	85470	cox1	1990.5	-
Antennaria_dioica	mito	ctg000001c	97616	99581	ccmFn	2416.3	-
Antennaria_dioica	mito	ctg000001c	99770	100053	nad7	331.3	-
Antennaria_dioica	mito	ctg000001c	101808	102095	nad7	305.8	-
Antennaria_dioica	mito	ctg000001c	103100	103673	nad7	625.1	-
Antennaria_dioica	mito	ctg000001c	105038	105138	nad7	64.0	-
Antennaria_dioica	mito	ctg000001c	105993	106172	nad7	171.4	-
Antennaria_dioica	mito	ctg000001c	111114	111200	trnM-CAU	60.7	+
Antennaria_dioica	mito	ctg000001c	111118	111192	trnI-CAU	77.1	+
Antennaria_dioica	mito	ctg000001c	111118	111195	trnM-CAU	60.1	+
Antennaria_dioica	mito	ctg000001c	133770	135055	atp6	1071.0	-
Antennaria_dioica	mito	ctg000001c	153265	153391	cox1	73.1	-
Antennaria_dioica	mito	ctg000001c	153369	153429	cox3	27.4	-
Antennaria_dioica	mito	ctg000001c	162345	163399	rps4	738.4	+
Antennaria_dioica	mito	ctg000001c	163861	164106	nad6	30.5	+
Antennaria_dioica	mito	ctg000001c	165201	165512	rrn26	81.7	-
Antennaria_dioica	mito	ctg000001c	174623	175093	atp8	514.8	-
Antennaria_dioica	mito	ctg000001c	185184	185264	trnM-CAU	43.7	+
Antennaria_dioica	mito	ctg000001c	185184	185257	trnT-GGU	41.3	+
Antennaria_dioica	mito	ctg000001c	185184	185257	trnT-UGU	32.8	+
Antennaria_dioica	mito	ctg000001c	185184	185257	trnM-CAU	64.6	+
Antennaria_dioica	mito	ctg000001c	187803	187918	trnS-GCU	29.7	+
Antennaria_dioica	mito	ctg000001c	190486	194196	rrn26	3864.4	+
Antennaria_dioica	mito	ctg000001c	190509	194206	rrn26	605.1	-
Antennaria_dioica	mito	ctg000001c	191185	194156	rrn26	0.0	+
Antennaria_dioica	mito	ctg000001c	200577	200634	sdh3	27.5	+
Antennaria_dioica	mito	ctg000001c	212348	212412	cox2	44.2	+
Antennaria_dioica	mito	ctg000001c	212547	212965	nad5	383.2	+
Antennaria_dioica	mito	ctg000001c	213842	214053	nad5	115.2	+
Antennaria_dioica	mito	ctg000001c	214132	214228	rrn18	31.6	+
Antennaria_dioica	mito	ctg000001c	219202	219693	atp9	399.5	+
Antennaria_dioica	mito	ctg000001c	219911	220187	nad5	222.1	+
Antennaria_dioica	mito	ctg000001c	220997	222245	nad5	1539.7	+
Antennaria_dioica	mito	ctg000001c	226256	226341	trnW-CCA	70.4	-
Antennaria_dioica	mito	ctg000001c	226262	226336	trnR-UCG	50.5	-
Antennaria_dioica	mito	ctg000001c	226262	226337	trnM-CAU	33.7	-
Antennaria_dioica	mito	ctg000001c	226262	226336	trnR-UCU	33.0	-
Antennaria_dioica	mito	ctg000001c	226262	226336	trnW-CCA	64.5	-
Antennaria_dioica	mito	ctg000001c	226464	226580	trnP-UGG	72.8	-
Antennaria_dioica	mito	ctg000001c	227293	227942	nad9	780.9	-
Antennaria_dioica	mito	ctg000001c	228186	228304	trnS-GCU	81.3	-
Antennaria_dioica	mito	ctg000001c	228200	228292	trnS-GCU	26.2	-
Antennaria_dioica	mito	ctg000001c	234183	234547	nad4L	395.4	+
Antennaria_dioica	mito	ctg000001c	234615	235317	atp4	750.6	+
Antennaria_dioica	mito	ctg000001c	236285	236365	trnN-GUU	58.3	+
Antennaria_dioica	mito	ctg000001c	236287	236364	trnT-GGU	39.7	+
Antennaria_dioica	mito	ctg000001c	236288	236360	trnK-UUU	31.8	+
Antennaria_dioica	mito	ctg000001c	236288	236362	trnT-GGU	47.9	+
Antennaria_dioica	mito	ctg000001c	238125	238638	atp8	549.0	+
Antennaria_dioica	mito	ctg000001c	248060	248222	rrn5	148.8	-
Antennaria_dioica	mito	ctg000001c	254856	254941	ccmFn	33.8	+
Antennaria_dioica	mito	ctg000001c	256818	256892	trnD-GUC	70.4	-
Antennaria_dioica	mito	ctg000001c	256818	256892	trnD-GUC	65.8	-
Antennaria_dioica	mito	ctg000001c	259877	260384	nad4	480.9	+
Antennaria_dioica	mito	ctg000001c	261778	262859	nad4	1261.6	+
Antennaria_dioica	mito	ctg000001c	266687	267717	mttB	1094.0	-
Antennaria_dioica	mito	ctg000001c	274902	275189	nad2	199.4	-
Antennaria_dioica	mito	ctg000001c	276641	277234	nad2	682.9	-
Antennaria_dioica	mito	ctg000001c	279398	279576	nad2	166.1	-
Antennaria_dioica	mito	ctg000001c	280074	280157	trnY-GUA	91.5	-
Antennaria_dioica	mito	ctg000001c	280074	280157	trnY-GUA	69.3	-
Antennaria_dioica	mito	ctg000001c	280915	280992	trnN-GUU	82.9	-
Antennaria_dioica	mito	ctg000001c	280918	280990	trnN-GUU	68.2	-
Antennaria_dioica	mito	ctg000001c	280919	280989	trnR-UCU	33.7	-
Antennaria_dioica	mito	ctg000001c	280920	280987	trnK-UUU	45.8	-
Antennaria_dioica	mito	ctg000001c	280920	280990	trnT-GGU	41.8	-
Antennaria_dioica	mito	ctg000001c	280921	280988	trnI-GAU	30.9	-
Antennaria_dioica	mito	ctg000001c	282997	283095	trnC-GCA	66.8	-
Antennaria_dioica	mito	ctg000001c	283022	283093	trnC-GCA	49.0	-
Antennaria_dioica	mito	ctg000001c	287419	287607	rps19	104.0	+
Antennaria_dioica	mito	ctg000001c	287433	287555	rps3	72.4	+
Antennaria_dioica	mito	ctg000001c	289228	290926	rps3	1733.6	+
Antennaria_dioica	mito	ctg000001c	290669	291296	rpl16	663.6	+
Antennaria_dioica	mito	ctg000001c	293383	293451	trnfM-CAU	31.8	-
Antennaria_dioica	mito	ctg000001c	299810	299892	atp9	33.2	+
Antennaria_dioica	mito	ctg000001c	301647	302084	cox2	462.5	+
Antennaria_dioica	mito	ctg000001c	303379	303739	cox2	402.7	+
Antennaria_dioica	mito	ctg000001c	305341	305478	cox2	51.4	+
Antennaria_dioica	mito	ctg000001c	308604	308825	nad2	146.2	+
Antennaria_dioica	mito	ctg000001c	309987	310421	nad2	429.2	+
Antennaria_dioica	mito	ctg000001c	315771	316845	nad6	959.2	-
Antennaria_dioica	mito	ctg000001c	317080	317180	trnW-CCA	39.8	-
Antennaria_dioica	mito	ctg000001c	317094	317173	trnM-CAU	37.7	-
Antennaria_dioica	mito	ctg000001c	317099	317172	trnK-UUU	83.1	-
Antennaria_dioica	mito	ctg000001c	317099	317172	trnR-UCU	48.1	-
Antennaria_dioica	mito	ctg000001c	317099	317172	trnV-UAC	47.9	-
Antennaria_dioica	mito	ctg000001c	317099	317172	trnQ-UUG	35.5	-
Antennaria_dioica	mito	ctg000001c	317099	317172	trnI-GAU	29.8	-
Antennaria_dioica	mito	ctg000001c	317099	317172	trnK-UUU	75.0	-
Antennaria_dioica	mito	ctg000001c	317100	317172	trnT-UGU	32.9	-
Antennaria_dioica	mito	ctg000001c	317103	317170	trnT-GGU	30.0	-
Antennaria_dioica	mito	ctg000001c	317104	317170	trnN-GUU	43.3	-
Antennaria_dioica	mito	ctg000001c	317105	317172	trnR-UCG	40.6	-
Antennaria_dioica	mito	ctg000001c	319217	319838	ccmB	773.2	+
Antennaria_dioica	mito	ctg000001c	320091	320660	rpl10	607.6	-
Antennaria_dioica	mito	ctg000001c	322327	322758	rps12	540.7	-
Antennaria_dioica	mito	ctg000001c	322736	323166	nad3	457.5	-
Antennaria_dioica	mito	ctg000001c	324516	324610	nad1	47.6	+
Antennaria_dioica	mito	ctg000001c	325178	327258	matR	2626.3	+
Antennaria_dioica	mito	ctg000001c	327974	328266	nad1	312.0	+
Antennaria_dioica	mito	ctg000001c	329440	329545	rrn26	70.2	+
Antennaria_dioica	mito	ctg000001c	330615	331429	ccmFc	975.4	+
Antennaria_dioica	mito	ctg000001c	332336	332981	ccmFc	750.7	+
Antennaria_dioica	mito	ctg000001c	334925	336158	cob	1626.0	-
Antennaria_dioica	mito	ctg000001c	336744	338353	atp1	2023.0	-
Antennaria_dioica	mito	ctg000001c	337196	338226	atpA	1285.7	-
Arabidopsis_thaliana	mito	ctg000001c	1159	1256	trnF-GAA	44.5	+
Arabidopsis_thaliana	mito	ctg000001c	1174	1243	trnF-GAA	27.3	+
Arabidopsis_thaliana	mito	ctg000001c	1251	1359	rrn18	66.1	+
Arabidopsis_thaliana	mito	ctg000001c	1326	1407	trnS-UGA	20.3	+
Arabidopsis_thaliana	mito	ctg000001c	5462	6112	ccmFc	758.2	-
Arabidopsis_thaliana	mito	ctg000001c	7029	7855	ccmFc	946.8	-
Arabidopsis_thaliana	mito	ctg000001c	7953	8025	trnG-GCC	89.2	-
Arabidopsis_thaliana	mito	ctg000001c	7953	8025	trnG-UCC	37.4	-
Arabidopsis_thaliana	mito	ctg000001c	7953	8025	trnG-GCC	66.7	-
Arabidopsis_thaliana	mito	ctg000001c	7954	8025	trnD-GUC	30.6	-
Arabidopsis_thaliana	mito	ctg000001c	7956	8023	trnV-UAC	34.5	-
Arabidopsis_thaliana	mito	ctg000001c	7957	8022	trnT-GGU	33.7	-
Arabidopsis_thaliana	mito	ctg000001c	11951	12619	rpl5	670.4	+
Arabidopsis_thaliana	mito	ctg000001c	12478	12964	rps14	434.3	+
Arabidopsis_thaliana	mito	ctg000001c	14413	15664	cob	1622.5	+
Arabidopsis_thaliana	mito	ctg000001c	16555	16663	trnS-GCU	40.5	+
Arabidopsis_thaliana	mito	ctg000001c	16567	16654	trnS-GGA	101.0	+
Arabidopsis_thaliana	mito	ctg000001c	16567	16654	trnS-UGA	30.0	+
Arabidopsis_thaliana	mito	ctg000001c	16567	16654	trnS-GGA	73.6	+
Arabidopsis_thaliana	mito	ctg000001c	25665	25742	trnM-CAU	60.3	+
Arabidopsis_thaliana	mito	ctg000001c	25668	25742	trnfM-CAU	81.8	+
Arabidopsis_thaliana	mito	ctg000001c	25668	25742	trnM-CAU	63.4	+
Arabidopsis_thaliana	mito	ctg000001c	30764	31579	nad6	860.4	-
Arabidopsis_thaliana	mito	ctg000001c	33932	34366	nad2	426.4	-
Arabidopsis_thaliana	mito	ctg000001c	35310	35534	nad2	149.6	-
Arabidopsis_thaliana	mito	ctg000001c	36216	37380	rps4	938.1	-
Arabidopsis_thaliana	mito	ctg000001c	47567	47642	trnM-CAU	42.1	-
Arabidopsis_thaliana	mito	ctg000001c	47568	47639	trnfM-CAU	61.6	-
Arabidopsis_thaliana	mito	ctg000001c	47568	47639	trnM-CAU	41.5	-
Arabidopsis_thaliana	mito	ctg000001c	51152	51229	nad1	27.0	-
Arabidopsis_thaliana	mito	ctg000001c	53221	53311	trnF-GAA	34.1	+
Arabidopsis_thaliana	mito	ctg000001c	53233	53302	trnY-GUA	29.1	+
Arabidopsis_thaliana	mito	ctg000001c	58015	58131	trnS-GCU	104.4	+
Arabidopsis_thaliana	mito	ctg000001c	58026	58114	trnS-GCU	63.2	+
Arabidopsis_thaliana	mito	ctg000001c	58406	58510	trnF-GAA	64.5	+
Arabidopsis_thaliana	mito	ctg000001c	58420	58495	trnY-GUA	58.6	+
Arabidopsis_thaliana	mito	ctg000001c	58533	58605	trnE-UUC	78.6	+
Arabidopsis_thaliana	mito	ctg000001c	58533	58605	trnE-UUC	60.8	+
Arabidopsis_thaliana	mito	ctg000001c	62166	62240	trnT-GGU	24.7	-
Arabidopsis_thaliana	mito	ctg000001c	62821	64123	ccmFn	1487.6	-
Arabidopsis_thaliana	mito	ctg000001c	70836	71739	ccmC	1073.8	-
Arabidopsis_thaliana	mito	ctg000001c	70864	70950	trnL-CAA	30.6	-
Arabidopsis_thaliana	mito	ctg000001c	70867	70939	trnI-CAU	33.5	-
Arabidopsis_thaliana	mito	ctg000001c	71833	72043	nad6	221.7	-
Arabidopsis_thaliana	mito	ctg000001c	72702	72805	nad6	25.9	-
Arabidopsis_thaliana	mito	ctg000001c	72797	72901	rps12	65.9	-
Arabidopsis_thaliana	mito	ctg000001c	72891	73024	nad3	82.4	-
Arabidopsis_thaliana	mito	ctg000001c	80992	81076	trnW-CCA	72.8	-
Arabidopsis_thaliana	mito	ctg000001c	80997	81071	trnR-UCG	50.1	-
Arabidopsis_thaliana	mito	ctg000001c	80997	81072	trnM-CAU	35.0	-
Arabidopsis_thaliana	mito	ctg000001c	80997	81071	trnR-UCU	30.6	-
Arabidopsis_thaliana	mito	ctg000001c	80997	81071	trnW-CCA	71.9	-
Arabidopsis_thaliana	mito	ctg000001c	85423	85495	trnQ-UUG	79.1	-
Arabidopsis_thaliana	mito	ctg000001c	85423	85495	trnQ-UUG	68.3	-
Arabidopsis_thaliana	mito	ctg000001c	85426	85493	trnH-GUG	32.9	-
Arabidopsis_thaliana	mito	ctg000001c	87629	88409	ccmFn	897.0	-
Arabidopsis_thaliana	mito	ctg000001c	91119	91776	rps12	541.0	-
Arabidopsis_thaliana	mito	ctg000001c	91538	91962	nad3	441.9	-
Arabidopsis_thaliana	mito	ctg000001c	92856	93005	nad5	57.5	-
Arabidopsis_thaliana	mito	ctg000001c	93041	93147	trnF-GAA	66.0	-
Arabidopsis_thaliana	mito	ctg000001c	93060	93125	trnY-GUA	41.9	-
Arabidopsis_thaliana	mito	ctg000001c	93064	93128	trnC-GCA	29.9	-
Arabidopsis_thaliana	mito	ctg000001c	106031	106105	trnD-GUC	70.4	+
Arabidopsis_thaliana	mito	ctg000001c	106031	106105	trnD-GUC	65.8	+
Arabidopsis_thaliana	mito	ctg000001c	109736	110198	atp9	418.8	+
Arabidopsis_thaliana	mito	ctg000001c	110364	110489	nad5	47.7	+
Arabidopsis_thaliana	mito	ctg000001c	111157	111297	rrn18	79.7	+
Arabidopsis_thaliana	mito	ctg000001c	115747	116672	atp6	1039.5	+
Arabidopsis_thaliana	mito	ctg000001c	116608	116722	trnS-GCU	31.8	+
Arabidopsis_thaliana	mito	ctg000001c	116619	116706	trnS-UGA	98.3	+
Arabidopsis_thaliana	mito	ctg000001c	116619	116706	trnS-UGA	76.1	+
Arabidopsis_thaliana	mito	ctg000001c	130656	130742	trnM-CAU	59.6	-
Arabidopsis_thaliana	mito	ctg000001c	130664	130738	trnI-CAU	76.8	-
Arabidopsis_thaliana	mito	ctg000001c	130664	130738	trnM-CAU	58.4	-
Arabidopsis_thaliana	mito	ctg000001c	132813	132996	rrn26	77.2	-
Arabidopsis_thaliana	mito	ctg000001c	133478	134053	atp8	520.0	+
Arabidopsis_thaliana	mito	ctg000001c	135714	135884	nad7	163.2	+
Arabidopsis_thaliana	mito	ctg000001c	136793	136900	nad7	64.0	+
Arabidopsis_thaliana	mito	ctg000001c	137873	138447	nad7	618.9	+
Arabidopsis_thaliana	mito	ctg000001c	139431	139739	nad7	306.7	+
Arabidopsis_thaliana	mito	ctg000001c	141512	141795	nad7	329.1	+
Arabidopsis_thaliana	mito	ctg000001c	142601	142654	rps12	47.7	+
Arabidopsis_thaliana	mito	ctg000001c	144398	145644	nad5	1525.2	-
Arabidopsis_thaliana	mito	ctg000001c	146443	146721	nad5	221.8	-
Arabidopsis_thaliana	mito	ctg000001c	146877	147181	nad1	313.3	-
Arabidopsis_thaliana	mito	ctg000001c	147952	150035	matR	2601.6	-
Arabidopsis_thaliana	mito	ctg000001c	150661	150759	nad1	48.3	-
Arabidopsis_thaliana	mito	ctg000001c	158396	159371	rpl2	751.7	+
Arabidopsis_thaliana	mito	ctg000001c	160952	161278	rpl2	188.4	+
Arabidopsis_thaliana	mito	ctg000001c	161244	162229	mttB	1050.7	+
Arabidopsis_thaliana	mito	ctg000001c	165455	165958	nad4	470.2	+
Arabidopsis_thaliana	mito	ctg000001c	167394	167950	nad4	634.5	+
Arabidopsis_thaliana	mito	ctg000001c	170995	171440	nad4	481.5	+
Arabidopsis_thaliana	mito	ctg000001c	173353	173492	nad4	79.1	+
Arabidopsis_thaliana	mito	ctg000001c	173554	173735	cob	135.8	+
Arabidopsis_thaliana	mito	ctg000001c	173692	173822	nad6	96.4	+
Arabidopsis_thaliana	mito	ctg000001c	174577	174723	atp8	55.2	+
Arabidopsis_thaliana	mito	ctg000001c	184891	184988	trnF-GAA	44.5	+
Arabidopsis_thaliana	mito	ctg000001c	184906	184975	trnF-GAA	27.3	+
Arabidopsis_thaliana	mito	ctg000001c	184983	185091	rrn18	66.1	+
Arabidopsis_thaliana	mito	ctg000001c	185058	185139	trnS-UGA	20.3	+
Arabidopsis_thaliana	mito	ctg000001c	189237	189305	cob	32.8	-
Arabidopsis_thaliana	mito	ctg000001c	191816	192520	atp4	683.1	-
Arabidopsis_thaliana	mito	ctg000001c	192675	193054	nad4L	391.0	-
Arabidopsis_thaliana	mito	ctg000001c	195497	195654	nad5	61.0	-
Arabidopsis_thaliana	mito	ctg000001c	195722	195827	trnF-GAA	46.1	-
Arabidopsis_thaliana	mito	ctg000001c	195741	195813	trnY-GUA	49.9	-
Arabidopsis_thaliana	mito	ctg000001c	198682	198760	trnM-CAU	32.5	+
Arabidopsis_thaliana	mito	ctg000001c	207853	208089	rps19	128.1	-
Arabidopsis_thaliana	mito	ctg000001c	207857	207986	rps3	58.4	-
Arabidopsis_thaliana	mito	ctg000001c	208119	208209	trnW-CCA	39.9	-
Arabidopsis_thaliana	mito	ctg000001c	208120	208202	trnM-CAU	38.0	-
Arabidopsis_thaliana	mito	ctg000001c	208128	208201	trnK-UUU	83.1	-
Arabidopsis_thaliana	mito	ctg000001c	208128	208201	trnR-UCU	48.1	-
Arabidopsis_thaliana	mito	ctg000001c	208128	208201	trnV-UAC	47.9	-
Arabidopsis_thaliana	mito	ctg000001c	208128	208201	trnQ-UUG	35.5	-
Arabidopsis_thaliana	mito	ctg000001c	208128	208201	trnI-GAU	29.8	-
Arabidopsis_thaliana	mito	ctg000001c	208128	208201	trnK-UUU	75.0	-
Arabidopsis_thaliana	mito	ctg000001c	208129	208201	trnT-UGU	32.9	-
Arabidopsis_thaliana	mito	ctg000001c	208132	208199	trnT-GGU	30.0	-
Arabidopsis_thaliana	mito	ctg000001c	208133	208199	trnN-GUU	43.3	-
Arabidopsis_thaliana	mito	ctg000001c	208134	208201	trnR-UCG	40.6	-
Arabidopsis_thaliana	mito	ctg000001c	221502	221605	trnF-GAA	43.4	+
Arabidopsis_thaliana	mito	ctg000001c	221716	221869	nad5	69.4	+
Arabidopsis_thaliana	mito	ctg000001c	222528	222710	atp9	109.1	+
Arabidopsis_thaliana	mito	ctg000001c	222804	223086	rpl16	280.2	+
Arabidopsis_thaliana	mito	ctg000001c	222818	223054	rps3	179.9	+
Arabidopsis_thaliana	mito	ctg000001c	223877	224710	cox3	947.4	+
Arabidopsis_thaliana	mito	ctg000001c	224577	225037	sdh4	546.2	+
Arabidopsis_thaliana	mito	ctg000001c	232699	232815	trnS-GCU	104.4	+
Arabidopsis_thaliana	mito	ctg000001c	232710	232798	trnS-GCU	63.2	+
Arabidopsis_thaliana	mito	ctg000001c	233090	233194	trnF-GAA	64.5	+
Arabidopsis_thaliana	mito	ctg000001c	233104	233179	trnY-GUA	58.6	+
Arabidopsis_thaliana	mito	ctg000001c	233322	233434	trnP-UGG	84.3	+
Arabidopsis_thaliana	mito	ctg000001c	233340	233413	trnQ-UUG	34.7	+
Arabidopsis_thaliana	mito	ctg000001c	233340	233415	trnP-UGG	62.8	+
Arabidopsis_thaliana	mito	ctg000001c	233768	233881	trnC-GCA	79.5	+
Arabidopsis_thaliana	mito	ctg000001c	233770	233841	trnC-GCA	52.8	+
Arabidopsis_thaliana	mito	ctg000001c	234766	234843	trnN-GUU	81.0	+
Arabidopsis_thaliana	mito	ctg000001c	234768	234838	trnT-GGU	42.1	+
Arabidopsis_thaliana	mito	ctg000001c	234768	234840	trnN-GUU	69.0	+
Arabidopsis_thaliana	mito	ctg000001c	234769	234839	trnR-UCU	34.1	+
Arabidopsis_thaliana	mito	ctg000001c	234770	234837	trnI-GAU	30.7	+
Arabidopsis_thaliana	mito	ctg000001c	234771	234838	trnK-UUU	44.7	+
Arabidopsis_thaliana	mito	ctg000001c	235686	235769	trnY-GUA	90.0	+
Arabidopsis_thaliana	mito	ctg000001c	235686	235769	trnY-GUA	68.9	+
Arabidopsis_thaliana	mito	ctg000001c	240429	241852	atp6	1072.8	+
Arabidopsis_thaliana	mito	ctg000001c	241787	241901	trnS-GCU	31.8	+
Arabidopsis_thaliana	mito	ctg000001c	241798	241885	trnS-UGA	98.3	+
Arabidopsis_thaliana	mito	ctg000001c	241798	241885	trnS-UGA	76.1	+
Arabidopsis_thaliana	mito	ctg000001c	248871	248972	rrn18	24.1	+
Arabidopsis_thaliana	mito	ctg000001c	249479	249577	nad1	88.5	+
Arabidopsis_thaliana	mito	ctg000001c	250457	250721	nad1	251.1	+
Arabidopsis_thaliana	mito	ctg000001c	252074	252168	nad1	71.2	+
Arabidopsis_thaliana	mito	ctg000001c	258248	259823	atp1	1971.3	-
Arabidopsis_thaliana	mito	ctg000001c	258665	259695	atpA	1253.7	-
Arabidopsis_thaliana	mito	ctg000001c	270682	271287	rps7	604.7	+
Arabidopsis_thaliana	mito	ctg000001c	274079	274519	nad1	475.4	-
Arabidopsis_thaliana	mito	ctg000001c	275239	275605	cox2	339.2	-
Arabidopsis_thaliana	mito	ctg000001c	283930	284194	nad2	190.1	-
Arabidopsis_thaliana	mito	ctg000001c	285838	286428	nad2	686.0	-
Arabidopsis_thaliana	mito	ctg000001c	289038	289219	nad2	167.4	-
Arabidopsis_thaliana	mito	ctg000001c	289758	289840	trnY-GUA	77.3	-
Arabidopsis_thaliana	mito	ctg000001c	289758	289833	trnY-GUA	44.1	-
Arabidopsis_thaliana	mito	ctg000001c	292280	292630	atp6	88.4	-
Arabidopsis_thaliana	mito	ctg000001c	293775	293855	trnM-CAU	43.7	+
Arabidopsis_thaliana	mito	ctg000001c	293775	293848	trnT-GGU	41.3	+
Arabidopsis_thaliana	mito	ctg000001c	293775	293848	trnT-UGU	32.8	+
Arabidopsis_thaliana	mito	ctg000001c	293775	293848	trnM-CAU	64.6	+
Arabidopsis_thaliana	mito	ctg000001c	303372	303452	trnT-UGU	15.4	+
Arabidopsis_thaliana	mito	ctg000001c	305907	307565	cox1	1987.1	-
Arabidopsis_thaliana	mito	ctg000001c	315775	315849	trnH-GUG	74.0	-
Arabidopsis_thaliana	mito	ctg000001c	315775	315849	trnH-GUG	62.8	-
Arabidopsis_thaliana	mito	ctg000001c	315778	315847	trnQ-UUG	30.6	-
Arabidopsis_thaliana	mito	ctg000001c	317154	317315	rrn5	150.2	-
Arabidopsis_thaliana	mito	ctg000001c	317387	319462	rrn18	2166.6	-
Arabidopsis_thaliana	mito	ctg000001c	317437	317922	rrn18	72.6	+
Arabidopsis_thaliana	mito	ctg000001c	317459	317904	rrn18	3.5e-92	-
Arabidopsis_thaliana	mito	ctg000001c	318273	319384	rrn18	6.6e-227	-
Arabidopsis_thaliana	mito	ctg000001c	318276	319384	rrn18	94.0	+
Arabidopsis_thaliana	mito	ctg000001c	320770	321317	rrn26	206.9	+
Arabidopsis_thaliana	mito	ctg000001c	331939	335195	rrn26	3818.4	-
Arabidopsis_thaliana	mito	ctg000001c	331939	335185	rrn26	577.7	+
Arabidopsis_thaliana	mito	ctg000001c	331976	335124	rrn26	0.0	-
Arabidopsis_thaliana	mito	ctg000001c	335172	335262	trnF-GAA	34.1	-
Arabidopsis_thaliana	mito	ctg000001c	335181	335250	trnY-GUA	29.1	-
Arabidopsis_thaliana	mito	ctg000001c	340668	340915	atp9	221.2	-
Arabidopsis_thaliana	mito	ctg000001c	343554	343767	nad5	114.9	-
Arabidopsis_thaliana	mito	ctg000001c	344711	345129	nad5	383.8	-
Arabidopsis_thaliana	mito	ctg000001c	346673	347324	nad9	785.3	-
Arabidopsis_thaliana	mito	ctg000001c	348086	348707	rpl16	676.1	-
Arabidopsis_thaliana	mito	ctg000001c	348458	350141	rps3	1646.4	-
Arabidopsis_thaliana	mito	ctg000001c	351638	351903	rps19	153.6	-
Arabidopsis_thaliana	mito	ctg000001c	351684	351800	rps3	63.7	-
Arabidopsis_thaliana	mito	ctg000001c	351933	352023	trnW-CCA	39.9	-
Arabidopsis_thaliana	mito	ctg000001c	351934	352016	trnM-CAU	38.0	-
Arabidopsis_thaliana	mito	ctg000001c	351942	352015	trnK-UUU	83.1	-
Arabidopsis_thaliana	mito	ctg000001c	351942	352015	trnR-UCU	48.1	-
Arabidopsis_thaliana	mito	ctg000001c	351942	352015	trnV-UAC	47.9	-
Arabidopsis_thaliana	mito	ctg000001c	351942	352015	trnQ-UUG	35.5	-
Arabidopsis_thaliana	mito	ctg000001c	351942	352015	trnI-GAU	29.8	-
Arabidopsis_thaliana	mito	ctg000001c	351942	352015	trnK-UUU	75.0	-
Arabidopsis_thaliana	mito	ctg000001c	351943	352015	trnT-UGU	32.9	-
Arabidopsis_thaliana	mito	ctg000001c	351946	352013	trnT-GGU	30.0	-
Arabidopsis_thaliana	mito	ctg000001c	351947	352013	trnN-GUU	43.3	-
Arabidopsis_thaliana	mito	ctg000001c	351948	352015	trnR-UCG	40.6	-
Arabidopsis_thaliana	mito	ctg000001c	353508	354129	ccmB	772.1	+
Arabidopsis_thaliana	mito	ctg000001c	363522	363657	cox2	50.6	-
Arabidopsis_thaliana	mito	ctg000001c	364955	365713	cox2	882.5	-
Campylopus_introflexus	mito	ctg000001c	1864	2265	nad9	436.6	+
Campylopus_introflexus	mito	ctg000001c	2680	3837	atp1	1444.2	+
Campylopus_introflexus	mito	ctg000001c	2781	3811	atpA	1056.3	+
Campylopus_introflexus	mito	ctg000001c	4923	5406	atp1	273.7	+
Campylopus_introflexus	mito	ctg000001c	5651	5740	trnW-CCA	60.6	-
Campylopus_introflexus	mito	ctg000001c	5658	5731	trnW-CCA	62.3	-
Campylopus_introflexus	mito	ctg000001c	5679	6140	nad3	387.3	+
Campylopus_introflexus	mito	ctg000001c	7059	7132	trnV-UAC	79.1	+
Campylopus_introflexus	mito	ctg000001c	7059	7132	trnA-UGC	35.1	+
Campylopus_introflexus	mito	ctg000001c	7059	7132	trnV-UAC	64.6	+
Campylopus_introflexus	mito	ctg000001c	7661	7735	trnD-GUC	71.9	+
Campylopus_introflexus	mito	ctg000001c	7661	7734	trnI-GAU	37.9	+
Campylopus_introflexus	mito	ctg000001c	7661	7735	trnK-UUU	31.6	+
Campylopus_introflexus	mito	ctg000001c	7661	7734	trnT-UGU	30.1	+
Campylopus_introflexus	mito	ctg000001c	7661	7734	trnA-UGC	29.6	+
Campylopus_introflexus	mito	ctg000001c	7661	7735	trnD-GUC	72.7	+
Campylopus_introflexus	mito	ctg000001c	7663	7732	trnH-GUG	39.4	+
Campylopus_introflexus	mito	ctg000001c	8627	8700	trnA-UGC	74.3	+
Campylopus_introflexus	mito	ctg000001c	8627	8697	trnT-UGU	37.0	+
Campylopus_introflexus	mito	ctg000001c	8627	8700	trnV-UAC	33.4	+
Campylopus_introflexus	mito	ctg000001c	8627	8700	trnA-UGC	63.6	+
Campylopus_introflexus	mito	ctg000001c	9109	9182	trnT-GGU	72.5	+
Campylopus_introflexus	mito	ctg000001c	9109	9182	trnT-GGU	53.3	+
Campylopus_introflexus	mito	ctg000001c	9111	9179	trnI-GAU	29.2	+
Campylopus_introflexus	mito	ctg000001c	9204	9382	nad7	123.5	+
Campylopus_introflexus	mito	ctg000001c	10354	10458	nad7	45.5	+
Campylopus_introflexus	mito	ctg000001c	11422	12416	nad7	1032.0	+
Campylopus_introflexus	mito	ctg000001c	13070	14546	rpl2	1140.1	+
Campylopus_introflexus	mito	ctg000001c	14448	14903	rps19	317.7	+
Campylopus_introflexus	mito	ctg000001c	14784	15705	rps3	452.7	+
Campylopus_introflexus	mito	ctg000001c	15963	16527	rps3	438.0	+
Campylopus_introflexus	mito	ctg000001c	16287	16892	rpl16	531.5	+
Campylopus_introflexus	mito	ctg000001c	17543	18202	rpl5	500.7	+
Campylopus_introflexus	mito	ctg000001c	18109	18486	rps14	321.3	+
Campylopus_introflexus	mito	ctg000001c	19793	20184	rps13	332.1	+
Campylopus_introflexus	mito	ctg000001c	20584	21038	rps11	388.1	+
Campylopus_introflexus	mito	ctg000001c	22697	22767	atp9	76.5	+
Campylopus_introflexus	mito	ctg000001c	25411	25585	atp9	156.8	+
Campylopus_introflexus	mito	ctg000001c	26079	26159	trnM-CAU	45.2	+
Campylopus_introflexus	mito	ctg000001c	26080	26154	trnI-CAU	74.0	+
Campylopus_introflexus	mito	ctg000001c	26080	26154	trnM-CAU	58.9	+
Campylopus_introflexus	mito	ctg000001c	26321	26405	trnW-CCA	28.3	+
Campylopus_introflexus	mito	ctg000001c	26327	26402	trnM-CAU	34.2	+
Campylopus_introflexus	mito	ctg000001c	26328	26401	trnK-UUU	75.6	+
Campylopus_introflexus	mito	ctg000001c	26328	26401	trnR-UCU	45.9	+
Campylopus_introflexus	mito	ctg000001c	26328	26401	trnV-UAC	44.0	+
Campylopus_introflexus	mito	ctg000001c	26328	26395	trnR-UCG	39.5	+
Campylopus_introflexus	mito	ctg000001c	26328	26401	trnI-CAU	30.2	+
Campylopus_introflexus	mito	ctg000001c	26328	26401	trnQ-UUG	29.6	+
Campylopus_introflexus	mito	ctg000001c	26328	26401	trnK-UUU	74.3	+
Campylopus_introflexus	mito	ctg000001c	26331	26396	trnN-GUU	37.2	+
Campylopus_introflexus	mito	ctg000001c	27804	28367	cox1	506.5	-
Campylopus_introflexus	mito	ctg000001c	30316	30685	cox1	375.6	-
Campylopus_introflexus	mito	ctg000001c	33306	33426	cox1	104.6	-
Campylopus_introflexus	mito	ctg000001c	33771	33897	cox1	111.4	-
Campylopus_introflexus	mito	ctg000001c	35489	36033	cox1	589.4	-
Campylopus_introflexus	mito	ctg000001c	35975	36581	atp4	408.4	-
Campylopus_introflexus	mito	ctg000001c	36568	37092	atp8	259.9	-
Campylopus_introflexus	mito	ctg000001c	37492	38368	rps1	368.8	-
Campylopus_introflexus	mito	ctg000001c	38753	38850	trnC-GCA	60.4	+
Campylopus_introflexus	mito	ctg000001c	38754	38825	trnC-GCA	57.8	+
Campylopus_introflexus	mito	ctg000001c	39179	39283	trnF-GAA	82.9	-
Campylopus_introflexus	mito	ctg000001c	39188	39262	trnF-GAA	73.2	-
Campylopus_introflexus	mito	ctg000001c	39191	39264	trnC-GCA	31.1	-
Campylopus_introflexus	mito	ctg000001c	39211	40030	rps2	561.9	+
Campylopus_introflexus	mito	ctg000001c	40069	40691	ccmB	358.0	+
Campylopus_introflexus	mito	ctg000001c	40887	41768	ccmC	757.8	+
Campylopus_introflexus	mito	ctg000001c	41845	42229	ccmFn	184.0	+
Campylopus_introflexus	mito	ctg000001c	42498	43660	ccmFn	677.0	+
Campylopus_introflexus	mito	ctg000001c	43987	44574	ccmFc	347.0	+
Campylopus_introflexus	mito	ctg000001c	44731	44886	ccmFc	48.6	+
Campylopus_introflexus	mito	ctg000001c	45595	46242	ccmFc	387.4	+
Campylopus_introflexus	mito	ctg000001c	46268	46340	trnQ-UUG	71.8	-
Campylopus_introflexus	mito	ctg000001c	46268	46340	trnQ-UUG	66.7	-
Campylopus_introflexus	mito	ctg000001c	46271	46338	trnH-GUG	34.4	-
Campylopus_introflexus	mito	ctg000001c	47286	47371	trnL-UAG	75.0	-
Campylopus_introflexus	mito	ctg000001c	47286	47371	trnL-UAG	48.6	-
Campylopus_introflexus	mito	ctg000001c	48381	48501	trnS-GCU	33.9	-
Campylopus_introflexus	mito	ctg000001c	48404	48488	trnS-UGA	92.5	-
Campylopus_introflexus	mito	ctg000001c	48404	48488	trnS-UGA	74.2	-
Campylopus_introflexus	mito	ctg000001c	48600	48671	trnG-UCC	79.2	+
Campylopus_introflexus	mito	ctg000001c	48600	48671	trnG-UCC	64.3	+
Campylopus_introflexus	mito	ctg000001c	48620	49325	rps4	390.9	+
Campylopus_introflexus	mito	ctg000001c	50011	50807	mttB	660.3	-
Campylopus_introflexus	mito	ctg000001c	51190	51264	trnR-UCU	76.5	+
Campylopus_introflexus	mito	ctg000001c	51190	51264	trnR-UCG	61.5	+
Campylopus_introflexus	mito	ctg000001c	51190	51264	trnM-CAU	34.2	+
Campylopus_introflexus	mito	ctg000001c	51190	51264	trnT-GGU	30.8	+
Campylopus_introflexus	mito	ctg000001c	51190	51264	trnR-UCU	67.4	+
Campylopus_introflexus	mito	ctg000001c	51192	51263	trnK-UUU	42.0	+
Campylopus_introflexus	mito	ctg000001c	51193	51260	trnV-UAC	32.4	+
Campylopus_introflexus	mito	ctg000001c	51402	51485	trnY-GUA	90.4	+
Campylopus_introflexus	mito	ctg000001c	51402	51485	trnY-GUA	70.5	+
Campylopus_introflexus	mito	ctg000001c	53523	53842	nad4L	320.3	-
Campylopus_introflexus	mito	ctg000001c	54092	54374	sdh4	247.2	-
Campylopus_introflexus	mito	ctg000001c	54508	54948	sdh3	164.2	-
Campylopus_introflexus	mito	ctg000001c	55842	55986	sdh3	120.7	-
Campylopus_introflexus	mito	ctg000001c	55953	56059	trnP-UGG	86.0	-
Campylopus_introflexus	mito	ctg000001c	55967	56041	trnP-UGG	64.6	-
Campylopus_introflexus	mito	ctg000001c	55969	56040	trnQ-UUG	36.3	-
Campylopus_introflexus	mito	ctg000001c	55969	56038	trnR-UCG	30.4	-
Campylopus_introflexus	mito	ctg000001c	55971	56040	trnT-UGU	32.6	-
Campylopus_introflexus	mito	ctg000001c	56638	58419	rrn18	1861.1	+
Campylopus_introflexus	mito	ctg000001c	56680	57799	rrn18	3.4e-243	+
Campylopus_introflexus	mito	ctg000001c	56843	57737	rrn18	55.3	-
Campylopus_introflexus	mito	ctg000001c	57912	58435	rrn18	50.7	-
Campylopus_introflexus	mito	ctg000001c	57928	58390	rrn18	2.1e-90	+
Campylopus_introflexus	mito	ctg000001c	58904	58979	trnM-CAU	38.9	+
Campylopus_introflexus	mito	ctg000001c	58904	58977	trnM-CAU	57.7	+
Campylopus_introflexus	mito	ctg000001c	59861	60015	rrn5	126.8	+
Campylopus_introflexus	mito	ctg000001c	60245	60321	trnM-CAU	53.3	+
Campylopus_introflexus	mito	ctg000001c	60247	60320	trnfM-CAU	69.4	+
Campylopus_introflexus	mito	ctg000001c	60247	60320	trnM-CAU	57.1	+
Campylopus_introflexus	mito	ctg000001c	60250	60317	trnR-UCG	28.7	+
Campylopus_introflexus	mito	ctg000001c	60251	60320	trnI-CAU	31.4	+
Campylopus_introflexus	mito	ctg000001c	60803	62553	rrn26	1610.5	+
Campylopus_introflexus	mito	ctg000001c	60847	63225	rrn26	0.0	+
Campylopus_introflexus	mito	ctg000001c	61637	62501	rrn26	95.7	-
Campylopus_introflexus	mito	ctg000001c	62548	64255	rrn26	1555.8	+
Campylopus_introflexus	mito	ctg000001c	62586	63171	rrn26	93.4	-
Campylopus_introflexus	mito	ctg000001c	63634	64136	rrn26	71.0	-
Campylopus_introflexus	mito	ctg000001c	65865	66450	rpl10	366.1	+
Campylopus_introflexus	mito	ctg000001c	66611	66684	trnH-GUG	59.6	-
Campylopus_introflexus	mito	ctg000001c	66611	66684	trnH-GUG	65.9	-
Campylopus_introflexus	mito	ctg000001c	66720	66808	trnL-CAA	67.6	-
Campylopus_introflexus	mito	ctg000001c	66723	66803	trnL-UAA	52.3	-
Campylopus_introflexus	mito	ctg000001c	66723	66803	trnL-CAA	57.8	-
Campylopus_introflexus	mito	ctg000001c	66802	66898	trnL-CAA	67.6	-
Campylopus_introflexus	mito	ctg000001c	66804	66884	trnL-UAA	70.4	-
Campylopus_introflexus	mito	ctg000001c	66804	66884	trnL-UAA	67.6	-
Campylopus_introflexus	mito	ctg000001c	67985	68261	nad5	199.3	+
Campylopus_introflexus	mito	ctg000001c	69069	69611	nad5	609.3	+
Campylopus_introflexus	mito	ctg000001c	70429	71223	nad5	821.6	+
Campylopus_introflexus	mito	ctg000001c	73755	74385	nad5	431.1	+
Campylopus_introflexus	mito	ctg000001c	74918	75421	nad4	397.6	+
Campylopus_introflexus	mito	ctg000001c	76188	77252	nad4	1174.7	+
Campylopus_introflexus	mito	ctg000001c	77184	77429	nad2	132.4	+
Campylopus_introflexus	mito	ctg000001c	78373	79718	nad2	1380.4	+
Campylopus_introflexus	mito	ctg000001c	80301	80373	trnG-GCC	84.3	-
Campylopus_introflexus	mito	ctg000001c	80301	80373	trnG-UCC	42.1	-
Campylopus_introflexus	mito	ctg000001c	80301	80370	trnT-GGU	31.3	-
Campylopus_introflexus	mito	ctg000001c	80301	80373	trnG-GCC	66.8	-
Campylopus_introflexus	mito	ctg000001c	80302	80373	trnD-GUC	34.3	-
Campylopus_introflexus	mito	ctg000001c	80303	80371	trnV-UAC	30.5	-
Campylopus_introflexus	mito	ctg000001c	80461	80535	trnR-ACG	77.0	-
Campylopus_introflexus	mito	ctg000001c	80461	80535	trnR-UCG	45.1	-
Campylopus_introflexus	mito	ctg000001c	80461	80535	trnR-ACG	56.3	-
Campylopus_introflexus	mito	ctg000001c	81160	81233	trnE-UUC	76.2	+
Campylopus_introflexus	mito	ctg000001c	81160	81233	trnE-UUC	55.0	+
Campylopus_introflexus	mito	ctg000001c	81477	82225	rps12	539.7	+
Campylopus_introflexus	mito	ctg000001c	81921	82665	rps7	545.2	+
Campylopus_introflexus	mito	ctg000001c	83353	84078	atp6	769.1	-
Campylopus_introflexus	mito	ctg000001c	84668	84853	atp6	61.9	-
Campylopus_introflexus	mito	ctg000001c	85991	86627	nad6	646.6	+
Campylopus_introflexus	mito	ctg000001c	88382	88537	cox2	95.7	+
Campylopus_introflexus	mito	ctg000001c	89528	89822	cox2	287.4	+
Campylopus_introflexus	mito	ctg000001c	91176	91537	cox2	385.6	+
Campylopus_introflexus	mito	ctg000001c	92782	92899	cox2	35.3	+
Campylopus_introflexus	mito	ctg000001c	92884	93427	cox3	542.4	+
Campylopus_introflexus	mito	ctg000001c	94209	94555	cox3	312.3	+
Campylopus_introflexus	mito	ctg000001c	94434	94541	sdh4	65.6	+
Campylopus_introflexus	mito	ctg000001c	95656	95966	nad1	306.3	+
Campylopus_introflexus	mito	ctg000001c	96746	97200	nad1	521.4	+
Campylopus_introflexus	mito	ctg000001c	97904	98203	nad1	287.4	+
Campylopus_introflexus	mito	ctg000001c	98463	98923	cob	430.4	+
Campylopus_introflexus	mito	ctg000001c	99317	100088	cob	674.4	+
Campylopus_introflexus	mito	ctg000001c	101284	101575	nad9	210.4	+
Carex_leporina	mito	ctg000001c	2328	5607	rrn26	537.5	-
Carex_leporina	mito	ctg000001c	2361	5640	rrn26	3515.6	+
Carex_leporina	mito	ctg000001c	2419	5610	rrn26	0.0	+
Carex_leporina	mito	ctg000001c	23166	23257	trnL-CAA	38.3	+
Carex_leporina	mito	ctg000001c	23180	23260	trnM-CAU	38.0	+
Carex_leporina	mito	ctg000001c	23182	23256	trnI-CAU	60.2	+
Carex_leporina	mito	ctg000001c	23182	23256	trnM-CAU	70.3	+
Carex_leporina	mito	ctg000001c	24205	24475	rpl2	55.5	+
Carex_leporina	mito	ctg000001c	31042	31165	trnS-GCU	103.8	-
Carex_leporina	mito	ctg000001c	31067	31155	trnS-GCU	68.6	-
Carex_leporina	mito	ctg000001c	63690	63779	trnW-CCA	68.2	-
Carex_leporina	mito	ctg000001c	63701	63775	trnR-UCG	36.2	-
Carex_leporina	mito	ctg000001c	63701	63775	trnW-CCA	63.8	-
Carex_leporina	mito	ctg000001c	100473	100900	nad1	447.5	-
Carex_leporina	mito	ctg000001c	101056	102698	cox1	1911.0	-
Carex_leporina	mito	ctg000001c	103135	103502	nad4L	349.7	-
Carex_leporina	mito	ctg000001c	141060	142223	atp6	987.9	+
Carex_leporina	mito	ctg000001c	148473	148633	atp6	87.6	+
Carex_leporina	mito	ctg000001c	159326	159566	cox3	83.4	+
Carex_leporina	mito	ctg000001c	165042	165170	trnS-GCU	103.1	+
Carex_leporina	mito	ctg000001c	165057	165145	trnS-GCU	68.6	+
Carex_leporina	mito	ctg000001c	194919	195419	atp1	553.8	+
Carex_leporina	mito	ctg000001c	195047	195430	atpA	358.0	+
Carex_leporina	mito	ctg000001c	196135	196734	nad5	494.3	+
Carex_leporina	mito	ctg000001c	204542	204647	trnW-CCA	39.2	-
Carex_leporina	mito	ctg000001c	204555	204640	trnM-CAU	40.3	-
Carex_leporina	mito	ctg000001c	204562	204635	trnK-UUU	83.1	-
Carex_leporina	mito	ctg000001c	204562	204635	trnR-UCU	48.1	-
Carex_leporina	mito	ctg000001c	204562	204635	trnV-UAC	47.9	-
Carex_leporina	mito	ctg000001c	204562	204635	trnQ-UUG	35.5	-
Carex_leporina	mito	ctg000001c	204562	204635	trnK-UUU	75.0	-
Carex_leporina	mito	ctg000001c	204563	204635	trnT-UGU	32.9	-
Carex_leporina	mito	ctg000001c	204567	204632	trnN-GUU	43.3	-
Carex_leporina	mito	ctg000001c	204568	204635	trnR-UCG	40.6	-
Carex_leporina	mito	ctg000001c	205393	205465	trnQ-UUG	80.4	+
Carex_leporina	mito	ctg000001c	205393	205465	trnQ-UUG	68.2	+
Carex_leporina	mito	ctg000001c	205395	205462	trnH-GUG	33.7	+
Carex_leporina	mito	ctg000001c	220232	220306	trnM-CAU	42.1	+
Carex_leporina	mito	ctg000001c	220232	220305	trnT-GGU	40.3	+
Carex_leporina	mito	ctg000001c	220232	220305	trnM-CAU	61.3	+
Carex_leporina	mito	ctg000001c	237586	238783	rps4	757.2	-
Carex_leporina	mito	ctg000001c	267248	267364	nad1	25.9	+
Carex_leporina	mito	ctg000001c	306903	307135	nad2	173.4	+
Carex_leporina	mito	ctg000001c	314317	314478	rrn5	124.0	+
Carex_leporina	mito	ctg000001c	330033	330107	trnH-GUG	74.0	+
Carex_leporina	mito	ctg000001c	330033	330107	trnH-GUG	62.8	+
Carex_leporina	mito	ctg000001c	336995	337225	nad4	76.8	-
Carex_leporina	mito	ctg000001c	366594	368629	matR	2255.7	+
Carex_leporina	mito	ctg000001c	398805	398878	trnT-GGU	41.9	+
Carex_leporina	mito	ctg000001c	398805	398883	trnM-CAU	40.8	+
Carex_leporina	mito	ctg000001c	398805	398878	trnT-UGU	32.2	+
Carex_leporina	mito	ctg000001c	398805	398878	trnM-CAU	62.9	+
Carex_leporina	mito	ctg000001c	413558	414179	ccmB	675.4	-
Carex_leporina	mito	ctg000001c	445256	447026	rrn18	2013.8	+
Carex_leporina	mito	ctg000001c	445312	446504	rrn18	9e-224	+
Carex_leporina	mito	ctg000001c	445629	446499	rrn18	102.1	-
Carex_leporina	mito	ctg000001c	446532	447016	rrn18	69.4	-
Carex_leporina	mito	ctg000001c	446551	446994	rrn18	3.8e-90	+
Carex_leporina	mito	ctg000001c	471896	472125	rps19	213.1	-
Carex_leporina	mito	ctg000001c	479144	479281	nad4	78.0	-
Carex_leporina	mito	ctg000001c	481991	482439	nad4	480.9	-
Carex_leporina	mito	ctg000001c	485824	486380	nad4	632.1	-
Carex_leporina	mito	ctg000001c	487700	488209	nad4	427.5	-
Carex_leporina	mito	ctg000001c	505863	506133	atp1	215.5	+
Carex_leporina	mito	ctg000001c	505992	506140	atpA	77.1	+
Carex_leporina	mito	ctg000001c	525625	526479	cox2	837.1	+
Carex_leporina	mito	ctg000001c	527019	527860	ccmC	969.8	+
Carex_leporina	mito	ctg000001c	527885	528508	nad2	581.1	+
Carex_leporina	mito	ctg000001c	542281	542398	rps12	117.7	-
Carex_leporina	mito	ctg000001c	543106	543487	atpA	351.0	-
Carex_leporina	mito	ctg000001c	543117	543616	atp1	546.7	-
Carex_leporina	mito	ctg000001c	562360	562646	rps4	76.2	-
Carex_leporina	mito	ctg000001c	563017	563743	nad6	785.5	-
Carex_leporina	mito	ctg000001c	563798	563864	atp1	48.4	-
Carex_leporina	mito	ctg000001c	563887	564857	mttB	903.3	-
Carex_leporina	mito	ctg000001c	565301	565456	cox3	136.2	-
Carex_leporina	mito	ctg000001c	577514	577600	nad1	59.4	+
Carex_leporina	mito	ctg000001c	578974	579238	nad1	251.2	+
Carex_leporina	mito	ctg000001c	580326	581511	nad7	1500.8	+
Carex_leporina	mito	ctg000001c	586946	587011	trnD-GUC	48.0	-
Carex_leporina	mito	ctg000001c	653679	653815	rpl2	111.7	-
Carex_leporina	mito	ctg000001c	653836	654098	nad2	186.3	-
Carex_leporina	mito	ctg000001c	655518	656107	nad2	668.9	-
Carex_leporina	mito	ctg000001c	658239	658416	nad2	162.9	-
Carex_leporina	mito	ctg000001c	658769	658891	atp6	111.8	-
Carex_leporina	mito	ctg000001c	690483	690613	rpl2	42.9	+
Carex_leporina	mito	ctg000001c	708944	709069	atp4	34.8	-
Carex_leporina	mito	ctg000001c	715436	715541	trnC-GCA	52.5	-
Carex_leporina	mito	ctg000001c	715463	715536	trnC-GCA	68.6	-
Carex_leporina	mito	ctg000001c	737320	737721	atp9	309.8	+
Carex_leporina	mito	ctg000001c	737944	738317	nad1	432.8	+
Carex_leporina	mito	ctg000001c	739509	739711	rps19	89.8	+
Carex_leporina	mito	ctg000001c	739551	739668	rps3	72.5	+
Carex_leporina	mito	ctg000001c	740440	740996	rps3	463.1	+
Carex_leporina	mito	ctg000001c	741918	742558	rpl16	616.2	+
Carex_leporina	mito	ctg000001c	797642	797725	trnY-GUA	88.7	-
Carex_leporina	mito	ctg000001c	797642	797725	trnY-GUA	70.1	-
Carex_leporina	mito	ctg000001c	798434	799073	nad9	744.4	-
Carex_leporina	mito	ctg000001c	825365	825608	atp1	39.0	+
Carex_leporina	mito	ctg000001c	831291	833061	rrn18	2013.8	+
Carex_leporina	mito	ctg000001c	831347	832539	rrn18	9e-224	+
Carex_leporina	mito	ctg000001c	831664	832534	rrn18	102.1	-
Carex_leporina	mito	ctg000001c	832567	833051	rrn18	69.4	-
Carex_leporina	mito	ctg000001c	832586	833029	rrn18	3.8e-90	+
Carex_leporina	mito	ctg000001c	856873	856960	trnS-UGA	94.6	-
Carex_leporina	mito	ctg000001c	856873	856960	trnS-UGA	71.8	-
Carex_leporina	mito	ctg000001c	858178	858250	trnE-UUC	77.4	-
Carex_leporina	mito	ctg000001c	858178	858250	trnE-UUC	59.0	-
Carex_leporina	mito	ctg000001c	892330	895609	rrn26	3515.6	-
Carex_leporina	mito	ctg000001c	892360	895551	rrn26	0.0	-
Carex_leporina	mito	ctg000001c	892363	895642	rrn26	537.5	+
Carex_leporina	mito	ctg000001c	913573	913681	trnS-GCU	38.9	+
Carex_leporina	mito	ctg000001c	913581	913668	trnS-GGA	100.0	+
Carex_leporina	mito	ctg000001c	913581	913668	trnS-UGA	31.8	+
Carex_leporina	mito	ctg000001c	913581	913668	trnS-GGA	73.6	+
Carex_leporina	mito	ctg000001c	933415	933576	rrn5	124.0	+
Carex_leporina	mito	ctg000001c	933622	933701	trnM-CAU	51.6	+
Carex_leporina	mito	ctg000001c	933625	933698	trnfM-CAU	70.6	+
Carex_leporina	mito	ctg000001c	933625	933699	trnM-CAU	54.2	+
Carex_leporina	mito	ctg000001c	957488	958107	atp4	451.7	+
Carex_leporina	mito	ctg000001c	978666	978780	trnP-UGG	81.1	-
Carex_leporina	mito	ctg000001c	978691	978766	trnQ-UUG	35.2	-
Carex_leporina	mito	ctg000001c	978691	978766	trnP-UGG	66.3	-
Carex_leporina	mito	ctg000001c	978938	979029	trnC-GCA	33.3	-
Carex_leporina	mito	ctg000001c	978945	979050	trnF-GAA	87.5	-
Carex_leporina	mito	ctg000001c	978954	979028	trnF-GAA	68.7	-
Carex_leporina	mito	ctg000001c	978958	979025	trnI-GAU	30.8	-
Carex_leporina	mito	ctg000001c	989608	990243	ccmFc	715.0	-
Carex_leporina	mito	ctg000001c	991003	991785	ccmFc	798.7	-
Carex_leporina	mito	ctg000001c	992059	993991	ccmFn	2198.4	-
Carex_leporina	mito	ctg000001c	1023908	1023992	trnM-CAU	53.4	-
Carex_leporina	mito	ctg000001c	1023917	1023991	trnI-CAU	75.5	-
Carex_leporina	mito	ctg000001c	1023917	1023991	trnM-CAU	60.6	-
Carex_leporina	mito	ctg000001c	1024345	1024419	trnD-GUC	66.0	-
Carex_leporina	mito	ctg000001c	1024345	1024419	trnD-GUC	66.4	-
Carex_leporina	mito	ctg000001c	1024346	1024419	trnI-GAU	31.4	-
Carex_leporina	mito	ctg000001c	1024348	1024417	trnH-GUG	36.7	-
Carex_leporina	mito	ctg000001c	1025452	1025529	trnN-GUU	81.3	-
Carex_leporina	mito	ctg000001c	1025455	1025527	trnR-UCU	33.2	-
Carex_leporina	mito	ctg000001c	1025455	1025527	trnN-GUU	69.1	-
Carex_leporina	mito	ctg000001c	1025457	1025524	trnK-UUU	43.3	-
Carex_leporina	mito	ctg000001c	1025457	1025527	trnT-GGU	41.2	-
Carex_leporina	mito	ctg000001c	1077717	1077900	atp4	115.6	+
Carex_leporina	mito	ctg000001c	1077863	1078496	cox2	659.1	+
Carex_leporina	mito	ctg000001c	1079262	1079563	nad1	280.3	+
Carex_leporina	mito	ctg000001c	1116827	1117505	rpl5	503.4	+
Carex_leporina	mito	ctg000001c	1117363	1117837	rps14	290.4	+
Carex_leporina	mito	ctg000001c	1118216	1118642	nad3	422.5	+
Carex_leporina	mito	ctg000001c	1118620	1119043	rps12	506.2	+
Carex_leporina	mito	ctg000001c	1119059	1119486	ccmFn	290.3	+
Carex_leporina	mito	ctg000001c	1119444	1119544	rpl16	39.6	+
Carex_leporina	mito	ctg000001c	1133445	1133949	atp8	374.1	-
Carex_leporina	mito	ctg000001c	1134615	1134757	cob	27.6	+
Carex_leporina	mito	ctg000001c	1146401	1146562	sdh4	146.8	-
Carex_leporina	mito	ctg000001c	1146427	1147261	cox3	934.7	-
Carex_leporina	mito	ctg000001c	1172426	1173686	nad5	1482.3	-
Carex_leporina	mito	ctg000001c	1174503	1174773	nad5	202.8	-
Carex_leporina	mito	ctg000001c	1175141	1175995	cox2	837.1	-
Carex_leporina	mito	ctg000001c	1214692	1215954	cob	1571.8	-
Carex_leporina	mito	ctg000001c	1229261	1229439	nad4L	153.8	+
Carex_leporina	mito	ctg000001c	1230134	1230550	rps13	409.4	+
Carex_leporina	mito	ctg000001c	1230536	1230754	rpl2	168.8	+
Carex_leporina	mito	ctg000001c	1230657	1231009	rps19	274.5	+
Carex_leporina	mito	ctg000001c	1230923	1231584	rps7	543.5	+
Carex_leporina	mito	ctg000001c	1231635	1232171	rps1	383.3	+
Carex_leporina	mito	ctg000001c	1296170	1297886	atp1	1752.9	-
Carex_leporina	mito	ctg000001c	1296730	1297757	atpA	1076.5	-
Carex_leporina	mito	ctg000001c	1318728	1319583	cox2	912.9	-
Carex_leporina	mito	ctg000002l	26115	26233	rps12	117.7	+
Convolvulus_arvensis	mito	ctg000001c	0	1127	atp1	1575.7	-
Convolvulus_arvensis	mito	ctg000001c	0	998	atpA	1244.5	-
Convolvulus_arvensis	mito	ctg000001c	9913	11948	ccmFn	2460.9	-
Convolvulus_arvensis	mito	ctg000001c	17028	17102	trnH-GUG	73.3	+
Convolvulus_arvensis	mito	ctg000001c	17028	17102	trnH-GUG	58.5	+
Convolvulus_arvensis	mito	ctg000001c	27547	28129	ccmFc	555.1	+
Convolvulus_arvensis	mito	ctg000001c	28921	29575	nad9	785.4	+
Convolvulus_arvensis	mito	ctg000001c	31829	32006	ccmFc	152.9	+
Convolvulus_arvensis	mito	ctg000001c	32848	32899	cox2	24.6	+
Convolvulus_arvensis	mito	ctg000001c	32981	33046	trnV-GAC	51.9	+
Convolvulus_arvensis	mito	ctg000001c	33247	34353	rrn18	704.9	+
Convolvulus_arvensis	mito	ctg000001c	33277	34745	rrn18	0.0	+
Convolvulus_arvensis	mito	ctg000001c	34344	34797	rrn18	275.3	+
Convolvulus_arvensis	mito	ctg000001c	34873	34961	trnI-GAU	32.5	+
Convolvulus_arvensis	mito	ctg000001c	34873	34961	trnI-GAU	16.4	+
Convolvulus_arvensis	mito	ctg000001c	36300	36916	ccmFc	683.8	+
Convolvulus_arvensis	mito	ctg000001c	37044	37175	atp1	68.5	+
Convolvulus_arvensis	mito	ctg000001c	37260	37377	trnK-CUU	17.5	+
Convolvulus_arvensis	mito	ctg000001c	38851	38923	trnQ-UUG	80.3	-
Convolvulus_arvensis	mito	ctg000001c	38851	38923	trnQ-UUG	64.9	-
Convolvulus_arvensis	mito	ctg000001c	38854	38921	trnH-GUG	33.4	-
Convolvulus_arvensis	mito	ctg000001c	41530	41691	rrn5	150.9	-
Convolvulus_arvensis	mito	ctg000001c	41749	41835	trnC-GCA	31.2	-
Convolvulus_arvensis	mito	ctg000001c	41756	41849	trnF-GAA	82.8	-
Convolvulus_arvensis	mito	ctg000001c	41765	41838	trnR-ACG	30.2	-
Convolvulus_arvensis	mito	ctg000001c	41769	41834	trnF-GAA	45.6	-
Convolvulus_arvensis	mito	ctg000001c	41822	43899	rrn18	2214.8	-
Convolvulus_arvensis	mito	ctg000001c	41864	43789	rrn18	178.2	+
Convolvulus_arvensis	mito	ctg000001c	41893	42336	rrn18	1.7e-91	-
Convolvulus_arvensis	mito	ctg000001c	42711	43822	rrn18	5.6e-231	-
Convolvulus_arvensis	mito	ctg000001c	52616	52698	trnM-CAU	59.2	-
Convolvulus_arvensis	mito	ctg000001c	52621	52695	trnfM-CAU	80.7	-
Convolvulus_arvensis	mito	ctg000001c	52621	52695	trnM-CAU	64.1	-
Convolvulus_arvensis	mito	ctg000001c	58974	59085	trnS-GCU	32.6	+
Convolvulus_arvensis	mito	ctg000001c	58983	59070	trnS-UGA	98.2	+
Convolvulus_arvensis	mito	ctg000001c	58983	59070	trnS-UGA	73.8	+
Convolvulus_arvensis	mito	ctg000001c	65112	66372	cob	1622.7	-
Convolvulus_arvensis	mito	ctg000001c	67810	68298	rps14	447.5	-
Convolvulus_arvensis	mito	ctg000001c	68156	68814	rpl5	669.2	-
Convolvulus_arvensis	mito	ctg000001c	68796	69012	atp9	160.0	-
Convolvulus_arvensis	mito	ctg000001c	72978	73105	sdh3	91.1	+
Convolvulus_arvensis	mito	ctg000001c	73650	73881	nad2	149.7	+
Convolvulus_arvensis	mito	ctg000001c	75058	75502	nad2	431.7	+
Convolvulus_arvensis	mito	ctg000001c	78851	79735	atp1	960.1	-
Convolvulus_arvensis	mito	ctg000001c	79322	79750	atpA	514.9	-
Convolvulus_arvensis	mito	ctg000001c	80373	80768	atp8	385.5	-
Convolvulus_arvensis	mito	ctg000001c	92476	94253	rrn26	670.3	-
Convolvulus_arvensis	mito	ctg000001c	92479	94180	rrn26	0.0	-
Convolvulus_arvensis	mito	ctg000001c	95113	95218	trnA-UGC	16.3	-
Convolvulus_arvensis	mito	ctg000001c	96927	97008	trnM-CAU	43.8	+
Convolvulus_arvensis	mito	ctg000001c	96927	97000	trnT-GGU	41.3	+
Convolvulus_arvensis	mito	ctg000001c	96927	97000	trnT-UGU	32.8	+
Convolvulus_arvensis	mito	ctg000001c	96927	97000	trnM-CAU	64.6	+
Convolvulus_arvensis	mito	ctg000001c	100366	100857	nad4	477.2	+
Convolvulus_arvensis	mito	ctg000001c	102261	102805	nad4	638.2	+
Convolvulus_arvensis	mito	ctg000001c	105965	106414	nad4	487.2	+
Convolvulus_arvensis	mito	ctg000001c	109213	109344	nad4	77.8	+
Convolvulus_arvensis	mito	ctg000001c	110700	110956	nad6	225.4	+
Convolvulus_arvensis	mito	ctg000001c	110860	110930	trnS-AGA	27.3	+
Convolvulus_arvensis	mito	ctg000001c	111750	112147	nad3	47.4	-
Convolvulus_arvensis	mito	ctg000001c	114706	115166	nad1	479.9	+
Convolvulus_arvensis	mito	ctg000001c	120772	121050	atp1	33.0	-
Convolvulus_arvensis	mito	ctg000001c	120786	120904	nad6	34.0	-
Convolvulus_arvensis	mito	ctg000001c	124882	125464	ccmFc	555.1	+
Convolvulus_arvensis	mito	ctg000001c	127673	128080	rps13	431.2	+
Convolvulus_arvensis	mito	ctg000001c	129073	129946	ccmC	1073.8	+
Convolvulus_arvensis	mito	ctg000001c	129839	129914	trnI-CAU	39.2	+
Convolvulus_arvensis	mito	ctg000001c	129839	129915	trnI-UAU	46.2	+
Convolvulus_arvensis	mito	ctg000001c	132151	132489	nad7	332.2	-
Convolvulus_arvensis	mito	ctg000001c	134319	135131	nad7	944.5	-
Convolvulus_arvensis	mito	ctg000001c	136476	136577	nad7	63.2	-
Convolvulus_arvensis	mito	ctg000001c	137437	137616	nad7	169.1	-
Convolvulus_arvensis	mito	ctg000001c	138619	138701	trnM-CAU	59.2	-
Convolvulus_arvensis	mito	ctg000001c	138624	138698	trnfM-CAU	80.7	-
Convolvulus_arvensis	mito	ctg000001c	138624	138698	trnM-CAU	64.1	-
Convolvulus_arvensis	mito	ctg000001c	140801	141165	nad4L	390.9	+
Convolvulus_arvensis	mito	ctg000001c	141271	141929	atp4	674.4	+
Convolvulus_arvensis	mito	ctg000001c	141933	142182	nad6	163.2	+
Convolvulus_arvensis	mito	ctg000001c	142042	142109	trnS-AGA	22.6	+
Convolvulus_arvensis	mito	ctg000001c	145094	145184	trnW-CCA	40.3	+
Convolvulus_arvensis	mito	ctg000001c	145100	145182	trnM-CAU	38.0	+
Convolvulus_arvensis	mito	ctg000001c	145101	145174	trnK-UUU	83.1	+
Convolvulus_arvensis	mito	ctg000001c	145101	145174	trnR-UCU	48.1	+
Convolvulus_arvensis	mito	ctg000001c	145101	145174	trnV-UAC	47.9	+
Convolvulus_arvensis	mito	ctg000001c	145101	145168	trnR-UCG	40.6	+
Convolvulus_arvensis	mito	ctg000001c	145101	145174	trnQ-UUG	35.5	+
Convolvulus_arvensis	mito	ctg000001c	145101	145173	trnT-UGU	32.9	+
Convolvulus_arvensis	mito	ctg000001c	145101	145174	trnI-GAU	29.8	+
Convolvulus_arvensis	mito	ctg000001c	145101	145174	trnK-UUU	75.0	+
Convolvulus_arvensis	mito	ctg000001c	145103	145169	trnN-GUU	43.3	+
Convolvulus_arvensis	mito	ctg000001c	145103	145170	trnT-GGU	30.0	+
Convolvulus_arvensis	mito	ctg000001c	156981	157192	nad5	116.8	-
Convolvulus_arvensis	mito	ctg000001c	158413	158830	nad5	382.6	-
Convolvulus_arvensis	mito	ctg000001c	159193	159254	cox1	23.2	-
Convolvulus_arvensis	mito	ctg000001c	160653	160928	nad1	253.4	-
Convolvulus_arvensis	mito	ctg000001c	162361	162464	nad1	88.0	-
Convolvulus_arvensis	mito	ctg000001c	163143	163963	rps1	823.3	-
Convolvulus_arvensis	mito	ctg000001c	164016	164475	sdh4	541.6	-
Convolvulus_arvensis	mito	ctg000001c	164345	165176	cox3	950.3	-
Convolvulus_arvensis	mito	ctg000001c	165956	166517	atp8	524.3	-
Convolvulus_arvensis	mito	ctg000001c	166541	167646	atp6	1070.2	-
Convolvulus_arvensis	mito	ctg000001c	167748	168638	cox1	1035.4	-
Convolvulus_arvensis	mito	ctg000001c	169581	170359	cox1	932.7	-
Convolvulus_arvensis	mito	ctg000001c	172849	172937	atp9	46.5	-
Convolvulus_arvensis	mito	ctg000001c	172946	173382	rps12	563.2	-
Convolvulus_arvensis	mito	ctg000001c	173359	173790	nad3	453.6	-
Convolvulus_arvensis	mito	ctg000001c	173763	173902	rrn18	45.5	-
Convolvulus_arvensis	mito	ctg000001c	173862	174226	atp9	380.5	-
Convolvulus_arvensis	mito	ctg000001c	188192	188521	nad1	318.8	-
Convolvulus_arvensis	mito	ctg000001c	188896	190980	matR	2639.1	-
Convolvulus_arvensis	mito	ctg000001c	191541	191639	nad1	48.2	-
Convolvulus_arvensis	mito	ctg000001c	202375	202534	rps13	81.4	+
Convolvulus_arvensis	mito	ctg000001c	203359	203419	atp9	41.7	+
Convolvulus_arvensis	mito	ctg000001c	203539	203626	trnM-CAU	60.9	+
Convolvulus_arvensis	mito	ctg000001c	203544	203618	trnI-CAU	77.1	+
Convolvulus_arvensis	mito	ctg000001c	203544	203621	trnM-CAU	60.1	+
Convolvulus_arvensis	mito	ctg000001c	206260	207313	rps4	816.9	+
Convolvulus_arvensis	mito	ctg000001c	215176	215286	trnP-UGG	81.3	-
Convolvulus_arvensis	mito	ctg000001c	215197	215272	trnP-UGG	62.8	-
Convolvulus_arvensis	mito	ctg000001c	215199	215272	trnQ-UUG	34.7	-
Convolvulus_arvensis	mito	ctg000001c	215499	215601	trnF-GAA	90.4	-
Convolvulus_arvensis	mito	ctg000001c	215499	215588	trnC-GCA	35.2	-
Convolvulus_arvensis	mito	ctg000001c	215508	215582	trnF-GAA	61.0	-
Convolvulus_arvensis	mito	ctg000001c	215746	215873	trnS-GCU	106.0	-
Convolvulus_arvensis	mito	ctg000001c	215763	215851	trnS-GCU	64.0	-
Convolvulus_arvensis	mito	ctg000001c	217596	217668	trnG-GCC	90.8	-
Convolvulus_arvensis	mito	ctg000001c	217596	217668	trnG-UCC	38.0	-
Convolvulus_arvensis	mito	ctg000001c	217596	217668	trnG-GCC	63.4	-
Convolvulus_arvensis	mito	ctg000001c	217597	217665	trnT-GGU	32.7	-
Convolvulus_arvensis	mito	ctg000001c	217597	217668	trnD-GUC	33.6	-
Convolvulus_arvensis	mito	ctg000001c	217599	217666	trnV-UAC	32.3	-
Convolvulus_arvensis	mito	ctg000001c	217601	217666	trnI-GAU	29.0	-
Convolvulus_arvensis	mito	ctg000001c	218185	218282	trnC-GCA	66.8	-
Convolvulus_arvensis	mito	ctg000001c	218209	218280	trnC-GCA	49.0	-
Convolvulus_arvensis	mito	ctg000001c	221292	222552	nad5	1545.2	-
Convolvulus_arvensis	mito	ctg000001c	223353	223629	nad5	220.5	-
Convolvulus_arvensis	mito	ctg000001c	228482	229453	mttB	1082.9	-
Convolvulus_arvensis	mito	ctg000001c	236339	236421	trnM-CAU	59.2	-
Convolvulus_arvensis	mito	ctg000001c	236344	236418	trnfM-CAU	80.7	-
Convolvulus_arvensis	mito	ctg000001c	236344	236418	trnM-CAU	64.1	-
Convolvulus_arvensis	mito	ctg000001c	238521	238885	nad4L	390.9	+
Convolvulus_arvensis	mito	ctg000001c	244581	245045	rps19	443.5	+
Convolvulus_arvensis	mito	ctg000001c	244873	244994	rps3	68.5	+
Convolvulus_arvensis	mito	ctg000001c	246458	248182	rps3	1749.1	+
Convolvulus_arvensis	mito	ctg000001c	247932	248555	rpl16	689.6	+
Convolvulus_arvensis	mito	ctg000001c	248962	249225	rps11	58.0	-
Convolvulus_arvensis	mito	ctg000001c	250959	251197	rps12	189.7	+
Convolvulus_arvensis	mito	ctg000001c	251837	252295	rps7	194.5	+
Convolvulus_arvensis	mito	ctg000001c	252780	253328	nad2	69.7	+
Convolvulus_arvensis	mito	ctg000001c	253977	254578	nad2	131.1	+
Convolvulus_arvensis	mito	ctg000001c	255242	255339	trnL-CAA	67.5	+
Convolvulus_arvensis	mito	ctg000001c	255256	255337	trnL-UAG	31.8	+
Convolvulus_arvensis	mito	ctg000001c	255256	255337	trnL-CAA	62.3	+
Convolvulus_arvensis	mito	ctg000001c	256081	256497	rps10	323.1	+
Convolvulus_arvensis	mito	ctg000001c	257374	257581	rps10	137.6	+
Convolvulus_arvensis	mito	ctg000001c	257999	258839	nad6	868.9	+
Convolvulus_arvensis	mito	ctg000001c	258707	258777	trnS-AGA	27.3	+
Convolvulus_arvensis	mito	ctg000001c	259715	259792	trnN-GUU	82.3	+
Convolvulus_arvensis	mito	ctg000001c	259717	259787	trnT-GGU	41.8	+
Convolvulus_arvensis	mito	ctg000001c	259717	259789	trnN-GUU	68.2	+
Convolvulus_arvensis	mito	ctg000001c	259718	259788	trnR-UCU	33.7	+
Convolvulus_arvensis	mito	ctg000001c	259719	259786	trnI-GAU	30.9	+
Convolvulus_arvensis	mito	ctg000001c	259720	259787	trnK-UUU	45.8	+
Convolvulus_arvensis	mito	ctg000001c	260770	260853	trnY-GUA	90.0	+
Convolvulus_arvensis	mito	ctg000001c	260770	260853	trnY-GUA	68.9	+
Convolvulus_arvensis	mito	ctg000001c	261366	261549	nad2	170.2	+
Convolvulus_arvensis	mito	ctg000001c	263635	264231	nad2	685.2	+
Convolvulus_arvensis	mito	ctg000001c	265655	265930	nad2	197.1	+
Convolvulus_arvensis	mito	ctg000001c	266130	266757	ccmB	767.9	+
Convolvulus_arvensis	mito	ctg000001c	267039	267582	rpl10	606.8	-
Convolvulus_arvensis	mito	ctg000001c	272439	275906	rrn26	3864.3	-
Convolvulus_arvensis	mito	ctg000001c	272443	275891	rrn26	600.9	+
Convolvulus_arvensis	mito	ctg000001c	272478	275227	rrn26	0.0	-
Convolvulus_arvensis	mito	ctg000001c	276418	276490	trnE-UUC	78.6	-
Convolvulus_arvensis	mito	ctg000001c	276418	276490	trnE-UUC	60.8	-
Convolvulus_arvensis	mito	ctg000001c	281443	282364	rrn26	2.6e-204	+
Convolvulus_arvensis	mito	ctg000001c	281453	282176	rrn26	519.9	+
Convolvulus_arvensis	mito	ctg000001c	283338	283412	trnD-GUC	71.5	-
Convolvulus_arvensis	mito	ctg000001c	283338	283412	trnD-GUC	65.8	-
Convolvulus_arvensis	mito	ctg000001c	283339	283412	trnI-GAU	28.9	-
Convolvulus_arvensis	mito	ctg000001c	286111	286564	cox2	470.7	-
Convolvulus_arvensis	mito	ctg000001c	287865	288303	cox2	475.9	-
Convolvulus_arvensis	mito	ctg000001c	291942	292171	atp1	44.3	+
Convolvulus_arvensis	mito	ctg000001c	294966	295056	trnS-GGA	80.9	-
Convolvulus_arvensis	mito	ctg000001c	294973	295047	trnS-GGA	27.8	-
Convolvulus_arvensis	mito	ctg000001c	295619	295733	trnP-UGG	71.8	+
Convolvulus_arvensis	mito	ctg000001c	295637	295711	trnP-UGG	33.0	+
Convolvulus_arvensis	mito	ctg000001c	295858	295952	trnW-CCA	72.8	+
Convolvulus_arvensis	mito	ctg000001c	295862	295937	trnM-CAU	34.3	+
Convolvulus_arvensis	mito	ctg000001c	295863	295937	trnR-UCG	49.5	+
Convolvulus_arvensis	mito	ctg000001c	295863	295937	trnR-UCU	29.6	+
Convolvulus_arvensis	mito	ctg000001c	295863	295937	trnW-CCA	68.7	+
Convolvulus_arvensis	mito	ctg000001c	300196	300318	cox2	53.8	+
Convolvulus_arvensis	mito	ctg000001c	306246	306741	atp1	407.9	-
Galatella_linosyris	mito	ctg000001c	0	143	rpl5	82.9	+
Galatella_linosyris	mito	ctg000001c	5	467	rps14	431.5	+
Galatella_linosyris	mito	ctg000001c	485	564	trnT-UGU	28.7	+
Galatella_linosyris	mito	ctg000001c	499	564	trnT-UGU	36.8	+
Galatella_linosyris	mito	ctg000001c	4121	5191	cox1	1326.2	+
Galatella_linosyris	mito	ctg000001c	5198	5403	cox2	50.5	+
Galatella_linosyris	mito	ctg000001c	6131	7001	rps4	654.6	+
Galatella_linosyris	mito	ctg000001c	6993	7386	rps4	176.3	+
Galatella_linosyris	mito	ctg000001c	13967	14869	ccmC	1074.8	-
Galatella_linosyris	mito	ctg000001c	13992	14079	trnL-CAA	29.5	-
Galatella_linosyris	mito	ctg000001c	13995	14063	trnI-CAU	41.4	-
Galatella_linosyris	mito	ctg000001c	17149	17286	rps4	69.4	-
Galatella_linosyris	mito	ctg000001c	17446	19411	ccmFn	2415.4	-
Galatella_linosyris	mito	ctg000001c	19608	19891	nad7	331.3	-
Galatella_linosyris	mito	ctg000001c	21646	21933	nad7	305.8	-
Galatella_linosyris	mito	ctg000001c	22935	23508	nad7	625.1	-
Galatella_linosyris	mito	ctg000001c	24878	24979	nad7	62.6	-
Galatella_linosyris	mito	ctg000001c	25829	26008	nad7	171.4	-
Galatella_linosyris	mito	ctg000001c	34052	34546	atp9	402.1	+
Galatella_linosyris	mito	ctg000001c	34761	35037	nad5	222.1	+
Galatella_linosyris	mito	ctg000001c	35854	37102	nad5	1539.7	+
Galatella_linosyris	mito	ctg000001c	43444	43524	trnM-CAU	43.7	-
Galatella_linosyris	mito	ctg000001c	43451	43524	trnT-GGU	41.3	-
Galatella_linosyris	mito	ctg000001c	43451	43524	trnT-UGU	32.8	-
Galatella_linosyris	mito	ctg000001c	43451	43524	trnM-CAU	64.6	-
Galatella_linosyris	mito	ctg000001c	44147	47857	rrn26	3867.2	+
Galatella_linosyris	mito	ctg000001c	44170	47876	rrn26	604.7	-
Galatella_linosyris	mito	ctg000001c	44847	47817	rrn26	0.0	+
Galatella_linosyris	mito	ctg000001c	53224	53301	trnT-GGU	39.7	+
Galatella_linosyris	mito	ctg000001c	53224	53297	trnK-UUU	32.0	+
Galatella_linosyris	mito	ctg000001c	53225	53302	trnN-GUU	58.0	+
Galatella_linosyris	mito	ctg000001c	53225	53299	trnT-GGU	47.9	+
Galatella_linosyris	mito	ctg000001c	60751	60913	rrn5	148.8	-
Galatella_linosyris	mito	ctg000001c	60985	63042	rrn18	2204.4	-
Galatella_linosyris	mito	ctg000001c	61007	62965	rrn18	183.1	+
Galatella_linosyris	mito	ctg000001c	61028	61473	rrn18	1.8e-91	-
Galatella_linosyris	mito	ctg000001c	61854	62965	rrn18	1.2e-228	-
Galatella_linosyris	mito	ctg000001c	65300	65400	rrn18	31.7	-
Galatella_linosyris	mito	ctg000001c	65479	65690	nad5	115.2	-
Galatella_linosyris	mito	ctg000001c	66577	66995	nad5	383.2	-
Galatella_linosyris	mito	ctg000001c	67130	67211	cox2	66.2	-
Galatella_linosyris	mito	ctg000001c	67166	67305	atp1	98.0	-
Galatella_linosyris	mito	ctg000001c	67749	67830	trnM-CAU	52.9	-
Galatella_linosyris	mito	ctg000001c	67754	67827	trnfM-CAU	69.6	-
Galatella_linosyris	mito	ctg000001c	67754	67827	trnM-CAU	65.6	-
Galatella_linosyris	mito	ctg000001c	67757	67842	trnL-CAA	30.8	-
Galatella_linosyris	mito	ctg000001c	73585	73797	rrn26	22.2	-
Galatella_linosyris	mito	ctg000001c	78520	78640	nad6	30.8	-
Galatella_linosyris	mito	ctg000001c	78610	78799	rpl5	145.8	+
Galatella_linosyris	mito	ctg000001c	78658	79123	rps14	431.8	+
Galatella_linosyris	mito	ctg000001c	79142	79221	trnT-UGU	28.7	+
Galatella_linosyris	mito	ctg000001c	79156	79221	trnT-UGU	36.8	+
Galatella_linosyris	mito	ctg000001c	82780	84440	cox1	1996.3	+
Galatella_linosyris	mito	ctg000001c	84636	85077	rps11	139.4	+
Galatella_linosyris	mito	ctg000001c	86509	86594	ccmFn	37.2	-
Galatella_linosyris	mito	ctg000001c	95538	95612	trnD-GUC	70.4	-
Galatella_linosyris	mito	ctg000001c	95538	95612	trnD-GUC	65.8	-
Galatella_linosyris	mito	ctg000001c	98607	99114	nad4	480.8	+
Galatella_linosyris	mito	ctg000001c	100506	101587	nad4	1261.9	+
Galatella_linosyris	mito	ctg000001c	102217	102972	rrn18	494.9	+
Galatella_linosyris	mito	ctg000001c	102227	103374	rrn18	3.4e-308	+
Galatella_linosyris	mito	ctg000001c	102961	103430	rrn18	296.6	+
Galatella_linosyris	mito	ctg000001c	103666	103755	trnI-GAU	32.9	+
Galatella_linosyris	mito	ctg000001c	104444	104519	trnI-GAU	35.5	+
Galatella_linosyris	mito	ctg000001c	104583	104652	trnA-UGC	29.0	+
Galatella_linosyris	mito	ctg000001c	104583	104688	trnA-UGC	16.3	+
Galatella_linosyris	mito	ctg000001c	105582	107089	rrn26	593.6	+
Galatella_linosyris	mito	ctg000001c	105629	107128	rrn26	0.0	+
Galatella_linosyris	mito	ctg000001c	108231	109273	mttB	1096.9	+
Galatella_linosyris	mito	ctg000001c	109920	109982	atp1	24.7	-
Galatella_linosyris	mito	ctg000001c	110731	110976	atpA	221.4	-
Galatella_linosyris	mito	ctg000001c	110742	111106	atp1	430.7	-
Galatella_linosyris	mito	ctg000001c	115953	117366	atp6	1252.2	+
Galatella_linosyris	mito	ctg000001c	124782	124919	rps4	69.4	-
Galatella_linosyris	mito	ctg000001c	124954	125072	rrn26	23.7	-
Galatella_linosyris	mito	ctg000001c	127818	127912	nad1	47.6	+
Galatella_linosyris	mito	ctg000001c	128480	130560	matR	2627.8	+
Galatella_linosyris	mito	ctg000001c	131268	131560	nad1	312.0	+
Galatella_linosyris	mito	ctg000001c	133646	134460	ccmFc	976.0	+
Galatella_linosyris	mito	ctg000001c	135357	136005	ccmFc	753.6	+
Galatella_linosyris	mito	ctg000001c	137946	139176	cob	1621.5	-
Galatella_linosyris	mito	ctg000001c	144425	144552	trnS-GCU	104.1	+
Galatella_linosyris	mito	ctg000001c	144447	144535	trnS-GCU	64.0	+
Galatella_linosyris	mito	ctg000001c	144766	144871	trnF-GAA	90.9	+
Galatella_linosyris	mito	ctg000001c	144782	144878	trnC-GCA	35.4	+
Galatella_linosyris	mito	ctg000001c	144788	144862	trnF-GAA	61.0	+
Galatella_linosyris	mito	ctg000001c	145088	145199	trnP-UGG	81.2	+
Galatella_linosyris	mito	ctg000001c	145104	145177	trnQ-UUG	34.7	+
Galatella_linosyris	mito	ctg000001c	145104	145179	trnP-UGG	62.8	+
Galatella_linosyris	mito	ctg000001c	146844	147131	nad2	199.4	-
Galatella_linosyris	mito	ctg000001c	148586	149179	nad2	682.2	-
Galatella_linosyris	mito	ctg000001c	151348	151529	nad2	166.2	-
Galatella_linosyris	mito	ctg000001c	152035	152118	trnY-GUA	91.5	-
Galatella_linosyris	mito	ctg000001c	152035	152118	trnY-GUA	69.3	-
Galatella_linosyris	mito	ctg000001c	152871	152948	trnN-GUU	80.7	-
Galatella_linosyris	mito	ctg000001c	152874	152946	trnN-GUU	64.6	-
Galatella_linosyris	mito	ctg000001c	152875	152945	trnR-UCU	33.8	-
Galatella_linosyris	mito	ctg000001c	152876	152943	trnK-UUU	46.0	-
Galatella_linosyris	mito	ctg000001c	152876	152946	trnT-GGU	41.5	-
Galatella_linosyris	mito	ctg000001c	152877	152944	trnI-GAU	32.0	-
Galatella_linosyris	mito	ctg000001c	154976	155074	trnC-GCA	66.8	-
Galatella_linosyris	mito	ctg000001c	155001	155072	trnC-GCA	49.0	-
Galatella_linosyris	mito	ctg000001c	159871	160236	nad4L	394.5	+
Galatella_linosyris	mito	ctg000001c	160315	161010	atp4	746.5	+
Galatella_linosyris	mito	ctg000001c	163715	164158	nad1	477.0	+
Galatella_linosyris	mito	ctg000001c	166048	166335	atp9	233.2	-
Galatella_linosyris	mito	ctg000001c	170571	170792	nad2	145.1	+
Galatella_linosyris	mito	ctg000001c	171953	172387	nad2	429.7	+
Galatella_linosyris	mito	ctg000001c	176311	177385	nad6	961.0	-
Galatella_linosyris	mito	ctg000001c	177620	177720	trnW-CCA	39.8	-
Galatella_linosyris	mito	ctg000001c	177634	177713	trnM-CAU	37.7	-
Galatella_linosyris	mito	ctg000001c	177639	177712	trnK-UUU	83.1	-
Galatella_linosyris	mito	ctg000001c	177639	177712	trnR-UCU	48.1	-
Galatella_linosyris	mito	ctg000001c	177639	177712	trnV-UAC	47.9	-
Galatella_linosyris	mito	ctg000001c	177639	177712	trnQ-UUG	35.5	-
Galatella_linosyris	mito	ctg000001c	177639	177712	trnI-GAU	29.8	-
Galatella_linosyris	mito	ctg000001c	177639	177712	trnK-UUU	75.0	-
Galatella_linosyris	mito	ctg000001c	177640	177712	trnT-UGU	32.9	-
Galatella_linosyris	mito	ctg000001c	177643	177710	trnT-GGU	30.0	-
Galatella_linosyris	mito	ctg000001c	177644	177710	trnN-GUU	43.3	-
Galatella_linosyris	mito	ctg000001c	177645	177712	trnR-UCG	40.6	-
Galatella_linosyris	mito	ctg000001c	179753	180374	ccmB	775.9	+
Galatella_linosyris	mito	ctg000001c	180631	181199	rpl10	611.3	-
Galatella_linosyris	mito	ctg000001c	190587	190994	rps13	433.0	+
Galatella_linosyris	mito	ctg000001c	191796	191894	nad1	89.1	+
Galatella_linosyris	mito	ctg000001c	192687	192951	nad1	253.9	+
Galatella_linosyris	mito	ctg000001c	194162	194220	nad3	29.4	+
Galatella_linosyris	mito	ctg000001c	194202	194915	rps1	750.1	+
Galatella_linosyris	mito	ctg000001c	194889	194990	atpA	24.2	+
Galatella_linosyris	mito	ctg000001c	194891	194989	atp1	23.7	+
Galatella_linosyris	mito	ctg000001c	195017	195561	rpl5	568.4	+
Galatella_linosyris	mito	ctg000002c	3847	3963	rrn26	23.3	+
Galatella_linosyris	mito	ctg000002c	4003	4161	rps4	61.0	+
Galatella_linosyris	mito	ctg000002c	5157	5594	nad3	459.9	+
Galatella_linosyris	mito	ctg000002c	5566	5997	rps12	544.8	+
Galatella_linosyris	mito	ctg000002c	12043	12158	trnS-GCU	79.8	+
Galatella_linosyris	mito	ctg000002c	12400	13050	nad9	780.8	+
Galatella_linosyris	mito	ctg000002c	13767	13882	trnP-UGG	72.6	+
Galatella_linosyris	mito	ctg000002c	14001	14086	trnW-CCA	70.4	+
Galatella_linosyris	mito	ctg000002c	14005	14080	trnM-CAU	33.7	+
Galatella_linosyris	mito	ctg000002c	14006	14080	trnR-UCG	50.5	+
Galatella_linosyris	mito	ctg000002c	14006	14080	trnR-UCU	33.0	+
Galatella_linosyris	mito	ctg000002c	14006	14080	trnW-CCA	64.5	+
Galatella_linosyris	mito	ctg000002c	20574	20653	nad4L	43.0	+
Galatella_linosyris	mito	ctg000002c	20744	21420	cox1	773.1	+
Galatella_linosyris	mito	ctg000002c	22182	22262	trnW-CCA	29.9	+
Galatella_linosyris	mito	ctg000002c	22188	22261	trnG-GCC	86.0	+
Galatella_linosyris	mito	ctg000002c	22188	22260	trnD-GUC	36.4	+
Galatella_linosyris	mito	ctg000002c	22188	22261	trnG-UCC	32.9	+
Galatella_linosyris	mito	ctg000002c	22188	22261	trnA-UGC	32.7	+
Galatella_linosyris	mito	ctg000002c	22188	22261	trnG-GCC	63.3	+
Galatella_linosyris	mito	ctg000002c	22190	22258	trnV-UAC	35.0	+
Galatella_linosyris	mito	ctg000002c	22190	22256	trnI-GAU	30.8	+
Galatella_linosyris	mito	ctg000002c	22191	22259	trnT-GGU	32.2	+
Galatella_linosyris	mito	ctg000002c	26034	26106	trnQ-UUG	80.3	+
Galatella_linosyris	mito	ctg000002c	26034	26106	trnQ-UUG	64.9	+
Galatella_linosyris	mito	ctg000002c	26036	26103	trnH-GUG	33.4	+
Galatella_linosyris	mito	ctg000002c	33352	33426	trnH-GUG	73.3	-
Galatella_linosyris	mito	ctg000002c	33352	33426	trnH-GUG	58.5	-
Galatella_linosyris	mito	ctg000002c	35366	35438	trnE-UUC	78.6	+
Galatella_linosyris	mito	ctg000002c	35366	35438	trnE-UUC	60.8	+
Galatella_linosyris	mito	ctg000002c	36101	36345	rps19	197.2	+
Galatella_linosyris	mito	ctg000002c	36174	36294	rps3	75.2	+
Galatella_linosyris	mito	ctg000002c	37985	39706	rps3	1746.9	+
Galatella_linosyris	mito	ctg000002c	39452	40078	rpl16	670.4	+
Galatella_linosyris	mito	ctg000002c	42786	44335	atp1	2017.8	+
Galatella_linosyris	mito	ctg000002c	42912	43942	atpA	1283.0	+
Galatella_linosyris	mito	ctg000002c	44447	45015	atp8	564.5	+
Galatella_linosyris	mito	ctg000002c	45542	46374	cox3	948.2	+
Galatella_linosyris	mito	ctg000002c	46242	46771	sdh4	625.5	+
Galatella_linosyris	mito	ctg000002c	50047	50483	cox2	463.7	+
Galatella_linosyris	mito	ctg000002c	51775	52135	cox2	402.7	+
Galatella_linosyris	mito	ctg000002c	53752	53889	cox2	51.4	+
Galatella_linosyris	mito	ctg000002c	57065	57151	trnM-CAU	60.7	+
Galatella_linosyris	mito	ctg000002c	57069	57143	trnI-CAU	77.1	+
Galatella_linosyris	mito	ctg000002c	57069	57143	trnI-GAU	27.5	+
Galatella_linosyris	mito	ctg000002c	57069	57146	trnM-CAU	60.1	+
Galatella_linosyris	mito	ctg000002c	57075	57137	trnfM-CAU	29.0	+
Grimmia_montana	mito	ctg000001c	1067	1219	cox2	94.6	+
Grimmia_montana	mito	ctg000001c	2221	2515	cox2	295.0	+
Grimmia_montana	mito	ctg000001c	3874	4235	cox2	384.6	+
Grimmia_montana	mito	ctg000001c	5604	5721	cox2	35.0	+
Grimmia_montana	mito	ctg000001c	5706	6238	cox3	538.5	+
Grimmia_montana	mito	ctg000001c	7028	7379	cox3	304.7	+
Grimmia_montana	mito	ctg000001c	7253	7372	sdh4	66.4	+
Grimmia_montana	mito	ctg000001c	8687	8997	nad1	312.4	+
Grimmia_montana	mito	ctg000001c	9761	10216	nad1	522.7	+
Grimmia_montana	mito	ctg000001c	11028	11328	nad1	290.6	+
Grimmia_montana	mito	ctg000001c	11588	12051	cob	431.2	+
Grimmia_montana	mito	ctg000001c	12967	13738	cob	677.6	+
Grimmia_montana	mito	ctg000001c	15720	16005	nad9	214.2	+
Grimmia_montana	mito	ctg000001c	17986	18393	nad9	433.1	+
Grimmia_montana	mito	ctg000001c	18817	19974	atp1	1443.9	+
Grimmia_montana	mito	ctg000001c	18918	19948	atpA	1057.0	+
Grimmia_montana	mito	ctg000001c	21069	21592	atp1	281.4	+
Grimmia_montana	mito	ctg000001c	22126	22215	trnW-CCA	62.0	-
Grimmia_montana	mito	ctg000001c	22135	22208	trnW-CCA	62.3	-
Grimmia_montana	mito	ctg000001c	22156	22620	nad3	386.7	+
Grimmia_montana	mito	ctg000001c	23621	23694	trnV-UAC	79.0	+
Grimmia_montana	mito	ctg000001c	23621	23694	trnA-UGC	35.2	+
Grimmia_montana	mito	ctg000001c	23621	23694	trnV-UAC	64.2	+
Grimmia_montana	mito	ctg000001c	24362	24436	trnD-GUC	71.9	+
Grimmia_montana	mito	ctg000001c	24362	24435	trnI-GAU	37.9	+
Grimmia_montana	mito	ctg000001c	24362	24436	trnK-UUU	31.6	+
Grimmia_montana	mito	ctg000001c	24362	24435	trnT-UGU	30.1	+
Grimmia_montana	mito	ctg000001c	24362	24435	trnA-UGC	29.6	+
Grimmia_montana	mito	ctg000001c	24362	24436	trnD-GUC	72.7	+
Grimmia_montana	mito	ctg000001c	24364	24433	trnH-GUG	39.4	+
Grimmia_montana	mito	ctg000001c	25268	25341	trnA-UGC	74.3	+
Grimmia_montana	mito	ctg000001c	25268	25338	trnT-UGU	37.0	+
Grimmia_montana	mito	ctg000001c	25268	25341	trnV-UAC	33.4	+
Grimmia_montana	mito	ctg000001c	25268	25341	trnA-UGC	63.6	+
Grimmia_montana	mito	ctg000001c	25709	25782	trnT-GGU	72.5	+
Grimmia_montana	mito	ctg000001c	25709	25782	trnT-GGU	53.3	+
Grimmia_montana	mito	ctg000001c	25711	25779	trnI-GAU	29.2	+
Grimmia_montana	mito	ctg000001c	25803	25979	nad7	123.7	+
Grimmia_montana	mito	ctg000001c	26957	27068	nad7	49.4	+
Grimmia_montana	mito	ctg000001c	28025	29018	nad7	1052.8	+
Grimmia_montana	mito	ctg000001c	29459	29593	rps10	24.0	+
Grimmia_montana	mito	ctg000001c	29688	31175	rpl2	1170.4	+
Grimmia_montana	mito	ctg000001c	31078	31532	rps19	323.4	+
Grimmia_montana	mito	ctg000001c	31412	32334	rps3	454.3	+
Grimmia_montana	mito	ctg000001c	32574	33157	rps3	433.0	+
Grimmia_montana	mito	ctg000001c	32916	33525	rpl16	530.7	+
Grimmia_montana	mito	ctg000001c	34266	34931	rpl5	507.7	+
Grimmia_montana	mito	ctg000001c	34838	35215	rps14	321.8	+
Grimmia_montana	mito	ctg000001c	37031	37432	rps13	336.9	+
Grimmia_montana	mito	ctg000001c	37832	38282	rps11	390.1	+
Grimmia_montana	mito	ctg000001c	40302	40372	atp9	75.1	+
Grimmia_montana	mito	ctg000001c	43104	43279	atp9	155.6	+
Grimmia_montana	mito	ctg000001c	43812	43892	trnM-CAU	47.8	+
Grimmia_montana	mito	ctg000001c	43813	43887	trnI-CAU	77.8	+
Grimmia_montana	mito	ctg000001c	43813	43887	trnI-GAU	28.8	+
Grimmia_montana	mito	ctg000001c	43813	43887	trnM-CAU	63.6	+
Grimmia_montana	mito	ctg000001c	44051	44134	trnW-CCA	28.3	+
Grimmia_montana	mito	ctg000001c	44057	44132	trnM-CAU	34.2	+
Grimmia_montana	mito	ctg000001c	44058	44131	trnK-UUU	75.6	+
Grimmia_montana	mito	ctg000001c	44058	44131	trnR-UCU	45.9	+
Grimmia_montana	mito	ctg000001c	44058	44131	trnV-UAC	44.0	+
Grimmia_montana	mito	ctg000001c	44058	44125	trnR-UCG	39.5	+
Grimmia_montana	mito	ctg000001c	44058	44131	trnI-CAU	30.2	+
Grimmia_montana	mito	ctg000001c	44058	44131	trnQ-UUG	29.6	+
Grimmia_montana	mito	ctg000001c	44058	44131	trnK-UUU	74.3	+
Grimmia_montana	mito	ctg000001c	44061	44126	trnN-GUU	37.2	+
Grimmia_montana	mito	ctg000001c	45527	46106	cox1	507.7	-
Grimmia_montana	mito	ctg000001c	47836	48206	cox1	381.2	-
Grimmia_montana	mito	ctg000001c	50823	50952	cox1	108.0	-
Grimmia_montana	mito	ctg000001c	51313	51439	cox1	111.4	-
Grimmia_montana	mito	ctg000001c	53055	53600	cox1	584.2	-
Grimmia_montana	mito	ctg000001c	53541	54142	atp4	411.6	-
Grimmia_montana	mito	ctg000001c	54131	54658	atp8	265.7	-
Grimmia_montana	mito	ctg000001c	55068	55942	rps1	388.0	-
Grimmia_montana	mito	ctg000001c	56331	56429	trnC-GCA	60.2	+
Grimmia_montana	mito	ctg000001c	56332	56403	trnC-GCA	57.8	+
Grimmia_montana	mito	ctg000001c	56751	56855	trnF-GAA	83.0	-
Grimmia_montana	mito	ctg000001c	56760	56834	trnF-GAA	73.2	-
Grimmia_montana	mito	ctg000001c	56763	56836	trnC-GCA	31.1	-
Grimmia_montana	mito	ctg000001c	56783	57623	rps2	554.1	+
Grimmia_montana	mito	ctg000001c	57637	58259	ccmB	390.4	+
Grimmia_montana	mito	ctg000001c	58657	59545	ccmC	768.9	+
Grimmia_montana	mito	ctg000001c	59612	59999	ccmFn	179.7	+
Grimmia_montana	mito	ctg000001c	60264	61423	ccmFn	709.6	+
Grimmia_montana	mito	ctg000001c	61752	62362	ccmFc	352.8	+
Grimmia_montana	mito	ctg000001c	62507	62663	ccmFc	63.7	+
Grimmia_montana	mito	ctg000001c	63370	64018	ccmFc	403.4	+
Grimmia_montana	mito	ctg000001c	64042	64114	trnQ-UUG	73.7	-
Grimmia_montana	mito	ctg000001c	64042	64114	trnQ-UUG	67.5	-
Grimmia_montana	mito	ctg000001c	64045	64112	trnH-GUG	34.2	-
Grimmia_montana	mito	ctg000001c	65381	65466	trnL-UAG	75.0	-
Grimmia_montana	mito	ctg000001c	65381	65466	trnL-UAG	48.6	-
Grimmia_montana	mito	ctg000001c	66381	66500	trnS-GCU	32.0	-
Grimmia_montana	mito	ctg000001c	66402	66486	trnS-UGA	90.5	-
Grimmia_montana	mito	ctg000001c	66402	66486	trnS-UGA	71.7	-
Grimmia_montana	mito	ctg000001c	66598	66669	trnG-UCC	79.2	+
Grimmia_montana	mito	ctg000001c	66598	66669	trnG-UCC	64.3	+
Grimmia_montana	mito	ctg000001c	66618	67318	rps4	392.0	+
Grimmia_montana	mito	ctg000001c	67992	68826	mttB	694.6	-
Grimmia_montana	mito	ctg000001c	69168	69242	trnR-UCU	76.5	+
Grimmia_montana	mito	ctg000001c	69168	69242	trnR-UCG	61.5	+
Grimmia_montana	mito	ctg000001c	69168	69243	trnM-CAU	34.2	+
Grimmia_montana	mito	ctg000001c	69168	69242	trnT-GGU	30.8	+
Grimmia_montana	mito	ctg000001c	69168	69242	trnR-UCU	67.4	+
Grimmia_montana	mito	ctg000001c	69170	69241	trnK-UUU	42.0	+
Grimmia_montana	mito	ctg000001c	69171	69238	trnV-UAC	32.4	+
Grimmia_montana	mito	ctg000001c	69385	69468	trnY-GUA	90.4	+
Grimmia_montana	mito	ctg000001c	69385	69468	trnY-GUA	70.5	+
Grimmia_montana	mito	ctg000001c	71505	71826	nad4L	320.7	-
Grimmia_montana	mito	ctg000001c	72074	72358	sdh4	249.6	-
Grimmia_montana	mito	ctg000001c	72579	72927	sdh3	168.9	-
Grimmia_montana	mito	ctg000001c	73823	73974	sdh3	121.3	-
Grimmia_montana	mito	ctg000001c	73933	74040	trnP-UGG	86.6	-
Grimmia_montana	mito	ctg000001c	73948	74022	trnP-UGG	64.6	-
Grimmia_montana	mito	ctg000001c	73950	74025	trnQ-UUG	36.7	-
Grimmia_montana	mito	ctg000001c	73950	74019	trnR-UCG	30.4	-
Grimmia_montana	mito	ctg000001c	73952	74021	trnT-UGU	32.6	-
Grimmia_montana	mito	ctg000001c	74609	76397	rrn18	1861.0	+
Grimmia_montana	mito	ctg000001c	74654	75777	rrn18	5.2e-242	+
Grimmia_montana	mito	ctg000001c	74810	75707	rrn18	55.4	-
Grimmia_montana	mito	ctg000001c	75880	76401	rrn18	56.7	-
Grimmia_montana	mito	ctg000001c	75909	76368	rrn18	3.3e-91	+
Grimmia_montana	mito	ctg000001c	76871	76949	trnM-CAU	39.1	+
Grimmia_montana	mito	ctg000001c	76871	76944	trnM-CAU	56.6	+
Grimmia_montana	mito	ctg000001c	77815	77969	rrn5	126.6	+
Grimmia_montana	mito	ctg000001c	78200	78277	trnM-CAU	53.3	+
Grimmia_montana	mito	ctg000001c	78202	78275	trnfM-CAU	69.4	+
Grimmia_montana	mito	ctg000001c	78202	78275	trnM-CAU	57.1	+
Grimmia_montana	mito	ctg000001c	78205	78272	trnR-UCG	28.7	+
Grimmia_montana	mito	ctg000001c	78206	78275	trnI-CAU	31.4	+
Grimmia_montana	mito	ctg000001c	78773	80523	rrn26	1612.2	+
Grimmia_montana	mito	ctg000001c	78813	81200	rrn26	0.0	+
Grimmia_montana	mito	ctg000001c	79603	80469	rrn26	92.8	-
Grimmia_montana	mito	ctg000001c	80517	82250	rrn26	1567.2	+
Grimmia_montana	mito	ctg000001c	80561	81147	rrn26	93.9	-
Grimmia_montana	mito	ctg000001c	81623	82116	rrn26	70.0	-
Grimmia_montana	mito	ctg000001c	84184	84783	rpl10	385.6	+
Grimmia_montana	mito	ctg000001c	84937	85010	trnH-GUG	57.3	-
Grimmia_montana	mito	ctg000001c	84937	85010	trnH-GUG	65.8	-
Grimmia_montana	mito	ctg000001c	85032	85118	trnL-CAA	68.1	-
Grimmia_montana	mito	ctg000001c	85035	85115	trnL-UAA	53.5	-
Grimmia_montana	mito	ctg000001c	85035	85115	trnL-CAA	60.0	-
Grimmia_montana	mito	ctg000001c	85114	85209	trnL-CAA	66.4	-
Grimmia_montana	mito	ctg000001c	85116	85196	trnL-UAA	69.7	-
Grimmia_montana	mito	ctg000001c	85116	85196	trnL-UAA	66.4	-
Grimmia_montana	mito	ctg000001c	85117	85196	trnL-UAG	28.3	-
Grimmia_montana	mito	ctg000001c	86262	86543	nad5	199.7	+
Grimmia_montana	mito	ctg000001c	87346	87888	nad5	608.7	+
Grimmia_montana	mito	ctg000001c	88709	89501	nad5	827.3	+
Grimmia_montana	mito	ctg000001c	92032	92663	nad5	437.4	+
Grimmia_montana	mito	ctg000001c	93207	93709	nad4	397.3	+
Grimmia_montana	mito	ctg000001c	94473	95536	nad4	1178.9	+
Grimmia_montana	mito	ctg000001c	95478	95714	nad2	135.2	+
Grimmia_montana	mito	ctg000001c	96647	98004	nad2	1364.3	+
Grimmia_montana	mito	ctg000001c	98153	98225	trnG-GCC	86.7	-
Grimmia_montana	mito	ctg000001c	98153	98225	trnG-UCC	41.2	-
Grimmia_montana	mito	ctg000001c	98153	98225	trnG-GCC	65.0	-
Grimmia_montana	mito	ctg000001c	98154	98225	trnD-GUC	34.1	-
Grimmia_montana	mito	ctg000001c	98154	98223	trnV-UAC	31.9	-
Grimmia_montana	mito	ctg000001c	98155	98222	trnT-GGU	31.2	-
Grimmia_montana	mito	ctg000001c	98157	98223	trnI-GAU	27.5	-
Grimmia_montana	mito	ctg000001c	98392	98466	trnR-ACG	76.0	-
Grimmia_montana	mito	ctg000001c	98392	98465	trnR-UCG	44.5	-
Grimmia_montana	mito	ctg000001c	98392	98466	trnR-ACG	57.3	-
Grimmia_montana	mito	ctg000001c	98981	99054	trnE-UUC	76.2	+
Grimmia_montana	mito	ctg000001c	98981	99054	trnE-UUC	55.0	+
Grimmia_montana	mito	ctg000001c	99237	100058	rps12	547.9	+
Grimmia_montana	mito	ctg000001c	99736	100497	rps7	554.2	+
Grimmia_montana	mito	ctg000001c	101189	101914	atp6	775.6	-
Grimmia_montana	mito	ctg000001c	102506	102761	atp6	60.7	-
Grimmia_montana	mito	ctg000001c	103803	104457	nad6	642.6	+
Potamogeton_compressus	mito	ctg000001c	5036	5120	trnM-CAU	56.0	-
Potamogeton_compressus	mito	ctg000001c	5043	5117	trnfM-CAU	74.0	-
Potamogeton_compressus	mito	ctg000001c	5043	5117	trnM-CAU	59.7	-
Potamogeton_compressus	mito	ctg000001c	5233	8505	rrn26	3490.3	-
Potamogeton_compressus	mito	ctg000001c	5249	8510	rrn26	384.9	+
Potamogeton_compressus	mito	ctg000001c	5260	8449	rrn26	0.0	-
Potamogeton_compressus	mito	ctg000001c	18908	20476	atp1	1722.1	-
Potamogeton_compressus	mito	ctg000001c	19418	20444	atpA	1108.3	-
Potamogeton_compressus	mito	ctg000001c	21648	21791	rps7	63.4	-
Potamogeton_compressus	mito	ctg000001c	28194	28614	nad1	467.8	-
Potamogeton_compressus	mito	ctg000001c	29112	29733	ccmB	762.2	-
Potamogeton_compressus	mito	ctg000001c	29801	29853	atp9	26.6	-
Potamogeton_compressus	mito	ctg000001c	37911	38001	trnW-CCA	72.7	-
Potamogeton_compressus	mito	ctg000001c	37917	37991	trnR-UCG	49.5	-
Potamogeton_compressus	mito	ctg000001c	37917	37992	trnM-CAU	34.3	-
Potamogeton_compressus	mito	ctg000001c	37917	37991	trnR-UCU	29.6	-
Potamogeton_compressus	mito	ctg000001c	37917	37991	trnW-CCA	68.7	-
Potamogeton_compressus	mito	ctg000001c	38677	39169	nad4	466.2	+
Potamogeton_compressus	mito	ctg000001c	40113	40669	nad4	619.3	+
Potamogeton_compressus	mito	ctg000001c	43062	43510	nad4	461.8	+
Potamogeton_compressus	mito	ctg000001c	45066	45201	nad4	78.2	+
Potamogeton_compressus	mito	ctg000001c	45754	45828	trnH-GUG	73.9	+
Potamogeton_compressus	mito	ctg000001c	45754	45828	trnH-GUG	60.4	+
Potamogeton_compressus	mito	ctg000001c	46667	47585	ccmC	941.1	+
Potamogeton_compressus	mito	ctg000001c	51627	53681	rrn26	0.0	-
Potamogeton_compressus	mito	ctg000001c	51631	53782	rrn26	832.2	-
Potamogeton_compressus	mito	ctg000001c	57495	58150	ccmFc	690.5	-
Potamogeton_compressus	mito	ctg000001c	59052	59862	ccmFc	859.3	-
Potamogeton_compressus	mito	ctg000001c	59179	59304	matR	25.4	+
Potamogeton_compressus	mito	ctg000001c	60198	60485	rps1	257.5	-
Potamogeton_compressus	mito	ctg000001c	60469	60739	rps1	249.8	-
Potamogeton_compressus	mito	ctg000001c	60712	60861	cob	103.5	-
Potamogeton_compressus	mito	ctg000001c	63128	64950	ccmFn	2078.5	-
Potamogeton_compressus	mito	ctg000001c	72681	72765	trnM-CAU	56.0	-
Potamogeton_compressus	mito	ctg000001c	72688	72762	trnfM-CAU	74.0	-
Potamogeton_compressus	mito	ctg000001c	72688	72762	trnM-CAU	59.7	-
Potamogeton_compressus	mito	ctg000001c	72878	73965	rrn26	1365.6	-
Potamogeton_compressus	mito	ctg000001c	72894	73977	rrn26	171.4	+
Potamogeton_compressus	mito	ctg000001c	72906	73959	rrn26	3.2e-280	-
Potamogeton_compressus	mito	ctg000001c	73915	75522	rps3	1375.9	-
Potamogeton_compressus	mito	ctg000001c	73945	74163	rpl16	168.2	-
Potamogeton_compressus	mito	ctg000001c	76557	76772	rps19	119.7	-
Potamogeton_compressus	mito	ctg000001c	76625	76735	rps3	70.1	-
Potamogeton_compressus	mito	ctg000001c	77450	77884	nad2	409.8	-
Potamogeton_compressus	mito	ctg000001c	78537	78772	nad2	149.8	-
Potamogeton_compressus	mito	ctg000001c	79574	79864	rps7	177.5	-
Potamogeton_compressus	mito	ctg000001c	79820	80192	rpl10	353.6	-
Potamogeton_compressus	mito	ctg000001c	81248	81352	trnC-GCA	69.4	-
Potamogeton_compressus	mito	ctg000001c	81279	81350	trnC-GCA	50.4	-
Potamogeton_compressus	mito	ctg000001c	86028	86111	trnM-CAU	59.9	+
Potamogeton_compressus	mito	ctg000001c	86029	86103	trnI-CAU	77.1	+
Potamogeton_compressus	mito	ctg000001c	86029	86106	trnM-CAU	60.1	+
Potamogeton_compressus	mito	ctg000001c	86035	86097	trnfM-CAU	29.0	+
Potamogeton_compressus	mito	ctg000001c	87154	87225	trnQ-UUG	79.0	+
Potamogeton_compressus	mito	ctg000001c	87154	87226	trnQ-UUG	64.1	+
Potamogeton_compressus	mito	ctg000001c	87156	87223	trnH-GUG	33.4	+
Potamogeton_compressus	mito	ctg000001c	89555	89661	nad1	88.7	+
Potamogeton_compressus	mito	ctg000001c	90804	91030	nad1	244.8	+
Potamogeton_compressus	mito	ctg000001c	97371	97587	nad5	109.0	-
Potamogeton_compressus	mito	ctg000001c	98436	98854	nad5	362.5	-
Potamogeton_compressus	mito	ctg000001c	99617	99703	trnM-CAU	29.2	-
Potamogeton_compressus	mito	ctg000001c	99625	99699	trnD-GUC	72.7	-
Potamogeton_compressus	mito	ctg000001c	99625	99699	trnA-UGC	29.8	-
Potamogeton_compressus	mito	ctg000001c	99625	99699	trnK-UUU	29.4	-
Potamogeton_compressus	mito	ctg000001c	99625	99699	trnD-GUC	73.0	-
Potamogeton_compressus	mito	ctg000001c	99626	99699	trnI-GAU	34.7	-
Potamogeton_compressus	mito	ctg000001c	99628	99697	trnH-GUG	35.0	-
Potamogeton_compressus	mito	ctg000001c	101057	101129	trnE-UUC	75.2	+
Potamogeton_compressus	mito	ctg000001c	101057	101129	trnE-UUC	65.0	+
Potamogeton_compressus	mito	ctg000001c	101679	101836	nad7	146.7	+
Potamogeton_compressus	mito	ctg000001c	102796	102896	nad7	62.6	+
Potamogeton_compressus	mito	ctg000001c	103702	104261	nad7	606.5	+
Potamogeton_compressus	mito	ctg000001c	105187	105474	nad7	291.5	+
Potamogeton_compressus	mito	ctg000001c	106402	106685	nad7	323.5	+
Potamogeton_compressus	mito	ctg000001c	107353	107646	rpl2	58.5	+
Potamogeton_compressus	mito	ctg000001c	117688	118147	rpl10	453.6	+
Potamogeton_compressus	mito	ctg000001c	119055	119160	cox2	58.6	+
Potamogeton_compressus	mito	ctg000001c	121643	121933	nad1	304.9	+
Potamogeton_compressus	mito	ctg000001c	124216	124641	nad3	438.7	+
Potamogeton_compressus	mito	ctg000001c	124583	124770	rps12	143.8	+
Potamogeton_compressus	mito	ctg000001c	125881	126712	cox3	930.9	+
Potamogeton_compressus	mito	ctg000001c	126581	126782	sdh4	165.4	+
Potamogeton_compressus	mito	ctg000001c	127723	128271	atp8	497.5	+
Potamogeton_compressus	mito	ctg000001c	141127	141785	nad9	759.0	+
Potamogeton_compressus	mito	ctg000001c	142347	142430	trnY-GUA	90.2	+
Potamogeton_compressus	mito	ctg000001c	142347	142430	trnY-GUA	70.5	+
Potamogeton_compressus	mito	ctg000001c	142964	143151	nad2	159.4	+
Potamogeton_compressus	mito	ctg000001c	144644	145229	nad2	661.8	+
Potamogeton_compressus	mito	ctg000001c	146540	146772	nad2	178.8	+
Potamogeton_compressus	mito	ctg000001c	161646	162597	mttB	971.2	-
Potamogeton_compressus	mito	ctg000001c	162541	162614	ccmC	35.4	-
Potamogeton_compressus	mito	ctg000001c	162607	163351	nad6	746.6	-
Potamogeton_compressus	mito	ctg000001c	165028	166287	cob	1587.0	-
Potamogeton_compressus	mito	ctg000001c	171116	171878	cox2	853.6	+
Potamogeton_compressus	mito	ctg000001c	173042	173181	cox2	42.5	+
Potamogeton_compressus	mito	ctg000001c	173779	174058	nad5	213.2	+
Potamogeton_compressus	mito	ctg000001c	174859	176101	nad5	1483.2	+
Potamogeton_compressus	mito	ctg000001c	181566	181774	rps12	122.3	-
Potamogeton_compressus	mito	ctg000001c	182478	182843	atp9	298.3	+
Potamogeton_compressus	mito	ctg000001c	183088	184605	atp6	1033.3	+
Potamogeton_compressus	mito	ctg000001c	184733	184916	rps19	131.5	+
Potamogeton_compressus	mito	ctg000001c	192091	193750	cox1	1957.4	+
Potamogeton_compressus	mito	ctg000001c	193852	194167	sdh4	94.6	+
Potamogeton_compressus	mito	ctg000001c	199277	199938	atp4	669.5	-
Potamogeton_compressus	mito	ctg000001c	202156	202526	nad4L	372.4	-
Potamogeton_compressus	mito	ctg000001c	214715	214809	nad1	46.5	+
Potamogeton_compressus	mito	ctg000001c	216363	218411	matR	2235.8	+
Potamogeton_compressus	mito	ctg000001c	218530	219168	rps12	480.5	+
Potamogeton_compressus	mito	ctg000001c	229965	231903	rrn18	1984.3	+
Potamogeton_compressus	mito	ctg000001c	230014	231157	rrn18	3.6e-219	+
Potamogeton_compressus	mito	ctg000001c	230152	231846	rrn18	107.4	-
Potamogeton_compressus	mito	ctg000001c	231399	231843	rrn18	2.8e-91	+
Potamogeton_compressus	mito	ctg000001c	231879	232039	rrn5	123.8	+
Veronica_anagallis_aquatica	mito	ctg000001c	8394	9105	nad2	71.2	-
Veronica_anagallis_aquatica	mito	ctg000001c	9433	9895	rps7	191.8	-
Veronica_anagallis_aquatica	mito	ctg000001c	10518	10756	rps12	184.2	-
Veronica_anagallis_aquatica	mito	ctg000001c	12035	12107	trnV-GAC	89.6	+
Veronica_anagallis_aquatica	mito	ctg000001c	12035	12107	trnV-GAC	55.8	+
Veronica_anagallis_aquatica	mito	ctg000001c	12309	13011	rrn18	367.8	+
Veronica_anagallis_aquatica	mito	ctg000001c	12338	13012	rrn18	4.6e-157	+
Veronica_anagallis_aquatica	mito	ctg000001c	13441	16952	rrn26	618.0	-
Veronica_anagallis_aquatica	mito	ctg000001c	13493	16977	rrn26	3832.3	+
Veronica_anagallis_aquatica	mito	ctg000001c	14178	16950	rrn26	0.0	+
Veronica_anagallis_aquatica	mito	ctg000001c	16939	17041	rpl16	31.1	+
Veronica_anagallis_aquatica	mito	ctg000001c	16992	17091	rps13	57.5	+
Veronica_anagallis_aquatica	mito	ctg000001c	27328	27620	nad1	298.5	+
Veronica_anagallis_aquatica	mito	ctg000001c	27784	27862	trnM-CAU	60.2	+
Veronica_anagallis_aquatica	mito	ctg000001c	27787	27861	trnfM-CAU	82.7	+
Veronica_anagallis_aquatica	mito	ctg000001c	27787	27861	trnM-CAU	62.5	+
Veronica_anagallis_aquatica	mito	ctg000001c	27793	27857	trnI-CAU	31.0	+
Veronica_anagallis_aquatica	mito	ctg000001c	34268	34551	nad7	329.4	-
Veronica_anagallis_aquatica	mito	ctg000001c	36274	37086	nad7	952.3	-
Veronica_anagallis_aquatica	mito	ctg000001c	38333	38433	nad7	59.8	-
Veronica_anagallis_aquatica	mito	ctg000001c	39272	39451	nad7	169.0	-
Veronica_anagallis_aquatica	mito	ctg000001c	43074	43818	nad6	846.4	-
Veronica_anagallis_aquatica	mito	ctg000001c	51525	51667	nad6	37.9	-
Veronica_anagallis_aquatica	mito	ctg000001c	52737	52900	rrn5	145.5	-
Veronica_anagallis_aquatica	mito	ctg000001c	52937	53039	trnF-GAA	64.3	-
Veronica_anagallis_aquatica	mito	ctg000001c	52946	53015	trnF-GAA	28.4	-
Veronica_anagallis_aquatica	mito	ctg000001c	53019	55011	rrn18	2182.8	-
Veronica_anagallis_aquatica	mito	ctg000001c	53051	54897	rrn18	181.9	+
Veronica_anagallis_aquatica	mito	ctg000001c	53073	53518	rrn18	3e-90	-
Veronica_anagallis_aquatica	mito	ctg000001c	53825	54936	rrn18	1.7e-227	-
Veronica_anagallis_aquatica	mito	ctg000001c	56116	56221	trnC-GCA	54.8	-
Veronica_anagallis_aquatica	mito	ctg000001c	56147	56220	trnC-GCA	52.9	-
Veronica_anagallis_aquatica	mito	ctg000001c	61915	63006	atp6	1106.9	-
Veronica_anagallis_aquatica	mito	ctg000001c	69753	70989	cob	1598.5	-
Veronica_anagallis_aquatica	mito	ctg000001c	71748	72218	rps14	420.5	-
Veronica_anagallis_aquatica	mito	ctg000001c	72078	72730	rpl5	598.1	-
Veronica_anagallis_aquatica	mito	ctg000001c	73672	75311	atp1	1942.4	-
Veronica_anagallis_aquatica	mito	ctg000001c	74155	75185	atpA	1233.9	-
Veronica_anagallis_aquatica	mito	ctg000001c	81212	81646	nad2	426.6	-
Veronica_anagallis_aquatica	mito	ctg000001c	82564	82797	nad2	149.4	-
Veronica_anagallis_aquatica	mito	ctg000001c	82870	83289	sdh3	323.2	-
Veronica_anagallis_aquatica	mito	ctg000001c	91252	91917	nad9	778.4	+
Veronica_anagallis_aquatica	mito	ctg000001c	92483	92566	trnW-CCA	71.2	+
Veronica_anagallis_aquatica	mito	ctg000001c	92486	92560	trnM-CAU	34.2	+
Veronica_anagallis_aquatica	mito	ctg000001c	92487	92561	trnR-UCG	49.5	+
Veronica_anagallis_aquatica	mito	ctg000001c	92487	92561	trnR-UCU	30.7	+
Veronica_anagallis_aquatica	mito	ctg000001c	92487	92561	trnW-CCA	66.4	+
Veronica_anagallis_aquatica	mito	ctg000001c	97513	99595	matR	2606.7	-
Veronica_anagallis_aquatica	mito	ctg000001c	100144	100238	nad1	49.0	-
Veronica_anagallis_aquatica	mito	ctg000001c	100688	101691	mttB	1099.4	-
Veronica_anagallis_aquatica	mito	ctg000001c	101648	101714	atp6	52.9	-
Veronica_anagallis_aquatica	mito	ctg000001c	102517	103155	ccmFc	773.6	-
Veronica_anagallis_aquatica	mito	ctg000001c	104056	104873	ccmFc	983.1	-
Veronica_anagallis_aquatica	mito	ctg000001c	111577	111655	trnM-CAU	43.3	+
Veronica_anagallis_aquatica	mito	ctg000001c	111577	111650	trnT-GGU	41.3	+
Veronica_anagallis_aquatica	mito	ctg000001c	111577	111650	trnT-UGU	32.8	+
Veronica_anagallis_aquatica	mito	ctg000001c	111577	111650	trnM-CAU	64.6	+
Veronica_anagallis_aquatica	mito	ctg000001c	112665	113165	ccmFn	570.9	+
Veronica_anagallis_aquatica	mito	ctg000001c	113161	114447	ccmFn	1619.2	+
Veronica_anagallis_aquatica	mito	ctg000001c	116346	116468	trnS-GCU	46.2	-
Veronica_anagallis_aquatica	mito	ctg000001c	116366	116459	trnS-UGA	51.9	-
Veronica_anagallis_aquatica	mito	ctg000001c	116366	116459	trnS-UGA	78.4	-
Veronica_anagallis_aquatica	mito	ctg000001c	117065	117697	rpl16	688.5	-
Veronica_anagallis_aquatica	mito	ctg000001c	117441	119150	rps3	1598.0	-
Veronica_anagallis_aquatica	mito	ctg000001c	120380	120594	rps19	150.8	-
Veronica_anagallis_aquatica	mito	ctg000001c	120401	120541	rps3	68.0	-
Veronica_anagallis_aquatica	mito	ctg000001c	120991	122168	rps4	919.7	-
Veronica_anagallis_aquatica	mito	ctg000001c	122456	123527	rpl2	826.9	+
Veronica_anagallis_aquatica	mito	ctg000001c	126209	126319	trnS-GCU	32.8	+
Veronica_anagallis_aquatica	mito	ctg000001c	126217	126304	trnS-UGA	98.2	+
Veronica_anagallis_aquatica	mito	ctg000001c	126217	126304	trnS-UGA	72.0	+
Veronica_anagallis_aquatica	mito	ctg000001c	144357	145068	nad2	71.2	-
Veronica_anagallis_aquatica	mito	ctg000001c	145396	145858	rps7	191.8	-
Veronica_anagallis_aquatica	mito	ctg000001c	146481	146719	rps12	184.2	-
Veronica_anagallis_aquatica	mito	ctg000001c	147998	148070	trnV-GAC	89.6	+
Veronica_anagallis_aquatica	mito	ctg000001c	147998	148070	trnV-GAC	55.8	+
Veronica_anagallis_aquatica	mito	ctg000001c	148272	148974	rrn18	367.8	+
Veronica_anagallis_aquatica	mito	ctg000001c	148301	148975	rrn18	4.6e-157	+
Veronica_anagallis_aquatica	mito	ctg000001c	149404	152915	rrn26	618.0	-
Veronica_anagallis_aquatica	mito	ctg000001c	149456	152940	rrn26	3832.3	+
Veronica_anagallis_aquatica	mito	ctg000001c	150141	152913	rrn26	0.0	+
Veronica_anagallis_aquatica	mito	ctg000001c	152902	153004	rpl16	31.1	+
Veronica_anagallis_aquatica	mito	ctg000001c	152955	153054	rps13	57.5	+
Veronica_anagallis_aquatica	mito	ctg000001c	171169	172062	ccmC	1027.1	+
Veronica_anagallis_aquatica	mito	ctg000001c	173694	173810	rpl16	58.2	+
Veronica_anagallis_aquatica	mito	ctg000001c	173694	173801	rps3	46.0	+
Veronica_anagallis_aquatica	mito	ctg000001c	176340	177031	atp4	743.5	-
Veronica_anagallis_aquatica	mito	ctg000001c	177107	177473	nad4L	381.5	-
Veronica_anagallis_aquatica	mito	ctg000001c	190861	191623	cox2	875.2	+
Veronica_anagallis_aquatica	mito	ctg000001c	194411	194549	cox2	49.0	+
Veronica_anagallis_aquatica	mito	ctg000001c	206644	206920	nad5	218.7	+
Veronica_anagallis_aquatica	mito	ctg000001c	207739	208987	nad5	1535.6	+
Veronica_anagallis_aquatica	mito	ctg000001c	213284	213382	trnC-GCA	66.4	+
Veronica_anagallis_aquatica	mito	ctg000001c	213286	213357	trnC-GCA	50.4	+
Veronica_anagallis_aquatica	mito	ctg000001c	214548	214625	trnN-GUU	82.0	+
Veronica_anagallis_aquatica	mito	ctg000001c	214550	214620	trnT-GGU	41.2	+
Veronica_anagallis_aquatica	mito	ctg000001c	214550	214622	trnR-UCU	35.7	+
Veronica_anagallis_aquatica	mito	ctg000001c	214550	214622	trnN-GUU	71.5	+
Veronica_anagallis_aquatica	mito	ctg000001c	214552	214619	trnI-GAU	30.2	+
Veronica_anagallis_aquatica	mito	ctg000001c	214553	214620	trnK-UUU	46.8	+
Veronica_anagallis_aquatica	mito	ctg000001c	215321	215404	trnY-GUA	88.2	+
Veronica_anagallis_aquatica	mito	ctg000001c	215321	215404	trnY-GUA	67.8	+
Veronica_anagallis_aquatica	mito	ctg000001c	215904	216084	nad2	169.1	+
Veronica_anagallis_aquatica	mito	ctg000001c	217495	218088	nad2	679.8	+
Veronica_anagallis_aquatica	mito	ctg000001c	219501	219776	nad2	198.8	+
Veronica_anagallis_aquatica	mito	ctg000001c	242114	242891	cox1	935.9	+
Veronica_anagallis_aquatica	mito	ctg000001c	243827	244720	cox1	1032.5	+
Veronica_anagallis_aquatica	mito	ctg000001c	245235	245702	nad1	479.8	+
Veronica_anagallis_aquatica	mito	ctg000001c	254001	254116	trnP-UGG	82.6	-
Veronica_anagallis_aquatica	mito	ctg000001c	254025	254100	trnP-UGG	62.8	-
Veronica_anagallis_aquatica	mito	ctg000001c	254027	254100	trnQ-UUG	34.7	-
Veronica_anagallis_aquatica	mito	ctg000001c	254347	254455	trnF-GAA	84.3	-
Veronica_anagallis_aquatica	mito	ctg000001c	254349	254436	trnC-GCA	35.0	-
Veronica_anagallis_aquatica	mito	ctg000001c	254356	254430	trnF-GAA	62.1	-
Veronica_anagallis_aquatica	mito	ctg000001c	254768	254896	trnS-GCU	105.9	-
Veronica_anagallis_aquatica	mito	ctg000001c	254785	254873	trnS-GCU	64.0	-
Veronica_anagallis_aquatica	mito	ctg000001c	256936	257008	trnE-UUC	78.6	-
Veronica_anagallis_aquatica	mito	ctg000001c	256936	257008	trnE-UUC	60.8	-
Veronica_anagallis_aquatica	mito	ctg000001c	258772	258846	trnH-GUG	73.3	+
Veronica_anagallis_aquatica	mito	ctg000001c	258772	258846	trnH-GUG	58.5	+
Veronica_anagallis_aquatica	mito	ctg000001c	260837	261062	atp1	30.4	-
Veronica_anagallis_aquatica	mito	ctg000001c	268326	268416	trnW-CCA	38.4	-
Veronica_anagallis_aquatica	mito	ctg000001c	268327	268412	trnM-CAU	38.1	-
Veronica_anagallis_aquatica	mito	ctg000001c	268334	268407	trnK-UUU	83.1	-
Veronica_anagallis_aquatica	mito	ctg000001c	268334	268407	trnR-UCU	48.1	-
Veronica_anagallis_aquatica	mito	ctg000001c	268334	268407	trnV-UAC	47.9	-
Veronica_anagallis_aquatica	mito	ctg000001c	268334	268407	trnQ-UUG	35.5	-
Veronica_anagallis_aquatica	mito	ctg000001c	268334	268407	trnI-GAU	29.8	-
Veronica_anagallis_aquatica	mito	ctg000001c	268334	268407	trnK-UUU	75.0	-
Veronica_anagallis_aquatica	mito	ctg000001c	268335	268407	trnT-UGU	32.9	-
Veronica_anagallis_aquatica	mito	ctg000001c	268338	268405	trnT-GGU	30.0	-
Veronica_anagallis_aquatica	mito	ctg000001c	268339	268404	trnN-GUU	43.3	-
Veronica_anagallis_aquatica	mito	ctg000001c	268340	268407	trnR-UCG	40.6	-
Veronica_anagallis_aquatica	mito	ctg000001c	270629	271250	ccmB	774.7	+
Veronica_anagallis_aquatica	mito	ctg000001c	271518	272061	rpl10	570.4	-
Veronica_anagallis_aquatica	mito	ctg000001c	273911	274050	atp6	27.1	+
Veronica_anagallis_aquatica	mito	ctg000001c	277092	277671	atp8	571.6	+
Veronica_anagallis_aquatica	mito	ctg000001c	278243	279074	cox3	952.7	+
Veronica_anagallis_aquatica	mito	ctg000001c	278944	279539	sdh4	616.5	+
Veronica_anagallis_aquatica	mito	ctg000001c	284162	284217	nad1	31.3	-
Veronica_anagallis_aquatica	mito	ctg000001c	285403	285753	nad1	367.8	-
Veronica_anagallis_aquatica	mito	ctg000001c	286597	287004	rps13	434.0	-
Veronica_anagallis_aquatica	mito	ctg000001c	295475	295893	nad5	384.6	+
Veronica_anagallis_aquatica	mito	ctg000001c	296846	297061	nad5	120.5	+
Veronica_anagallis_aquatica	mito	ctg000001c	307104	307187	trnM-CAU	60.1	-
Veronica_anagallis_aquatica	mito	ctg000001c	307112	307186	trnI-CAU	77.1	-
Veronica_anagallis_aquatica	mito	ctg000001c	307112	307186	trnM-CAU	60.1	-
Veronica_anagallis_aquatica	mito	ctg000001c	315957	316090	nad4	79.2	-
Veronica_anagallis_aquatica	mito	ctg000001c	318817	319264	nad4	483.8	-
Veronica_anagallis_aquatica	mito	ctg000001c	321802	322358	nad4	640.6	-
Veronica_anagallis_aquatica	mito	ctg000001c	323341	323821	nad4	458.6	-
Veronica_anagallis_aquatica	mito	ctg000001c	326268	326342	trnD-GUC	70.4	+
Veronica_anagallis_aquatica	mito	ctg000001c	326268	326341	trnI-GAU	29.3	+
Veronica_anagallis_aquatica	mito	ctg000001c	326268	326342	trnD-GUC	67.9	+
Veronica_anagallis_aquatica	mito	ctg000001c	326929	327038	trnS-GCU	41.3	+
Veronica_anagallis_aquatica	mito	ctg000001c	326939	327026	trnS-GGA	99.9	+
Veronica_anagallis_aquatica	mito	ctg000001c	326939	327026	trnS-GGA	73.3	+
Veronica_anagallis_aquatica	mito	ctg000001c	329569	329641	trnG-GCC	90.8	+
Veronica_anagallis_aquatica	mito	ctg000001c	329569	329641	trnG-UCC	38.0	+
Veronica_anagallis_aquatica	mito	ctg000001c	329569	329640	trnD-GUC	33.6	+
Veronica_anagallis_aquatica	mito	ctg000001c	329569	329641	trnG-GCC	63.4	+
Veronica_anagallis_aquatica	mito	ctg000001c	329571	329638	trnV-UAC	32.3	+
Veronica_anagallis_aquatica	mito	ctg000001c	329571	329636	trnI-GAU	29.0	+
Veronica_anagallis_aquatica	mito	ctg000001c	329572	329640	trnT-GGU	32.7	+
Veronica_anagallis_aquatica	mito	ctg000001c	332681	332753	trnQ-UUG	80.3	+
Veronica_anagallis_aquatica	mito	ctg000001c	332681	332753	trnQ-UUG	64.9	+
Veronica_anagallis_aquatica	mito	ctg000001c	332683	332750	trnH-GUG	33.4	+
Veronica_anagallis_aquatica	mito	ctg000001c	347842	348181	atp9	342.5	+
Veronica_anagallis_aquatica	mito	ctg000001c	356973	357397	nad3	443.7	+
Veronica_anagallis_aquatica	mito	ctg000001c	357351	357808	rps12	529.8	+
