species	organelle	gene	slot	genomic_pos	profile_column	resulting_aa
Sanguisorba_minor	mito	nad5	2	207612	509	F
Sanguisorba_minor	mito	nad5	4	184078	32	C
Rubus_idaeus	mito	nad1	4	45826	11	V
Grimmia_funalis	mito	rps3	1	51037	9	V
Glaux_maritima	mito	rps3	2	218548	383	F
Prunus_spinosa	mito	nad1	4	4546	11	V
Cardamine_pratensis	mito	rps3	2	34591	27	W
Cardamine_pratensis	mito	rps3	2	34685	61	M
Cardamine_pratensis	mito	rps3	2	34735	74	W
Cardamine_pratensis	mito	rps3	2	35776	411	C
Cardamine_pratensis	mito	rps3	2	35902	455	W
Cardamine_pratensis	mito	rps3	2	35917	460	C
Potamogeton_lucens	mito	nad5	2	185772	65	V
Potamogeton_lucens	mito	nad5	2	186056	235	Y
Potamogeton_lucens	mito	nad5	2	186222	287	L
Potamogeton_lucens	mito	nad5	2	186629	420	F
Potamogeton_lucens	mito	nad5	4	40158	56	L
Potamogeton_lucens	mito	nad5	5	38935	39	C
Carex_capillaris	mito	nad2	3	459869	4	L
Glyceria_declinata	mito	rps3	2	72660	489	W
Damasonium_alisma	mito	nad5	2	51344	452	L
Damasonium_alisma	mito	nad5	2	51704	275	F
Damasonium_alisma	mito	nad5	4	9438	56	L
Crepis_paludosa	mito	nad1	1	60782	127	W
Crepis_paludosa	mito	nad1	4	94206	8	V
Crepis_paludosa	mito	nad1	4	94233	17	V
Reseda_luteola	mito	rps3	2	474764	460	C
Reseda_luteola	mito	rps3	2	474779	455	W
Reseda_luteola	mito	rps3	2	474808	445	M
Reseda_luteola	mito	rps3	2	474917	411	C
Reseda_luteola	mito	rps3	2	475973	74	W
Reseda_luteola	mito	rps3	2	476074	63	M
Reseda_luteola	mito	rps3	2	476083	60	M
Reseda_luteola	mito	rps3	2	476086	59	M
Reseda_luteola	mito	rps3	2	476098	55	M
Frangula_alnus	mito	rps3	2	206292	460	C
Frangula_alnus	mito	rps3	2	206991	239	Y
Potentilla_crantzii	mito	nad1	4	366747	11	V
Matricaria_chamomilla	mito	rps3	2	79834	98	W
Matricaria_chamomilla	mito	rps3	2	80086	180	F
Matricaria_chamomilla	mito	rps3	2	80494	314	W
Matricaria_chamomilla	mito	rps3	2	80549	329	M
Matricaria_chamomilla	mito	rps3	2	80872	431	F
Matricaria_chamomilla	mito	rps3	2	81119	507	M
Solanum_dulcamara	mito	nad5	2	220528	132	F
Solanum_dulcamara	mito	nad5	2	220759	55	F
Solanum_dulcamara	mito	nad5	4	272901	32	C
Nymphoides_peltata	mito	nad1	4	324197	10	V
Nymphoides_peltata	mito	nad1	4	324218	17	L
Malus_domestica	mito	nad5	2	327054	452	L
Malus_domestica	mito	nad5	2	327579	214	M
Malus_domestica	mito	nad5	2	327591	210	F
Malus_domestica	mito	nad5	2	327825	132	F
Malus_domestica	mito	nad5	2	328056	55	F
Malus_domestica	mito	nad5	2	328096	42	F
Malus_domestica	mito	nad5	2	328182	13	F
Malus_domestica	mito	nad5	4	297319	32	C
Lysimachia_nemorum	mito	rps3	2	154354	383	F
Lysimachia_nemorum	mito	rps3	2	154552	320	F
Stereodon_callichrous	mito	rps3	1	90122	9	V
Myrrhis_odorata	mito	nad2	3	216952	32	F
Potentilla_reptans	mito	nad1	4	33438	11	V
Potentilla_crantzii	mito	nad5	2	137219	13	F
Potentilla_crantzii	mito	nad5	2	137345	55	F
Potentilla_crantzii	mito	nad5	2	137576	132	F
Potentilla_crantzii	mito	nad5	2	137810	210	F
Potentilla_crantzii	mito	nad5	2	137822	214	M
Potentilla_crantzii	mito	nad5	2	138347	452	L
Potentilla_crantzii	mito	nad5	4	60323	32	C
Sparganium_angustifolium	mito	nad2	3	33941	48	C
Rubus_idaeus	mito	nad5	2	54118	452	L
Rubus_idaeus	mito	nad5	2	54643	214	M
Rubus_idaeus	mito	nad5	2	54655	210	F
Rubus_idaeus	mito	nad5	2	54889	132	F
Rubus_idaeus	mito	nad5	2	55120	55	F
Rubus_idaeus	mito	nad5	2	55160	42	F
Rubus_idaeus	mito	nad5	2	55246	13	F
Rubus_idaeus	mito	nad5	4	291707	32	C
Potamogeton_praelongus	mito	nad1	4	267950	8	V
Herbertus_borealis	mito	nad1	4	47491	14	V
Hieracium_richianum	mito	rps3	2	378254	431	F
Hieracium_richianum	mito	rps3	2	378577	329	M
Hieracium_richianum	mito	rps3	2	378626	314	W
Hieracium_richianum	mito	rps3	2	379025	180	F
Arum_italicum	mito	nad1	1	638905	127	W
Arum_italicum	mito	nad1	4	241080	10	V
Arum_italicum	mito	nad1	4	241101	17	L
Hippocrepis_comosa	mito	nad2	2	278465	20	W
Polygonum_maritimum	mito	nad5	2	194764	13	F
Polygonum_maritimum	mito	nad5	2	194850	42	F
Polygonum_maritimum	mito	nad5	2	194890	55	F
Polygonum_maritimum	mito	nad5	2	195121	132	F
Polygonum_maritimum	mito	nad5	2	195367	214	M
Antitrichia_curtipendula	mito	rps3	1	70118	9	V
Myriophyllum_alterniflorum	mito	nad2	4	132546	170	L
Adiantum_capillus_veneris	mito	nad1	4	276225	8	V
Adiantum_capillus_veneris	mito	nad1	4	276237	4	V
Codriophorus_aciculare	mito	rps3	1	102709	9	V
Cotoneaster_horizontalis	mito	nad5	2	266363	13	F
Cotoneaster_horizontalis	mito	nad5	2	266449	42	F
Cotoneaster_horizontalis	mito	nad5	2	266489	55	F
Cotoneaster_horizontalis	mito	nad5	2	266720	132	F
Cotoneaster_horizontalis	mito	nad5	2	266954	210	F
Cotoneaster_horizontalis	mito	nad5	2	266966	214	M
Cotoneaster_horizontalis	mito	nad5	2	267491	452	L
Cotoneaster_horizontalis	mito	nad5	4	406151	32	C
Viola_stagnina	mito	nad1	4	450797	8	V
Viola_stagnina	mito	nad1	4	450824	17	V
Salix_aurita	mito	nad1	4	86100	8	V
Mercurialis_annua	mito	rps3	2	378890	74	W
Mercurialis_annua	mito	rps3	2	380162	460	C
Codriophorus_aciculare	mito	nad1	4	97797	4	V
Hottonia_palustris	mito	nad5	2	306675	148	F
Hottonia_palustris	mito	nad5	2	306722	132	F
Hottonia_palustris	mito	nad5	2	306953	55	F
Hottonia_palustris	mito	nad5	4	203415	32	C
Fumaria_purpurea	mito	nad1	1	463391	127	W
Fumaria_purpurea	mito	nad1	2	21810	17	F
Fumaria_purpurea	mito	nad1	4	357397	12	V
Fumaria_purpurea	mito	nad1	4	357406	9	V
Astragalus_danicus	mito	rps3	1	167704	5	C
Astragalus_danicus	mito	rps3	1	167713	8	C
Astragalus_danicus	mito	rps3	1	167722	11	C
Astragalus_danicus	mito	rps3	1	167729	13	L
Astragalus_danicus	mito	rps3	2	1415	179	F
Astragalus_danicus	mito	rps3	2	2291	460	C
Potentilla_crantzii	mito	rps3	2	197006	487	Y
Potentilla_crantzii	mito	rps3	2	197099	460	C
Ptilium_crista_castrensis	mito	nad1	4	100341	1	V
Ptilium_crista_castrensis	mito	nad1	4	100359	7	F
Senecio_sylvaticus	mito	nad5	2	114065	13	F
Senecio_sylvaticus	mito	nad5	2	114191	55	F
Senecio_sylvaticus	mito	nad5	2	114422	132	F
Senecio_sylvaticus	mito	nad5	2	114469	148	F
Senecio_sylvaticus	mito	nad5	2	114482	152	V
Senecio_sylvaticus	mito	nad5	4	251057	32	C
Tortella_tortuosa	mito	rps3	1	54310	9	V
Rosa_canina	mito	nad1	2	213765	36	F
Rosa_canina	mito	nad1	4	128042	8	V
Ajuga_chamaepitys	mito	nad1	2	238946	17	F
Pinguicula_vulgaris	mito	nad1	2	353170	17	F
Empetrum_nigrum	mito	nad2	3	375401	4	L
Anthyllis_vulneraria	mito	nad1	4	6664	11	V
Lathyrus_linifolius	mito	nad1	4	221504	11	V
Lathyrus_linifolius	mito	nad1	5	222566	43	C
Calliergonella_cuspidata	mito	nad1	4	44574	1	V
Calliergonella_cuspidata	mito	nad1	4	44592	7	F
Stuckenia_pectinata	mito	nad1	4	228551	8	V
Cirsium_acaule	mito	rps3	2	9414	431	F
Cirsium_acaule	mito	rps3	2	9737	329	M
Cirsium_acaule	mito	rps3	2	9792	314	W
Cirsium_acaule	mito	rps3	2	9993	245	C
Cirsium_acaule	mito	rps3	2	10200	180	F
Sarmentypnum_exannulatum	mito	nad1	4	10274	1	V
Sarmentypnum_exannulatum	mito	nad1	4	10292	7	F
Entodon_concinnus	mito	nad1	4	66164	7	F
Entodon_concinnus	mito	nad1	4	66182	1	V
Polytrichum_strictum	mito	nad1	2	113953	38	*
Meum_athamanticum	mito	nad1	4	390665	17	L
Meum_athamanticum	mito	nad1	4	390686	10	V
Eurhynchium_striatum	mito	nad1	4	27479	7	F
Eurhynchium_striatum	mito	nad1	4	27497	1	V
Solidago_virgaurea	mito	rps3	2	257465	180	F
Solidago_virgaurea	mito	rps3	2	257864	314	W
Solidago_virgaurea	mito	rps3	2	258275	431	F
Lotus_pedunculatus	mito	nad1	4	149612	11	V
Euphrasia_tetraquetra	mito	rps3	2	46903	68	M
Grimmia_pulvinata	mito	rps3	1	57329	9	V
Knautia_arvensis	mito	nad5	2	62182	13	F
Knautia_arvensis	mito	nad5	2	62308	55	F
Knautia_arvensis	mito	nad5	2	62539	132	F
Knautia_arvensis	mito	nad5	2	62586	148	F
Knautia_arvensis	mito	nad5	2	62599	152	V
Knautia_arvensis	mito	nad5	4	144802	32	C
Thalictrum_flavum	mito	nad1	4	319482	15	V
Veronica_filiformis	mito	nad5	2	105606	42	F
Veronica_filiformis	mito	nad5	2	105645	55	F
Veronica_filiformis	mito	nad5	2	105876	132	F
Veronica_filiformis	mito	nad5	2	105923	148	F
Veronica_filiformis	mito	nad5	4	79113	32	C
Veronica_filiformis	mito	nad5	5	80528	39	C
Oenanthe_lachenalii	mito	nad5	2	88744	148	F
Oenanthe_lachenalii	mito	nad5	2	88791	132	F
Oenanthe_lachenalii	mito	nad5	2	89022	55	F
Oenanthe_lachenalii	mito	nad5	2	89148	13	F
Oenanthe_lachenalii	mito	nad5	4	119639	32	C
Verbascum_thapsus	mito	rps3	2	37490	179	F
Spiraea_salicifolia	mito	nad2	3	153687	0	L
Spiraea_salicifolia	mito	nad2	3	153699	4	L
Symphytum_tuberosum	mito	nad1	4	49627	16	V
Betula_pubescens	mito	nad1	4	141708	11	V
Salix_cinerea	mito	nad5	2	399653	148	F
Salix_cinerea	mito	nad5	2	399700	132	F
Salix_cinerea	mito	nad5	2	399931	55	F
Salix_cinerea	mito	nad5	2	399971	42	F
Populus_nigra	mito	nad5	2	66416	148	F
Populus_nigra	mito	nad5	2	66463	132	F
Populus_nigra	mito	nad5	2	66694	55	F
Populus_nigra	mito	nad5	2	66734	42	F
Trifolium_repens	mito	nad5	2	329341	214	M
Trifolium_repens	mito	nad5	2	329353	210	F
Trifolium_repens	mito	nad5	2	329540	148	F
Trifolium_repens	mito	nad5	2	329587	132	F
Trifolium_repens	mito	nad5	2	329818	55	F
Trifolium_repens	mito	nad5	2	329858	42	F
Trifolium_repens	mito	nad5	2	329944	13	F
Melilotus_altissimus	mito	nad5	2	140438	214	M
Melilotus_altissimus	mito	nad5	2	140450	210	F
Melilotus_altissimus	mito	nad5	2	140637	148	F
Melilotus_altissimus	mito	nad5	2	140684	132	F
Melilotus_altissimus	mito	nad5	2	140915	55	F
Melilotus_altissimus	mito	nad5	2	140955	42	F
Melilotus_altissimus	mito	nad5	2	141041	13	F
Potamogeton_berchtoldii	mito	nad2	3	53935	37	F
Potamogeton_berchtoldii	mito	nad2	4	78792	131	L
Trifolium_medium	mito	nad2	2	66691	20	W
Prunus_padus	mito	nad5	2	221043	13	F
Prunus_padus	mito	nad5	2	221129	42	F
Prunus_padus	mito	nad5	2	221169	55	F
Prunus_padus	mito	nad5	2	221400	132	F
Prunus_padus	mito	nad5	2	221634	210	F
Prunus_padus	mito	nad5	2	221646	214	M
Prunus_padus	mito	nad5	2	222171	452	L
Prunus_padus	mito	nad5	4	215379	32	C
Epilobium_anagallidifolium	mito	nad1	1	179326	127	W
Epilobium_anagallidifolium	mito	nad1	4	415228	16	V
Acer_campestre	mito	nad5	2	49705	13	F
Acer_campestre	mito	nad5	2	49791	42	F
Acer_campestre	mito	nad5	2	49831	55	F
Acer_campestre	mito	nad5	2	50062	132	F
Acer_campestre	mito	nad5	2	50109	148	F
Acer_campestre	mito	nad5	2	50296	210	F
Acer_campestre	mito	nad5	2	50308	214	M
Acer_campestre	mito	nad5	4	126320	32	C
Alchemilla_micans	mito	nad1	4	107236	8	V
Oenanthe_lachenalii	mito	nad1	4	91530	17	L
Oenanthe_lachenalii	mito	nad1	4	91551	10	V
Potentilla_anglica	mito	rps3	1	205075	11	C
Potentilla_anglica	mito	rps3	2	208258	460	C
Potentilla_anglica	mito	rps3	2	208351	487	Y
Fagus_sylvatica	mito	nad5	2	137098	11	V
Spiraea_salicifolia	mito	nad5	2	8142	6	V
Spiraea_salicifolia	mito	nad5	4	62348	32	C
Ceratophyllum_demersum	mito	nad2	4	197556	81	L
Ceratophyllum_demersum	mito	nad2	4	197715	127	L
Herbertus_stramineus	mito	nad2	3	70775	51	F
Ludwigia_grandiflora	mito	nad1	1	155135	127	W
Ludwigia_grandiflora	mito	nad1	4	7161	8	V
Sambucus_nigra	mito	nad5	2	114968	13	F
Sambucus_nigra	mito	nad5	2	115094	55	F
Sambucus_nigra	mito	nad5	2	115325	132	F
Sambucus_nigra	mito	nad5	2	115372	148	F
Sambucus_nigra	mito	nad5	2	115385	152	V
Sambucus_nigra	mito	nad5	4	499277	32	C
Pseudofumaria_lutea	mito	nad5	2	476013	287	L
Pseudofumaria_lutea	mito	nad5	2	476265	169	V
Avenella_flexuosa	mito	nad1	4	572789	15	V
Limosella_aquatica	mito	rps3	2	91699	179	F
Betula_pubescens	mito	nad5	2	427492	11	V
Betula_pubescens	mito	nad5	2	428685	531	C
Lathyrus_sylvestris	mito	nad5	2	259555	13	F
Lathyrus_sylvestris	mito	nad5	2	259641	42	F
Lathyrus_sylvestris	mito	nad5	2	259681	55	F
Lathyrus_sylvestris	mito	nad5	2	259912	132	F
Lathyrus_sylvestris	mito	nad5	2	259959	148	F
Lathyrus_sylvestris	mito	nad5	2	260146	210	F
Lathyrus_sylvestris	mito	nad5	2	260158	214	M
Lysimachia_thyrsiflora	mito	rps3	2	73595	383	F
Struthiopteris_spicant	mito	nad1	4	183175	7	V
Sarmentypnum_exannulatum	mito	rps3	1	7155	9	V
Equisetum_arvense	mito	rps3	1	129481	0	C
Bidens_cernua	mito	nad1	4	163328	17	L
Bidens_cernua	mito	nad1	4	163349	10	V
Hyocomium_armoricum	mito	rps3	1	99370	9	V
Cirsium_dissectum	mito	nad5	2	265886	13	F
Cirsium_dissectum	mito	nad5	2	266012	55	F
Cirsium_dissectum	mito	nad5	2	266243	132	F
Cirsium_dissectum	mito	nad5	2	266290	148	F
Cirsium_dissectum	mito	nad5	2	266303	152	V
Cirsium_dissectum	mito	nad5	4	37565	32	C
Potamogeton_rutilus	mito	nad1	4	22271	8	V
Trifolium_arvense	mito	nad1	4	310881	11	V
Trifolium_arvense	mito	nad1	5	311950	43	C
Lathyrus_linifolius	mito	nad5	2	202540	13	F
Lathyrus_linifolius	mito	nad5	2	202626	42	F
Lathyrus_linifolius	mito	nad5	2	202666	55	F
Lathyrus_linifolius	mito	nad5	2	202897	132	F
Lathyrus_linifolius	mito	nad5	2	202944	148	F
Lathyrus_linifolius	mito	nad5	2	203131	210	F
Lathyrus_linifolius	mito	nad5	2	203143	214	M
Salix_caprea	mito	nad2	3	350513	12	L
Gnaphalium_supinum	mito	nad5	2	48566	13	F
Gnaphalium_supinum	mito	nad5	2	48692	55	F
Gnaphalium_supinum	mito	nad5	2	48923	132	F
Gnaphalium_supinum	mito	nad5	2	48970	148	F
Gnaphalium_supinum	mito	nad5	2	48983	152	V
Gnaphalium_supinum	mito	nad5	4	40143	32	C
Crataegus_laevigata	mito	rps3	2	443908	460	C
Orthothecium_rufescens	mito	nad1	4	101249	1	V
Orthothecium_rufescens	mito	nad1	4	101267	7	F
Clematis_vitalba	mito	nad5	2	5624	13	F
Clematis_vitalba	mito	nad5	2	5750	55	F
Clematis_vitalba	mito	nad5	2	5933	116	F
Clematis_vitalba	mito	nad5	2	5981	132	F
Clematis_vitalba	mito	nad5	2	6028	148	F
Clematis_vitalba	mito	nad5	2	6134	183	M
Clematis_vitalba	mito	nad5	2	6215	210	F
Clematis_vitalba	mito	nad5	2	6227	214	M
Clematis_vitalba	mito	nad5	5	18649	39	C
Trifolium_scabrum	mito	nad1	4	247351	11	V
Agrostemma_githago	mito	nad5	2	137029	132	F
Agrostemma_githago	mito	nad5	2	137260	55	F
Agrostemma_githago	mito	nad5	2	137300	42	F
Rorippa_sylvestris	mito	nad5	2	4849	13	F
Rorippa_sylvestris	mito	nad5	2	4935	42	F
Rorippa_sylvestris	mito	nad5	2	4975	55	F
Rorippa_sylvestris	mito	nad5	2	5206	132	F
Rorippa_sylvestris	mito	nad5	2	5253	148	F
Rorippa_sylvestris	mito	nad5	2	5440	210	F
Rorippa_sylvestris	mito	nad5	2	5452	214	M
Rorippa_sylvestris	mito	nad5	2	5977	452	L
Lathyrus_nissolia	mito	nad1	4	50196	11	V
Lathyrus_nissolia	mito	nad1	5	51271	43	C
Quercus_robur	mito	nad5	2	346866	5	V
Polystichum_lonchitis	mito	rps3	1	71662	13	L
Polystichum_lonchitis	mito	rps3	1	71684	6	C
Baldellia_ranunculoides	mito	nad5	2	128419	452	L
Baldellia_ranunculoides	mito	nad5	2	128779	275	F
Baldellia_ranunculoides	mito	nad5	4	32856	56	L
Andreaea_nivalis	mito	nad1	2	66611	38	*
Achillea_millefolium	mito	nad1	4	192540	8	V
Achillea_millefolium	mito	nad1	4	192567	17	V
Crataegus_monogyna	mito	rps3	2	384772	460	C
Dryas_octopetala	mito	nad1	4	100630	11	V
Saxifraga_hypnoides	mito	nad2	3	107469	38	Y
Saxifraga_hypnoides	mito	nad2	4	109907	122	L
Saxifraga_hypnoides	mito	nad2	5	111404	44	V
Limonium_binervosum	mito	nad1	4	15886	15	V
Stuckenia_filiformis	mito	nad1	4	253767	8	V
Potamogeton_pusillus	mito	nad1	4	87262	8	V
Antennaria_dioica	mito	nad5	2	221049	13	F
Antennaria_dioica	mito	nad5	2	221175	55	F
Antennaria_dioica	mito	nad5	2	221406	132	F
Antennaria_dioica	mito	nad5	2	221453	148	F
Antennaria_dioica	mito	nad5	2	221466	152	V
Antennaria_dioica	mito	nad5	4	212649	32	C
Medicago_lupulina	mito	nad5	2	99624	13	F
Medicago_lupulina	mito	nad5	2	99710	42	F
Medicago_lupulina	mito	nad5	2	99750	55	F
Medicago_lupulina	mito	nad5	2	99981	132	F
Medicago_lupulina	mito	nad5	2	100028	148	F
Medicago_lupulina	mito	nad5	2	100215	210	F
Medicago_lupulina	mito	nad5	2	100227	214	M
Circaea_lutetiana	mito	nad5	2	10542	452	L
Circaea_lutetiana	mito	nad5	2	11067	214	M
Circaea_lutetiana	mito	nad5	2	11079	210	F
Circaea_lutetiana	mito	nad5	2	11266	148	F
Circaea_lutetiana	mito	nad5	2	11313	132	F
Circaea_lutetiana	mito	nad5	2	11544	55	F
Circaea_lutetiana	mito	nad5	2	11584	42	F
Circaea_lutetiana	mito	nad5	2	11670	13	F
Circaea_lutetiana	mito	nad5	4	210246	32	C
Sibthorpia_europaea	mito	nad1	1	17383	127	W
Sibthorpia_europaea	mito	nad1	2	227615	17	F
Trifolium_bocconei	mito	nad1	4	6696	11	V
Trifolium_bocconei	mito	nad1	5	5627	43	C
Dryopteris_filix_mas	mito	nad1	4	146740	9	V
Dryopteris_filix_mas	mito	nad1	4	146743	10	V
Dryopteris_filix_mas	mito	nad1	4	146764	17	L
Dryopteris_filix_mas	mito	nad1	4	146769	19	*
Calypogeia_arguta	mito	nad1	4	12458	10	V
Radula_complanata	mito	nad1	4	23550	16	V
Helosciadium_nodiflorum	mito	nad5	2	328348	13	F
Helosciadium_nodiflorum	mito	nad5	2	328474	55	F
Helosciadium_nodiflorum	mito	nad5	2	328705	132	F
Helosciadium_nodiflorum	mito	nad5	2	328752	148	F
Helosciadium_nodiflorum	mito	nad5	4	301924	32	C
Veronica_praecox	mito	nad5	2	92823	42	F
Veronica_praecox	mito	nad5	2	92862	55	F
Veronica_praecox	mito	nad5	2	93093	132	F
Veronica_praecox	mito	nad5	2	93140	148	F
Veronica_praecox	mito	nad5	4	233857	32	C
Veronica_praecox	mito	nad5	5	235272	39	C
Bartramia_pomiformis	mito	rps3	1	16232	23	C
Sinapis_arvensis	mito	nad1	1	89427	127	W
Xerophyllum_tenax	mito	nad5	2	32210	13	F
Xerophyllum_tenax	mito	nad5	2	32336	55	F
Xerophyllum_tenax	mito	nad5	2	32519	116	F
Xerophyllum_tenax	mito	nad5	2	32567	132	F
Xerophyllum_tenax	mito	nad5	2	32659	163	W
Xerophyllum_tenax	mito	nad5	2	32720	183	M
Xerophyllum_tenax	mito	nad5	2	32801	210	F
Xerophyllum_tenax	mito	nad5	2	33338	452	L
Ajuga_chamaepitys	mito	rps3	1	279254	3	W
Melilotus_altissimus	mito	nad2	2	88671	20	W
Verbascum_nigrum	mito	rps3	2	37481	179	F
Ginkgo_biloba	mito	nad1	4	312250	9	V
Ginkgo_biloba	mito	nad1	4	312259	12	V
Matricaria_chamomilla	mito	nad1	4	41984	8	V
Matricaria_chamomilla	mito	nad1	4	42011	17	V
Hedera_helix	mito	nad1	2	234998	17	F
Hedera_helix	mito	nad1	4	136204	10	V
Hedera_helix	mito	nad1	4	136225	17	L
Sarmentypnum_sarmentosum	mito	rps3	1	69295	9	V
Trifolium_incarnatum	mito	nad2	2	100816	20	W
Trifolium_incarnatum	mito	nad2	3	151055	7	Y
Lathyrus_pratensis	mito	nad2	2	14849	20	W
Hieracium_scullyi	mito	rps3	2	41680	431	F
Hieracium_scullyi	mito	rps3	2	42003	329	M
Hieracium_scullyi	mito	rps3	2	42052	314	W
Hieracium_scullyi	mito	rps3	2	42451	180	F
Geum_urbanum	mito	nad5	2	178997	13	F
Geum_urbanum	mito	nad5	2	179083	42	F
Geum_urbanum	mito	nad5	2	179123	55	F
Geum_urbanum	mito	nad5	2	179354	132	F
Geum_urbanum	mito	nad5	2	179588	210	F
Geum_urbanum	mito	nad5	2	179600	214	M
Geum_urbanum	mito	nad5	2	180125	452	L
Geum_urbanum	mito	nad5	2	180211	472	W
Geum_urbanum	mito	nad5	2	180220	475	F
Geum_urbanum	mito	nad5	4	226787	32	C
Equisetum_fluviatile	mito	nad2	3	158724	26	W
Geum_rivale	mito	nad1	4	298996	8	V
Geum_rivale	mito	nad1	4	299023	17	V
Anoectangium_aestivum	mito	rps3	1	79461	9	V
Campylium_stellatum	mito	rps3	1	64312	9	V
Dicranoweisia_cirrata	mito	rps3	1	9446	9	V
Datura_stramonium	mito	nad5	2	223212	55	F
Datura_stramonium	mito	nad5	2	223443	132	F
Datura_stramonium	mito	nad5	4	62912	32	C
Trifolium_dubium	mito	nad5	2	91930	214	M
Trifolium_dubium	mito	nad5	2	91942	210	F
Trifolium_dubium	mito	nad5	2	92129	148	F
Trifolium_dubium	mito	nad5	2	92176	132	F
Trifolium_dubium	mito	nad5	2	92407	55	F
Trifolium_dubium	mito	nad5	2	92447	42	F
Trifolium_dubium	mito	nad5	2	92533	13	F
Astragalus_danicus	mito	nad2	2	108975	20	W
Equisetum_pratense	mito	nad5	3	53154	7	*
Potamogeton_natans	mito	nad2	3	58654	37	F
Potamogeton_natans	mito	nad2	4	33476	131	L
Adiantum_capillus_veneris	mito	nad2	3	287318	52	*
Lotus_tenuis	mito	nad2	2	115106	20	W
Linaria_vulgaris	mito	nad5	2	59863	42	F
Linaria_vulgaris	mito	nad5	2	59902	55	F
Linaria_vulgaris	mito	nad5	2	60133	132	F
Linaria_vulgaris	mito	nad5	2	60180	148	F
Linaria_vulgaris	mito	nad5	4	295096	32	C
Linaria_vulgaris	mito	nad5	5	293678	39	C
Huperzia_selago	mito	nad5	1	183250	0	M
Lobelia_dortmanna	mito	nad5	2	285412	152	V
Lobelia_dortmanna	mito	nad5	2	285425	148	F
Lobelia_dortmanna	mito	nad5	2	285472	132	F
Lobelia_dortmanna	mito	nad5	2	285703	55	F
Lobelia_dortmanna	mito	nad5	2	285829	13	F
Lobelia_dortmanna	mito	nad5	4	314716	32	C
Lobelia_dortmanna	mito	nad5	4	314798	58	L
Campanula_patula	mito	nad5	2	241694	13	F
Campanula_patula	mito	nad5	2	241820	55	F
Campanula_patula	mito	nad5	2	242051	132	F
Campanula_patula	mito	nad5	2	242098	148	F
Campanula_patula	mito	nad5	2	242111	152	V
Campanula_patula	mito	nad5	4	65212	32	C
Campanula_patula	mito	nad5	4	65294	58	L
Vitis_vinifera	mito	nad1	1	81698	127	W
Vitis_vinifera	mito	nad1	4	716409	11	V
Pseudognaphalium_luteoalbum	mito	rps3	2	235616	431	F
Pseudognaphalium_luteoalbum	mito	rps3	2	235939	329	M
Pseudognaphalium_luteoalbum	mito	rps3	2	235994	314	W
Pseudognaphalium_luteoalbum	mito	rps3	2	236402	180	F
Drosera_rotundifolia	mito	nad5	2	7340	422	V
Drosera_rotundifolia	mito	nad5	2	7796	214	M
Drosera_rotundifolia	mito	nad5	2	8042	132	F
Drosera_rotundifolia	mito	nad5	2	8273	55	F
Drosera_rotundifolia	mito	nad5	2	8313	42	F
Drosera_rotundifolia	mito	nad5	5	485178	39	C
Ranunculus_auricomus	mito	nad5	2	514768	13	F
Ranunculus_auricomus	mito	nad5	2	514894	55	F
Ranunculus_auricomus	mito	nad5	2	515125	132	F
Ranunculus_auricomus	mito	nad5	2	515172	148	F
Ranunculus_auricomus	mito	nad5	2	515278	183	M
Ranunculus_auricomus	mito	nad5	2	515359	210	F
Ranunculus_auricomus	mito	nad5	2	515371	214	M
Reseda_luteola	mito	nad1	1	257431	127	W
Homogyne_alpina	mito	nad1	4	184856	8	V
Homogyne_alpina	mito	nad1	4	184883	17	V
Potentilla_erecta	mito	rps3	1	25492	11	C
Potentilla_erecta	mito	rps3	2	22232	487	Y
Potentilla_erecta	mito	rps3	2	22325	460	C
Stuckenia_filiformis	mito	nad2	4	150867	131	L
Umbilicus_rupestris	mito	nad1	2	182721	17	F
Umbilicus_rupestris	mito	nad1	4	181792	12	V
Myriophyllum_alterniflorum	mito	nad5	1	275259	51	L
Myriophyllum_alterniflorum	mito	nad5	2	273694	214	M
Myriophyllum_alterniflorum	mito	nad5	2	273893	148	F
Myriophyllum_alterniflorum	mito	nad5	2	273940	132	F
Myriophyllum_alterniflorum	mito	nad5	2	274171	55	F
Myriophyllum_alterniflorum	mito	nad5	2	274211	42	F
Myriophyllum_alterniflorum	mito	nad5	2	274297	13	F
Myriophyllum_alterniflorum	mito	nad5	4	50518	22	L
Myriophyllum_alterniflorum	mito	nad5	4	50521	23	L
Myriophyllum_alterniflorum	mito	nad5	4	50550	32	C
Potamogeton_alpinus	mito	nad5	2	199125	420	F
Potamogeton_alpinus	mito	nad5	2	199299	364	C
Potamogeton_alpinus	mito	nad5	2	199532	287	L
Potamogeton_alpinus	mito	nad5	2	199698	235	Y
Potamogeton_alpinus	mito	nad5	2	199982	65	V
Potamogeton_alpinus	mito	nad5	4	80682	56	L
Potamogeton_alpinus	mito	nad5	5	81905	39	C
Butomus_umbellatus	mito	nad1	1	281295	127	W
Butomus_umbellatus	mito	nad1	4	176518	15	V
Butomus_umbellatus	mito	nad1	4	176527	12	V
Persicaria_amphibia	mito	nad5	2	273813	214	M
Persicaria_amphibia	mito	nad5	2	274059	132	F
Persicaria_amphibia	mito	nad5	2	274290	55	F
Persicaria_amphibia	mito	nad5	2	274330	42	F
Persicaria_amphibia	mito	nad5	2	274416	13	F
Populus_nigra	mito	rps3	2	152070	74	W
Populus_nigra	mito	rps3	2	152649	260	F
Populus_nigra	mito	rps3	2	153285	460	C
Potentilla_indica	mito	nad5	2	303227	13	F
Potentilla_indica	mito	nad5	2	303313	42	F
Potentilla_indica	mito	nad5	2	303353	55	F
Potentilla_indica	mito	nad5	2	303584	132	F
Potentilla_indica	mito	nad5	2	303818	210	F
Potentilla_indica	mito	nad5	2	303830	214	M
Potentilla_indica	mito	nad5	2	304355	452	L
Potentilla_indica	mito	nad5	4	372944	32	C
Umbilicus_rupestris	mito	rps3	1	118637	13	L
Umbilicus_rupestris	mito	rps3	2	142718	483	C
Umbilicus_rupestris	mito	rps3	2	143783	146	W
Umbilicus_rupestris	mito	rps3	2	143969	88	W
Potamogeton_pusillus	mito	nad2	3	56471	37	F
Potamogeton_pusillus	mito	nad2	4	34145	131	L
Euphrasia_confusa	mito	nad5	2	289662	148	F
Euphrasia_confusa	mito	nad5	2	289709	132	F
Euphrasia_confusa	mito	nad5	2	289940	55	F
Euphrasia_confusa	mito	nad5	2	289979	42	F
Euphrasia_confusa	mito	nad5	4	279828	32	C
Ononis_repens	mito	nad2	2	265844	20	W
Artemisia_maritima	mito	rps3	2	171404	180	F
Artemisia_maritima	mito	rps3	2	171812	314	W
Artemisia_maritima	mito	rps3	2	171906	329	M
Artemisia_maritima	mito	rps3	2	172229	431	F
Artemisia_maritima	mito	rps3	2	172476	507	M
Nasturtium_officinale	mito	nad5	2	220033	13	F
Nasturtium_officinale	mito	nad5	2	220119	42	F
Nasturtium_officinale	mito	nad5	2	220159	55	F
Nasturtium_officinale	mito	nad5	2	220390	132	F
Nasturtium_officinale	mito	nad5	2	220437	148	F
Nasturtium_officinale	mito	nad5	2	220624	210	F
Nasturtium_officinale	mito	nad5	2	220636	214	M
Nasturtium_officinale	mito	nad5	2	221161	452	L
Hornungia_petraea	mito	nad1	1	243498	127	W
Rosa_spinosissima	mito	nad2	3	289157	12	L
Scrophularia_vernalis	mito	nad1	1	17435	127	W
Allium_triquetrum	mito	nad1	1	55400	127	W
Alchemilla_micans	mito	rps3	2	119299	460	C
Alchemilla_micans	mito	rps3	2	119526	390	M
Carex_sylvatica	mito	nad1	4	1568887	6	V
Ranunculus_repens	mito	nad1	4	376523	8	V
Ranunculus_repens	mito	nad1	4	376550	17	V
Cirsium_heterophyllum	mito	nad1	4	208525	17	V
Cirsium_heterophyllum	mito	nad1	4	208552	8	V
Nardia_scalaris	mito	nad2	3	107496	7	Y
Comarum_palustre	mito	rps3	2	249367	460	C
Comarum_palustre	mito	rps3	2	249594	390	M
Polygala_vulgaris	mito	nad5	2	25446	214	M
Polygala_vulgaris	mito	nad5	2	25458	210	F
Polygala_vulgaris	mito	nad5	2	25645	148	F
Polygala_vulgaris	mito	nad5	2	25692	132	F
Polygala_vulgaris	mito	nad5	2	25923	55	F
Polygala_vulgaris	mito	nad5	2	25963	42	F
Polygala_vulgaris	mito	nad5	2	26049	13	F
Scrophularia_vernalis	mito	nad5	2	258747	42	F
Scrophularia_vernalis	mito	nad5	2	258786	55	F
Scrophularia_vernalis	mito	nad5	2	259017	132	F
Scrophularia_vernalis	mito	nad5	2	259064	148	F
Scrophularia_vernalis	mito	nad5	4	52229	32	C
Scrophularia_vernalis	mito	nad5	5	50816	39	C
Rubus_caesius	mito	rps3	2	361180	460	C
Rubus_caesius	mito	rps3	2	362056	179	F
Linum_catharticum	mito	nad2	3	83096	52	*
Lithospermum_officinale	mito	nad2	3	110301	0	L
Helosciadium_nodiflorum	mito	rps3	2	209891	354	W
Helosciadium_nodiflorum	mito	rps3	2	210656	108	W
Lamium_galeobdolon	mito	nad2	3	192838	7	Y
Lamium_galeobdolon	mito	nad2	3	192919	33	Y
Sphagnum_contortum	mito	nad1	4	137712	1	V
Sphagnum_contortum	mito	nad1	4	137733	8	V
Rosa_agrestis	mito	nad5	2	76870	452	L
Rosa_agrestis	mito	nad5	2	77395	214	M
Rosa_agrestis	mito	nad5	2	77407	210	F
Rosa_agrestis	mito	nad5	2	77641	132	F
Rosa_agrestis	mito	nad5	2	77872	55	F
Rosa_agrestis	mito	nad5	2	77912	42	F
Rosa_agrestis	mito	nad5	2	77998	13	F
Rosa_agrestis	mito	nad5	4	33463	32	C
Isothecium_holtii	mito	nad1	4	50300	1	V
Isothecium_holtii	mito	nad1	4	50318	7	F
Artemisia_vulgaris	mito	nad5	2	42090	152	V
Artemisia_vulgaris	mito	nad5	2	42103	148	F
Artemisia_vulgaris	mito	nad5	2	42150	132	F
Artemisia_vulgaris	mito	nad5	2	42381	55	F
Artemisia_vulgaris	mito	nad5	2	42507	13	F
Artemisia_vulgaris	mito	nad5	4	23444	32	C
Digitalis_purpurea	mito	nad1	1	316847	127	W
Ornithopus_perpusillus	mito	nad5	2	296560	214	M
Ornithopus_perpusillus	mito	nad5	2	296572	210	F
Ornithopus_perpusillus	mito	nad5	2	296759	148	F
Ornithopus_perpusillus	mito	nad5	2	296806	132	F
Ornithopus_perpusillus	mito	nad5	2	297037	55	F
Ornithopus_perpusillus	mito	nad5	2	297077	42	F
Ornithopus_perpusillus	mito	nad5	2	297163	13	F
Viola_tricolor	mito	nad5	2	9786	13	F
Viola_tricolor	mito	nad5	2	9912	55	F
Viola_tricolor	mito	nad5	2	10143	132	F
Viola_tricolor	mito	nad5	2	10190	148	F
Onobrychis_viciifolia	mito	nad1	4	271161	11	V
Elodea_nuttallii	mito	nad5	2	45732	452	L
Elodea_nuttallii	mito	nad5	2	46092	275	F
Elodea_nuttallii	mito	nad5	4	162324	56	L
Leucojum_aestivum	mito	rps3	2	188322	5	C
Leucojum_aestivum	mito	rps3	2	188733	141	F
Ulmus_glabra	mito	nad2	3	454050	4	L
Dioscorea_communis	mito	nad5	2	11769	13	F
Dioscorea_communis	mito	nad5	2	11895	55	F
Dioscorea_communis	mito	nad5	2	12126	132	F
Dioscorea_communis	mito	nad5	2	12173	148	F
Dioscorea_communis	mito	nad5	2	12218	163	W
Dioscorea_communis	mito	nad5	2	12897	452	L
Isothecium_myosuroides	mito	nad1	4	50300	1	V
Isothecium_myosuroides	mito	nad1	4	50318	7	F
Silene_acaulis	mito	nad5	2	1272370	42	F
Silene_acaulis	mito	nad5	2	1272410	55	F
Silene_acaulis	mito	nad5	2	1272641	132	F
Campanula_rotundifolia	mito	nad5	2	166912	152	V
Campanula_rotundifolia	mito	nad5	2	166925	148	F
Campanula_rotundifolia	mito	nad5	2	166972	132	F
Campanula_rotundifolia	mito	nad5	2	167203	55	F
Campanula_rotundifolia	mito	nad5	2	167329	13	F
Campanula_rotundifolia	mito	nad5	4	92107	58	L
Campanula_rotundifolia	mito	nad5	4	92189	32	C
Encalypta_ciliata	mito	rps3	1	95741	9	V
Rosa_spinosissima	mito	nad5	2	98114	13	F
Rosa_spinosissima	mito	nad5	2	98200	42	F
Rosa_spinosissima	mito	nad5	2	98240	55	F
Rosa_spinosissima	mito	nad5	2	98471	132	F
Rosa_spinosissima	mito	nad5	2	98705	210	F
Rosa_spinosissima	mito	nad5	2	98717	214	M
Rosa_spinosissima	mito	nad5	2	99242	452	L
Rosa_spinosissima	mito	nad5	4	55743	32	C
Rhytidiadelphus_loreus	mito	rps3	1	78274	9	V
Lonicera_periclymenum	mito	nad1	4	868779	17	L
Lonicera_periclymenum	mito	nad1	4	868800	10	V
Pogonatum_aloides	mito	rps3	1	2128	5	C
Medicago_sativa	mito	nad2	2	142685	20	W
Baldellia_ranunculoides	mito	nad1	4	19714	19	*
Baldellia_ranunculoides	mito	nad1	4	19722	16	V
Paulownia_tomentosa	mito	nad2	3	813590	1	F
Chionoloma_tenuirostre	mito	rps3	1	5943	9	V
Ulmus_minor	mito	nad2	3	178881	4	L
Pseudoscleropodium_purum	mito	rps3	1	58380	9	V
Halimione_portulacoides	mito	nad2	3	282909	1	F
Draba_verna	mito	rps3	2	148353	61	M
Draba_verna	mito	rps3	2	148403	74	W
Draba_verna	mito	rps3	2	149447	411	C
Draba_verna	mito	rps3	2	149573	455	W
Draba_verna	mito	rps3	2	149588	460	C
Clinopodium_vulgare	mito	nad5	2	126399	148	F
Clinopodium_vulgare	mito	nad5	2	126446	132	F
Clinopodium_vulgare	mito	nad5	2	126677	55	F
Clinopodium_vulgare	mito	nad5	2	126716	42	F
Clinopodium_vulgare	mito	nad5	4	122365	32	C
Clinopodium_vulgare	mito	nad5	5	123800	39	C
Jacobaea_maritima	mito	rps3	2	186387	431	F
Jacobaea_maritima	mito	rps3	2	186710	329	M
Jacobaea_maritima	mito	rps3	2	186765	314	W
Jacobaea_maritima	mito	rps3	2	187173	180	F
Reseda_lutea	mito	nad2	3	40670	19	F
Trifolium_medium	mito	nad1	4	238887	11	V
Trifolium_medium	mito	nad1	5	237818	43	C
Lepidium_draba	mito	nad5	2	121484	13	F
Lepidium_draba	mito	nad5	2	121570	42	F
Lepidium_draba	mito	nad5	2	121610	55	F
Lepidium_draba	mito	nad5	2	121841	132	F
Lepidium_draba	mito	nad5	2	121888	148	F
Lepidium_draba	mito	nad5	2	122075	210	F
Lepidium_draba	mito	nad5	2	122087	214	M
Lepidium_draba	mito	nad5	2	122612	452	L
Parietaria_judaica	mito	nad5	2	25924	11	V
Parietaria_judaica	mito	nad5	4	34934	32	C
Campanula_glomerata	mito	nad5	2	42633	148	F
Campanula_glomerata	mito	nad5	2	42646	152	V
Campanula_glomerata	mito	nad5	2	42739	183	M
Campanula_glomerata	mito	nad5	2	42820	210	F
Campanula_glomerata	mito	nad5	2	42832	214	M
Campanula_glomerata	mito	nad5	4	271055	32	C
Campanula_glomerata	mito	nad5	4	271137	58	L
Prunus_domestica	mito	nad1	4	418999	11	V
Ornithopus_perpusillus	mito	nad2	2	217708	20	W
Saxifraga_hypnoides	mito	nad1	1	284062	127	W
Saxifraga_hypnoides	mito	nad1	4	231165	17	V
Saxifraga_hypnoides	mito	nad1	4	231192	8	V
Andreaea_frigida	mito	nad1	2	25214	38	*
Parietaria_judaica	mito	nad2	2	83549	20	W
Cardamine_bulbifera	mito	nad1	1	26529	127	W
Cornus_suecica	mito	nad5	2	62311	13	F
Cornus_suecica	mito	nad5	2	62437	55	F
Cornus_suecica	mito	nad5	2	62668	132	F
Cornus_suecica	mito	nad5	2	62715	148	F
Cornus_suecica	mito	nad5	4	209269	32	C
Saxifraga_oppositifolia	mito	nad5	2	27723	214	M
Saxifraga_oppositifolia	mito	nad5	2	27735	210	F
Saxifraga_oppositifolia	mito	nad5	2	27922	148	F
Saxifraga_oppositifolia	mito	nad5	2	27969	132	F
Saxifraga_oppositifolia	mito	nad5	2	28326	13	F
Cirsium_dissectum	mito	rps3	2	288128	431	F
Cirsium_dissectum	mito	rps3	2	288451	329	M
Cirsium_dissectum	mito	rps3	2	288506	314	W
Cirsium_dissectum	mito	rps3	2	288707	245	C
Cirsium_dissectum	mito	rps3	2	288914	180	F
Calliergon_giganteum	mito	rps3	1	87335	9	V
Lathyrus_linifolius	mito	nad2	2	443190	20	W
Lathyrus_linifolius	mito	nad2	3	116005	19	F
Cruciata_laevipes	mito	rps3	2	58648	180	F
Populus_nigra	mito	nad1	4	170883	8	V
Ranunculus_repens	mito	nad5	2	46051	287	L
Ranunculus_repens	mito	nad5	2	46501	65	V
Ranunculus_repens	mito	nad5	2	46570	42	F
Iris_foetidissima	mito	nad5	2	341973	452	L
Iris_foetidissima	mito	nad5	2	342684	152	V
Iris_foetidissima	mito	nad5	2	343101	13	F
Sciuro_hypnum_glaciale	mito	rps3	1	74709	16	C
Pulicaria_vulgaris	mito	nad1	4	101561	17	V
Pulicaria_vulgaris	mito	nad1	4	101588	8	V
Vicia_sepium	mito	nad2	2	125593	20	W
Vicia_sepium	mito	nad2	3	382024	32	F
Vicia_sepium	mito	nad2	3	382119	0	L
Lamium_purpureum	mito	nad2	3	92732	32	F
Carduus_crispus	mito	nad1	4	214178	10	V
Carduus_crispus	mito	nad1	4	214199	17	L
Trifolium_striatum	mito	nad2	2	30530	20	W
Pseudoscleropodium_purum	mito	nad1	4	55248	7	F
Pseudoscleropodium_purum	mito	nad1	4	55266	1	V
Trifolium_fragiferum	mito	nad5	2	186143	13	F
Trifolium_fragiferum	mito	nad5	2	186229	42	F
Trifolium_fragiferum	mito	nad5	2	186269	55	F
Trifolium_fragiferum	mito	nad5	2	186500	132	F
Trifolium_fragiferum	mito	nad5	2	186547	148	F
Trifolium_fragiferum	mito	nad5	2	186734	210	F
Trifolium_fragiferum	mito	nad5	2	186746	214	M
Arabis_hirsuta	mito	rps3	2	335323	61	M
Arabis_hirsuta	mito	rps3	2	335373	74	W
Arabis_hirsuta	mito	rps3	2	336423	411	C
Arabis_hirsuta	mito	rps3	2	336549	455	W
Arabis_hirsuta	mito	rps3	2	336564	460	C
Veronica_triphyllos	mito	nad5	2	268416	148	F
Veronica_triphyllos	mito	nad5	2	268463	132	F
Veronica_triphyllos	mito	nad5	2	268694	55	F
Veronica_triphyllos	mito	nad5	2	268733	42	F
Veronica_triphyllos	mito	nad5	4	137753	32	C
Veronica_triphyllos	mito	nad5	5	136327	39	C
Potentilla_sterilis	mito	rps3	2	209630	119	M
Potentilla_sterilis	mito	rps3	2	210694	460	C
Potentilla_sterilis	mito	rps3	2	210787	487	Y
Betula_pubescens	mito	rps3	2	478237	460	C
Trifolium_striatum	mito	nad1	4	65888	11	V
Trifolium_striatum	mito	nad1	5	66957	43	C
Ranunculus_sardous	mito	nad5	2	6698	287	L
Ranunculus_sardous	mito	nad5	2	7148	65	V
Ranunculus_sardous	mito	nad5	2	7217	42	F
Tanacetum_vulgare	mito	nad5	2	138260	152	V
Tanacetum_vulgare	mito	nad5	2	138273	148	F
Tanacetum_vulgare	mito	nad5	2	138320	132	F
Tanacetum_vulgare	mito	nad5	2	138551	55	F
Tanacetum_vulgare	mito	nad5	2	138677	13	F
Tanacetum_vulgare	mito	nad5	4	91575	32	C
Melica_uniflora	mito	rps3	2	151480	489	W
Leucobryum_glaucum	mito	rps3	1	2633	9	V
Pastinaca_sativa	mito	nad1	4	117812	10	V
Claytonia_sibirica	mito	nad5	2	282414	132	F
Claytonia_sibirica	mito	nad5	2	282645	55	F
Claytonia_sibirica	mito	nad5	2	282685	42	F
Claytonia_sibirica	mito	nad5	5	23657	39	C
Linnaea_borealis	mito	nad5	2	296986	13	F
Linnaea_borealis	mito	nad5	2	297112	55	F
Linnaea_borealis	mito	nad5	2	297343	132	F
Linnaea_borealis	mito	nad5	2	297390	148	F
Linnaea_borealis	mito	nad5	2	297403	152	V
Linnaea_borealis	mito	nad5	4	452374	31	F
Linnaea_borealis	mito	nad5	4	452376	32	C
Ludwigia_grandiflora	mito	rps3	2	150663	512	M
Reseda_lutea	mito	rps3	2	436927	460	C
Reseda_lutea	mito	rps3	2	436942	455	W
Reseda_lutea	mito	rps3	2	436971	445	M
Reseda_lutea	mito	rps3	2	437080	411	C
Reseda_lutea	mito	rps3	2	438136	74	W
Reseda_lutea	mito	rps3	2	438201	61	M
Reseda_lutea	mito	rps3	2	438210	58	M
Reseda_lutea	mito	rps3	2	438219	55	M
Homalia_trichomanoides	mito	rps3	1	33533	9	V
Helianthemum_oelandicum	mito	nad5	2	9058	214	M
Helianthemum_oelandicum	mito	nad5	2	9257	148	F
Helianthemum_oelandicum	mito	nad5	2	9304	132	F
Helianthemum_oelandicum	mito	nad5	2	9575	42	F
Helianthemum_oelandicum	mito	nad5	2	9661	13	F
Helianthemum_oelandicum	mito	nad5	5	428188	39	C
Potentilla_sterilis	mito	nad5	2	176888	13	F
Potentilla_sterilis	mito	nad5	2	176974	42	F
Potentilla_sterilis	mito	nad5	2	177014	55	F
Potentilla_sterilis	mito	nad5	2	177245	132	F
Potentilla_sterilis	mito	nad5	2	177479	210	F
Potentilla_sterilis	mito	nad5	2	177491	214	M
Potentilla_sterilis	mito	nad5	2	178016	452	L
Potentilla_sterilis	mito	nad5	4	289562	32	C
Hypericum_hircinum	mito	nad1	4	105620	11	V
Rosa_rubiginosa	mito	nad2	3	13508	37	L
Alnus_glutinosa	mito	rps3	2	194444	460	C
Herniaria_ciliolata	mito	nad1	4	270438	7	V
Erica_mackaiana	mito	nad1	4	678555	17	L
Erica_mackaiana	mito	nad1	4	678576	10	V
Epilobium_ciliatum	mito	nad5	2	400981	13	F
Epilobium_ciliatum	mito	nad5	2	401067	42	F
Epilobium_ciliatum	mito	nad5	2	401107	55	F
Epilobium_ciliatum	mito	nad5	2	401338	132	F
Epilobium_ciliatum	mito	nad5	2	401385	148	F
Epilobium_ciliatum	mito	nad5	2	401572	210	F
Epilobium_ciliatum	mito	nad5	2	401584	214	M
Epilobium_ciliatum	mito	nad5	2	402109	452	L
Epilobium_ciliatum	mito	nad5	4	245119	32	C
Sedum_album	mito	nad5	2	26860	13	F
Sedum_album	mito	nad5	2	26986	55	F
Sedum_album	mito	nad5	2	27217	132	F
Sedum_album	mito	nad5	2	27264	148	F
Sedum_album	mito	nad5	2	27451	210	F
Sedum_album	mito	nad5	2	27463	214	M
Saxifraga_oppositifolia	mito	nad2	3	398904	37	F
Saxifraga_oppositifolia	mito	nad2	3	398958	19	F
Tragopogon_pratensis	mito	rps3	2	237551	431	F
Tragopogon_pratensis	mito	rps3	2	237874	329	M
Tragopogon_pratensis	mito	rps3	2	237929	314	W
Tragopogon_pratensis	mito	rps3	2	238337	180	F
Viola_hirta	mito	nad5	2	463943	13	F
Viola_hirta	mito	nad5	2	464069	55	F
Viola_hirta	mito	nad5	2	464300	132	F
Viola_hirta	mito	nad5	2	464347	148	F
Isopterygiella_pulchella	mito	rps3	1	241	9	V
Malva_neglecta	mito	rps3	2	62173	460	C
Malva_neglecta	mito	rps3	2	62622	320	F
Malva_neglecta	mito	rps3	2	63388	74	W
Knautia_arvensis	mito	nad2	1	38390	19	I
Saxifraga_cespitosa	mito	nad5	2	396336	214	M
Saxifraga_cespitosa	mito	nad5	2	396348	210	F
Saxifraga_cespitosa	mito	nad5	2	396535	148	F
Saxifraga_cespitosa	mito	nad5	2	396582	132	F
Saxifraga_cespitosa	mito	nad5	2	396939	13	F
Oenanthe_pimpinelloides	mito	rps3	2	9911	108	W
Oenanthe_pimpinelloides	mito	rps3	2	10676	354	W
Anchusa_arvensis	mito	nad1	4	286286	16	V
Onoclea_sensibilis	mito	nad5	1	155416	69	F
Mimulus_peregrinus	mito	nad1	1	34021	127	W
Nymphaea_alba	mito	nad5	2	145849	452	L
Nymphaea_alba	mito	nad5	2	146236	266	L
Nymphaea_alba	mito	nad5	2	146374	214	M
Nymphaea_alba	mito	nad5	2	146386	210	F
Nymphaea_alba	mito	nad5	2	146467	183	M
Nymphaea_alba	mito	nad5	2	146528	163	W
Nymphaea_alba	mito	nad5	2	146560	152	V
Nymphaea_alba	mito	nad5	2	146573	148	F
Nymphaea_alba	mito	nad5	2	146620	132	F
Nymphaea_alba	mito	nad5	2	146668	116	F
Nymphaea_alba	mito	nad5	2	146785	77	F
Nymphaea_alba	mito	nad5	2	146851	55	F
Nymphaea_alba	mito	nad5	2	146977	13	F
Agrimonia_eupatoria	mito	nad5	2	130433	13	F
Agrimonia_eupatoria	mito	nad5	2	130519	42	F
Agrimonia_eupatoria	mito	nad5	2	130559	55	F
Agrimonia_eupatoria	mito	nad5	2	130790	132	F
Agrimonia_eupatoria	mito	nad5	2	131024	210	F
Agrimonia_eupatoria	mito	nad5	2	131036	214	M
Agrimonia_eupatoria	mito	nad5	2	131561	452	L
Agrimonia_eupatoria	mito	nad5	4	27857	56	L
Pseudisothecium_interludens	mito	nad1	4	58435	7	F
Pseudisothecium_interludens	mito	nad1	4	58453	1	V
Torilis_japonica	mito	nad2	3	276145	51	F
Torilis_japonica	mito	nad2	3	276298	10	Y
Potamogeton_compressus	mito	nad2	3	120724	37	F
Potamogeton_compressus	mito	nad2	4	145080	131	L
Aethusa_cynapium	mito	nad1	4	58637	10	V
Aethusa_cynapium	mito	nad1	4	58658	17	L
Capsella_bursa_pastoris	mito	nad5	2	127259	13	F
Capsella_bursa_pastoris	mito	nad5	2	127345	42	F
Capsella_bursa_pastoris	mito	nad5	2	127385	55	F
Capsella_bursa_pastoris	mito	nad5	2	127616	132	F
Capsella_bursa_pastoris	mito	nad5	2	127663	148	F
Capsella_bursa_pastoris	mito	nad5	2	127850	210	F
Capsella_bursa_pastoris	mito	nad5	2	127862	214	M
Capsella_bursa_pastoris	mito	nad5	2	128387	452	L
Erythranthe_lutea	mito	nad5	2	84167	42	F
Erythranthe_lutea	mito	nad5	2	84206	55	F
Erythranthe_lutea	mito	nad5	2	84437	132	F
Erythranthe_lutea	mito	nad5	2	84484	148	F
Erythranthe_lutea	mito	nad5	4	37054	32	C
Clematis_vitalba	mito	rps3	2	346927	245	M
Hypericum_tetrapterum	mito	nad2	3	237434	0	L
Sibbaldia_procumbens	mito	rps3	2	67863	390	M
Sibbaldia_procumbens	mito	rps3	2	68090	460	C
Hippuris_vulgaris	mito	nad2	5	90989	0	F
Hieracium_sp_SM_2023a	mito	rps3	2	340103	431	F
Hieracium_sp_SM_2023a	mito	rps3	2	340426	329	M
Hieracium_sp_SM_2023a	mito	rps3	2	340475	314	W
Hieracium_sp_SM_2023a	mito	rps3	2	340874	180	F
Luzula_sylvatica	mito	nad1	2	303568	17	F
Luzula_sylvatica	mito	nad1	4	302191	16	V
Heterocladium_heteropterum	mito	rps3	1	97722	9	V
Saxifraga_cespitosa	mito	nad2	3	187712	38	Y
Saxifraga_cespitosa	mito	nad2	4	185275	122	L
Saxifraga_cespitosa	mito	nad2	5	183785	44	V
Turritis_glabra	mito	rps3	2	113008	27	W
Turritis_glabra	mito	rps3	2	113102	61	M
Turritis_glabra	mito	rps3	2	113152	74	W
Turritis_glabra	mito	rps3	2	114193	411	C
Turritis_glabra	mito	rps3	2	114319	455	W
Turritis_glabra	mito	rps3	2	114334	460	C
Cardamine_raphanifolia	mito	nad1	1	39677	127	W
Cardamine_raphanifolia	mito	nad1	4	8176	8	V
Erica_mackaiana	mito	rps3	2	590320	483	C
Erica_mackaiana	mito	rps3	2	590877	312	M
Sisyrinchium_bermudianum	mito	nad5	2	48300	13	F
Sisyrinchium_bermudianum	mito	nad5	2	48717	152	V
Sisyrinchium_bermudianum	mito	nad5	2	49428	452	L
Orthothecium_rufescens	mito	rps3	1	98131	9	V
Cirsium_heterophyllum	mito	nad5	2	238176	152	V
Cirsium_heterophyllum	mito	nad5	2	238189	148	F
Cirsium_heterophyllum	mito	nad5	2	238236	132	F
Cirsium_heterophyllum	mito	nad5	2	238467	55	F
Cirsium_heterophyllum	mito	nad5	2	238593	13	F
Cirsium_heterophyllum	mito	nad5	4	106364	32	C
Salix_myrsinifolia	mito	nad2	3	473390	12	L
Linnaea_borealis	mito	nad1	4	425700	17	L
Linnaea_borealis	mito	nad1	4	425721	10	V
Medicago_sativa	mito	nad5	2	59275	214	M
Medicago_sativa	mito	nad5	2	59287	210	F
Medicago_sativa	mito	nad5	2	59474	148	F
Medicago_sativa	mito	nad5	2	59521	132	F
Medicago_sativa	mito	nad5	2	59752	55	F
Medicago_sativa	mito	nad5	2	59792	42	F
Medicago_sativa	mito	nad5	2	59878	13	F
Pyrus_communis	mito	nad1	4	102175	11	V
Veronica_anagallis_aquatica	mito	nad5	2	207878	42	F
Veronica_anagallis_aquatica	mito	nad5	2	207917	55	F
Veronica_anagallis_aquatica	mito	nad5	2	208148	132	F
Veronica_anagallis_aquatica	mito	nad5	2	208195	148	F
Veronica_anagallis_aquatica	mito	nad5	4	295577	32	C
Veronica_anagallis_aquatica	mito	nad5	5	296977	39	C
Coincya_wrightii	mito	nad5	2	142152	452	L
Coincya_wrightii	mito	nad5	2	142677	214	M
Coincya_wrightii	mito	nad5	2	142689	210	F
Coincya_wrightii	mito	nad5	2	142876	148	F
Coincya_wrightii	mito	nad5	2	142923	132	F
Coincya_wrightii	mito	nad5	2	143154	55	F
Coincya_wrightii	mito	nad5	2	143194	42	F
Coincya_wrightii	mito	nad5	2	143280	13	F
Dilutineuron_fasciculare	mito	nad1	4	34408	4	V
Chamaemelum_nobile	mito	nad1	4	114955	8	V
Chamaemelum_nobile	mito	nad1	4	114982	17	V
Prunus_lusitanica	mito	rps3	2	298265	460	C
Prunus_lusitanica	mito	rps3	2	298308	472	I
Prunus_lusitanica	mito	rps3	2	298457	512	W
Sonchus_asper	mito	nad5	2	291432	152	V
Sonchus_asper	mito	nad5	2	291445	148	F
Sonchus_asper	mito	nad5	2	291492	132	F
Sonchus_asper	mito	nad5	2	291723	55	F
Sonchus_asper	mito	nad5	2	291849	13	F
Sonchus_asper	mito	nad5	4	213095	32	C
Hieracium_radyrense	mito	rps3	2	359299	180	F
Hieracium_radyrense	mito	rps3	2	359698	314	W
Hieracium_radyrense	mito	rps3	2	359747	329	M
Hieracium_radyrense	mito	rps3	2	360070	431	F
Mercurialis_annua	mito	nad5	2	115430	55	F
Mercurialis_annua	mito	nad5	2	115661	132	F
Mercurialis_annua	mito	nad5	2	115708	148	F
Mercurialis_annua	mito	nad5	4	236112	32	C
Senecio_eboracensis	mito	nad5	2	20081	13	F
Senecio_eboracensis	mito	nad5	2	20207	55	F
Senecio_eboracensis	mito	nad5	2	20438	132	F
Senecio_eboracensis	mito	nad5	2	20485	148	F
Senecio_eboracensis	mito	nad5	2	20498	152	V
Senecio_eboracensis	mito	nad5	4	153252	32	C
Tragopogon_porrifolius	mito	rps3	2	140640	431	F
Tragopogon_porrifolius	mito	rps3	2	140963	329	M
Tragopogon_porrifolius	mito	rps3	2	141018	314	W
Tragopogon_porrifolius	mito	rps3	2	141426	180	F
Asplenium_trichomanes	mito	nad1	4	24199	18	V
Asplenium_trichomanes	mito	nad1	4	24250	1	V
Hieracium_drummondii	mito	nad1	4	274821	8	V
Hieracium_drummondii	mito	nad1	4	274848	17	V
Sibbaldia_procumbens	mito	nad1	4	29347	11	V
Ammi_majus	mito	nad5	2	194460	13	F
Ammi_majus	mito	nad5	2	194586	55	F
Ammi_majus	mito	nad5	2	194817	132	F
Ammi_majus	mito	nad5	2	194864	148	F
Ammi_majus	mito	nad5	3	31284	7	*
Ammi_majus	mito	nad5	4	113217	32	C
Schistidium_strictum	mito	rps3	1	53976	9	V
Antennaria_dioica	mito	rps3	2	289797	180	F
Antennaria_dioica	mito	rps3	2	290205	314	W
Antennaria_dioica	mito	rps3	2	290260	329	M
Antennaria_dioica	mito	rps3	2	290583	431	F
Hieracium_richianum	mito	nad5	2	129201	152	V
Hieracium_richianum	mito	nad5	2	129214	148	F
Hieracium_richianum	mito	nad5	2	129261	132	F
Hieracium_richianum	mito	nad5	2	129492	55	F
Hieracium_richianum	mito	nad5	2	129618	13	F
Hieracium_richianum	mito	nad5	4	41810	32	C
Fragaria_vesca	mito	nad5	2	250526	13	F
Fragaria_vesca	mito	nad5	2	250612	42	F
Fragaria_vesca	mito	nad5	2	250652	55	F
Fragaria_vesca	mito	nad5	2	250883	132	F
Fragaria_vesca	mito	nad5	2	251117	210	F
Fragaria_vesca	mito	nad5	2	251129	214	M
Fragaria_vesca	mito	nad5	2	251654	452	L
Fragaria_vesca	mito	nad5	4	129005	32	C
Calystegia_sepium	mito	rps3	1	59683	11	C
Fagus_sylvatica	mito	rps3	2	259695	460	C
Hydrocotyle_ranunculoides	mito	nad5	2	240910	148	F
Hydrocotyle_ranunculoides	mito	nad5	2	240957	132	F
Hydrocotyle_ranunculoides	mito	nad5	2	241188	55	F
Hydrocotyle_ranunculoides	mito	nad5	4	184860	32	C
Hydrocotyle_ranunculoides	mito	nad5	5	186429	39	C
Primula_farinosa	mito	nad5	2	222169	148	F
Primula_farinosa	mito	nad5	2	222216	132	F
Primula_farinosa	mito	nad5	2	222447	55	F
Primula_farinosa	mito	nad5	4	98339	32	C
Cirsium_acaule	mito	nad5	2	43141	287	L
Cirsium_acaule	mito	nad5	4	247286	32	C
Carex_vaginata	mito	nad5	2	625816	452	L
Tripolium_pannonicum	mito	nad5	2	140664	13	F
Tripolium_pannonicum	mito	nad5	2	140790	55	F
Tripolium_pannonicum	mito	nad5	2	141021	132	F
Tripolium_pannonicum	mito	nad5	2	141068	148	F
Tripolium_pannonicum	mito	nad5	2	141081	152	V
Tripolium_pannonicum	mito	nad5	4	169236	32	C
Dicranum_tauricum	mito	rps3	1	58557	9	V
Inula_conyza	mito	nad5	2	210336	152	V
Inula_conyza	mito	nad5	2	210349	148	F
Inula_conyza	mito	nad5	2	210396	132	F
Inula_conyza	mito	nad5	2	210627	55	F
Inula_conyza	mito	nad5	2	210753	13	F
Inula_conyza	mito	nad5	4	291883	32	C
Porella_cordaeana	mito	nad1	4	17974	14	V
Triglochin_palustris	mito	nad5	2	85510	5	V
Triglochin_palustris	mito	nad5	2	85555	18	V
Triglochin_palustris	mito	nad5	2	85729	65	V
Triglochin_palustris	mito	nad5	2	86013	235	Y
Triglochin_palustris	mito	nad5	2	86179	287	L
Triglochin_palustris	mito	nad5	2	86269	317	L
Triglochin_palustris	mito	nad5	2	86586	420	F
Triglochin_palustris	mito	nad5	4	36242	56	L
Triglochin_palustris	mito	nad5	5	37516	39	C
Hedera_hibernica	mito	nad5	2	47301	13	F
Hedera_hibernica	mito	nad5	2	47427	55	F
Hedera_hibernica	mito	nad5	2	47658	132	F
Hedera_hibernica	mito	nad5	2	47705	148	F
Hedera_hibernica	mito	nad5	4	320109	32	C
Mastigophora_woodsii	mito	nad2	3	68224	51	F
Thalictrum_alpinum	mito	nad2	2	262593	29	F
Dipsacus_fullonum	mito	rps3	2	89306	98	W
Dryopteris_filix_mas	mito	nad2	3	86794	48	C
Tofieldia_pusilla	mito	nad5	2	367400	235	Y
Tofieldia_pusilla	mito	nad5	2	367566	287	L
Tofieldia_pusilla	mito	nad5	2	367656	317	L
Tofieldia_pusilla	mito	nad5	5	57461	39	C
Myrrhis_odorata	mito	rps3	2	102317	108	W
Myrrhis_odorata	mito	rps3	2	103091	354	W
Asparagus_officinalis	mito	nad2	3	363718	0	L
Alleniella_complanata	mito	nad1	2	14662	38	*
Rubus_chamaemorus	mito	nad5	2	162825	452	L
Rubus_chamaemorus	mito	nad5	2	163350	214	M
Rubus_chamaemorus	mito	nad5	2	163362	210	F
Rubus_chamaemorus	mito	nad5	2	163596	132	F
Rubus_chamaemorus	mito	nad5	2	163827	55	F
Rubus_chamaemorus	mito	nad5	2	163867	42	F
Rubus_chamaemorus	mito	nad5	2	163953	13	F
Rubus_chamaemorus	mito	nad5	4	72614	32	C
Vaccinium_vitis_idaea	mito	nad2	3	138898	52	*
Trifolium_incarnatum	mito	nad1	4	44490	11	V
Trifolium_incarnatum	mito	nad1	5	43417	43	C
Sagina_procumbens	mito	nad5	2	211430	42	F
Sagina_procumbens	mito	nad5	2	211470	55	F
Sagina_procumbens	mito	nad5	2	211701	132	F
Sagina_procumbens	mito	nad5	2	212403	422	V
Leucojum_aestivum	mito	nad1	1	53889	127	W
Leucojum_aestivum	mito	nad1	4	72373	15	V
Calliergon_cordifolium	mito	rps3	1	98771	9	V
Saxifraga_oppositifolia	mito	nad1	1	260251	127	W
Saxifraga_oppositifolia	mito	nad1	4	26411	8	V
Saxifraga_oppositifolia	mito	nad1	4	26438	17	V
Turritis_glabra	mito	nad5	2	13921	13	F
Turritis_glabra	mito	nad5	2	14007	42	F
Turritis_glabra	mito	nad5	2	14047	55	F
Turritis_glabra	mito	nad5	2	14278	132	F
Turritis_glabra	mito	nad5	2	14325	148	F
Turritis_glabra	mito	nad5	2	14512	210	F
Turritis_glabra	mito	nad5	2	14524	214	M
Turritis_glabra	mito	nad5	2	15049	452	L
Allium_schoenoprasum	mito	nad5	2	176656	13	F
Allium_schoenoprasum	mito	nad5	2	176782	55	F
Allium_schoenoprasum	mito	nad5	2	177013	132	F
Allium_schoenoprasum	mito	nad5	2	177060	148	F
Allium_schoenoprasum	mito	nad5	2	177073	152	V
Allium_schoenoprasum	mito	nad5	2	177105	163	W
Allium_schoenoprasum	mito	nad5	2	177247	210	F
Allium_schoenoprasum	mito	nad5	2	177784	452	L
Juncus_effusus	mito	rps3	2	63726	454	F
Juncus_effusus	mito	rps3	2	64869	88	Y
Halimione_portulacoides	mito	nad5	2	294119	55	F
Halimione_portulacoides	mito	nad5	2	294159	42	F
Halimione_portulacoides	mito	nad5	5	90609	39	C
Ptilidium_ciliare	mito	nad2	3	137052	51	F
Rorippa_sylvestris	mito	rps3	2	72218	460	C
Rorippa_sylvestris	mito	rps3	2	72233	455	W
Rorippa_sylvestris	mito	rps3	2	72359	411	C
Rorippa_sylvestris	mito	rps3	2	73400	74	W
Rorippa_sylvestris	mito	rps3	2	73450	61	M
Rorippa_sylvestris	mito	rps3	2	73544	27	W
Thuidium_tamariscinum	mito	rps3	1	21576	16	C
Vicia_cracca	mito	nad2	2	299359	20	W
Vicia_cracca	mito	nad2	3	436262	32	F
Vicia_cracca	mito	nad2	3	436357	0	L
Platanus_orientalis	mito	nad1	1	460234	127	W
Platanus_orientalis	mito	nad1	2	100337	17	F
Platanus_orientalis	mito	nad1	4	86982	2	V
Platanus_orientalis	mito	nad1	4	87006	10	V
Eryngium_maritimum	mito	nad5	2	50279	13	F
Eryngium_maritimum	mito	nad5	2	50405	55	F
Eryngium_maritimum	mito	nad5	2	50636	132	F
Eryngium_maritimum	mito	nad5	2	50683	148	F
Eryngium_maritimum	mito	nad5	4	156518	32	C
Neckera_pumila	mito	rps3	1	40835	9	V
Fontinalis_squamosa	mito	nad1	4	28832	18	V
Tilia_cordata	mito	rps3	2	248243	74	W
Tilia_cordata	mito	rps3	2	249446	460	C
Galium_saxatile	mito	nad1	4	89491	17	V
Galium_saxatile	mito	nad1	4	89518	8	V
Sherardia_arvensis	mito	nad1	4	52018	17	V
Sherardia_arvensis	mito	nad1	4	52045	8	V
Lactuca_saligna	mito	nad1	4	266191	17	V
Lactuca_saligna	mito	nad1	4	266218	8	V
Salix_myrsinifolia	mito	nad5	2	481107	42	F
Salix_myrsinifolia	mito	nad5	2	481147	55	F
Salix_myrsinifolia	mito	nad5	2	481378	132	F
Salix_myrsinifolia	mito	nad5	2	481425	148	F
Rosa_agrestis	mito	nad1	2	61791	36	F
Rosa_agrestis	mito	nad1	4	157778	8	V
Barbarea_vulgaris	mito	rps3	2	117859	27	W
Barbarea_vulgaris	mito	rps3	2	117953	61	M
Barbarea_vulgaris	mito	rps3	2	118003	74	W
Barbarea_vulgaris	mito	rps3	2	119044	411	C
Barbarea_vulgaris	mito	rps3	2	119170	455	W
Barbarea_vulgaris	mito	rps3	2	119185	460	C
Convolvulus_arvensis	mito	nad5	2	222130	132	F
Convolvulus_arvensis	mito	nad5	2	222361	55	F
Convolvulus_arvensis	mito	nad5	4	158728	32	C
Marsupella_aquatica	mito	nad1	2	50356	0	F
Ranunculus_acris	mito	nad1	4	355814	17	V
Ranunculus_acris	mito	nad1	4	355841	8	V
Euphrasia_nemorosa	mito	rps3	2	306419	68	M
Alchemilla_alpina	mito	nad2	3	54695	52	*
Scorzonera_humilis	mito	nad1	4	321503	17	V
Scorzonera_humilis	mito	nad1	4	321530	8	V
Bazzania_tricrenata	mito	nad2	3	84183	7	Y
Petasites_albus	mito	nad2	3	69938	12	L
Arum_italicum	mito	rps3	2	443088	509	I
Galium_uliginosum	mito	nad1	4	109377	17	V
Galium_uliginosum	mito	nad1	4	109404	8	V
Hieracium_snowdoniense	mito	rps3	2	193239	180	F
Hieracium_snowdoniense	mito	rps3	2	193638	314	W
Hieracium_snowdoniense	mito	rps3	2	193687	329	M
Hieracium_snowdoniense	mito	rps3	2	194010	431	F
Vicia_sativa	mito	nad5	2	373946	214	M
Vicia_sativa	mito	nad5	2	373958	210	F
Vicia_sativa	mito	nad5	2	374145	148	F
Vicia_sativa	mito	nad5	2	374192	132	F
Vicia_sativa	mito	nad5	2	374423	55	F
Vicia_sativa	mito	nad5	2	374463	42	F
Vicia_sativa	mito	nad5	2	374549	13	F
Galega_officinalis	mito	nad2	2	120573	20	W
Leontodon_saxatilis	mito	nad1	4	103373	17	V
Leontodon_saxatilis	mito	nad1	4	103400	8	V
Bellardia_viscosa	mito	rps3	2	455497	68	M
Lathyrus_nissolia	mito	nad2	2	143613	20	W
Trifolium_repens	mito	nad1	4	131820	11	V
Trifolium_repens	mito	nad1	5	130751	43	C
Erica_ciliaris	mito	nad1	4	76624	17	L
Erica_ciliaris	mito	nad1	4	76645	10	V
Senecio_vulgaris	mito	rps3	2	208828	180	F
Senecio_vulgaris	mito	rps3	2	209236	314	W
Senecio_vulgaris	mito	rps3	2	209291	329	M
Senecio_vulgaris	mito	rps3	2	209614	431	F
Hedera_hibernica	mito	nad1	2	143569	17	F
Hedera_hibernica	mito	nad1	4	44775	10	V
Hedera_hibernica	mito	nad1	4	44796	17	L
Aristolochia_clematitis	mito	nad5	2	269305	317	L
Aristolochia_clematitis	mito	nad5	2	269395	287	L
Aristolochia_clematitis	mito	nad5	2	269561	235	Y
Aristolochia_clematitis	mito	nad5	4	190628	32	C
Potentilla_anserina	mito	rps3	2	125723	487	Y
Potentilla_anserina	mito	rps3	2	125816	460	C
Potentilla_anserina	mito	rps3	2	126674	184	W
Salix_viminalis	mito	nad1	4	279149	8	V
Viola_hirta	mito	nad1	4	335843	17	V
Viola_hirta	mito	nad1	4	335870	8	V
Lysimachia_vulgaris	mito	nad5	2	246890	148	F
Lysimachia_vulgaris	mito	nad5	2	246937	132	F
Lysimachia_vulgaris	mito	nad5	2	247168	55	F
Lysimachia_vulgaris	mito	nad5	4	65665	32	C
Malus_domestica	mito	nad1	4	93212	11	V
Polytrichum_commune	mito	nad1	2	61505	38	*
Spirodela_polyrhiza	mito	nad1	4	111483	17	L
Ligusticum_scoticum	mito	nad2	3	122645	12	L
Salix_reticulata	mito	nad5	2	470664	148	F
Salix_reticulata	mito	nad5	2	470711	132	F
Salix_reticulata	mito	nad5	2	470942	55	F
Salix_reticulata	mito	nad5	2	470982	42	F
Geum_urbanum	mito	rps3	2	281424	483	C
Geum_urbanum	mito	rps3	2	281505	460	C
Astragalus_danicus	mito	nad5	2	37286	13	F
Astragalus_danicus	mito	nad5	2	37372	42	F
Astragalus_danicus	mito	nad5	2	37412	55	F
Astragalus_danicus	mito	nad5	2	37643	132	F
Astragalus_danicus	mito	nad5	2	37690	148	F
Astragalus_danicus	mito	nad5	2	37877	210	F
Astragalus_danicus	mito	nad5	2	37889	214	M
Polygala_serpyllifolia	mito	nad5	2	41494	13	F
Polygala_serpyllifolia	mito	nad5	2	41580	42	F
Polygala_serpyllifolia	mito	nad5	2	41620	55	F
Polygala_serpyllifolia	mito	nad5	2	41851	132	F
Polygala_serpyllifolia	mito	nad5	2	41898	148	F
Polygala_serpyllifolia	mito	nad5	2	42085	210	F
Polygala_serpyllifolia	mito	nad5	2	42097	214	M
Arabis_hirsuta	mito	nad1	1	139879	127	W
Trifolium_occidentale	mito	nad5	2	61640	214	M
Trifolium_occidentale	mito	nad5	2	61652	210	F
Trifolium_occidentale	mito	nad5	2	61839	148	F
Trifolium_occidentale	mito	nad5	2	61886	132	F
Trifolium_occidentale	mito	nad5	2	62117	55	F
Trifolium_occidentale	mito	nad5	2	62157	42	F
Trifolium_occidentale	mito	nad5	2	62243	13	F
Petasites_fragrans	mito	nad2	3	61763	12	L
Myrrhis_odorata	mito	nad5	2	257700	148	F
Myrrhis_odorata	mito	nad5	2	257747	132	F
Myrrhis_odorata	mito	nad5	2	257978	55	F
Myrrhis_odorata	mito	nad5	2	258104	13	F
Myrrhis_odorata	mito	nad5	4	118301	32	C
Hyocomium_armoricum	mito	nad1	4	102483	1	V
Hyocomium_armoricum	mito	nad1	4	102501	7	F
Trifolium_strictum	mito	nad1	4	68222	11	V
Trifolium_strictum	mito	nad1	5	67151	43	C
Armoracia_rusticana	mito	nad5	2	311520	13	F
Armoracia_rusticana	mito	nad5	2	311606	42	F
Armoracia_rusticana	mito	nad5	2	311646	55	F
Armoracia_rusticana	mito	nad5	2	311877	132	F
Armoracia_rusticana	mito	nad5	2	311924	148	F
Armoracia_rusticana	mito	nad5	2	312111	210	F
Armoracia_rusticana	mito	nad5	2	312123	214	M
Armoracia_rusticana	mito	nad5	2	312648	452	L
Cerastium_fontanum	mito	nad1	4	270438	7	V
Jacobaea_erucifolia	mito	nad5	2	224698	152	V
Jacobaea_erucifolia	mito	nad5	2	224711	148	F
Jacobaea_erucifolia	mito	nad5	2	224758	132	F
Jacobaea_erucifolia	mito	nad5	2	224989	55	F
Jacobaea_erucifolia	mito	nad5	2	225115	13	F
Jacobaea_erucifolia	mito	nad5	4	106821	32	C
Melilotus_altissimus	mito	nad1	4	99277	11	V
Melilotus_altissimus	mito	nad1	5	100345	43	C
Homogyne_alpina	mito	nad5	2	113096	13	F
Homogyne_alpina	mito	nad5	2	113222	55	F
Homogyne_alpina	mito	nad5	2	113453	132	F
Homogyne_alpina	mito	nad5	2	113500	148	F
Homogyne_alpina	mito	nad5	2	113513	152	V
Homogyne_alpina	mito	nad5	4	162176	32	C
Tripleurospermum_maritimum	mito	nad5	2	206984	152	V
Tripleurospermum_maritimum	mito	nad5	2	206997	148	F
Tripleurospermum_maritimum	mito	nad5	2	207044	132	F
Tripleurospermum_maritimum	mito	nad5	2	207275	55	F
Tripleurospermum_maritimum	mito	nad5	2	207401	13	F
Tripleurospermum_maritimum	mito	nad5	4	212696	32	C
Hypericum_pulchrum	mito	nad1	4	115725	17	V
Knautia_arvensis	mito	nad1	4	83240	16	V
Viburnum_lantana	mito	nad1	4	457872	17	L
Viburnum_lantana	mito	nad1	4	457893	10	V
Leontodon_hispidus	mito	nad5	2	213127	13	F
Leontodon_hispidus	mito	nad5	2	213253	55	F
Leontodon_hispidus	mito	nad5	2	213484	132	F
Leontodon_hispidus	mito	nad5	2	213531	148	F
Leontodon_hispidus	mito	nad5	2	213544	152	V
Leontodon_hispidus	mito	nad5	4	50266	32	C
Jacobaea_maritima	mito	nad1	4	69440	8	V
Jacobaea_maritima	mito	nad1	4	69467	17	V
Lotus_corniculatus	mito	nad1	4	23378	11	V
Petasites_albus	mito	rps3	2	18583	431	F
Petasites_albus	mito	rps3	2	18906	329	M
Petasites_albus	mito	rps3	2	18961	314	W
Petasites_albus	mito	rps3	2	19369	180	F
Potentilla_anglica	mito	nad5	2	3707	13	F
Potentilla_anglica	mito	nad5	2	3793	42	F
Potentilla_anglica	mito	nad5	2	3833	55	F
Potentilla_anglica	mito	nad5	2	4064	132	F
Potentilla_anglica	mito	nad5	2	4298	210	F
Potentilla_anglica	mito	nad5	2	4310	214	M
Potentilla_anglica	mito	nad5	2	4835	452	L
Potentilla_anglica	mito	nad5	4	97794	32	C
Ptychomitrium_polyphyllum	mito	rps3	1	23555	9	V
Galega_officinalis	mito	nad5	2	31510	214	M
Galega_officinalis	mito	nad5	2	31522	210	F
Galega_officinalis	mito	nad5	2	31709	148	F
Galega_officinalis	mito	nad5	2	31756	132	F
Galega_officinalis	mito	nad5	2	31987	55	F
Galega_officinalis	mito	nad5	2	32027	42	F
Galega_officinalis	mito	nad5	2	32113	13	F
Torilis_japonica	mito	nad1	1	267628	127	W
Torilis_japonica	mito	nad1	4	192682	17	V
Torilis_japonica	mito	nad1	4	192709	8	V
Carduus_nutans	mito	nad1	4	31646	10	V
Carduus_nutans	mito	nad1	4	31667	17	L
Centaurea_nigra	mito	rps3	2	43636	431	F
Centaurea_nigra	mito	rps3	2	43959	329	M
Centaurea_nigra	mito	rps3	2	44014	314	W
Centaurea_nigra	mito	rps3	2	44422	180	F
Prunus_avium	mito	rps3	2	111054	512	W
Prunus_avium	mito	rps3	2	111246	460	C
Artemisia_campestris	mito	nad5	2	48719	152	V
Artemisia_campestris	mito	nad5	2	48732	148	F
Artemisia_campestris	mito	nad5	2	48779	132	F
Artemisia_campestris	mito	nad5	2	49010	55	F
Artemisia_campestris	mito	nad5	2	49136	13	F
Artemisia_campestris	mito	nad5	4	147203	32	C
Exsertotheca_crispa	mito	nad1	2	32995	38	*
Sparganium_erectum	mito	nad2	3	190702	48	C
Myriophyllum_spicatum	mito	nad2	4	306463	170	L
Epilobium_ciliatum	mito	rps3	2	324235	512	M
Euphrasia_nemorosa	mito	nad5	2	289657	148	F
Euphrasia_nemorosa	mito	nad5	2	289704	132	F
Euphrasia_nemorosa	mito	nad5	2	289935	55	F
Euphrasia_nemorosa	mito	nad5	2	289974	42	F
Euphrasia_nemorosa	mito	nad5	4	279823	32	C
Reynoutria_japonica	mito	nad5	2	112951	214	M
Reynoutria_japonica	mito	nad5	2	113197	132	F
Reynoutria_japonica	mito	nad5	2	113428	55	F
Reynoutria_japonica	mito	nad5	2	113468	42	F
Reynoutria_japonica	mito	nad5	2	113554	13	F
Jasione_montana	mito	nad1	4	317488	15	V
Ilex_aquifolium	mito	nad1	1	101138	127	W
Ilex_aquifolium	mito	nad1	2	17074	17	F
Bellis_perennis	mito	rps3	2	11459	431	F
Bellis_perennis	mito	rps3	2	11870	314	W
Bellis_perennis	mito	rps3	2	12269	180	F
Syringa_vulgaris	mito	nad1	1	128713	127	W
Syringa_vulgaris	mito	nad1	4	146130	16	V
Arum_maculatum	mito	nad2	2	26803	29	F
Carduus_nutans	mito	rps3	2	255744	180	F
Carduus_nutans	mito	rps3	2	255951	245	C
Carduus_nutans	mito	rps3	2	256152	314	W
Carduus_nutans	mito	rps3	2	256207	329	M
Carduus_nutans	mito	rps3	2	256530	431	F
Malus_x_robusta	mito	nad2	3	275561	1	F
Hippuris_vulgaris	mito	nad5	2	32250	42	F
Hippuris_vulgaris	mito	nad5	2	32289	55	F
Hippuris_vulgaris	mito	nad5	2	32520	132	F
Hippuris_vulgaris	mito	nad5	2	32567	148	F
Hippuris_vulgaris	mito	nad5	4	23937	32	C
Hippuris_vulgaris	mito	nad5	5	25418	39	C
Matricaria_discoidea	mito	nad5	2	21290	152	V
Matricaria_discoidea	mito	nad5	2	21303	148	F
Matricaria_discoidea	mito	nad5	2	21350	132	F
Matricaria_discoidea	mito	nad5	2	21581	55	F
Matricaria_discoidea	mito	nad5	2	21707	13	F
Matricaria_discoidea	mito	nad5	4	93372	32	C
Sphagnum_papillosum	mito	nad1	4	10114	1	V
Sphagnum_papillosum	mito	nad1	4	10135	8	V
Dryas_octopetala	mito	nad2	3	272595	33	Y
Mercurialis_annua	mito	nad1	4	249080	8	V
Mercurialis_annua	mito	nad1	4	249107	17	V
Tripleurospermum_maritimum	mito	nad1	4	127693	8	V
Tripleurospermum_maritimum	mito	nad1	4	127720	17	V
Potamogeton_compressus	mito	nad5	2	174820	65	V
Potamogeton_compressus	mito	nad5	2	175104	235	Y
Potamogeton_compressus	mito	nad5	2	175270	287	L
Potamogeton_compressus	mito	nad5	2	175677	420	F
Potamogeton_compressus	mito	nad5	4	98675	56	L
Potamogeton_compressus	mito	nad5	5	97457	39	C
Euphrasia_nemorosa	mito	nad1	1	7897	127	W
Euphrasia_nemorosa	mito	nad1	2	168091	17	F
Pilosella_officinarum	mito	nad5	2	179711	152	V
Pilosella_officinarum	mito	nad5	2	179724	148	F
Pilosella_officinarum	mito	nad5	2	179771	132	F
Pilosella_officinarum	mito	nad5	2	180002	55	F
Pilosella_officinarum	mito	nad5	2	180128	13	F
Pilosella_officinarum	mito	nad5	4	341915	32	C
Lathyrus_sylvestris	mito	nad2	2	384498	20	W
Lathyrus_sylvestris	mito	nad2	3	170150	32	F
Lathyrus_sylvestris	mito	nad2	3	170245	0	L
Eriocaulon_aquaticum	mito	nad2	5	180898	80	*
Ononis_repens	mito	rps3	2	62354	460	C
Lamium_album	mito	nad5	2	138520	42	F
Lamium_album	mito	nad5	2	138559	55	F
Lamium_album	mito	nad5	2	138790	132	F
Lamium_album	mito	nad5	2	138837	148	F
Lamium_album	mito	nad5	4	213392	32	C
Ballota_nigra	mito	nad2	3	119767	33	Y
Trifolium_subterraneum	mito	nad5	2	98846	13	F
Trifolium_subterraneum	mito	nad5	2	98932	42	F
Trifolium_subterraneum	mito	nad5	2	98972	55	F
Trifolium_subterraneum	mito	nad5	2	99203	132	F
Trifolium_subterraneum	mito	nad5	2	99250	148	F
Trifolium_subterraneum	mito	nad5	2	99437	210	F
Trifolium_subterraneum	mito	nad5	2	99449	214	M
Sisymbrium_officinale	mito	nad5	2	237552	13	F
Sisymbrium_officinale	mito	nad5	2	237638	42	F
Sisymbrium_officinale	mito	nad5	2	237678	55	F
Sisymbrium_officinale	mito	nad5	2	237909	132	F
Sisymbrium_officinale	mito	nad5	2	237956	148	F
Sisymbrium_officinale	mito	nad5	2	238143	210	F
Sisymbrium_officinale	mito	nad5	2	238155	214	M
Sisymbrium_officinale	mito	nad5	2	238680	452	L
Carex_spicata	mito	nad5	2	610405	452	L
Acaena_ovalifolia	mito	nad5	2	4914	509	F
Acaena_ovalifolia	mito	nad5	2	6035	65	V
Acaena_ovalifolia	mito	nad5	2	6098	48	M
Acaena_ovalifolia	mito	nad5	4	22139	32	C
Tofieldia_pusilla	mito	rps3	2	125811	374	M
Scrophularia_umbrosa	mito	nad1	1	580809	127	W
Scrophularia_umbrosa	mito	nad1	2	600682	17	F
Nymphoides_peltata	mito	rps3	2	33075	487	Y
Nymphoides_peltata	mito	rps3	2	33584	329	M
Nymphoides_peltata	mito	rps3	2	33639	314	W
Nymphoides_peltata	mito	rps3	2	34038	180	F
Hieracium_attenboroughianum	mito	nad1	1	97819	127	W
Hieracium_attenboroughianum	mito	nad1	4	242176	8	V
Hieracium_attenboroughianum	mito	nad1	4	242203	17	V
Fissidens_adianthoides	mito	rps3	1	28741	9	V
Fissidens_adianthoides	mito	rps3	1	28760	3	W
Ononis_repens	mito	nad5	2	300114	13	F
Ononis_repens	mito	nad5	2	300200	42	F
Ononis_repens	mito	nad5	2	300240	55	F
Ononis_repens	mito	nad5	2	300471	132	F
Ononis_repens	mito	nad5	2	300518	148	F
Ononis_repens	mito	nad5	2	300705	210	F
Ononis_repens	mito	nad5	2	300717	214	M
Pilosella_aurantiaca	mito	nad1	1	188797	127	W
Pilosella_aurantiaca	mito	nad1	4	252772	8	V
Pilosella_aurantiaca	mito	nad1	4	252799	17	V
Anagallis_arvensis	mito	rps3	2	327002	383	F
Aria_edulis	mito	nad5	2	58089	13	F
Aria_edulis	mito	nad5	2	58175	42	F
Aria_edulis	mito	nad5	2	58215	55	F
Aria_edulis	mito	nad5	2	58446	132	F
Aria_edulis	mito	nad5	2	58680	210	F
Aria_edulis	mito	nad5	2	58692	214	M
Aria_edulis	mito	nad5	2	59217	452	L
Aria_edulis	mito	nad5	4	321979	32	C
Astragalus_alpinus	mito	rps3	2	184917	460	C
Astragalus_alpinus	mito	rps3	2	185796	179	F
Achillea_ptarmica	mito	nad5	2	94287	13	F
Achillea_ptarmica	mito	nad5	2	94413	55	F
Achillea_ptarmica	mito	nad5	2	94644	132	F
Achillea_ptarmica	mito	nad5	2	94691	148	F
Achillea_ptarmica	mito	nad5	2	94704	152	V
Achillea_ptarmica	mito	nad5	4	89007	32	C
Logfia_minima	mito	nad5	2	68352	152	V
Logfia_minima	mito	nad5	2	68365	148	F
Logfia_minima	mito	nad5	2	68412	132	F
Logfia_minima	mito	nad5	2	68643	55	F
Logfia_minima	mito	nad5	2	68769	13	F
Logfia_minima	mito	nad5	4	77192	32	C
Salix_cinerea	mito	nad2	3	407688	12	L
Andreaea_rupestris	mito	nad1	2	107484	38	*
Scilla_verna	mito	nad5	2	88604	452	L
Scilla_verna	mito	nad5	2	89141	210	F
Scilla_verna	mito	nad5	2	89283	163	W
Scilla_verna	mito	nad5	2	89315	152	V
Scilla_verna	mito	nad5	2	89328	148	F
Scilla_verna	mito	nad5	2	89375	132	F
Scilla_verna	mito	nad5	2	89606	55	F
Scilla_verna	mito	nad5	2	89732	13	F
Scabiosa_columbaria	mito	nad1	4	152856	16	V
Tragopogon_pratensis	mito	nad5	2	15864	13	F
Tragopogon_pratensis	mito	nad5	2	15990	55	F
Tragopogon_pratensis	mito	nad5	2	16221	132	F
Tragopogon_pratensis	mito	nad5	2	16268	148	F
Tragopogon_pratensis	mito	nad5	2	16281	152	V
Tragopogon_pratensis	mito	nad5	4	84493	32	C
Cotoneaster_horizontalis	mito	nad1	4	56565	11	V
Lamium_purpureum	mito	nad5	2	13704	148	F
Lamium_purpureum	mito	nad5	2	13751	132	F
Lamium_purpureum	mito	nad5	2	13982	55	F
Lamium_purpureum	mito	nad5	2	14021	42	F
Lamium_purpureum	mito	nad5	4	55612	32	C
Prunus_avium	mito	nad1	4	116935	11	V
Calliergonella_cuspidata	mito	rps3	1	41460	9	V
Prunus_spinosa	mito	rps3	2	352339	460	C
Prunus_spinosa	mito	rps3	2	352523	515	I
Epilobium_ciliatum	mito	nad1	1	179081	127	W
Epilobium_ciliatum	mito	nad1	4	414929	16	V
Scapania_uliginosa	mito	nad2	3	46130	19	F
Pteridium_aquilinum	mito	rps3	1	114759	22	C
Pteridium_aquilinum	mito	rps3	1	114777	16	C
Pteridium_aquilinum	mito	rps3	1	114801	8	C
Pteridium_aquilinum	mito	rps3	1	114822	1	C
Dicranum_flexicaule	mito	rps3	1	54382	9	V
Primula_vulgaris	mito	nad5	2	153657	148	F
Primula_vulgaris	mito	nad5	2	153704	132	F
Primula_vulgaris	mito	nad5	2	153935	55	F
Primula_vulgaris	mito	nad5	4	4010	32	C
Carex_leporina	mito	nad5	2	1172488	452	L
Sparganium_natans	mito	nad1	4	13422	15	V
Fissidens_bryoides	mito	rps3	1	48037	9	V
Fissidens_bryoides	mito	rps3	1	48056	3	W
Salix_purpurea	mito	nad2	3	464028	12	L
Sphagnum_teres	mito	nad1	4	14760	1	V
Sphagnum_teres	mito	nad1	4	14781	8	V
Arrhenatherum_elatius	mito	nad1	5	290817	19	F
Sanicula_europaea	mito	rps3	2	20977	179	F
Sanicula_europaea	mito	rps3	2	21253	269	W
Sanicula_europaea	mito	rps3	2	21397	314	W
Sanicula_europaea	mito	rps3	2	21427	323	C
Circaea_lutetiana	mito	nad1	1	202807	127	W
Circaea_lutetiana	mito	nad1	4	100528	0	V
Circaea_lutetiana	mito	nad1	4	100558	10	V
Circaea_lutetiana	mito	nad1	4	100579	17	L
Salix_herbacea	mito	nad5	2	389278	42	F
Salix_herbacea	mito	nad5	2	389318	55	F
Salix_herbacea	mito	nad5	2	389549	132	F
Salix_herbacea	mito	nad5	2	389596	148	F
Salix_viminalis	mito	nad5	2	333262	148	F
Salix_viminalis	mito	nad5	2	333309	132	F
Salix_viminalis	mito	nad5	2	333540	55	F
Salix_viminalis	mito	nad5	2	333580	42	F
Sorbus_bristoliensis	mito	nad5	2	225639	13	F
Sorbus_bristoliensis	mito	nad5	2	225725	42	F
Sorbus_bristoliensis	mito	nad5	2	225765	55	F
Sorbus_bristoliensis	mito	nad5	2	225996	132	F
Sorbus_bristoliensis	mito	nad5	2	226230	210	F
Sorbus_bristoliensis	mito	nad5	2	226242	214	M
Sorbus_bristoliensis	mito	nad5	2	226767	452	L
Sorbus_bristoliensis	mito	nad5	4	148545	32	C
Veronica_verna	mito	nad5	2	17570	42	F
Veronica_verna	mito	nad5	2	17609	55	F
Veronica_verna	mito	nad5	2	17840	132	F
Veronica_verna	mito	nad5	2	17887	148	F
Veronica_verna	mito	nad5	4	298767	32	C
Veronica_verna	mito	nad5	5	300182	39	C
Arabis_alpina	mito	nad1	1	265524	127	W
Sedum_anglicum	mito	nad5	2	200714	13	F
Sedum_anglicum	mito	nad5	2	200840	55	F
Sedum_anglicum	mito	nad5	2	201071	132	F
Sedum_anglicum	mito	nad5	2	201118	148	F
Sedum_anglicum	mito	nad5	2	201305	210	F
Sedum_anglicum	mito	nad5	2	201317	214	M
Sedum_anglicum	mito	nad5	4	5304	32	C
Alisma_plantago_aquatica	mito	nad2	3	73366	5	W
Alisma_plantago_aquatica	mito	nad2	4	33106	81	L
Alisma_plantago_aquatica	mito	nad2	4	33274	131	L
Sibthorpia_europaea	mito	nad5	2	125277	42	F
Sibthorpia_europaea	mito	nad5	2	125316	55	F
Sibthorpia_europaea	mito	nad5	2	125547	132	F
Sibthorpia_europaea	mito	nad5	2	125594	148	F
Sibthorpia_europaea	mito	nad5	5	28737	39	C
Geum_urbanum	mito	nad1	4	298996	8	V
Geum_urbanum	mito	nad1	4	299023	17	V
Lithospermum_officinale	mito	nad1	4	63503	16	V
Aethusa_cynapium	mito	nad5	2	61042	13	F
Aethusa_cynapium	mito	nad5	2	61168	55	F
Aethusa_cynapium	mito	nad5	2	61399	132	F
Aethusa_cynapium	mito	nad5	2	61446	148	F
Aethusa_cynapium	mito	nad5	4	129691	32	C
Salix_cinerea	mito	nad1	4	345550	8	V
Tanacetum_parthenium	mito	nad2	3	113111	4	L
Cytisus_scoparius	mito	nad1	4	229803	15	V
Cytisus_scoparius	mito	nad1	4	229812	12	V
Cytisus_scoparius	mito	nad1	5	229309	43	C
Myriophyllum_alterniflorum	mito	rps3	1	305219	12	W
Ulex_minor	mito	nad5	2	67941	214	M
Ulex_minor	mito	nad5	2	67953	210	F
Ulex_minor	mito	nad5	2	68140	148	F
Ulex_minor	mito	nad5	2	68187	132	F
Ulex_minor	mito	nad5	2	68418	55	F
Ulex_minor	mito	nad5	2	68458	42	F
Ulex_minor	mito	nad5	2	68544	13	F
Trifolium_campestre	mito	nad2	2	74187	20	W
Trifolium_campestre	mito	nad2	3	84434	32	F
Trifolium_campestre	mito	nad2	3	84529	0	L
Acer_campestre	mito	rps3	2	92303	74	W
Acer_campestre	mito	rps3	2	92646	180	F
Acer_campestre	mito	rps3	2	93542	460	C
Oenanthe_crocata	mito	nad1	4	66879	12	V
Oenanthe_crocata	mito	nad1	4	66891	8	F
Oxyria_digyna	mito	nad1	1	199121	127	W
Glaux_maritima	mito	nad5	2	13824	55	F
Glaux_maritima	mito	nad5	2	14055	132	F
Glaux_maritima	mito	nad5	2	14102	148	F
Rubus_chamaemorus	mito	rps3	2	798	460	C
Lunaria_annua	mito	nad5	2	91895	13	F
Lunaria_annua	mito	nad5	2	91981	42	F
Lunaria_annua	mito	nad5	2	92021	55	F
Lunaria_annua	mito	nad5	2	92252	132	F
Lunaria_annua	mito	nad5	2	92299	148	F
Lunaria_annua	mito	nad5	2	92486	210	F
Lunaria_annua	mito	nad5	2	92498	214	M
Lunaria_annua	mito	nad5	2	93023	452	L
Marsupella_emarginata	mito	nad1	2	50599	0	F
Myriophyllum_spicatum	mito	nad5	1	31401	51	L
Myriophyllum_spicatum	mito	nad5	2	29835	214	M
Myriophyllum_spicatum	mito	nad5	2	30034	148	F
Myriophyllum_spicatum	mito	nad5	2	30081	132	F
Myriophyllum_spicatum	mito	nad5	2	30312	55	F
Myriophyllum_spicatum	mito	nad5	2	30352	42	F
Myriophyllum_spicatum	mito	nad5	2	30438	13	F
Myriophyllum_spicatum	mito	nad5	4	5629	32	C
Myriophyllum_spicatum	mito	nad5	4	5658	23	L
Myriophyllum_spicatum	mito	nad5	4	5661	22	L
Erythranthe_lutea	mito	nad1	1	96239	127	W
Draba_verna	mito	nad5	2	261559	452	L
Draba_verna	mito	nad5	2	262084	214	M
Draba_verna	mito	nad5	2	262096	210	F
Draba_verna	mito	nad5	2	262283	148	F
Draba_verna	mito	nad5	2	262330	132	F
Draba_verna	mito	nad5	2	262561	55	F
Draba_verna	mito	nad5	2	262601	42	F
Draba_verna	mito	nad5	2	262687	13	F
Asparagus_officinalis	mito	rps3	2	74862	141	F
Potamogeton_nodosus	mito	nad5	2	68707	65	V
Potamogeton_nodosus	mito	nad5	2	68991	235	Y
Potamogeton_nodosus	mito	nad5	2	69157	287	L
Potamogeton_nodosus	mito	nad5	2	69390	364	C
Potamogeton_nodosus	mito	nad5	2	69564	420	F
Potamogeton_nodosus	mito	nad5	4	148800	56	L
Potamogeton_nodosus	mito	nad5	5	147577	39	C
Salix_repens	mito	nad2	3	169659	12	L
Persicaria_maculosa	mito	nad5	2	163753	214	M
Persicaria_maculosa	mito	nad5	2	163999	132	F
Persicaria_maculosa	mito	nad5	2	164230	55	F
Persicaria_maculosa	mito	nad5	2	164270	42	F
Persicaria_maculosa	mito	nad5	2	164356	13	F
Pogonatum_aloides	mito	nad2	3	103464	7	Y
Lamium_galeobdolon	mito	nad1	2	175790	17	F
Acer_pseudoplatanus	mito	nad1	1	402286	127	W
Limonium_binervosum	mito	nad5	5	99161	39	C
Filago_lutescens	mito	rps3	2	147980	431	F
Filago_lutescens	mito	rps3	2	148303	329	M
Filago_lutescens	mito	rps3	2	148358	314	W
Filago_lutescens	mito	rps3	2	148766	180	F
Palustriella_falcata	mito	rps3	1	19707	9	V
Potamogeton_alpinus	mito	nad1	4	98293	8	V
Ranunculus_acris	mito	nad2	3	797581	5	W
Douinia_ovata	mito	nad2	3	1192	4	L
Cicerbita_macrophylla	mito	nad2	3	283699	1	F
Crataegus_monogyna	mito	nad1	4	261305	11	V
Chamaenerion_angustifolium	mito	nad1	1	286002	127	W
Chamaenerion_angustifolium	mito	nad1	4	127565	17	V
Chamaenerion_angustifolium	mito	nad1	4	127592	8	V
Bazzania_trilobata	mito	nad5	1	135287	75	F
Pseudotaxiphyllum_elegans	mito	nad1	4	100806	1	V
Pseudotaxiphyllum_elegans	mito	nad1	4	100824	7	F
Herbertus_hutchinsiae	mito	nad1	4	19927	1	V
Sedum_album	mito	nad1	2	141714	17	F
Sedum_album	mito	nad1	4	141312	17	V
Sedum_album	mito	nad1	4	141339	8	V
Pulicaria_vulgaris	mito	rps3	2	29825	431	F
Pulicaria_vulgaris	mito	rps3	2	30148	329	M
Pulicaria_vulgaris	mito	rps3	2	30203	314	W
Pulicaria_vulgaris	mito	rps3	2	30611	180	F
Thymus_serpyllum	mito	nad5	2	96028	148	F
Thymus_serpyllum	mito	nad5	2	96075	132	F
Thymus_serpyllum	mito	nad5	2	96306	55	F
Thymus_serpyllum	mito	nad5	2	96345	42	F
Thymus_serpyllum	mito	nad5	4	351198	32	C
Thymus_serpyllum	mito	nad5	5	352628	39	C
Artemisia_campestris	mito	rps3	2	42251	180	F
Artemisia_campestris	mito	rps3	2	42659	314	W
Artemisia_campestris	mito	rps3	2	42714	329	M
Artemisia_campestris	mito	rps3	2	43037	431	F
Artemisia_campestris	mito	rps3	2	43284	507	M
Claytonia_perfoliata	mito	nad5	2	193555	132	F
Claytonia_perfoliata	mito	nad5	2	193786	55	F
Claytonia_perfoliata	mito	nad5	2	193826	42	F
Claytonia_perfoliata	mito	nad5	5	72549	39	C
Malva_sylvestris	mito	rps3	2	193129	460	C
Malva_sylvestris	mito	rps3	2	193578	320	F
Malva_sylvestris	mito	rps3	2	194338	74	W
Jacobaea_erucifolia	mito	rps3	2	37291	431	F
Jacobaea_erucifolia	mito	rps3	2	37614	329	M
Jacobaea_erucifolia	mito	rps3	2	37669	314	W
Jacobaea_erucifolia	mito	rps3	2	38077	180	F
Salix_lapponum	mito	nad5	2	356689	148	F
Salix_lapponum	mito	nad5	2	356736	132	F
Salix_lapponum	mito	nad5	2	356967	55	F
Salix_lapponum	mito	nad5	2	357007	42	F
Pilosella_aurantiaca	mito	nad5	2	328008	13	F
Pilosella_aurantiaca	mito	nad5	2	328134	55	F
Pilosella_aurantiaca	mito	nad5	2	328365	132	F
Pilosella_aurantiaca	mito	nad5	2	328412	148	F
Pilosella_aurantiaca	mito	nad5	2	328425	152	V
Pilosella_aurantiaca	mito	nad5	4	95821	32	C
Hieracium_sp_SM_2023a	mito	nad1	1	112488	127	W
Hieracium_sp_SM_2023a	mito	nad1	4	256845	8	V
Hieracium_sp_SM_2023a	mito	nad1	4	256872	17	V
Lathyrus_sylvestris	mito	nad1	4	278584	11	V
Lathyrus_sylvestris	mito	nad1	5	279651	43	C
Hygrohypnum_duriusculum	mito	rps3	1	98196	9	V
Hypnum_cupressiforme	mito	nad1	4	37329	7	F
Hypnum_cupressiforme	mito	nad1	4	37347	1	V
Carex_depauperata	mito	nad5	2	426140	452	L
Descurainia_sophia	mito	rps3	2	222854	27	W
Descurainia_sophia	mito	rps3	2	222948	61	M
Descurainia_sophia	mito	rps3	2	222998	74	W
Descurainia_sophia	mito	rps3	2	224039	411	C
Descurainia_sophia	mito	rps3	2	224165	455	W
Descurainia_sophia	mito	rps3	2	224180	460	C
Luzula_sylvatica	mito	nad5	4	3383	26	L
Neckera_pumila	mito	nad1	2	37351	38	*
Carex_sylvatica	mito	nad2	3	1797569	12	L
Fragaria_vesca	mito	nad1	4	39639	11	V
Potamogeton_pusillus	mito	nad5	2	178271	420	F
Potamogeton_pusillus	mito	nad5	2	178678	287	L
Potamogeton_pusillus	mito	nad5	2	178844	235	Y
Potamogeton_pusillus	mito	nad5	4	78518	56	L
Potamogeton_pusillus	mito	nad5	5	79736	39	C
Robinia_pseudoacacia	mito	nad1	4	79702	11	V
Robinia_pseudoacacia	mito	nad1	5	78634	43	C
Genista_pilosa	mito	nad5	2	322849	13	F
Genista_pilosa	mito	nad5	2	322935	42	F
Genista_pilosa	mito	nad5	2	322975	55	F
Genista_pilosa	mito	nad5	2	323206	132	F
Genista_pilosa	mito	nad5	2	323253	148	F
Genista_pilosa	mito	nad5	2	323440	210	F
Genista_pilosa	mito	nad5	2	323452	214	M
Petasites_hybridus	mito	nad5	2	141377	13	F
Petasites_hybridus	mito	nad5	2	141503	55	F
Petasites_hybridus	mito	nad5	2	141734	132	F
Petasites_hybridus	mito	nad5	2	141781	148	F
Petasites_hybridus	mito	nad5	2	141794	152	V
Petasites_hybridus	mito	nad5	4	256214	32	C
Oenanthe_pimpinelloides	mito	nad5	2	5716	13	F
Oenanthe_pimpinelloides	mito	nad5	2	5842	55	F
Oenanthe_pimpinelloides	mito	nad5	2	6073	132	F
Oenanthe_pimpinelloides	mito	nad5	2	6120	148	F
Oenanthe_pimpinelloides	mito	nad5	4	104685	32	C
Carpinus_betulus	mito	rps3	2	364039	460	C
Carpinus_betulus	mito	rps3	2	365286	60	I
Epilobium_palustre	mito	nad1	1	179173	127	W
Epilobium_palustre	mito	nad1	4	415668	16	V
Hedera_helix	mito	nad5	2	138730	13	F
Hedera_helix	mito	nad5	2	138856	55	F
Hedera_helix	mito	nad5	2	139087	132	F
Hedera_helix	mito	nad5	2	139134	148	F
Hedera_helix	mito	nad5	4	535873	32	C
Malus_sylvestris	mito	rps3	2	406619	460	C
Euphorbia_lathyris	mito	rps3	2	453019	460	C
Euphorbia_lathyris	mito	rps3	2	453037	454	F
Euphorbia_lathyris	mito	rps3	2	454267	74	W
Euphorbia_lathyris	mito	rps3	2	454281	66	M
Dilutineuron_fasciculare	mito	rps3	1	39326	9	V
Angelica_archangelica	mito	nad1	1	228856	127	W
Angelica_archangelica	mito	nad1	4	344875	10	V
Angelica_archangelica	mito	nad1	4	344896	17	L
Prunus_spinosa	mito	nad5	2	67928	42	F
Prunus_spinosa	mito	nad5	2	67968	55	F
Prunus_spinosa	mito	nad5	2	68199	132	F
Prunus_spinosa	mito	nad5	2	68433	210	F
Prunus_spinosa	mito	nad5	2	68445	214	M
Prunus_spinosa	mito	nad5	2	68970	452	L
Prunus_spinosa	mito	nad5	4	168113	32	C
Sedum_acre	mito	rps3	2	29393	88	W
Daphne_mezereum	mito	rps3	2	161031	74	W
Daphne_mezereum	mito	rps3	2	161331	170	W
Daphne_mezereum	mito	rps3	2	162243	460	C
Riccia_beyrichiana	mito	nad1	2	39295	3	C
Nardia_scalaris	mito	nad1	4	15022	9	V
Samolus_valerandi	mito	nad2	3	335713	4	L
Damasonium_alisma	mito	nad2	3	70731	0	L
Damasonium_alisma	mito	nad2	4	64396	131	L
Atriplex_praecox	mito	nad5	2	41737	55	F
Atriplex_praecox	mito	nad5	2	41777	42	F
Potamogeton_perfoliatus	mito	nad5	2	68551	65	V
Potamogeton_perfoliatus	mito	nad5	2	68835	235	Y
Potamogeton_perfoliatus	mito	nad5	2	69001	287	L
Potamogeton_perfoliatus	mito	nad5	2	69234	364	C
Potamogeton_perfoliatus	mito	nad5	2	69408	420	F
Potamogeton_perfoliatus	mito	nad5	4	149673	56	L
Potamogeton_perfoliatus	mito	nad5	5	148450	39	C
Scapania_compacta	mito	nad2	3	42713	19	F
Tanacetum_parthenium	mito	nad1	4	159359	8	V
Tanacetum_parthenium	mito	nad1	4	159386	17	V
Arabis_alpina	mito	rps3	2	237237	61	M
Arabis_alpina	mito	rps3	2	237287	74	W
Arabis_alpina	mito	rps3	2	238328	411	C
Arabis_alpina	mito	rps3	2	238454	455	W
Arabis_alpina	mito	rps3	2	238469	460	C
Malva_arborea	mito	nad5	2	193680	5	V
Ononis_reclinata	mito	nad1	4	117996	11	V
Ononis_reclinata	mito	nad1	5	116927	43	C
Valeriana_officinalis	mito	nad5	2	405866	152	V
Valeriana_officinalis	mito	nad5	2	405879	148	F
Valeriana_officinalis	mito	nad5	2	405926	132	F
Valeriana_officinalis	mito	nad5	2	406157	55	F
Valeriana_officinalis	mito	nad5	2	406283	13	F
Valeriana_officinalis	mito	nad5	4	841371	32	C
Hieracium_sabaudum	mito	rps3	2	288650	180	F
Hieracium_sabaudum	mito	rps3	2	289049	314	W
Hieracium_sabaudum	mito	rps3	2	289098	329	M
Hieracium_sabaudum	mito	rps3	2	289421	431	F
Erica_ciliaris	mito	rps3	2	303335	483	C
Euphorbia_lathyris	mito	nad1	4	857646	17	V
Euphorbia_lathyris	mito	nad1	4	857667	10	V
Lotus_pedunculatus	mito	nad5	2	201956	214	M
Lotus_pedunculatus	mito	nad5	2	201968	210	F
Lotus_pedunculatus	mito	nad5	2	202155	148	F
Lotus_pedunculatus	mito	nad5	2	202202	132	F
Lotus_pedunculatus	mito	nad5	2	202433	55	F
Lotus_pedunculatus	mito	nad5	2	202473	42	F
Lotus_pedunculatus	mito	nad5	2	202559	13	F
Trifolium_strictum	mito	nad2	2	21830	20	W
Trifolium_strictum	mito	nad2	3	210570	7	Y
Dipsacus_fullonum	mito	nad5	2	77630	13	F
Dipsacus_fullonum	mito	nad5	2	77756	55	F
Dipsacus_fullonum	mito	nad5	2	77987	132	F
Dipsacus_fullonum	mito	nad5	2	78034	148	F
Dipsacus_fullonum	mito	nad5	2	78047	152	V
Dipsacus_fullonum	mito	nad5	4	34281	32	C
Alnus_glutinosa	mito	nad5	2	79744	214	M
Alnus_glutinosa	mito	nad5	2	79943	148	F
Alnus_glutinosa	mito	nad5	2	80221	55	F
Alnus_glutinosa	mito	nad5	2	80261	42	F
Alnus_glutinosa	mito	nad5	2	80347	13	F
Senecio_sylvaticus	mito	rps3	2	45186	180	F
Senecio_sylvaticus	mito	rps3	2	45594	314	W
Senecio_sylvaticus	mito	rps3	2	45649	329	M
Senecio_sylvaticus	mito	rps3	2	45972	431	F
Coincya_wrightii	mito	rps3	2	7988	460	C
Coincya_wrightii	mito	rps3	2	8003	455	W
Coincya_wrightii	mito	rps3	2	8129	411	C
Coincya_wrightii	mito	rps3	2	9164	74	W
Coincya_wrightii	mito	rps3	2	9214	61	M
Matthiola_sinuata	mito	rps3	2	188954	61	M
Matthiola_sinuata	mito	rps3	2	189004	74	W
Matthiola_sinuata	mito	rps3	2	190045	411	C
Matthiola_sinuata	mito	rps3	2	190171	455	W
Matthiola_sinuata	mito	rps3	2	190186	460	C
Vicia_hirsuta	mito	nad5	2	227306	214	M
Vicia_hirsuta	mito	nad5	2	227318	210	F
Vicia_hirsuta	mito	nad5	2	227505	148	F
Vicia_hirsuta	mito	nad5	2	227552	132	F
Vicia_hirsuta	mito	nad5	2	227783	55	F
Vicia_hirsuta	mito	nad5	2	227823	42	F
Vicia_hirsuta	mito	nad5	2	227909	13	F
Fissidens_dubius	mito	rps3	1	28759	3	W
Fissidens_dubius	mito	rps3	1	28778	9	V
Ligustrum_vulgare	mito	rps3	2	400892	179	F
Bellis_perennis	mito	nad5	2	240206	152	V
Bellis_perennis	mito	nad5	2	240219	148	F
Bellis_perennis	mito	nad5	2	240266	132	F
Bellis_perennis	mito	nad5	2	240497	55	F
Bellis_perennis	mito	nad5	2	240623	13	F
Bellis_perennis	mito	nad5	4	54133	32	C
Trifolium_pratense	mito	nad2	2	275147	20	W
Trifolium_pratense	mito	nad2	3	176729	0	L
Trifolium_pratense	mito	nad2	3	176824	32	F
Scleranthus_perennis	mito	nad5	2	217497	132	F
Scleranthus_perennis	mito	nad5	2	217728	55	F
Scleranthus_perennis	mito	nad5	2	217768	42	F
Sphagnum_squarrosum	mito	nad1	4	16909	1	V
Sphagnum_squarrosum	mito	nad1	4	16930	8	V
Alliaria_petiolata	mito	rps3	2	7615	74	W
Alliaria_petiolata	mito	rps3	2	8656	411	C
Alliaria_petiolata	mito	rps3	2	8782	455	W
Alliaria_petiolata	mito	rps3	2	8797	460	C
Sonchus_asper	mito	rps3	2	326373	314	W
Sonchus_asper	mito	rps3	2	326419	329	M
Sonchus_asper	mito	rps3	2	326742	431	F
Pilosella_aurantiaca	mito	rps3	2	58954	180	F
Pilosella_aurantiaca	mito	rps3	2	59353	314	W
Pilosella_aurantiaca	mito	rps3	2	59402	329	M
Pilosella_aurantiaca	mito	rps3	2	59725	431	F
Dryopteris_filix_mas	mito	rps3	1	86707	6	C
Gnaphalium_supinum	mito	rps3	2	90436	180	F
Gnaphalium_supinum	mito	rps3	2	90844	314	W
Gnaphalium_supinum	mito	rps3	2	90899	329	M
Gnaphalium_supinum	mito	rps3	2	91222	431	F
Ficaria_verna	mito	nad2	4	33983	35	F
Solidago_canadensis	mito	rps3	2	218779	180	F
Solidago_canadensis	mito	rps3	2	219178	314	W
Solidago_canadensis	mito	rps3	2	219589	431	F
Hypericum_maculatum	mito	nad1	4	345999	17	V
Hypericum_maculatum	mito	nad1	4	346026	8	V
Lepidium_campestre	mito	rps3	2	161732	27	W
Lepidium_campestre	mito	rps3	2	161826	61	M
Lepidium_campestre	mito	rps3	2	161876	74	W
Lepidium_campestre	mito	rps3	2	162917	411	C
Lepidium_campestre	mito	rps3	2	163043	455	W
Lepidium_campestre	mito	rps3	2	163058	460	C
Salix_arbuscula	mito	nad5	2	71501	148	F
Salix_arbuscula	mito	nad5	2	71548	132	F
Salix_arbuscula	mito	nad5	2	71779	55	F
Salix_arbuscula	mito	nad5	2	71819	42	F
Genista_tinctoria	mito	nad2	3	204	52	*
Ranunculus_bulbosus	mito	nad1	4	53618	8	V
Ranunculus_bulbosus	mito	nad1	4	53645	17	V
Flexitrichum_flexicaule	mito	rps3	1	30730	9	V
Euphrasia_tetraquetra	mito	nad1	1	64730	127	W
Euphrasia_tetraquetra	mito	nad1	2	18663	17	F
Viola_stagnina	mito	rps3	1	35458	11	L
Viola_stagnina	mito	rps3	1	35471	7	C
Viola_stagnina	mito	rps3	2	295114	483	C
Viola_stagnina	mito	rps3	2	295195	460	C
Viola_stagnina	mito	rps3	2	296416	74	W
Ulex_europaeus	mito	nad1	4	291493	15	V
Ulex_europaeus	mito	nad1	4	291502	12	V
Ulex_europaeus	mito	nad1	5	290998	43	C
Polygala_vulgaris	mito	nad1	4	2064	11	V
Quercus_robur	mito	nad1	4	44841	17	L
Quercus_robur	mito	nad1	4	44862	10	V
Prunus_lusitanica	mito	nad1	4	364567	11	V
Carex_aquatilis	mito	nad2	3	1294327	12	L
Plantago_maritima	mito	nad1	4	929772	4	V
Rubus_idaeus	mito	rps3	2	200015	460	C
Elodea_nuttallii	mito	nad1	4	21709	15	V
Elodea_nuttallii	mito	nad1	4	21718	12	V
Hibiscus_verdcourtii	mito	nad5	2	38429	5	V
Luzula_sylvatica	mito	nad2	3	39470	52	*
Luzula_sylvatica	mito	nad2	3	39589	12	L
Plantago_maritima	mito	nad5	2	797032	42	F
Plantago_maritima	mito	nad5	2	797302	132	F
Plantago_maritima	mito	nad5	2	797349	148	F
Antitrichia_curtipendula	mito	nad1	4	66987	7	F
Antitrichia_curtipendula	mito	nad1	4	67005	1	V
Niphotrichum_ericoides	mito	nad1	4	71289	4	V
Populus_alba	mito	nad5	2	751859	148	F
Populus_alba	mito	nad5	2	751906	132	F
Populus_alba	mito	nad5	2	752137	55	F
Populus_alba	mito	nad5	2	752177	42	F
Veronica_hederifolia	mito	nad5	2	224825	42	F
Veronica_hederifolia	mito	nad5	2	224864	55	F
Veronica_hederifolia	mito	nad5	2	225095	132	F
Veronica_hederifolia	mito	nad5	2	225142	148	F
Veronica_hederifolia	mito	nad5	4	76825	32	C
Veronica_hederifolia	mito	nad5	5	75402	39	C
Centaurea_nigra	mito	nad5	2	262435	13	F
Centaurea_nigra	mito	nad5	2	262561	55	F
Centaurea_nigra	mito	nad5	2	262792	132	F
Centaurea_nigra	mito	nad5	2	262839	148	F
Centaurea_nigra	mito	nad5	2	262852	152	V
Centaurea_nigra	mito	nad5	4	97681	32	C
Galium_uliginosum	mito	nad5	2	161009	55	F
Galium_uliginosum	mito	nad5	2	161240	132	F
Galium_uliginosum	mito	nad5	2	161287	148	F
Polytrichum_piliferum	mito	nad1	2	29880	38	*
Viburnum_lantana	mito	nad5	2	570913	13	F
Viburnum_lantana	mito	nad5	2	571039	55	F
Viburnum_lantana	mito	nad5	2	571270	132	F
Viburnum_lantana	mito	nad5	2	571317	148	F
Viburnum_lantana	mito	nad5	2	571330	152	V
Viburnum_lantana	mito	nad5	4	198732	32	C
Crepis_paludosa	mito	rps3	2	51399	431	F
Crepis_paludosa	mito	rps3	2	51722	329	M
Crepis_paludosa	mito	rps3	2	51768	314	W
Crepis_paludosa	mito	rps3	2	52167	180	F
Paulownia_tomentosa	mito	nad5	2	166247	42	F
Paulownia_tomentosa	mito	nad5	2	166286	55	F
Paulownia_tomentosa	mito	nad5	2	166517	132	F
Paulownia_tomentosa	mito	nad5	2	166564	148	F
Paulownia_tomentosa	mito	nad5	4	763755	32	C
Paulownia_tomentosa	mito	nad5	5	762329	39	C
Viola_lutea	mito	nad1	4	85398	17	V
Viola_lutea	mito	nad1	4	85425	8	V
Salix_repens	mito	nad1	4	231783	8	V
Scorzonera_humilis	mito	rps3	2	184758	431	F
Scorzonera_humilis	mito	rps3	2	185081	329	M
Scorzonera_humilis	mito	rps3	2	185136	314	W
Scorzonera_humilis	mito	rps3	2	185544	180	F
Sorbus_devoniensis	mito	nad5	2	225639	13	F
Sorbus_devoniensis	mito	nad5	2	225725	42	F
Sorbus_devoniensis	mito	nad5	2	225765	55	F
Sorbus_devoniensis	mito	nad5	2	225996	132	F
Sorbus_devoniensis	mito	nad5	2	226230	210	F
Sorbus_devoniensis	mito	nad5	2	226242	214	M
Sorbus_devoniensis	mito	nad5	2	226767	452	L
Sorbus_devoniensis	mito	nad5	4	148545	32	C
Cuscuta_epithymum	mito	rps3	1	74734	11	C
Blindia_acuta	mito	rps3	1	100573	9	V
Saxifraga_tridactylites	mito	nad5	2	159371	13	F
Saxifraga_tridactylites	mito	nad5	2	159728	132	F
Saxifraga_tridactylites	mito	nad5	2	159775	148	F
Saxifraga_tridactylites	mito	nad5	2	159962	210	F
Saxifraga_tridactylites	mito	nad5	2	159974	214	M
Petasites_japonicus	mito	nad1	4	84446	8	V
Petasites_japonicus	mito	nad1	4	84473	17	V
Hydrocotyle_ranunculoides	mito	nad2	4	330697	94	L
Oenanthe_crocata	mito	rps3	2	274175	354	W
Oenanthe_crocata	mito	rps3	2	274940	108	W
Humulus_lupulus	mito	nad5	2	169134	5	V
Humulus_lupulus	mito	nad5	4	76834	32	C
Andreaea_hookeri	mito	nad1	2	63001	38	*
Hypericum_linariifolium	mito	nad1	4	26012	17	V
Racomitrium_heterostichum	mito	rps3	1	16028	9	V
Solidago_virgaurea	mito	nad1	4	104573	8	V
Solidago_virgaurea	mito	nad1	4	104600	17	V
Adoxa_moschatellina	mito	nad5	2	196561	13	F
Adoxa_moschatellina	mito	nad5	2	196687	55	F
Adoxa_moschatellina	mito	nad5	2	196918	132	F
Adoxa_moschatellina	mito	nad5	2	196965	148	F
Adoxa_moschatellina	mito	nad5	2	196978	152	V
Adoxa_moschatellina	mito	nad5	4	35142	32	C
Hieracium_richianum	mito	nad1	1	260120	127	W
Hieracium_richianum	mito	nad1	4	71839	8	V
Hieracium_richianum	mito	nad1	4	71866	17	V
Lysimachia_nemorum	mito	nad5	2	135343	55	F
Lysimachia_nemorum	mito	nad5	2	135574	132	F
Lysimachia_nemorum	mito	nad5	2	135621	148	F
Lysimachia_nemorum	mito	nad5	4	93585	32	C
Leontodon_saxatilis	mito	rps3	2	207933	431	F
Leontodon_saxatilis	mito	rps3	2	208256	329	M
Leontodon_saxatilis	mito	rps3	2	208338	314	W
Leontodon_saxatilis	mito	rps3	2	208737	180	F
Vaccinium_myrtillus	mito	nad2	3	318332	0	L
Chaenorhinum_minus	mito	rps3	2	165219	179	F
Sanguisorba_minor	mito	nad1	4	6770	8	V
Alliaria_petiolata	mito	nad5	2	39474	13	F
Alliaria_petiolata	mito	nad5	2	39560	42	F
Alliaria_petiolata	mito	nad5	2	39600	55	F
Alliaria_petiolata	mito	nad5	2	39831	132	F
Alliaria_petiolata	mito	nad5	2	39878	148	F
Alliaria_petiolata	mito	nad5	2	40065	210	F
Alliaria_petiolata	mito	nad5	2	40077	214	M
Alliaria_petiolata	mito	nad5	2	40602	452	L
Ranunculus_acris	mito	nad5	2	868668	214	M
Ranunculus_acris	mito	nad5	2	868680	210	F
Ranunculus_acris	mito	nad5	2	868761	183	M
Ranunculus_acris	mito	nad5	2	868867	148	F
Ranunculus_acris	mito	nad5	2	868914	132	F
Ranunculus_acris	mito	nad5	2	868962	116	F
Ranunculus_acris	mito	nad5	2	869145	55	F
Ranunculus_acris	mito	nad5	2	869271	13	F
Pseudognaphalium_luteoalbum	mito	nad5	2	166938	13	F
Pseudognaphalium_luteoalbum	mito	nad5	2	167064	55	F
Pseudognaphalium_luteoalbum	mito	nad5	2	167295	132	F
Pseudognaphalium_luteoalbum	mito	nad5	2	167342	148	F
Pseudognaphalium_luteoalbum	mito	nad5	2	167355	152	V
Pseudognaphalium_luteoalbum	mito	nad5	4	162888	32	C
Draba_incana	mito	rps3	2	244053	61	M
Draba_incana	mito	rps3	2	244103	74	W
Draba_incana	mito	rps3	2	245147	411	C
Draba_incana	mito	rps3	2	245273	455	W
Draba_incana	mito	rps3	2	245288	460	C
Anthyllis_vulneraria	mito	nad2	2	96952	20	W
Camptothecium_lutescens	mito	rps3	1	96321	9	V
Iris_foetidissima	mito	nad1	1	90567	127	W
Iris_foetidissima	mito	nad1	4	395321	18	V
Iris_foetidissima	mito	nad1	4	395327	16	V
Calliergon_cordifolium	mito	nad1	4	101890	1	V
Calliergon_cordifolium	mito	nad1	4	101908	7	F
Grimmia_elongata	mito	rps3	1	2245	9	V
Lepidium_latifolium	mito	nad5	2	124021	13	F
Lepidium_latifolium	mito	nad5	2	124107	42	F
Lepidium_latifolium	mito	nad5	2	124147	55	F
Lepidium_latifolium	mito	nad5	2	124378	132	F
Lepidium_latifolium	mito	nad5	2	124425	148	F
Lepidium_latifolium	mito	nad5	2	124612	210	F
Lepidium_latifolium	mito	nad5	2	124624	214	M
Lepidium_latifolium	mito	nad5	2	125149	452	L
Datura_stramonium	mito	nad1	2	197325	17	F
Datura_stramonium	mito	nad1	4	198270	3	V
Datura_stramonium	mito	nad1	4	198306	15	V
Equisetum_palustre	mito	nad5	3	13264	7	*
Euphrasia_anglica	mito	rps3	2	31698	68	M
Hibiscus_verdcourtii	mito	rps3	2	343379	74	W
Hibiscus_verdcourtii	mito	rps3	2	344582	460	C
Hibiscus_verdcourtii	mito	rps3	2	344675	487	Y
Saxifraga_hypnoides	mito	nad5	2	100656	13	F
Saxifraga_hypnoides	mito	nad5	2	101013	132	F
Saxifraga_hypnoides	mito	nad5	2	101060	148	F
Saxifraga_hypnoides	mito	nad5	2	101247	210	F
Saxifraga_hypnoides	mito	nad5	2	101259	214	M
Paulownia_tomentosa	mito	nad1	1	787399	127	W
Paulownia_tomentosa	mito	nad1	2	622858	17	F
Poa_trivialis	mito	nad5	4	162683	32	C
Tussilago_farfara	mito	rps3	2	66640	431	F
Tussilago_farfara	mito	rps3	2	66963	329	M
Tussilago_farfara	mito	rps3	2	67018	314	W
Tussilago_farfara	mito	rps3	2	67426	180	F
Lunaria_annua	mito	rps3	2	2221	61	M
Lunaria_annua	mito	rps3	2	2271	74	W
Lunaria_annua	mito	rps3	2	3312	411	C
Lunaria_annua	mito	rps3	2	3438	455	W
Mercurialis_perennis	mito	nad5	2	3205	148	F
Mercurialis_perennis	mito	nad5	2	3252	132	F
Mercurialis_perennis	mito	nad5	2	3483	55	F
Carex_leporina	mito	nad1	4	578575	3	V
Carex_leporina	mito	nad1	4	578589	8	F
Carex_leporina	mito	nad1	4	578593	9	L
Petasites_fragrans	mito	nad5	2	130985	13	F
Petasites_fragrans	mito	nad5	2	131111	55	F
Petasites_fragrans	mito	nad5	2	131342	132	F
Petasites_fragrans	mito	nad5	2	131389	148	F
Petasites_fragrans	mito	nad5	2	131402	152	V
Petasites_fragrans	mito	nad5	4	245842	32	C
Arabidopsis_thaliana	mito	nad1	1	274118	127	W
Trifolium_ochroleucon	mito	nad5	2	279531	214	M
Trifolium_ochroleucon	mito	nad5	2	279543	210	F
Trifolium_ochroleucon	mito	nad5	2	279730	148	F
Trifolium_ochroleucon	mito	nad5	2	279777	132	F
Trifolium_ochroleucon	mito	nad5	2	280008	55	F
Trifolium_ochroleucon	mito	nad5	2	280048	42	F
Trifolium_ochroleucon	mito	nad5	2	280134	13	F
Genista_anglica	mito	nad5	2	223778	214	M
Genista_anglica	mito	nad5	2	223790	210	F
Genista_anglica	mito	nad5	2	223977	148	F
Genista_anglica	mito	nad5	2	224024	132	F
Genista_anglica	mito	nad5	2	224255	55	F
Genista_anglica	mito	nad5	2	224295	42	F
Genista_anglica	mito	nad5	2	224381	13	F
Silene_acaulis	mito	rps3	1	108473	24	*
Linum_catharticum	mito	nad1	1	122713	127	W
Trifolium_subterraneum	mito	nad1	4	210809	11	V
Trifolium_subterraneum	mito	nad1	5	209736	43	C
Vicia_sativa	mito	nad2	2	307934	20	W
Vicia_sativa	mito	nad2	3	193453	0	L
Vicia_sativa	mito	nad2	3	193548	32	F
Tofieldia_pusilla	mito	nad1	4	6439	10	V
Tofieldia_pusilla	mito	nad1	4	6460	17	L
Helminthotheca_echioides	mito	nad5	2	275608	13	F
Helminthotheca_echioides	mito	nad5	2	275734	55	F
Helminthotheca_echioides	mito	nad5	2	275965	132	F
Helminthotheca_echioides	mito	nad5	2	276012	148	F
Helminthotheca_echioides	mito	nad5	2	276025	152	V
Helminthotheca_echioides	mito	nad5	4	30077	32	C
Tragopogon_porrifolius	mito	nad5	2	312265	152	V
Tragopogon_porrifolius	mito	nad5	2	312278	148	F
Tragopogon_porrifolius	mito	nad5	2	312325	132	F
Tragopogon_porrifolius	mito	nad5	2	312556	55	F
Tragopogon_porrifolius	mito	nad5	2	312682	13	F
Tragopogon_porrifolius	mito	nad5	4	242080	32	C
Ranunculus_sardous	mito	nad1	4	13981	17	V
Ranunculus_sardous	mito	nad1	4	14008	8	V
Persicaria_hydropiper	mito	nad2	3	142620	52	*
Daphne_laureola	mito	nad1	1	196834	127	W
Daphne_laureola	mito	nad1	4	225628	8	V
Prunus_laurocerasus	mito	rps3	2	213626	460	C
Prunus_laurocerasus	mito	rps3	2	213669	472	I
Prunus_laurocerasus	mito	rps3	2	213818	512	W
Persicaria_amphibia	mito	nad1	1	2304	127	W
Persicaria_amphibia	mito	nad1	4	281476	19	*
Potentilla_verna	mito	rps3	2	267845	460	C
Potentilla_verna	mito	rps3	2	267938	487	Y
Onobrychis_viciifolia	mito	nad2	2	88532	20	W
Solenostoma_gracillimum	mito	nad2	3	55488	0	L
Luzula_campestris	mito	rps3	2	164617	88	Y
Luzula_campestris	mito	rps3	2	165763	454	F
Tanacetum_parthenium	mito	nad5	2	173306	152	V
Tanacetum_parthenium	mito	nad5	2	173319	148	F
Tanacetum_parthenium	mito	nad5	2	173366	132	F
Tanacetum_parthenium	mito	nad5	2	173597	55	F
Tanacetum_parthenium	mito	nad5	2	173723	13	F
Tanacetum_parthenium	mito	nad5	4	148226	32	C
Dicranum_majus	mito	rps3	1	98668	9	V
Trifolium_ochroleucon	mito	nad2	2	227061	20	W
Trifolium_ochroleucon	mito	nad2	3	28089	32	F
Trifolium_ochroleucon	mito	nad2	3	28184	0	L
Clematis_vitalba	mito	nad2	3	191845	32	F
Viola_hirta	mito	rps3	1	265102	7	C
Viola_hirta	mito	rps3	1	265115	11	L
Viola_hirta	mito	rps3	2	129450	483	C
Viola_hirta	mito	rps3	2	129531	460	C
Viola_hirta	mito	rps3	2	130752	74	W
Atriplex_praecox	mito	nad2	3	228309	19	F
Populus_tremula	mito	nad2	3	658915	32	F
Cotoneaster_cambricus	mito	rps3	2	83089	460	C
Trifolium_arvense	mito	nad5	2	208613	214	M
Trifolium_arvense	mito	nad5	2	208625	210	F
Trifolium_arvense	mito	nad5	2	208812	148	F
Trifolium_arvense	mito	nad5	2	208859	132	F
Trifolium_arvense	mito	nad5	2	209090	55	F
Trifolium_arvense	mito	nad5	2	209130	42	F
Trifolium_arvense	mito	nad5	2	209216	13	F
Inula_salicina	mito	nad1	4	41151	17	L
Inula_salicina	mito	nad1	4	41172	10	V
Verbena_officinalis	mito	nad1	2	479388	17	F
Ligusticum_scoticum	mito	rps3	2	9020	354	W
Ligusticum_scoticum	mito	rps3	2	9794	108	W
Ornithopus_perpusillus	mito	nad1	4	156602	11	V
Saxifraga_tridactylites	mito	nad1	1	30134	127	W
Carex_remota	mito	nad5	2	66564	452	L
Vicia_parviflora	mito	nad5	2	203615	13	F
Vicia_parviflora	mito	nad5	2	203701	42	F
Vicia_parviflora	mito	nad5	2	203741	55	F
Vicia_parviflora	mito	nad5	2	203972	132	F
Vicia_parviflora	mito	nad5	2	204019	148	F
Vicia_parviflora	mito	nad5	2	204206	210	F
Vicia_parviflora	mito	nad5	2	204218	214	M
Dryopteris_borreri	mito	nad2	3	117063	48	C
Lunaria_annua	mito	nad1	1	22696	127	W
Rubus_caesius	mito	nad5	2	127504	452	L
Rubus_caesius	mito	nad5	2	128029	214	M
Rubus_caesius	mito	nad5	2	128041	210	F
Rubus_caesius	mito	nad5	2	128275	132	F
Rubus_caesius	mito	nad5	2	128506	55	F
Rubus_caesius	mito	nad5	2	128546	42	F
Rubus_caesius	mito	nad5	2	128632	13	F
Rubus_caesius	mito	nad5	4	373967	32	C
Succisa_pratensis	mito	nad5	2	149273	13	F
Succisa_pratensis	mito	nad5	2	149399	55	F
Succisa_pratensis	mito	nad5	2	149630	132	F
Succisa_pratensis	mito	nad5	2	149677	148	F
Succisa_pratensis	mito	nad5	2	149690	152	V
Succisa_pratensis	mito	nad5	4	38489	32	C
Reseda_lutea	mito	nad1	1	82517	127	W
Salix_myrsinifolia	mito	nad1	4	535542	8	V
Pilosella_officinarum	mito	nad1	1	53857	127	W
Pilosella_officinarum	mito	nad1	4	122765	8	V
Pilosella_officinarum	mito	nad1	4	122792	17	V
Lophozia_ventricosa	mito	nad2	3	37444	4	L
Sphagnum_palustre	mito	nad1	4	110744	1	V
Sphagnum_palustre	mito	nad1	4	110765	8	V
Viola_lutea	mito	rps3	1	53015	7	C
Viola_lutea	mito	rps3	1	53028	11	L
Viola_lutea	mito	rps3	2	103921	483	C
Viola_lutea	mito	rps3	2	104002	460	C
Viola_lutea	mito	rps3	2	105223	74	W
Lemna_trisulca	mito	nad5	2	178878	452	L
Lemna_trisulca	mito	nad5	2	179557	163	W
Lemna_trisulca	mito	nad5	2	179602	148	F
Lemna_trisulca	mito	nad5	2	179649	132	F
Lemna_trisulca	mito	nad5	2	179697	116	F
Lemna_trisulca	mito	nad5	2	179880	55	F
Lemna_trisulca	mito	nad5	2	180006	13	F
Crataegus_monogyna	mito	nad5	2	33902	452	L
Crataegus_monogyna	mito	nad5	2	34427	214	M
Crataegus_monogyna	mito	nad5	2	34439	210	F
Crataegus_monogyna	mito	nad5	2	34673	132	F
Crataegus_monogyna	mito	nad5	2	34904	55	F
Crataegus_monogyna	mito	nad5	2	34944	42	F
Crataegus_monogyna	mito	nad5	2	35030	13	F
Crataegus_monogyna	mito	nad5	4	6385	32	C
Potamogeton_praelongus	mito	nad2	3	228294	37	F
Potamogeton_praelongus	mito	nad2	4	34231	131	L
Buddleja_davidii	mito	nad1	1	481226	127	W
Buddleja_davidii	mito	nad1	2	520632	17	F
Malus_domestica	mito	rps3	2	223464	460	C
Oenanthe_pimpinelloides	mito	nad1	4	3305	10	V
Oenanthe_pimpinelloides	mito	nad1	4	3326	17	L
Onopordum_acanthium	mito	nad5	2	26482	13	F
Onopordum_acanthium	mito	nad5	2	26608	55	F
Onopordum_acanthium	mito	nad5	2	26839	132	F
Onopordum_acanthium	mito	nad5	2	26886	148	F
Onopordum_acanthium	mito	nad5	2	26899	152	V
Onopordum_acanthium	mito	nad5	4	220141	32	C
Pteridium_aquilinum	mito	nad2	3	240761	12	L
Tussilago_farfara	mito	nad2	3	151563	12	L
Ulmus_glabra	mito	nad5	2	485708	11	V
Ulmus_glabra	mito	nad5	4	83878	32	C
Phytolacca_acinosa	mito	nad5	2	473713	42	F
Phytolacca_acinosa	mito	nad5	2	473753	55	F
Phytolacca_acinosa	mito	nad5	2	473984	132	F
Carex_saxatilis	mito	nad5	1	431551	44	I
Carex_saxatilis	mito	nad5	2	1294619	452	L
Lepidium_campestre	mito	nad5	2	264651	452	L
Lepidium_campestre	mito	nad5	2	265176	214	M
Lepidium_campestre	mito	nad5	2	265188	210	F
Lepidium_campestre	mito	nad5	2	265375	148	F
Lepidium_campestre	mito	nad5	2	265422	132	F
Lepidium_campestre	mito	nad5	2	265653	55	F
Lepidium_campestre	mito	nad5	2	265693	42	F
Lepidium_campestre	mito	nad5	2	265779	13	F
Erigeron_borealis	mito	rps3	2	123495	431	F
Erigeron_borealis	mito	rps3	2	123906	314	W
Erigeron_borealis	mito	rps3	2	124305	180	F
Hieracium_drummondii	mito	rps3	2	41679	431	F
Hieracium_drummondii	mito	rps3	2	42002	329	M
Hieracium_drummondii	mito	rps3	2	42051	314	W
Hieracium_drummondii	mito	rps3	2	42450	180	F
Porella_cordaeana	mito	rps3	1	52119	23	C
Asplenium_trichomanes	mito	rps3	1	249177	6	C
Asplenium_trichomanes	mito	rps3	1	249198	13	C
Asplenium_trichomanes	mito	rps3	1	249219	20	C
Fragaria_moschata	mito	nad1	4	206060	11	V
Bellardia_viscosa	mito	nad5	2	37741	42	F
Bellardia_viscosa	mito	nad5	2	37780	55	F
Bellardia_viscosa	mito	nad5	2	38011	132	F
Bellardia_viscosa	mito	nad5	2	38058	148	F
Bellardia_viscosa	mito	nad5	4	29958	32	C
Bellardia_viscosa	mito	nad5	5	28527	39	C
Sorbus_bristoliensis	mito	rps3	2	306195	460	C
Alchemilla_alpina	mito	nad1	4	82752	11	V
Limonium_binervosum	mito	nad2	3	172216	12	L
Epilobium_brunnescens	mito	nad5	2	401317	13	F
Epilobium_brunnescens	mito	nad5	2	401403	42	F
Epilobium_brunnescens	mito	nad5	2	401443	55	F
Epilobium_brunnescens	mito	nad5	2	401674	132	F
Epilobium_brunnescens	mito	nad5	2	401721	148	F
Epilobium_brunnescens	mito	nad5	2	401908	210	F
Epilobium_brunnescens	mito	nad5	2	401920	214	M
Epilobium_brunnescens	mito	nad5	2	402445	452	L
Epilobium_brunnescens	mito	nad5	4	323367	32	C
Anemone_nemorosa	mito	rps3	2	27419	245	M
Anemone_nemorosa	mito	rps3	2	27818	133	I
Atropa_belladonna	mito	nad1	2	71268	17	F
Atropa_belladonna	mito	nad1	4	72213	3	V
Atropa_belladonna	mito	nad1	4	72249	15	V
Scleranthus_perennis	mito	nad1	5	204202	43	C
Tripolium_pannonicum	mito	rps3	2	25809	431	F
Tripolium_pannonicum	mito	rps3	2	26220	314	W
Tripolium_pannonicum	mito	rps3	2	26619	180	F
Agrimonia_eupatoria	mito	nad2	3	80449	12	L
Cerastium_glomeratum	mito	rps3	1	109704	16	C
Malva_arborea	mito	nad1	4	37760	11	V
Angelica_archangelica	mito	nad5	2	347261	13	F
Angelica_archangelica	mito	nad5	2	347387	55	F
Angelica_archangelica	mito	nad5	2	347618	132	F
Angelica_archangelica	mito	nad5	2	347665	148	F
Angelica_archangelica	mito	nad5	4	99200	32	C
Cyperus_fuscus	mito	nad2	3	343562	40	C
Salix_caprea	mito	nad1	4	412645	8	V
Inula_conyza	mito	nad1	4	133230	10	V
Inula_conyza	mito	nad1	4	133251	17	L
Bellardia_viscosa	mito	nad1	1	192096	127	W
Bellardia_viscosa	mito	nad1	2	78365	17	F
Eurhynchium_striatum	mito	rps3	1	30611	9	V
Arum_italicum	mito	nad2	2	92235	29	F
Arum_italicum	mito	nad2	3	178995	38	Y
Myriophyllum_spicatum	mito	nad1	4	52408	11	V
Pedicularis_palustris	mito	rps3	2	95535	68	M
Odontoschisma_sphagni	mito	nad2	3	83609	4	L
Potamogeton_lucens	mito	nad1	4	22487	8	V
Danthonia_decumbens	mito	rps3	2	118153	489	W
Lactuca_serriola	mito	nad5	2	159644	152	V
Lactuca_serriola	mito	nad5	2	159657	148	F
Lactuca_serriola	mito	nad5	2	159704	132	F
Lactuca_serriola	mito	nad5	2	159935	55	F
Lactuca_serriola	mito	nad5	2	160061	13	F
Lactuca_serriola	mito	nad5	4	255679	32	C
Samolus_valerandi	mito	nad5	2	234541	148	F
Samolus_valerandi	mito	nad5	2	234588	132	F
Samolus_valerandi	mito	nad5	2	234819	55	F
Samolus_valerandi	mito	nad5	4	304812	32	C
Gnaphalium_uliginosum	mito	nad5	2	29824	152	V
Gnaphalium_uliginosum	mito	nad5	2	29837	148	F
Gnaphalium_uliginosum	mito	nad5	2	29884	132	F
Gnaphalium_uliginosum	mito	nad5	2	30115	55	F
Gnaphalium_uliginosum	mito	nad5	2	30241	13	F
Gnaphalium_uliginosum	mito	nad5	4	38650	32	C
Hydrocotyle_ranunculoides	mito	rps3	2	218595	135	I
Hydrocotyle_ranunculoides	mito	rps3	2	219398	392	F
Juncus_squarrosus	mito	rps3	2	279576	454	F
Juncus_squarrosus	mito	rps3	2	279842	371	M
Juncus_squarrosus	mito	rps3	2	280719	88	Y
Myriophyllum_alterniflorum	mito	nad1	4	19402	11	V
Oxytropis_halleri	mito	nad2	2	219278	20	W
Rhynchostegium_confertum	mito	nad1	4	67942	7	F
Rhynchostegium_confertum	mito	nad1	4	67960	1	V
Atropa_belladonna	mito	nad5	2	35412	132	F
Atropa_belladonna	mito	nad5	2	35643	55	F
Atropa_belladonna	mito	nad5	4	140235	32	C
Sibbaldia_procumbens	mito	nad5	2	108358	452	L
Sibbaldia_procumbens	mito	nad5	2	108883	214	M
Sibbaldia_procumbens	mito	nad5	2	108895	210	F
Sibbaldia_procumbens	mito	nad5	2	109129	132	F
Sibbaldia_procumbens	mito	nad5	2	109360	55	F
Sibbaldia_procumbens	mito	nad5	2	109400	42	F
Sibbaldia_procumbens	mito	nad5	2	109486	13	F
Sibbaldia_procumbens	mito	nad5	4	48777	32	C
Chrysosplenium_oppositifolium	mito	nad5	2	182403	287	L
Chrysosplenium_oppositifolium	mito	nad5	2	182853	11	V
Chrysosplenium_oppositifolium	mito	nad5	4	26117	32	C
Chrysosplenium_oppositifolium	mito	nad5	5	24615	39	C
Helminthotheca_echioides	mito	rps3	2	223741	431	F
Helminthotheca_echioides	mito	rps3	2	224064	329	M
Helminthotheca_echioides	mito	rps3	2	224116	314	W
Helminthotheca_echioides	mito	rps3	2	224515	180	F
Fissidens_pusillus	mito	rps3	1	98278	3	W
Fissidens_pusillus	mito	rps3	1	98297	9	V
Asplenium_trichomanes	mito	nad2	3	237485	32	F
Trifolium_occidentale	mito	nad2	2	134333	20	W
Hieracium_snowdoniense	mito	nad5	2	303493	13	F
Hieracium_snowdoniense	mito	nad5	2	303619	55	F
Hieracium_snowdoniense	mito	nad5	2	303850	132	F
Hieracium_snowdoniense	mito	nad5	2	303897	148	F
Hieracium_snowdoniense	mito	nad5	2	303910	152	V
Hieracium_snowdoniense	mito	nad5	4	158527	32	C
Meesia_triquetra	mito	nad2	3	4708	12	L
Meesia_triquetra	mito	nad2	3	4732	4	L
Saxifraga_tridactylites	mito	nad2	3	12038	38	Y
Saxifraga_tridactylites	mito	nad2	4	9593	122	L
Saxifraga_tridactylites	mito	nad2	5	8176	44	V
Rosa_agrestis	mito	nad2	3	227423	37	L
Levisticum_officinale	mito	nad5	2	98313	13	F
Levisticum_officinale	mito	nad5	2	98439	55	F
Levisticum_officinale	mito	nad5	2	98670	132	F
Levisticum_officinale	mito	nad5	2	98717	148	F
Levisticum_officinale	mito	nad5	4	136122	32	C
Calluna_vulgaris	mito	nad1	4	76187	16	V
Agrimonia_eupatoria	mito	rps3	2	233117	460	C
Agrimonia_eupatoria	mito	rps3	2	234130	135	I
Agrimonia_eupatoria	mito	rps3	2	234139	132	M
Cytisus_scoparius	mito	nad5	2	270018	214	M
Cytisus_scoparius	mito	nad5	2	270030	210	F
Cytisus_scoparius	mito	nad5	2	270217	148	F
Cytisus_scoparius	mito	nad5	2	270264	132	F
Cytisus_scoparius	mito	nad5	2	270495	55	F
Cytisus_scoparius	mito	nad5	2	270535	42	F
Cytisus_scoparius	mito	nad5	2	270621	13	F
Glyceria_fluitans	mito	rps3	2	26356	489	W
Senecio_vulgaris	mito	nad5	2	37866	13	F
Senecio_vulgaris	mito	nad5	2	37992	55	F
Senecio_vulgaris	mito	nad5	2	38223	132	F
Senecio_vulgaris	mito	nad5	2	38270	148	F
Senecio_vulgaris	mito	nad5	2	38283	152	V
Senecio_vulgaris	mito	nad5	4	270508	32	C
Melissa_officinalis	mito	nad1	1	12325	127	W
Melissa_officinalis	mito	nad1	2	116089	17	F
Armoracia_rusticana	mito	rps3	2	36893	460	C
Armoracia_rusticana	mito	rps3	2	36908	455	W
Armoracia_rusticana	mito	rps3	2	37034	411	C
Armoracia_rusticana	mito	rps3	2	38075	74	W
Armoracia_rusticana	mito	rps3	2	38125	61	M
Armoracia_rusticana	mito	rps3	2	38219	27	W
Littorella_uniflora	mito	nad5	2	17119	13	F
Littorella_uniflora	mito	nad5	2	17245	55	F
Littorella_uniflora	mito	nad5	2	17476	132	F
Littorella_uniflora	mito	nad5	2	17523	148	F
Littorella_uniflora	mito	nad5	2	17536	152	V
Littorella_uniflora	mito	nad5	4	290639	32	C
Grimmia_atrata	mito	rps3	1	5424	9	V
Epilobium_anagallidifolium	mito	rps3	2	243666	512	M
Ailanthus_altissima	mito	nad2	3	225070	0	L
Linaria_repens	mito	nad5	2	270680	42	F
Linaria_repens	mito	nad5	2	270719	55	F
Linaria_repens	mito	nad5	2	270950	132	F
Linaria_repens	mito	nad5	2	270997	148	F
Linaria_repens	mito	nad5	4	467486	32	C
Linaria_repens	mito	nad5	5	466068	39	C
Sambucus_ebulus	mito	nad1	4	673421	10	V
Sambucus_ebulus	mito	nad1	4	673442	17	L
Humulus_lupulus	mito	rps3	2	94847	460	C
Stereodon_callichrous	mito	nad1	4	93239	1	V
Stereodon_callichrous	mito	nad1	4	93257	7	F
Saxifraga_aizoides	mito	nad1	1	231260	127	W
Saxifraga_aizoides	mito	nad1	4	312494	17	V
Saxifraga_aizoides	mito	nad1	4	312521	8	V
Artemisia_vulgaris	mito	nad1	4	34522	8	V
Artemisia_vulgaris	mito	nad1	4	34549	17	V
Grimmia_decipiens	mito	rps3	1	40350	9	V
Pastinaca_sativa	mito	nad5	2	120214	13	F
Pastinaca_sativa	mito	nad5	2	120340	55	F
Pastinaca_sativa	mito	nad5	2	120571	132	F
Pastinaca_sativa	mito	nad5	2	120618	148	F
Pastinaca_sativa	mito	nad5	4	135196	32	C
Sorbus_cuneifolia	mito	nad5	2	51289	13	F
Sorbus_cuneifolia	mito	nad5	2	51375	42	F
Sorbus_cuneifolia	mito	nad5	2	51415	55	F
Sorbus_cuneifolia	mito	nad5	2	51646	132	F
Sorbus_cuneifolia	mito	nad5	2	51880	210	F
Sorbus_cuneifolia	mito	nad5	2	51892	214	M
Sorbus_cuneifolia	mito	nad5	2	52417	452	L
Sorbus_cuneifolia	mito	nad5	4	246422	32	C
Sorbus_devoniensis	mito	rps3	2	306195	460	C
Phragmites_australis	mito	rps3	2	47932	489	W
Ceratophyllum_demersum	mito	nad5	2	156251	42	F
Ceratophyllum_demersum	mito	nad5	2	156290	55	F
Ceratophyllum_demersum	mito	nad5	2	156521	132	F
Ceratophyllum_demersum	mito	nad5	2	156568	148	F
Ceratophyllum_demersum	mito	nad5	4	136727	32	C
Ceratophyllum_demersum	mito	nad5	5	135305	39	C
Equisetum_sylvaticum	mito	nad5	3	67079	7	*
Jacobaea_maritima	mito	nad2	3	162647	52	*
Viola_odorata	mito	nad5	2	145018	13	F
Viola_odorata	mito	nad5	2	145144	55	F
Viola_odorata	mito	nad5	2	145375	132	F
Viola_odorata	mito	nad5	2	145422	148	F
Ulmus_procera	mito	rps3	2	452747	460	C
Hypericum_hircinum	mito	nad5	2	127185	132	F
Hypericum_hircinum	mito	nad5	2	127232	148	F
Oenothera_biennis	mito	nad5	2	425529	13	F
Oenothera_biennis	mito	nad5	2	425615	42	F
Oenothera_biennis	mito	nad5	2	425655	55	F
Oenothera_biennis	mito	nad5	2	425886	132	F
Oenothera_biennis	mito	nad5	2	425933	148	F
Oenothera_biennis	mito	nad5	2	426120	210	F
Oenothera_biennis	mito	nad5	2	426132	214	M
Oenothera_biennis	mito	nad5	2	426657	452	L
Oenothera_biennis	mito	nad5	4	195246	32	C
Artemisia_maritima	mito	nad5	2	202674	13	F
Artemisia_maritima	mito	nad5	2	202800	55	F
Artemisia_maritima	mito	nad5	2	203031	132	F
Artemisia_maritima	mito	nad5	2	203078	148	F
Artemisia_maritima	mito	nad5	2	203091	152	V
Artemisia_maritima	mito	nad5	4	103798	32	C
Chamaemelum_nobile	mito	rps3	2	162909	180	F
Chamaemelum_nobile	mito	rps3	2	163317	314	W
Chamaemelum_nobile	mito	rps3	2	163372	329	M
Chamaemelum_nobile	mito	rps3	2	163695	431	F
Chamaemelum_nobile	mito	rps3	2	163942	507	M
Carex_capillaris	mito	nad1	4	125105	10	V
Prunus_lusitanica	mito	nad5	2	33298	13	F
Prunus_lusitanica	mito	nad5	2	33384	42	F
Prunus_lusitanica	mito	nad5	2	33424	55	F
Prunus_lusitanica	mito	nad5	2	33655	132	F
Prunus_lusitanica	mito	nad5	2	33889	210	F
Prunus_lusitanica	mito	nad5	2	33901	214	M
Prunus_lusitanica	mito	nad5	2	34426	452	L
Prunus_lusitanica	mito	nad5	4	214231	32	C
Levisticum_officinale	mito	nad1	4	94590	16	V
Fagus_sylvatica	mito	nad1	4	72576	10	V
Fagus_sylvatica	mito	nad1	4	72597	17	L
Reynoutria_japonica	mito	nad1	1	65837	127	W
Carex_extensa	mito	nad5	2	253498	452	L
Rhytidium_rugosum	mito	rps3	1	42688	9	V
Scrophularia_umbrosa	mito	rps3	2	723915	179	F
Carex_disticha	mito	nad1	4	657383	3	V
Carex_disticha	mito	nad1	4	657397	8	F
Carex_disticha	mito	nad1	4	657401	9	L
Aesculus_hippocastanum	mito	nad1	1	76008	127	W
Potentilla_anserina	mito	nad2	3	149509	4	L
Carex_extensa	mito	nad2	3	708167	51	F
Arctium_lappa	mito	rps3	2	253406	431	F
Arctium_lappa	mito	rps3	2	253729	329	M
Arctium_lappa	mito	rps3	2	253784	314	W
Arctium_lappa	mito	rps3	2	254192	180	F
Filago_lutescens	mito	nad1	4	56337	8	V
Filago_lutescens	mito	nad1	4	56364	17	V
Ruppia_maritima	mito	nad1	4	99275	8	V
Cornus_suecica	mito	rps3	2	231779	507	C
Cornus_suecica	mito	rps3	2	231795	512	M
Luzula_pallescens	mito	rps3	2	208573	88	Y
Luzula_pallescens	mito	rps3	2	209719	454	F
Orontium_aquaticum	mito	nad5	2	57247	452	L
Orontium_aquaticum	mito	nad5	2	57784	210	F
Orontium_aquaticum	mito	nad5	2	57926	163	W
Orontium_aquaticum	mito	nad5	2	57958	152	V
Orontium_aquaticum	mito	nad5	2	57971	148	F
Orontium_aquaticum	mito	nad5	2	58018	132	F
Orontium_aquaticum	mito	nad5	2	58066	116	F
Orontium_aquaticum	mito	nad5	2	58249	55	F
Orontium_aquaticum	mito	nad5	2	58375	13	F
Orontium_aquaticum	mito	nad5	3	59563	7	*
Ruppia_maritima	mito	nad5	2	192607	492	L
Ruppia_maritima	mito	nad5	2	192739	452	L
Ruppia_maritima	mito	nad5	2	193099	275	F
Ruppia_maritima	mito	nad5	2	193276	210	F
Ruppia_maritima	mito	nad5	2	193418	163	W
Ruppia_maritima	mito	nad5	2	193781	42	F
Ruppia_maritima	mito	nad5	2	193867	13	F
Azolla_filiculoides	mito	nad2	3	478002	52	*
Azolla_filiculoides	mito	nad2	3	478080	26	W
Azolla_filiculoides	mito	nad2	3	478100	19	F
Azolla_filiculoides	mito	nad2	3	478170	1	F
Euphorbia_lathyris	mito	nad5	2	783271	55	F
Euphorbia_lathyris	mito	nad5	2	783502	132	F
Euphorbia_lathyris	mito	nad5	2	783549	148	F
Lobelia_urens	mito	nad5	2	448964	152	V
Lobelia_urens	mito	nad5	2	448977	148	F
Lobelia_urens	mito	nad5	2	449024	132	F
Lobelia_urens	mito	nad5	2	449255	55	F
Lobelia_urens	mito	nad5	2	449381	13	F
Lobelia_urens	mito	nad5	4	78666	32	C
Lobelia_urens	mito	nad5	4	78748	58	L
Hookeria_lucens	mito	rps3	1	58868	9	V
Alchemilla_micans	mito	nad5	2	8557	13	F
Alchemilla_micans	mito	nad5	2	8643	42	F
Alchemilla_micans	mito	nad5	2	8683	55	F
Alchemilla_micans	mito	nad5	2	8914	132	F
Alchemilla_micans	mito	nad5	2	9148	210	F
Alchemilla_micans	mito	nad5	2	9160	214	M
Alchemilla_micans	mito	nad5	2	9685	452	L
Alchemilla_micans	mito	nad5	4	154880	32	C
Verbena_officinalis	mito	nad5	2	341872	42	F
Verbena_officinalis	mito	nad5	2	341911	55	F
Verbena_officinalis	mito	nad5	2	342142	132	F
Verbena_officinalis	mito	nad5	2	342189	148	F
Verbena_officinalis	mito	nad5	4	88004	32	C
Verbena_officinalis	mito	nad5	5	86573	39	C
Aristolochia_clematitis	mito	nad2	3	90984	51	F
Baldellia_ranunculoides	mito	rps3	1	129120	22	C
Senecio_squalidus	mito	nad1	4	360619	17	V
Senecio_squalidus	mito	nad1	4	360646	8	V
Porella_arboris_vitae	mito	nad1	4	98863	14	V
Prunus_domestica	mito	nad5	2	212623	452	L
Prunus_domestica	mito	nad5	2	213148	214	M
Prunus_domestica	mito	nad5	2	213160	210	F
Prunus_domestica	mito	nad5	2	213394	132	F
Prunus_domestica	mito	nad5	2	213625	55	F
Prunus_domestica	mito	nad5	2	213665	42	F
Prunus_domestica	mito	nad5	4	113480	32	C
Scilla_verna	mito	nad1	4	225924	15	V
Camptothecium_lutescens	mito	nad1	4	99434	1	V
Camptothecium_lutescens	mito	nad1	4	99452	7	F
Salix_reticulata	mito	nad2	3	478699	12	L
Senecio_eboracensis	mito	nad1	4	218962	17	V
Senecio_eboracensis	mito	nad1	4	218989	8	V
Lathyrus_aphaca	mito	nad2	2	111034	20	W
Lathyrus_aphaca	mito	nad2	3	350134	32	F
Lathyrus_aphaca	mito	nad2	3	350229	0	L
Scutellaria_galericulata	mito	rps3	2	201369	5	C
Daphne_mezereum	mito	nad1	4	209275	8	V
Scutellaria_minor	mito	nad5	2	232112	42	F
Scutellaria_minor	mito	nad5	2	232151	55	F
Scutellaria_minor	mito	nad5	2	232382	132	F
Scutellaria_minor	mito	nad5	2	232429	148	F
Scutellaria_minor	mito	nad5	4	307665	32	C
Barbarea_vulgaris	mito	nad1	1	193236	127	W
Calendula_officinalis	mito	nad5	4	15507	32	C
Calendula_officinalis	mito	nad5	4	15539	22	L
Spergularia_media	mito	nad5	2	10638	42	F
Spergularia_media	mito	nad5	2	10678	55	F
Spergularia_media	mito	nad5	2	10909	132	F
Euphorbia_paralias	mito	nad5	2	432997	148	F
Euphorbia_paralias	mito	nad5	2	433044	132	F
Euphorbia_paralias	mito	nad5	2	433275	55	F
Euphorbia_paralias	mito	nad5	4	703419	32	C
Tellima_grandiflora	mito	nad1	1	416765	127	W
Tellima_grandiflora	mito	nad1	4	425460	11	V
Trifolium_dubium	mito	nad2	2	58565	20	W
Trifolium_dubium	mito	nad2	3	43079	0	L
Trifolium_dubium	mito	nad2	3	43174	32	F
Misopates_orontium	mito	nad5	2	507451	148	F
Misopates_orontium	mito	nad5	2	507498	132	F
Misopates_orontium	mito	nad5	2	507729	55	F
Misopates_orontium	mito	nad5	2	507768	42	F
Misopates_orontium	mito	nad5	4	228839	32	C
Misopates_orontium	mito	nad5	5	230272	39	C
Straminergon_stramineum	mito	nad1	4	90510	1	V
Straminergon_stramineum	mito	nad1	4	90528	7	F
Linaria_repens	mito	nad1	1	488810	127	W
Carpinus_betulus	mito	nad1	4	5560	11	V
Veronica_chamaedrys	mito	nad5	2	189280	148	F
Veronica_chamaedrys	mito	nad5	2	189327	132	F
Veronica_chamaedrys	mito	nad5	2	189558	55	F
Veronica_chamaedrys	mito	nad5	2	189597	42	F
Veronica_chamaedrys	mito	nad5	4	28345	32	C
Veronica_chamaedrys	mito	nad5	5	26930	39	C
Sparganium_angustifolium	mito	nad5	2	9722	452	L
Sparganium_angustifolium	mito	nad5	2	10259	210	F
Sparganium_angustifolium	mito	nad5	2	10401	163	W
Sparganium_angustifolium	mito	nad5	2	10493	132	F
Sparganium_angustifolium	mito	nad5	2	10724	55	F
Sparganium_angustifolium	mito	nad5	2	10850	13	F
Viola_odorata	mito	rps3	1	302072	11	L
Viola_odorata	mito	rps3	1	302085	7	C
Viola_odorata	mito	rps3	2	454735	483	C
Viola_odorata	mito	rps3	2	454816	460	C
Viola_odorata	mito	rps3	2	456037	74	W
Hypericum_androsaemum	mito	nad5	2	106805	132	F
Hypericum_androsaemum	mito	nad5	2	106852	148	F
Matricaria_discoidea	mito	nad1	4	81743	17	V
Matricaria_discoidea	mito	nad1	4	81770	8	V
Helleborus_foetidus	mito	nad5	2	358313	65	V
Helleborus_foetidus	mito	nad5	4	146028	32	C
Acer_pseudoplatanus	mito	rps3	2	505197	74	W
Acer_pseudoplatanus	mito	rps3	2	505540	180	F
Acer_pseudoplatanus	mito	rps3	2	506436	460	C
Lathyrus_pratensis	mito	nad5	2	67581	214	M
Lathyrus_pratensis	mito	nad5	2	67593	210	F
Lathyrus_pratensis	mito	nad5	2	67780	148	F
Lathyrus_pratensis	mito	nad5	2	67827	132	F
Lathyrus_pratensis	mito	nad5	2	68058	55	F
Lathyrus_pratensis	mito	nad5	2	68098	42	F
Lathyrus_pratensis	mito	nad5	2	68184	13	F
Chamaenerion_angustifolium	mito	nad5	2	325246	452	L
Chamaenerion_angustifolium	mito	nad5	2	325771	214	M
Chamaenerion_angustifolium	mito	nad5	2	325783	210	F
Chamaenerion_angustifolium	mito	nad5	2	325970	148	F
Chamaenerion_angustifolium	mito	nad5	2	326017	132	F
Chamaenerion_angustifolium	mito	nad5	2	326248	55	F
Chamaenerion_angustifolium	mito	nad5	2	326288	42	F
Chamaenerion_angustifolium	mito	nad5	2	326374	13	F
Chamaenerion_angustifolium	mito	nad5	4	180677	32	C
Amphidium_mougeotii	mito	rps3	1	17046	9	V
Cotoneaster_horizontalis	mito	rps3	2	344797	460	C
Linaria_purpurea	mito	nad1	1	32772	127	W
Armoracia_rusticana	mito	nad1	1	70796	127	W
Lonicera_periclymenum	mito	rps3	2	469555	474	C
Lonicera_periclymenum	mito	rps3	2	470082	312	M
Pentaglottis_sempervirens	mito	nad5	2	94093	55	F
Pentaglottis_sempervirens	mito	nad5	2	94324	132	F
Pentaglottis_sempervirens	mito	nad5	2	94371	148	F
Pentaglottis_sempervirens	mito	nad5	5	174041	39	C
Chrysosplenium_alternifolium	mito	nad1	1	35328	127	W
Chrysosplenium_alternifolium	mito	nad1	4	110948	8	V
Chrysosplenium_alternifolium	mito	nad1	4	110975	17	V
Primula_veris	mito	nad5	2	269033	55	F
Primula_veris	mito	nad5	2	269264	132	F
Primula_veris	mito	nad5	2	269311	148	F
Primula_veris	mito	nad5	4	143470	32	C
Anomodon_viticulosus	mito	rps3	1	96342	9	V
Pterigynandrum_filiforme	mito	nad1	4	3346	7	F
Pterigynandrum_filiforme	mito	nad1	4	3364	1	V
Rosa_rubiginosa	mito	nad5	2	162933	13	F
Rosa_rubiginosa	mito	nad5	2	163019	42	F
Rosa_rubiginosa	mito	nad5	2	163059	55	F
Rosa_rubiginosa	mito	nad5	2	163290	132	F
Rosa_rubiginosa	mito	nad5	2	163524	210	F
Rosa_rubiginosa	mito	nad5	2	163536	214	M
Rosa_rubiginosa	mito	nad5	2	164061	452	L
Rosa_rubiginosa	mito	nad5	4	207468	32	C
Ranunculus_bulbosus	mito	nad5	2	370215	13	F
Ranunculus_bulbosus	mito	nad5	2	370341	55	F
Ranunculus_bulbosus	mito	nad5	2	370572	132	F
Ranunculus_bulbosus	mito	nad5	2	370619	148	F
Ranunculus_bulbosus	mito	nad5	2	370725	183	M
Ranunculus_bulbosus	mito	nad5	2	370806	210	F
Ranunculus_bulbosus	mito	nad5	2	370818	214	M
Ranunculus_bulbosus	mito	nad5	3	369064	7	*
Sinapis_arvensis	mito	nad5	2	169353	13	F
Sinapis_arvensis	mito	nad5	2	169439	42	F
Sinapis_arvensis	mito	nad5	2	169479	55	F
Sinapis_arvensis	mito	nad5	2	169710	132	F
Sinapis_arvensis	mito	nad5	2	169757	148	F
Sinapis_arvensis	mito	nad5	2	169944	210	F
Sinapis_arvensis	mito	nad5	2	169956	214	M
Sinapis_arvensis	mito	nad5	2	170481	452	L
Pseudotaxiphyllum_elegans	mito	rps3	1	97664	9	V
Carex_acutiformis	mito	nad2	3	725196	4	L
Vicia_parviflora	mito	nad2	2	307110	20	W
Ceratocapnos_claviculata	mito	nad1	1	31925	127	W
Ceratocapnos_claviculata	mito	nad1	4	108331	12	V
Ceratocapnos_claviculata	mito	nad1	4	108340	9	V
Fragaria_moschata	mito	nad5	2	243242	452	L
Fragaria_moschata	mito	nad5	2	243767	214	M
Fragaria_moschata	mito	nad5	2	243779	210	F
Fragaria_moschata	mito	nad5	2	244013	132	F
Fragaria_moschata	mito	nad5	2	244244	55	F
Fragaria_moschata	mito	nad5	2	244284	42	F
Fragaria_moschata	mito	nad5	2	244370	13	F
Fragaria_moschata	mito	nad5	4	48256	32	C
Sorbus_bristoliensis	mito	nad1	4	86344	11	V
Crepis_paludosa	mito	nad5	2	187644	13	F
Crepis_paludosa	mito	nad5	2	187770	55	F
Crepis_paludosa	mito	nad5	2	188001	132	F
Crepis_paludosa	mito	nad5	2	188048	148	F
Crepis_paludosa	mito	nad5	2	188061	152	V
Crepis_paludosa	mito	nad5	4	122563	32	C
Vicia_cracca	mito	nad1	4	39014	11	V
Vicia_cracca	mito	nad1	5	40077	43	C
Cuscuta_epithymum	mito	nad5	2	362949	132	F
Cuscuta_epithymum	mito	nad5	2	363180	55	F
Cuscuta_epithymum	mito	nad5	4	55490	32	C
Onopordum_acanthium	mito	nad1	4	179346	17	V
Onopordum_acanthium	mito	nad1	4	179373	8	V
Thuidium_tamariscinum	mito	nad2	3	64425	4	L
Thuidium_tamariscinum	mito	nad2	3	64449	12	L
Potentilla_verna	mito	nad5	2	151076	452	L
Potentilla_verna	mito	nad5	2	151601	214	M
Potentilla_verna	mito	nad5	2	151613	210	F
Potentilla_verna	mito	nad5	2	151847	132	F
Potentilla_verna	mito	nad5	2	152078	55	F
Potentilla_verna	mito	nad5	2	152118	42	F
Potentilla_verna	mito	nad5	2	152204	13	F
Geranium_rotundifolium	mito	nad2	3	57556	32	F
Narcissus_pseudonarcissus	mito	nad1	1	189089	127	W
Narcissus_pseudonarcissus	mito	nad1	4	116295	15	V
Geranium_lucidum	mito	nad1	4	201301	16	V
Alchemilla_alpina	mito	rps3	2	142614	390	M
Alchemilla_alpina	mito	rps3	2	142841	460	C
Sisyrinchium_bermudianum	mito	nad1	1	173826	127	W
Sisyrinchium_bermudianum	mito	nad1	4	90319	18	V
Sisyrinchium_bermudianum	mito	nad1	4	90325	16	V
Campanula_patula	mito	nad2	3	130224	4	L
Euphorbia_paralias	mito	nad1	4	305019	17	V
Euphorbia_paralias	mito	nad1	4	305040	10	V
Potamogeton_berchtoldii	mito	nad5	2	175916	65	V
Potamogeton_berchtoldii	mito	nad5	2	176200	235	Y
Potamogeton_berchtoldii	mito	nad5	2	176366	287	L
Potamogeton_berchtoldii	mito	nad5	2	176773	420	F
Potamogeton_berchtoldii	mito	nad5	4	31861	56	L
Potamogeton_berchtoldii	mito	nad5	5	30643	39	C
Hibiscus_trionum	mito	nad5	2	292119	5	V
Carex_viridula	mito	nad5	2	253382	452	L
Salix_lanata	mito	nad5	2	654240	148	F
Salix_lanata	mito	nad5	2	654287	132	F
Salix_lanata	mito	nad5	2	654518	55	F
Salix_lanata	mito	nad5	2	654558	42	F
Leucobryum_juniperoideum	mito	rps3	1	2633	9	V
Convolvulus_arvensis	mito	rps3	1	244933	11	C
Erodium_maritimum	mito	nad1	4	6814	8	F
Cardamine_raphanifolia	mito	rps3	2	77315	460	C
Cardamine_raphanifolia	mito	rps3	2	77330	455	W
Cardamine_raphanifolia	mito	rps3	2	77456	411	C
Cardamine_raphanifolia	mito	rps3	2	78497	74	W
Cardamine_raphanifolia	mito	rps3	2	78547	61	M
Cardamine_raphanifolia	mito	rps3	2	78641	27	W
Doronicum_pardalianches	mito	rps3	2	26580	180	F
Doronicum_pardalianches	mito	rps3	2	27043	329	M
Doronicum_pardalianches	mito	rps3	2	27366	431	F
Lysimachia_nummularia	mito	rps3	2	95154	383	F
Sonchus_oleraceus	mito	nad1	4	108029	8	V
Sonchus_oleraceus	mito	nad1	4	108056	17	V
Rosa_rugosa	mito	nad1	2	101204	36	F
Rosa_rugosa	mito	nad1	4	1862	8	V
Anagallis_arvensis	mito	nad5	2	421559	55	F
Anagallis_arvensis	mito	nad5	2	421790	132	F
Anagallis_arvensis	mito	nad5	2	421837	148	F
Anagallis_arvensis	mito	nad5	4	299334	32	C
Hypericum_linariifolium	mito	nad5	2	63539	132	F
Hypericum_linariifolium	mito	nad5	2	63586	148	F
Carduus_crispus	mito	nad5	2	48507	13	F
Carduus_crispus	mito	nad5	2	48633	55	F
Carduus_crispus	mito	nad5	2	48864	132	F
Carduus_crispus	mito	nad5	2	48911	148	F
Carduus_crispus	mito	nad5	2	48924	152	V
Carduus_crispus	mito	nad5	4	18429	32	C
Lathyrus_aphaca	mito	nad5	2	304948	13	F
Lathyrus_aphaca	mito	nad5	2	305034	42	F
Lathyrus_aphaca	mito	nad5	2	305074	55	F
Lathyrus_aphaca	mito	nad5	2	305305	132	F
Lathyrus_aphaca	mito	nad5	2	305352	148	F
Lathyrus_aphaca	mito	nad5	2	305539	210	F
Lathyrus_aphaca	mito	nad5	2	305551	214	M
Verbascum_thapsus	mito	nad2	3	32769	52	*
Verbascum_thapsus	mito	nad2	5	307480	0	F
Physcomitrium_patens	mito	rps3	1	100071	9	V
Pastinaca_sativa	mito	nad2	3	42348	32	F
Ribes_nigrum	mito	nad1	1	179217	127	W
Ribes_nigrum	mito	nad1	4	282832	11	V
Salix_lapponum	mito	nad1	4	303280	8	V
Teucrium_scorodonia	mito	nad5	2	31870	148	F
Teucrium_scorodonia	mito	nad5	2	31917	132	F
Teucrium_scorodonia	mito	nad5	2	32148	55	F
Teucrium_scorodonia	mito	nad5	2	32187	42	F
Teucrium_scorodonia	mito	nad5	4	223450	32	C
Populus_tremula	mito	nad5	2	666576	42	F
Populus_tremula	mito	nad5	2	666616	55	F
Populus_tremula	mito	nad5	2	666847	132	F
Populus_tremula	mito	nad5	2	666894	148	F
Oenothera_biennis	mito	nad1	1	262853	127	W
Oenothera_biennis	mito	nad1	4	341034	16	V
Vicia_sepium	mito	rps3	2	200342	460	C
Filago_pyramidata	mito	nad1	4	167249	8	V
Filago_pyramidata	mito	nad1	4	167276	17	V
Calendula_officinalis	mito	nad1	4	85056	17	V
Calendula_officinalis	mito	nad1	4	85083	8	V
Equisetum_sylvaticum	mito	rps3	1	15640	0	C
Geranium_pratense	mito	nad2	3	128958	32	F
Sanicula_europaea	mito	nad1	1	33493	127	W
Sanicula_europaea	mito	nad1	4	149279	17	L
Sanicula_europaea	mito	nad1	4	149300	10	V
Sphagnum_compactum	mito	nad1	4	138601	8	V
Sphagnum_compactum	mito	nad1	4	138622	1	V
Sonchus_oleraceus	mito	rps3	2	90180	431	F
Sonchus_oleraceus	mito	rps3	2	90503	329	M
Sonchus_oleraceus	mito	rps3	2	90549	314	W
Tellima_grandiflora	mito	nad5	2	394318	287	L
Tellima_grandiflora	mito	nad5	2	394768	11	V
Tellima_grandiflora	mito	nad5	4	213906	32	C
Dasiphora_fruticosa	mito	nad1	4	50096	11	V
Viburnum_lantana	mito	nad2	3	142782	32	F
Isopterygiella_pulchella	mito	nad1	4	3738	18	V
Anethum_foeniculum	mito	nad1	1	169555	127	W
Anethum_foeniculum	mito	nad1	4	6339	17	L
Anethum_foeniculum	mito	nad1	4	6360	10	V
Palustriella_falcata	mito	nad1	4	22822	1	V
Palustriella_falcata	mito	nad1	4	22840	7	F
Juncus_squarrosus	mito	nad1	4	128141	17	L
Mercurialis_perennis	mito	nad1	4	17951	8	V
Mercurialis_perennis	mito	nad1	4	17978	17	V
Homogyne_alpina	mito	rps3	2	248292	431	F
Homogyne_alpina	mito	rps3	2	248615	329	M
Homogyne_alpina	mito	rps3	2	248670	314	W
Homogyne_alpina	mito	rps3	2	249078	180	F
Hieracium_attenboroughianum	mito	nad5	2	33759	13	F
Hieracium_attenboroughianum	mito	nad5	2	33885	55	F
Hieracium_attenboroughianum	mito	nad5	2	34116	132	F
Hieracium_attenboroughianum	mito	nad5	2	34163	148	F
Hieracium_attenboroughianum	mito	nad5	2	34176	152	V
Hieracium_attenboroughianum	mito	nad5	4	212164	32	C
Gentiana_verna	mito	nad5	2	100212	55	F
Gentiana_verna	mito	nad5	2	100443	132	F
Stuckenia_pectinata	mito	nad2	3	189311	51	F
Stuckenia_pectinata	mito	nad2	4	129480	131	L
Turritis_glabra	mito	nad1	1	8275	127	W
Senecio_eboracensis	mito	rps3	2	235663	180	F
Senecio_eboracensis	mito	rps3	2	236071	314	W
Senecio_eboracensis	mito	rps3	2	236126	329	M
Senecio_eboracensis	mito	rps3	2	236449	431	F
Carex_bigelowii	mito	nad5	2	442565	452	L
Trifolium_bocconei	mito	nad5	2	134812	13	F
Trifolium_bocconei	mito	nad5	2	134898	42	F
Trifolium_bocconei	mito	nad5	2	134938	55	F
Trifolium_bocconei	mito	nad5	2	135169	132	F
Trifolium_bocconei	mito	nad5	2	135216	148	F
Trifolium_bocconei	mito	nad5	2	135403	210	F
Trifolium_bocconei	mito	nad5	2	135415	214	M
Brachythecium_rutabulum	mito	nad1	4	70631	7	F
Brachythecium_rutabulum	mito	nad1	4	70649	1	V
Rorippa_islandica	mito	nad5	2	210348	13	F
Rorippa_islandica	mito	nad5	2	210434	42	F
Rorippa_islandica	mito	nad5	2	210474	55	F
Rorippa_islandica	mito	nad5	2	210705	132	F
Rorippa_islandica	mito	nad5	2	210752	148	F
Rorippa_islandica	mito	nad5	2	210939	210	F
Rorippa_islandica	mito	nad5	2	210951	214	M
Rorippa_islandica	mito	nad5	2	211476	452	L
Malus_x_robusta	mito	rps3	2	95596	460	C
Linaria_purpurea	mito	nad5	2	282880	42	F
Linaria_purpurea	mito	nad5	2	282919	55	F
Linaria_purpurea	mito	nad5	2	283150	132	F
Linaria_purpurea	mito	nad5	2	283197	148	F
Linaria_purpurea	mito	nad5	4	336018	32	C
Linaria_purpurea	mito	nad5	5	334600	39	C
Artemisia_maritima	mito	nad1	4	93260	17	V
Artemisia_maritima	mito	nad1	4	93287	8	V
Filago_lutescens	mito	nad5	2	79704	13	F
Filago_lutescens	mito	nad5	2	79830	55	F
Filago_lutescens	mito	nad5	2	80061	132	F
Filago_lutescens	mito	nad5	2	80108	148	F
Filago_lutescens	mito	nad5	2	80121	152	V
Filago_lutescens	mito	nad5	4	71283	32	C
Cirsium_acaule	mito	nad1	4	62028	8	V
Cirsium_acaule	mito	nad1	4	62055	17	V
Sorbus_devoniensis	mito	nad1	4	86344	11	V
Chamaemelum_nobile	mito	nad5	2	97607	152	V
Chamaemelum_nobile	mito	nad5	2	97620	148	F
Chamaemelum_nobile	mito	nad5	2	97667	132	F
Chamaemelum_nobile	mito	nad5	2	97898	55	F
Chamaemelum_nobile	mito	nad5	2	98024	13	F
Chamaemelum_nobile	mito	nad5	4	103326	32	C
Parthenocissus_inserta	mito	nad5	2	574054	11	V
Parthenocissus_inserta	mito	nad5	2	574504	287	L
Parthenocissus_inserta	mito	nad5	4	195019	32	C
Leontodon_hispidus	mito	rps3	2	284840	431	F
Leontodon_hispidus	mito	rps3	2	285163	329	M
Leontodon_hispidus	mito	rps3	2	285245	314	W
Leontodon_hispidus	mito	rps3	2	285644	180	F
Sedum_anglicum	mito	rps3	1	70273	11	L
Sedum_anglicum	mito	rps3	2	159804	88	W
Sedum_anglicum	mito	rps3	2	159990	146	W
Carex_atrata	mito	nad2	3	426935	12	L
Petasites_albus	mito	nad1	4	36062	8	V
Petasites_albus	mito	nad1	4	36089	17	V
Chrysosplenium_alternifolium	mito	nad5	2	91112	287	L
Chrysosplenium_alternifolium	mito	nad5	2	91562	11	V
Chrysosplenium_alternifolium	mito	nad5	4	8302	32	C
Cicerbita_macrophylla	mito	nad1	4	290635	17	V
Cicerbita_macrophylla	mito	nad1	4	290662	8	V
Centaurea_cyanus	mito	nad1	4	193683	17	V
Centaurea_cyanus	mito	nad1	4	193710	8	V
Gymnostomum_aeruginosum	mito	rps3	1	1765	9	V
Orontium_aquaticum	mito	rps3	2	5707	321	F
Hieracium_attenboroughianum	mito	rps3	2	325434	431	F
Hieracium_attenboroughianum	mito	rps3	2	325757	329	M
Hieracium_attenboroughianum	mito	rps3	2	325806	314	W
Hieracium_attenboroughianum	mito	rps3	2	326205	180	F
Hypericum_hirsutum	mito	nad1	4	21327	17	V
Hypericum_hirsutum	mito	nad1	4	21354	8	V
Saxifraga_hirsuta	mito	nad1	1	339648	127	W
Saxifraga_hirsuta	mito	nad1	4	97895	17	V
Saxifraga_hirsuta	mito	nad1	4	97922	8	V
Potamogeton_compressus	mito	nad1	4	89914	8	V
Agrimonia_eupatoria	mito	nad1	4	323700	11	V
Polygala_serpyllifolia	mito	nad1	4	65478	11	V
Scutellaria_galericulata	mito	nad5	2	295430	148	F
Scutellaria_galericulata	mito	nad5	2	295477	132	F
Scutellaria_galericulata	mito	nad5	2	295708	55	F
Scutellaria_galericulata	mito	nad5	2	295747	42	F
Scutellaria_galericulata	mito	nad5	4	91657	32	C
Struthiopteris_spicant	mito	rps3	1	32991	0	C
Climacium_dendroides	mito	rps3	1	35133	9	V
Carex_extensa	mito	nad1	2	1495770	22	L
Gnaphalium_uliginosum	mito	nad1	4	88404	10	V
Gnaphalium_uliginosum	mito	nad1	4	88425	17	L
Ginkgo_biloba	mito	nad5	3	93632	7	*
Ammophila_arenaria	mito	nad1	4	359000	15	V
Scapania_ornithopodioides	mito	nad2	3	116433	52	*
Scapania_ornithopodioides	mito	nad2	3	116493	32	F
Sphagnum_medium	mito	nad1	4	110688	1	V
Sphagnum_medium	mito	nad1	4	110709	8	V
Arctium_minus	mito	rps3	2	253382	431	F
Arctium_minus	mito	rps3	2	253705	329	M
Arctium_minus	mito	rps3	2	253760	314	W
Arctium_minus	mito	rps3	2	254168	180	F
Luzula_pallescens	mito	nad1	2	292315	17	F
Luzula_pallescens	mito	nad1	4	290946	16	V
Heracleum_sphondylium	mito	nad5	2	44735	13	F
Heracleum_sphondylium	mito	nad5	2	44861	55	F
Heracleum_sphondylium	mito	nad5	2	45092	132	F
Heracleum_sphondylium	mito	nad5	2	45139	148	F
Heracleum_sphondylium	mito	nad5	4	283956	32	C
Nymphoides_peltata	mito	nad5	2	326579	13	F
Nymphoides_peltata	mito	nad5	2	326705	55	F
Nymphoides_peltata	mito	nad5	2	326936	132	F
Nymphoides_peltata	mito	nad5	2	326983	148	F
Nymphoides_peltata	mito	nad5	2	326996	152	V
Verbascum_nigrum	mito	nad5	2	133586	148	F
Verbascum_nigrum	mito	nad5	2	133633	132	F
Verbascum_nigrum	mito	nad5	2	133864	55	F
Verbascum_nigrum	mito	nad5	2	133903	42	F
Verbascum_nigrum	mito	nad5	4	49028	32	C
Verbascum_nigrum	mito	nad5	5	50456	39	C
Gnaphalium_supinum	mito	nad1	4	11948	17	V
Gnaphalium_supinum	mito	nad1	4	11975	8	V
Quercus_petraea	mito	nad5	2	241063	5	V
Brachypodium_sylvaticum	mito	rps3	2	229015	489	W
Humulus_lupulus	mito	nad2	2	231634	20	W
Prunus_avium	mito	nad5	2	144681	42	F
Prunus_avium	mito	nad5	2	144721	55	F
Prunus_avium	mito	nad5	2	144952	132	F
Prunus_avium	mito	nad5	2	145186	210	F
Prunus_avium	mito	nad5	2	145198	214	M
Prunus_avium	mito	nad5	2	145723	452	L
Prunus_avium	mito	nad5	4	236762	32	C
Petasites_fragrans	mito	nad1	4	174431	8	V
Petasites_fragrans	mito	nad1	4	174458	17	V
Trifolium_repens	mito	nad2	2	145725	20	W
Trifolium_repens	mito	nad2	3	255289	32	F
Acer_campestre	mito	nad1	1	381764	127	W
Dioscorea_communis	mito	nad1	4	11217	15	V
Poterium_sanguisorba	mito	nad5	2	222169	148	F
Poterium_sanguisorba	mito	nad5	2	222216	132	F
Poterium_sanguisorba	mito	nad5	2	222447	55	F
Poterium_sanguisorba	mito	nad5	4	98339	32	C
Carex_pendula	mito	nad2	3	1289399	51	F
Carex_pendula	mito	nad2	3	1289433	40	C
Thalictrum_alpinum	mito	nad5	2	6905	214	M
Thalictrum_alpinum	mito	nad5	2	6917	210	F
Thalictrum_alpinum	mito	nad5	2	6998	183	M
Thalictrum_alpinum	mito	nad5	2	7104	148	F
Thalictrum_alpinum	mito	nad5	2	7151	132	F
Thalictrum_alpinum	mito	nad5	2	7199	116	F
Thalictrum_alpinum	mito	nad5	2	7382	55	F
Thalictrum_alpinum	mito	nad5	4	22645	32	C
Thalictrum_alpinum	mito	nad5	5	24037	39	C
Arum_maculatum	mito	nad5	2	8394	469	F
Arum_maculatum	mito	nad5	2	8852	317	L
Arum_maculatum	mito	nad5	2	8942	287	L
Arum_maculatum	mito	nad5	2	9108	235	Y
Inula_salicina	mito	nad5	2	342162	13	F
Inula_salicina	mito	nad5	2	342288	55	F
Inula_salicina	mito	nad5	2	342519	132	F
Inula_salicina	mito	nad5	2	342566	148	F
Inula_salicina	mito	nad5	2	342579	152	V
Inula_salicina	mito	nad5	4	257946	32	C
Grimmia_trichophylla	mito	rps3	1	38332	9	V
Nigella_damascena	mito	nad1	4	243039	2	V
Nigella_damascena	mito	nad1	4	243063	10	V
Nigella_damascena	mito	nad1	4	243084	17	V
Stachys_palustris	mito	nad5	2	116003	42	F
Stachys_palustris	mito	nad5	2	116042	55	F
Stachys_palustris	mito	nad5	2	116273	132	F
Stachys_palustris	mito	nad5	2	116320	148	F
Artemisia_vulgaris	mito	rps3	2	71893	507	M
Artemisia_vulgaris	mito	rps3	2	72140	431	F
Artemisia_vulgaris	mito	rps3	2	72463	329	M
Artemisia_vulgaris	mito	rps3	2	72518	314	W
Artemisia_vulgaris	mito	rps3	2	72926	180	F
Lepidium_draba	mito	rps3	2	37588	460	C
Lepidium_draba	mito	rps3	2	37603	455	W
Lepidium_draba	mito	rps3	2	37729	411	C
Lepidium_draba	mito	rps3	2	38770	74	W
Lepidium_draba	mito	rps3	2	38820	61	M
Lepidium_draba	mito	rps3	2	38914	27	W
Alisma_plantago_aquatica	mito	nad5	2	179333	275	F
Alisma_plantago_aquatica	mito	nad5	2	179693	452	L
Alisma_plantago_aquatica	mito	nad5	4	52418	56	L
Spirodela_polyrhiza	mito	nad5	2	40661	452	L
Spirodela_polyrhiza	mito	nad5	2	41340	163	W
Spirodela_polyrhiza	mito	nad5	2	41385	148	F
Spirodela_polyrhiza	mito	nad5	2	41432	132	F
Spirodela_polyrhiza	mito	nad5	2	41480	116	F
Spirodela_polyrhiza	mito	nad5	2	41789	13	F
Calliergon_giganteum	mito	nad1	4	90454	1	V
Calliergon_giganteum	mito	nad1	4	90472	7	F
Blindiadelphus_recurvatus	mito	rps3	1	22686	9	V
Alnus_incana	mito	nad5	2	79748	214	M
Alnus_incana	mito	nad5	2	79947	148	F
Alnus_incana	mito	nad5	2	80225	55	F
Alnus_incana	mito	nad5	2	80265	42	F
Alnus_incana	mito	nad5	2	80351	13	F
Salix_lanata	mito	nad1	4	600132	8	V
Luzula_campestris	mito	nad5	4	487399	26	L
Sedum_anglicum	mito	nad1	2	148641	17	F
Sedum_anglicum	mito	nad1	4	149558	12	V
Lathyrus_nissolia	mito	nad5	2	31173	13	F
Lathyrus_nissolia	mito	nad5	2	31259	42	F
Lathyrus_nissolia	mito	nad5	2	31299	55	F
Lathyrus_nissolia	mito	nad5	2	31530	132	F
Lathyrus_nissolia	mito	nad5	2	31577	148	F
Lathyrus_nissolia	mito	nad5	2	31764	210	F
Lathyrus_nissolia	mito	nad5	2	31776	214	M
Viburnum_lantana	mito	rps3	2	344506	354	W
Oenanthe_crocata	mito	nad5	2	22595	148	F
Oenanthe_crocata	mito	nad5	2	22642	132	F
Oenanthe_crocata	mito	nad5	2	22873	55	F
Oenanthe_crocata	mito	nad5	2	22999	13	F
Oenanthe_crocata	mito	nad5	4	8990	32	C
Rubus_chamaemorus	mito	nad1	4	154522	11	V
Betula_pendula	mito	nad1	4	219472	11	V
Fontinalis_squamosa	mito	rps3	1	25260	9	V
Juncus_bufonius	mito	nad1	2	484658	38	*
Juncus_bufonius	mito	nad1	2	484714	17	F
Pilosella_officinarum	mito	rps3	2	282035	180	F
Pilosella_officinarum	mito	rps3	2	282434	314	W
Pilosella_officinarum	mito	rps3	2	282483	329	M
Pilosella_officinarum	mito	rps3	2	282806	431	F
Carex_pendula	mito	nad1	4	1228339	2	V
Lemna_trisulca	mito	nad1	4	25732	16	V
Matricaria_discoidea	mito	rps3	2	50870	507	M
Matricaria_discoidea	mito	rps3	2	51117	431	F
Matricaria_discoidea	mito	rps3	2	51440	329	M
Matricaria_discoidea	mito	rps3	2	51495	314	W
Matricaria_discoidea	mito	rps3	2	51903	180	F
Matricaria_discoidea	mito	rps3	2	52155	98	W
Potamogeton_obtusifolius	mito	nad5	2	180864	420	F
Potamogeton_obtusifolius	mito	nad5	2	181271	287	L
Potamogeton_obtusifolius	mito	nad5	2	181437	235	Y
Potamogeton_obtusifolius	mito	nad5	2	181721	65	V
Potamogeton_obtusifolius	mito	nad5	4	81013	56	L
Potamogeton_obtusifolius	mito	nad5	5	82231	39	C
Phegopteris_connectilis	mito	nad2	3	186723	12	L
Phegopteris_connectilis	mito	nad2	3	186747	4	L
Hieracium_britannicum	mito	nad1	1	97819	127	W
Hieracium_britannicum	mito	nad1	4	242176	8	V
Hieracium_britannicum	mito	nad1	4	242203	17	V
Astragalus_danicus	mito	nad1	4	276788	11	V
Astragalus_danicus	mito	nad1	5	275718	43	C
Galatella_linosyris	mito	rps3	2	38554	180	F
Galatella_linosyris	mito	rps3	2	38953	314	W
Galatella_linosyris	mito	rps3	2	39364	431	F
Daucus_carota	mito	nad2	5	192913	76	V
Eryngium_maritimum	mito	rps3	2	227035	323	C
Eryngium_maritimum	mito	rps3	2	227065	314	W
Eryngium_maritimum	mito	rps3	2	227209	269	W
Eryngium_maritimum	mito	rps3	2	227230	260	F
Eryngium_maritimum	mito	rps3	2	227485	179	F
Pentaglottis_sempervirens	mito	nad1	4	297156	16	V
Prunus_laurocerasus	mito	nad1	4	25980	11	V
Sparganium_natans	mito	nad5	2	80466	13	F
Sparganium_natans	mito	nad5	2	80592	55	F
Sparganium_natans	mito	nad5	2	80823	132	F
Sparganium_natans	mito	nad5	2	80915	163	W
Sparganium_natans	mito	nad5	2	81057	210	F
Sparganium_natans	mito	nad5	2	81594	452	L
Oxybasis_chenopodioides	mito	rps3	1	220355	9	V
Raphanus_raphanistrum	mito	rps3	2	178664	460	C
Raphanus_raphanistrum	mito	rps3	2	178679	455	W
Raphanus_raphanistrum	mito	rps3	2	178805	411	C
Raphanus_raphanistrum	mito	rps3	2	179840	74	W
Raphanus_raphanistrum	mito	rps3	2	179890	61	M
Spiraea_salicifolia	mito	nad1	4	39878	11	V
Petasites_hybridus	mito	nad1	4	184812	8	V
Petasites_hybridus	mito	nad1	4	184839	17	V
Berberis_vulgaris	mito	nad1	4	416339	9	V
Berberis_vulgaris	mito	nad1	4	416360	16	V
Brachydontium_trichodes	mito	rps3	1	2538	9	V
Arum_italicum	mito	nad5	2	9618	469	F
Arum_italicum	mito	nad5	2	10076	317	L
Arum_italicum	mito	nad5	2	10166	287	L
Arum_italicum	mito	nad5	2	10332	235	Y
Carex_buxbaumii	mito	nad2	3	185090	4	L
Phyteuma_orbiculare	mito	nad5	2	3089	13	F
Phyteuma_orbiculare	mito	nad5	2	3215	55	F
Phyteuma_orbiculare	mito	nad5	2	3446	132	F
Phyteuma_orbiculare	mito	nad5	2	3493	148	F
Phyteuma_orbiculare	mito	nad5	2	3506	152	V
Phyteuma_orbiculare	mito	nad5	4	117878	58	L
Phyteuma_orbiculare	mito	nad5	4	117960	32	C
Sciuro_hypnum_plumosum	mito	rps3	1	7155	9	V
Potentilla_erecta	mito	nad5	2	80783	452	L
Potentilla_erecta	mito	nad5	2	81308	214	M
Potentilla_erecta	mito	nad5	2	81320	210	F
Potentilla_erecta	mito	nad5	2	81554	132	F
Potentilla_erecta	mito	nad5	2	81785	55	F
Potentilla_erecta	mito	nad5	2	81825	42	F
Potentilla_erecta	mito	nad5	2	81911	13	F
Potentilla_erecta	mito	nad5	4	227789	32	C
Potentilla_anserina	mito	nad1	4	159200	11	V
Parthenocissus_inserta	mito	nad2	2	533206	20	W
Potamogeton_trichoides	mito	nad2	3	59085	37	F
Potamogeton_trichoides	mito	nad2	4	34221	131	L
Platanus_x_hispanica	mito	nad1	1	460234	127	W
Platanus_x_hispanica	mito	nad1	2	100337	17	F
Platanus_x_hispanica	mito	nad1	4	86982	2	V
Platanus_x_hispanica	mito	nad1	4	87006	10	V
Ficaria_verna	mito	nad5	2	670394	214	M
Ficaria_verna	mito	nad5	2	670406	210	F
Ficaria_verna	mito	nad5	2	670487	183	M
Ficaria_verna	mito	nad5	2	670593	148	F
Ficaria_verna	mito	nad5	2	670640	132	F
Ficaria_verna	mito	nad5	2	670688	116	F
Ficaria_verna	mito	nad5	2	670871	55	F
Ficaria_verna	mito	nad5	2	670997	13	F
Ficaria_verna	mito	nad5	5	368097	39	C
Saxifraga_hirsuta	mito	nad5	2	225102	13	F
Saxifraga_hirsuta	mito	nad5	2	225459	132	F
Saxifraga_hirsuta	mito	nad5	2	225506	148	F
Saxifraga_hirsuta	mito	nad5	2	225693	210	F
Saxifraga_hirsuta	mito	nad5	2	225705	214	M
Achillea_maritima	mito	nad2	3	19582	10	Y
Euphrasia_anglica	mito	nad1	1	186265	127	W
Euphrasia_anglica	mito	nad1	2	29163	17	F
Veronica_persica	mito	nad5	2	234891	42	F
Veronica_persica	mito	nad5	2	234930	55	F
Veronica_persica	mito	nad5	2	235161	132	F
Veronica_persica	mito	nad5	2	235208	148	F
Veronica_persica	mito	nad5	4	171000	32	C
Veronica_persica	mito	nad5	5	172415	39	C
Brassica_nigra	mito	nad5	2	127837	452	L
Brassica_nigra	mito	nad5	2	128362	214	M
Brassica_nigra	mito	nad5	2	128374	210	F
Brassica_nigra	mito	nad5	2	128561	148	F
Brassica_nigra	mito	nad5	2	128608	132	F
Brassica_nigra	mito	nad5	2	128839	55	F
Brassica_nigra	mito	nad5	2	128879	42	F
Brassica_nigra	mito	nad5	2	128965	13	F
Thuidium_delicatulum	mito	rps3	1	21584	16	C
Sphagnum_riparium	mito	nad1	4	134867	4	V
Sphagnum_riparium	mito	nad1	4	134885	10	V
Trifolium_striatum	mito	nad5	2	227082	13	F
Trifolium_striatum	mito	nad5	2	227168	42	F
Trifolium_striatum	mito	nad5	2	227208	55	F
Trifolium_striatum	mito	nad5	2	227439	132	F
Trifolium_striatum	mito	nad5	2	227486	148	F
Trifolium_striatum	mito	nad5	2	227673	210	F
Trifolium_striatum	mito	nad5	2	227685	214	M
Hibiscus_trionum	mito	nad1	4	62762	11	V
Logfia_minima	mito	rps3	2	216166	180	F
Logfia_minima	mito	rps3	2	216574	314	W
Logfia_minima	mito	rps3	2	216629	329	M
Logfia_minima	mito	rps3	2	216952	431	F
Euphrasia_confusa	mito	rps3	2	306424	68	M
Chaenorhinum_minus	mito	nad5	2	425738	42	F
Chaenorhinum_minus	mito	nad5	2	425777	55	F
Chaenorhinum_minus	mito	nad5	2	426008	132	F
Chaenorhinum_minus	mito	nad5	2	426055	148	F
Chaenorhinum_minus	mito	nad5	4	224469	32	C
Chaenorhinum_minus	mito	nad5	5	223042	39	C
Spergularia_bocconei	mito	nad5	2	192277	42	F
Spergularia_bocconei	mito	nad5	2	192317	55	F
Spergularia_bocconei	mito	nad5	2	192548	132	F
Trifolium_pratense	mito	nad1	4	169858	11	V
Trifolium_pratense	mito	nad1	5	170927	43	C
Crataegus_laevigata	mito	nad1	4	320441	11	V
Pseudofumaria_lutea	mito	nad1	1	633853	127	W
Lepidium_draba	mito	nad2	3	55695	26	W
Lepidium_didymum	mito	nad5	2	238978	452	L
Lepidium_didymum	mito	nad5	2	239503	214	M
Lepidium_didymum	mito	nad5	2	239515	210	F
Lepidium_didymum	mito	nad5	2	239702	148	F
Lepidium_didymum	mito	nad5	2	239749	132	F
Lepidium_didymum	mito	nad5	2	239980	55	F
Lepidium_didymum	mito	nad5	2	240020	42	F
Lepidium_didymum	mito	nad5	2	240106	13	F
Calystegia_soldanella	mito	nad5	2	150548	55	F
Calystegia_soldanella	mito	nad5	2	150779	132	F
Calystegia_soldanella	mito	nad5	4	106729	32	C
Pilularia_globulifera	mito	nad2	3	129822	4	L
Pilularia_globulifera	mito	nad2	3	129846	12	L
Rorippa_islandica	mito	nad1	1	17360	127	W
Viola_palustris	mito	rps3	1	18646	11	L
Viola_palustris	mito	rps3	1	18659	7	C
Viola_palustris	mito	rps3	2	74008	483	C
Viola_palustris	mito	rps3	2	74089	460	C
Viola_palustris	mito	rps3	2	75310	74	W
Arabis_hirsuta	mito	nad5	2	197922	452	L
Arabis_hirsuta	mito	nad5	2	198447	214	M
Arabis_hirsuta	mito	nad5	2	198459	210	F
Arabis_hirsuta	mito	nad5	2	198646	148	F
Arabis_hirsuta	mito	nad5	2	198693	132	F
Arabis_hirsuta	mito	nad5	2	198924	55	F
Arabis_hirsuta	mito	nad5	2	198964	42	F
Arabis_hirsuta	mito	nad5	2	199050	13	F
Salix_lanata	mito	nad2	3	200578	12	L
Draba_incana	mito	nad1	1	258750	127	W
Oligotrichum_hercynicum	mito	nad1	2	98258	38	*
Helianthemum_apenninum	mito	nad5	2	346590	13	F
Helianthemum_apenninum	mito	nad5	2	346676	42	F
Helianthemum_apenninum	mito	nad5	2	346947	132	F
Helianthemum_apenninum	mito	nad5	2	346994	148	F
Helianthemum_apenninum	mito	nad5	2	347193	214	M
Helianthemum_apenninum	mito	nad5	5	322545	39	C
Hieracium_sabaudum	mito	nad5	2	258429	13	F
Hieracium_sabaudum	mito	nad5	2	258555	55	F
Hieracium_sabaudum	mito	nad5	2	258786	132	F
Hieracium_sabaudum	mito	nad5	2	258833	148	F
Hieracium_sabaudum	mito	nad5	2	258846	152	V
Hieracium_sabaudum	mito	nad5	4	183630	32	C
Oenothera_biennis	mito	rps3	2	48456	512	M
Sarracenia_purpurea	mito	nad5	2	552000	214	M
Sarracenia_purpurea	mito	nad5	2	552199	148	F
Sarracenia_purpurea	mito	nad5	2	552246	132	F
Sarracenia_purpurea	mito	nad5	2	552477	55	F
Sarracenia_purpurea	mito	nad5	2	552603	13	F
Hypericum_pulchrum	mito	nad5	2	166609	132	F
Hypericum_pulchrum	mito	nad5	2	166656	148	F
Saxifraga_hirsuta	mito	nad2	3	64707	12	L
Sedum_acre	mito	nad5	2	102648	13	F
Sedum_acre	mito	nad5	2	102774	55	F
Sedum_acre	mito	nad5	2	103005	132	F
Sedum_acre	mito	nad5	2	103052	148	F
Sedum_acre	mito	nad5	2	103239	210	F
Sedum_acre	mito	nad5	2	103251	214	M
Cornus_suecica	mito	nad1	2	46894	17	F
Cornus_suecica	mito	nad1	4	78513	9	V
Cornus_suecica	mito	nad1	4	78522	12	V
Cornus_suecica	mito	nad1	4	78542	19	*
Borago_officinalis	mito	nad5	2	7507	148	F
Borago_officinalis	mito	nad5	2	7554	132	F
Borago_officinalis	mito	nad5	2	7785	55	F
Borago_officinalis	mito	nad5	5	32810	39	C
Galega_officinalis	mito	rps3	2	4695	460	C
Scilla_verna	mito	nad2	3	58472	0	L
Herniaria_ciliolata	mito	nad5	2	216464	55	F
Fuchsia_magellanica	mito	rps3	2	245950	512	M
Sabulina_verna	mito	nad1	5	19446	43	C
Hieracium_radyrense	mito	nad5	2	182339	13	F
Hieracium_radyrense	mito	nad5	2	182465	55	F
Hieracium_radyrense	mito	nad5	2	182696	132	F
Hieracium_radyrense	mito	nad5	2	182743	148	F
Hieracium_radyrense	mito	nad5	2	182756	152	V
Hieracium_radyrense	mito	nad5	4	95385	32	C
Luzula_campestris	mito	nad1	2	84795	17	F
Luzula_campestris	mito	nad1	4	83426	16	V
Sherardia_arvensis	mito	rps3	2	21351	180	F
Viola_lutea	mito	nad5	2	58515	13	F
Viola_lutea	mito	nad5	2	58641	55	F
Viola_lutea	mito	nad5	2	58872	132	F
Viola_lutea	mito	nad5	2	58919	148	F
Potentilla_reptans	mito	nad5	2	59028	452	L
Potentilla_reptans	mito	nad5	2	59553	214	M
Potentilla_reptans	mito	nad5	2	59565	210	F
Potentilla_reptans	mito	nad5	2	59799	132	F
Potentilla_reptans	mito	nad5	2	60030	55	F
Potentilla_reptans	mito	nad5	2	60070	42	F
Potentilla_reptans	mito	nad5	2	60156	13	F
Potentilla_reptans	mito	nad5	4	97794	32	C
Carex_rupestris	mito	nad5	2	632235	452	L
Distichium_capillaceum	mito	rps3	1	79955	9	V
Ginkgo_biloba	mito	rps3	1	207600	23	C
Ginkgo_biloba	mito	rps3	1	207603	22	F
Ginkgo_biloba	mito	rps3	1	207669	0	C
Scapania_undulata	mito	nad2	3	100337	19	F
Crataegus_laevigata	mito	nad5	2	93038	452	L
Crataegus_laevigata	mito	nad5	2	93563	214	M
Crataegus_laevigata	mito	nad5	2	93575	210	F
Crataegus_laevigata	mito	nad5	2	93809	132	F
Crataegus_laevigata	mito	nad5	2	94040	55	F
Crataegus_laevigata	mito	nad5	2	94080	42	F
Crataegus_laevigata	mito	nad5	2	94166	13	F
Crataegus_laevigata	mito	nad5	4	65521	32	C
Euphrasia_tetraquetra	mito	nad5	2	30144	148	F
Euphrasia_tetraquetra	mito	nad5	2	30191	132	F
Euphrasia_tetraquetra	mito	nad5	2	30422	55	F
Euphrasia_tetraquetra	mito	nad5	2	30461	42	F
Euphrasia_tetraquetra	mito	nad5	4	68121	32	C
Matthiola_sinuata	mito	nad5	2	55077	65	V
Matthiola_sinuata	mito	nad5	2	55140	45	F
Loeskeobryum_brevirostre	mito	rps3	1	66980	9	V
Platanus_orientalis	mito	nad2	2	53450	20	W
Platanus_orientalis	mito	nad2	2	53478	29	F
Inula_salicina	mito	rps3	1	366206	20	C
Inula_salicina	mito	rps3	2	169233	487	Y
Inula_salicina	mito	rps3	2	169419	431	F
Inula_salicina	mito	rps3	2	169742	329	M
Inula_salicina	mito	rps3	2	169797	314	W
Inula_salicina	mito	rps3	2	170072	221	F
Inula_salicina	mito	rps3	2	170205	180	F
Malus_sylvestris	mito	nad1	4	139928	11	V
Umbilicus_rupestris	mito	nad5	2	41502	214	M
Umbilicus_rupestris	mito	nad5	2	41514	210	F
Umbilicus_rupestris	mito	nad5	2	41701	148	F
Umbilicus_rupestris	mito	nad5	2	41748	132	F
Umbilicus_rupestris	mito	nad5	2	41979	55	F
Umbilicus_rupestris	mito	nad5	2	42105	13	F
Umbilicus_rupestris	mito	nad5	4	231788	32	C
Ulmus_procera	mito	nad5	2	485699	11	V
Ulmus_procera	mito	nad5	4	83886	32	C
Anemone_nemorosa	mito	nad5	2	93165	214	M
Anemone_nemorosa	mito	nad5	2	93177	210	F
Anemone_nemorosa	mito	nad5	2	93258	183	M
Anemone_nemorosa	mito	nad5	2	93364	148	F
Anemone_nemorosa	mito	nad5	2	93411	132	F
Anemone_nemorosa	mito	nad5	2	93642	55	F
Anemone_nemorosa	mito	nad5	2	93768	13	F
Anemone_nemorosa	mito	nad5	5	9267	39	C
Atriplex_laciniata	mito	nad5	2	43673	55	F
Atriplex_laciniata	mito	nad5	2	43713	42	F
Sparganium_emersum	mito	nad5	2	54773	13	F
Sparganium_emersum	mito	nad5	2	54899	55	F
Sparganium_emersum	mito	nad5	2	55130	132	F
Sparganium_emersum	mito	nad5	2	55222	163	W
Sparganium_emersum	mito	nad5	2	55364	210	F
Sparganium_emersum	mito	nad5	2	55901	452	L
Galium_verum	mito	nad1	4	49289	15	V
Sisymbrium_altissimum	mito	nad5	2	309388	452	L
Sisymbrium_altissimum	mito	nad5	2	309913	214	M
Sisymbrium_altissimum	mito	nad5	2	309925	210	F
Sisymbrium_altissimum	mito	nad5	2	310112	148	F
Sisymbrium_altissimum	mito	nad5	2	310159	132	F
Sisymbrium_altissimum	mito	nad5	2	310390	55	F
Sisymbrium_altissimum	mito	nad5	2	310430	42	F
Sisymbrium_altissimum	mito	nad5	2	310516	13	F
Harpanthus_flotovianus	mito	nad2	3	106667	7	Y
Aristolochia_clematitis	mito	nad1	2	297128	17	F
Ajuga_chamaepitys	mito	nad5	2	335437	42	F
Ajuga_chamaepitys	mito	nad5	2	335476	55	F
Ajuga_chamaepitys	mito	nad5	2	335707	132	F
Ajuga_chamaepitys	mito	nad5	2	335754	148	F
Ajuga_chamaepitys	mito	nad5	4	395034	32	C
Ajuga_chamaepitys	mito	nad5	5	393593	39	C
Epilobium_alsinifolium	mito	nad5	2	400505	13	F
Epilobium_alsinifolium	mito	nad5	2	400591	42	F
Epilobium_alsinifolium	mito	nad5	2	400631	55	F
Epilobium_alsinifolium	mito	nad5	2	400862	132	F
Epilobium_alsinifolium	mito	nad5	2	400909	148	F
Epilobium_alsinifolium	mito	nad5	2	401096	210	F
Epilobium_alsinifolium	mito	nad5	2	401108	214	M
Epilobium_alsinifolium	mito	nad5	2	401633	452	L
Epilobium_alsinifolium	mito	nad5	4	322388	32	C
Ulmus_glabra	mito	rps3	2	452747	460	C
Solidago_canadensis	mito	nad2	3	167207	12	L
Lycopus_europaeus	mito	nad1	1	256729	127	W
Schoenoplectus_tabernaemontani	mito	nad5	2	647733	452	L
Carex_rupestris	mito	nad2	3	345279	12	L
Hypericum_tetrapterum	mito	nad5	2	347961	148	F
Hypericum_tetrapterum	mito	nad5	2	348008	132	F
Nymphoides_peltata	mito	nad2	3	335908	4	L
Ulmus_minor	mito	nad5	2	210539	11	V
Ulmus_minor	mito	nad5	4	329183	32	C
Pulicaria_vulgaris	mito	nad5	2	8206	13	F
Pulicaria_vulgaris	mito	nad5	2	8332	55	F
Pulicaria_vulgaris	mito	nad5	2	8563	132	F
Pulicaria_vulgaris	mito	nad5	2	8610	148	F
Pulicaria_vulgaris	mito	nad5	2	8623	152	V
Pulicaria_vulgaris	mito	nad5	4	87545	32	C
Salvia_verbenaca	mito	nad5	2	16576	148	F
Salvia_verbenaca	mito	nad5	2	16623	132	F
Salvia_verbenaca	mito	nad5	2	16854	55	F
Salvia_verbenaca	mito	nad5	2	16893	42	F
Salvia_verbenaca	mito	nad5	4	30761	32	C
Salvia_verbenaca	mito	nad5	5	32231	39	C
Melissa_officinalis	mito	nad5	2	127908	148	F
Melissa_officinalis	mito	nad5	2	127955	132	F
Melissa_officinalis	mito	nad5	2	128186	55	F
Melissa_officinalis	mito	nad5	2	128225	42	F
Melissa_officinalis	mito	nad5	4	42926	32	C
Melissa_officinalis	mito	nad5	5	44389	39	C
Carex_capillaris	mito	nad5	2	520636	452	L
Hylocomiadelphus_triquetrus	mito	rps3	1	87808	9	V
Fallopia_convolvulus	mito	nad1	1	125520	127	W
Littorella_uniflora	mito	nad1	4	360619	17	V
Littorella_uniflora	mito	nad1	4	360646	8	V
Potamogeton_trichoides	mito	nad1	4	89898	8	V
Buddleja_davidii	mito	nad5	2	198702	148	F
Buddleja_davidii	mito	nad5	2	198749	132	F
Buddleja_davidii	mito	nad5	2	198980	55	F
Buddleja_davidii	mito	nad5	2	199019	42	F
Buddleja_davidii	mito	nad5	4	457236	32	C
Buddleja_davidii	mito	nad5	5	455817	39	C
Geranium_lucidum	mito	nad2	3	209713	12	L
Hippocrepis_comosa	mito	nad5	2	366511	13	F
Hippocrepis_comosa	mito	nad5	2	366597	42	F
Hippocrepis_comosa	mito	nad5	2	366637	55	F
Hippocrepis_comosa	mito	nad5	2	366868	132	F
Hippocrepis_comosa	mito	nad5	2	366915	148	F
Hippocrepis_comosa	mito	nad5	2	367102	210	F
Hippocrepis_comosa	mito	nad5	2	367114	214	M
Genista_tinctoria	mito	nad1	4	39416	12	V
Genista_tinctoria	mito	nad1	4	39425	15	V
Genista_tinctoria	mito	nad1	5	39944	43	C
Hypericum_hirsutum	mito	nad5	2	228374	132	F
Hypericum_hirsutum	mito	nad5	2	228421	148	F
Salix_purpurea	mito	nad1	4	401880	8	V
Acaena_ovalifolia	mito	nad1	2	127661	22	L
Acaena_ovalifolia	mito	nad1	4	223364	8	V
Potentilla_indica	mito	rps3	1	161498	11	C
Potentilla_indica	mito	rps3	2	163795	184	W
Potentilla_indica	mito	rps3	2	164665	460	C
Potentilla_indica	mito	rps3	2	164758	487	Y
Straminergon_stramineum	mito	rps3	1	87391	9	V
Valeriana_officinalis	mito	rps3	1	274214	22	F
Centaurea_nigra	mito	nad1	4	121729	8	V
Centaurea_nigra	mito	nad1	4	121756	17	V
Bidens_cernua	mito	rps3	2	128619	431	F
Bidens_cernua	mito	rps3	2	128942	329	M
Bidens_cernua	mito	rps3	2	128997	314	W
Bidens_cernua	mito	rps3	2	129405	180	F
Jacobaea_vulgaris	mito	nad5	2	96736	152	V
Jacobaea_vulgaris	mito	nad5	2	96749	148	F
Jacobaea_vulgaris	mito	nad5	2	96796	132	F
Jacobaea_vulgaris	mito	nad5	2	97027	55	F
Jacobaea_vulgaris	mito	nad5	2	97153	13	F
Jacobaea_vulgaris	mito	nad5	4	67989	32	C
Jacobaea_vulgaris	mito	nad1	4	19741	17	V
Jacobaea_vulgaris	mito	nad1	4	19768	8	V
Didymodon_rigidulus	mito	rps3	1	99766	9	V
Mercurialis_perennis	mito	rps3	2	99644	460	C
Mercurialis_perennis	mito	rps3	2	100916	74	W
Cirsium_acaule	mito	nad2	3	324142	4	L
Potamogeton_perfoliatus	mito	nad1	4	132053	8	V
Myrica_gale	mito	nad5	2	166176	5	V
Tricholepidozia_tetradactyla	mito	nad2	3	13190	4	L
Carex_panicea	mito	nad5	2	1057282	452	L
Phyteuma_spicatum	mito	nad5	2	56128	13	F
Phyteuma_spicatum	mito	nad5	2	56254	55	F
Phyteuma_spicatum	mito	nad5	2	56485	132	F
Phyteuma_spicatum	mito	nad5	2	56532	148	F
Phyteuma_spicatum	mito	nad5	2	56545	152	V
Phyteuma_spicatum	mito	nad5	4	13802	32	C
Phyteuma_spicatum	mito	nad5	4	13884	58	L
Suaeda_maritima	mito	nad5	2	568768	55	F
Suaeda_maritima	mito	nad5	2	568808	42	F
Gymnocarpium_robertianum	mito	rps3	1	81122	0	C
Salix_purpurea	mito	nad5	2	455993	148	F
Salix_purpurea	mito	nad5	2	456040	132	F
Salix_purpurea	mito	nad5	2	456271	55	F
Salix_purpurea	mito	nad5	2	456311	42	F
Linum_catharticum	mito	rps3	2	16249	460	C
Linum_catharticum	mito	rps3	2	16966	234	W
Linum_catharticum	mito	rps3	2	17458	74	W
Pseudofumaria_lutea	mito	nad2	2	30183	29	F
Pseudofumaria_lutea	mito	nad2	2	30211	20	W
Vitis_vinifera	mito	nad2	2	610049	20	W
Ligustrum_vulgare	mito	nad1	1	774213	127	W
Ligustrum_vulgare	mito	nad1	4	600591	16	V
Pseudognaphalium_luteoalbum	mito	nad1	4	75286	8	V
Pseudognaphalium_luteoalbum	mito	nad1	4	75313	17	V
Potamogeton_natans	mito	nad1	4	98294	8	V
Cardamine_pratensis	mito	nad1	1	292658	127	W
Cardamine_pratensis	mito	nad1	4	75311	8	V
Equisetum_palustre	mito	nad2	3	137453	26	W
Eryngium_maritimum	mito	nad1	1	179379	127	W
Eryngium_maritimum	mito	nad1	4	48150	10	V
Eryngium_maritimum	mito	nad1	4	48171	17	L
Polygonum_aviculare	mito	nad5	2	13383	214	M
Polygonum_aviculare	mito	nad5	2	13629	132	F
Polygonum_aviculare	mito	nad5	2	13860	55	F
Polygonum_aviculare	mito	nad5	2	13900	42	F
Polygonum_aviculare	mito	nad5	2	13986	13	F
Rosa_canina	mito	nad5	2	228845	452	L
Rosa_canina	mito	nad5	2	229370	214	M
Rosa_canina	mito	nad5	2	229382	210	F
Rosa_canina	mito	nad5	2	229616	132	F
Rosa_canina	mito	nad5	2	229847	55	F
Rosa_canina	mito	nad5	2	229887	42	F
Rosa_canina	mito	nad5	2	229973	13	F
Rosa_canina	mito	nad5	4	185460	32	C
Nymphaea_alba	mito	nad1	2	46127	3	C
Ulmus_procera	mito	nad2	3	454050	4	L
Flexitrichum_gracile	mito	rps3	1	59921	9	V
Petasites_albus	mito	nad5	2	62507	13	F
Petasites_albus	mito	nad5	2	62633	55	F
Petasites_albus	mito	nad5	2	62864	132	F
Petasites_albus	mito	nad5	2	62911	148	F
Petasites_albus	mito	nad5	2	62924	152	V
Petasites_albus	mito	nad5	4	137665	32	C
Suaeda_maritima	mito	nad2	3	66930	1	F
Suaeda_maritima	mito	nad2	5	187743	0	F
Glebionis_segetum	mito	nad1	4	145026	8	V
Glebionis_segetum	mito	nad1	4	145053	17	V
Atractylocarpus_subporodictyon	mito	rps3	1	1656	9	V
Rosa_rubiginosa	mito	nad1	2	179140	36	F
Rosa_rubiginosa	mito	nad1	4	83153	8	V
Sambucus_ebulus	mito	nad5	2	406398	13	F
Sambucus_ebulus	mito	nad5	2	406524	55	F
Sambucus_ebulus	mito	nad5	2	406755	132	F
Sambucus_ebulus	mito	nad5	2	406802	148	F
Sambucus_ebulus	mito	nad5	2	406815	152	V
Sambucus_ebulus	mito	nad5	4	120826	32	C
Matricaria_chamomilla	mito	nad5	2	24728	152	V
Matricaria_chamomilla	mito	nad5	2	24741	148	F
Matricaria_chamomilla	mito	nad5	2	24788	132	F
Matricaria_chamomilla	mito	nad5	2	25019	55	F
Matricaria_chamomilla	mito	nad5	2	25145	13	F
Matricaria_chamomilla	mito	nad5	4	30399	32	C
Ononis_reclinata	mito	nad5	2	30285	214	M
Ononis_reclinata	mito	nad5	2	30297	210	F
Ononis_reclinata	mito	nad5	2	30484	148	F
Ononis_reclinata	mito	nad5	2	30531	132	F
Ononis_reclinata	mito	nad5	2	30762	55	F
Ononis_reclinata	mito	nad5	2	30802	42	F
Ononis_reclinata	mito	nad5	2	30888	13	F
Rosa_rugosa	mito	rps3	2	148367	460	C
Senecio_squalidus	mito	nad5	2	17119	13	F
Senecio_squalidus	mito	nad5	2	17245	55	F
Senecio_squalidus	mito	nad5	2	17476	132	F
Senecio_squalidus	mito	nad5	2	17523	148	F
Senecio_squalidus	mito	nad5	2	17536	152	V
Senecio_squalidus	mito	nad5	4	290639	32	C
Equisetum_arvense	mito	nad2	3	139437	26	W
Hieracium_sabaudum	mito	nad1	1	73689	127	W
Hieracium_sabaudum	mito	nad1	4	61610	17	V
Hieracium_sabaudum	mito	nad1	4	61637	8	V
Anastrepta_orcadensis	mito	nad2	3	10791	4	L
Cochlearia_officinalis	mito	nad1	1	157812	127	W
Persicaria_hydropiper	mito	nad5	2	178156	13	F
Persicaria_hydropiper	mito	nad5	2	178242	42	F
Persicaria_hydropiper	mito	nad5	2	178282	55	F
Persicaria_hydropiper	mito	nad5	2	178513	132	F
Persicaria_hydropiper	mito	nad5	2	178759	214	M
Lepidium_latifolium	mito	nad1	1	139107	127	W
Marsupella_emarginata	mito	nad2	3	21624	0	L
Pogonatum_aloides	mito	nad1	2	442	38	*
Trifolium_fragiferum	mito	nad1	4	264743	11	V
Trifolium_fragiferum	mito	nad1	5	265808	43	C
Dasiphora_fruticosa	mito	nad5	2	61234	452	L
Dasiphora_fruticosa	mito	nad5	2	61759	214	M
Dasiphora_fruticosa	mito	nad5	2	61771	210	F
Dasiphora_fruticosa	mito	nad5	2	62005	132	F
Dasiphora_fruticosa	mito	nad5	2	62236	55	F
Dasiphora_fruticosa	mito	nad5	2	62276	42	F
Dasiphora_fruticosa	mito	nad5	2	62362	13	F
Dasiphora_fruticosa	mito	nad5	4	126228	32	C
Euphorbia_amygdaloides	mito	nad2	3	550146	0	L
Fallopia_convolvulus	mito	nad2	3	137729	0	L
Hygrohypnum_duriusculum	mito	nad1	4	101313	1	V
Hygrohypnum_duriusculum	mito	nad1	4	101331	7	F
Potamogeton_praelongus	mito	nad5	2	218608	420	F
Potamogeton_praelongus	mito	nad5	2	218782	364	C
Potamogeton_praelongus	mito	nad5	2	219015	287	L
Potamogeton_praelongus	mito	nad5	2	219181	235	Y
Potamogeton_praelongus	mito	nad5	2	219465	65	V
Potamogeton_praelongus	mito	nad5	4	250296	56	L
Potamogeton_praelongus	mito	nad5	5	251519	39	C
Fuchsia_magellanica	mito	nad5	2	151549	452	L
Fuchsia_magellanica	mito	nad5	2	152074	214	M
Fuchsia_magellanica	mito	nad5	2	152086	210	F
Fuchsia_magellanica	mito	nad5	2	152273	148	F
Fuchsia_magellanica	mito	nad5	2	152320	132	F
Fuchsia_magellanica	mito	nad5	2	152551	55	F
Fuchsia_magellanica	mito	nad5	2	152591	42	F
Fuchsia_magellanica	mito	nad5	2	152677	13	F
Fuchsia_magellanica	mito	nad5	4	311616	32	C
Samolus_valerandi	mito	nad1	4	428038	17	V
Cicerbita_macrophylla	mito	nad5	2	320385	13	F
Cicerbita_macrophylla	mito	nad5	2	320511	55	F
Cicerbita_macrophylla	mito	nad5	2	320742	132	F
Cicerbita_macrophylla	mito	nad5	2	320789	148	F
Cicerbita_macrophylla	mito	nad5	2	320802	152	V
Cicerbita_macrophylla	mito	nad5	4	189714	32	C
Rosa_spinosissima	mito	rps3	2	173442	460	C
Ptilidium_ciliare	mito	nad1	4	94862	3	V
Potamogeton_alpinus	mito	nad2	3	58693	37	F
Potamogeton_alpinus	mito	nad2	4	33506	131	L
Digitalis_purpurea	mito	nad5	2	104314	42	F
Digitalis_purpurea	mito	nad5	2	104353	55	F
Digitalis_purpurea	mito	nad5	2	104584	132	F
Digitalis_purpurea	mito	nad5	2	104631	148	F
Digitalis_purpurea	mito	nad5	4	74445	32	C
Digitalis_purpurea	mito	nad5	5	75877	39	C
Arctium_minus	mito	nad5	2	63742	13	F
Arctium_minus	mito	nad5	2	63868	55	F
Arctium_minus	mito	nad5	2	64099	132	F
Arctium_minus	mito	nad5	2	64146	148	F
Arctium_minus	mito	nad5	2	64159	152	V
Arctium_minus	mito	nad5	4	104641	32	C
Solanum_dulcamara	mito	nad1	2	399973	17	F
Solanum_dulcamara	mito	nad1	4	400559	15	V
Inula_conyza	mito	rps3	2	18768	180	F
Inula_conyza	mito	rps3	2	19176	314	W
Inula_conyza	mito	rps3	2	19231	329	M
Inula_conyza	mito	rps3	2	19554	431	F
Sciuro_hypnum_glaciale	mito	nad1	4	3344	7	F
Sciuro_hypnum_glaciale	mito	nad1	4	3362	1	V
Luzula_campestris	mito	nad2	3	127534	52	*
Luzula_campestris	mito	nad2	3	127653	12	L
Hypericum_androsaemum	mito	nad1	4	11920	11	V
Dicranum_scoparium	mito	rps3	1	81398	9	V
Tragopogon_pratensis	mito	nad1	4	335754	17	V
Tragopogon_pratensis	mito	nad1	4	335781	8	V
Amphidium_lapponicum	mito	rps3	1	19098	9	V
Neoorthocaulis_attenuatus	mito	nad2	3	77820	4	L
Scabiosa_columbaria	mito	rps3	2	364893	98	W
Scabiosa_columbaria	mito	rps3	2	365154	5	C
Raphanus_raphanistrum	mito	nad1	1	35656	127	W
Laburnum_anagyroides	mito	nad5	2	262198	13	F
Laburnum_anagyroides	mito	nad5	2	262284	42	F
Laburnum_anagyroides	mito	nad5	2	262324	55	F
Laburnum_anagyroides	mito	nad5	2	262555	132	F
Laburnum_anagyroides	mito	nad5	2	262602	148	F
Laburnum_anagyroides	mito	nad5	2	262789	210	F
Laburnum_anagyroides	mito	nad5	2	262801	214	M
Jacobaea_erucifolia	mito	nad2	3	14976	52	*
Fallopia_convolvulus	mito	nad5	2	262163	13	F
Fallopia_convolvulus	mito	nad5	2	262249	42	F
Fallopia_convolvulus	mito	nad5	2	262289	55	F
Fallopia_convolvulus	mito	nad5	2	262520	132	F
Fallopia_convolvulus	mito	nad5	2	262766	214	M
Fallopia_convolvulus	mito	nad5	5	253238	39	C
Succisa_pratensis	mito	rps3	2	15222	98	W
Potamogeton_nodosus	mito	nad1	4	131173	8	V
Asparagus_officinalis	mito	nad1	4	441171	15	V
Rosa_agrestis	mito	rps3	2	117356	460	C
Anchusa_arvensis	mito	nad5	2	219821	148	F
Anchusa_arvensis	mito	nad5	2	219868	132	F
Anchusa_arvensis	mito	nad5	2	220099	55	F
Anchusa_arvensis	mito	nad5	5	302496	39	C
Ditrichum_cornubicum	mito	rps3	1	75578	6	C
Symphytum_tuberosum	mito	nad2	3	326095	0	L
Geum_rivale	mito	rps3	2	281424	483	C
Geum_rivale	mito	rps3	2	281505	460	C
Hieracium_scullyi	mito	nad1	4	274822	8	V
Hieracium_scullyi	mito	nad1	4	274849	17	V
Honckenya_peploides	mito	nad5	2	40176	42	F
Honckenya_peploides	mito	nad5	2	40216	55	F
Honckenya_peploides	mito	nad5	2	40447	132	F
Pleuridium_subulatum	mito	rps3	1	39247	9	V
Aesculus_hippocastanum	mito	rps3	2	380290	74	W
Aesculus_hippocastanum	mito	rps3	2	380471	133	I
Aesculus_hippocastanum	mito	rps3	2	381511	460	C
Salix_repens	mito	nad5	2	177376	42	F
Salix_repens	mito	nad5	2	177416	55	F
Salix_repens	mito	nad5	2	177647	132	F
Salix_repens	mito	nad5	2	177694	148	F
Sparganium_natans	mito	nad2	3	57365	48	C
Geranium_molle	mito	nad1	4	50538	6	V
Geranium_molle	mito	nad1	4	50550	2	V
Fragaria_vesca	mito	rps3	2	80406	390	M
Fragaria_vesca	mito	rps3	2	80633	460	C
Betula_pendula	mito	nad5	2	433361	11	V
Betula_pendula	mito	nad5	2	434554	531	C
Scrophularia_vernalis	mito	rps3	2	366133	179	F
Scrophularia_vernalis	mito	rps3	2	366448	282	W
Ranunculus_repens	mito	nad2	3	102290	32	F
Ajuga_reptans	mito	nad1	2	155770	17	F
Malva_arborea	mito	rps3	2	62155	460	C
Malva_arborea	mito	rps3	2	62604	320	F
Malva_arborea	mito	rps3	2	63364	74	W
Achillea_millefolium	mito	nad5	2	175182	152	V
Achillea_millefolium	mito	nad5	2	175195	148	F
Achillea_millefolium	mito	nad5	2	175242	132	F
Achillea_millefolium	mito	nad5	2	175473	55	F
Achillea_millefolium	mito	nad5	2	175599	13	F
Achillea_millefolium	mito	nad5	4	180895	32	C
Descurainia_sophia	mito	nad5	2	147567	13	F
Descurainia_sophia	mito	nad5	2	147653	42	F
Descurainia_sophia	mito	nad5	2	147693	55	F
Descurainia_sophia	mito	nad5	2	147924	132	F
Descurainia_sophia	mito	nad5	2	147971	148	F
Descurainia_sophia	mito	nad5	2	148158	210	F
Descurainia_sophia	mito	nad5	2	148170	214	M
Descurainia_sophia	mito	nad5	2	148695	452	L
Juncus_conglomeratus	mito	rps3	2	502129	88	Y
Juncus_conglomeratus	mito	rps3	2	503272	454	F
Verbascum_thapsus	mito	nad5	2	295284	42	F
Verbascum_thapsus	mito	nad5	2	295323	55	F
Verbascum_thapsus	mito	nad5	2	295554	132	F
Verbascum_thapsus	mito	nad5	2	295601	148	F
Verbascum_thapsus	mito	nad5	4	50689	32	C
Verbascum_thapsus	mito	nad5	5	49261	39	C
Vicia_hirsuta	mito	nad2	2	99920	20	W
Thuidium_tamariscinum	mito	nad1	4	54636	7	F
Thuidium_tamariscinum	mito	nad1	4	54654	1	V
Lotus_tenuis	mito	nad1	4	131377	11	V
Rhynchostegium_megapolitanum	mito	rps3	1	102093	9	V
Onobrychis_viciifolia	mito	nad5	2	112828	13	F
Onobrychis_viciifolia	mito	nad5	2	112914	42	F
Onobrychis_viciifolia	mito	nad5	2	112954	55	F
Onobrychis_viciifolia	mito	nad5	2	113185	132	F
Onobrychis_viciifolia	mito	nad5	2	113232	148	F
Onobrychis_viciifolia	mito	nad5	2	113419	210	F
Onobrychis_viciifolia	mito	nad5	2	113431	214	M
Vicia_hirsuta	mito	nad1	4	318699	11	V
Vicia_hirsuta	mito	nad1	5	317631	43	C
Ononis_reclinata	mito	nad2	2	64607	20	W
Rhytidium_rugosum	mito	nad1	4	45743	1	V
Rhytidium_rugosum	mito	nad1	4	45761	7	F
Jacobaea_erucifolia	mito	nad1	4	54781	8	V
Jacobaea_erucifolia	mito	nad1	4	54808	17	V
Pulicaria_dysenterica	mito	rps3	2	259707	431	F
Pulicaria_dysenterica	mito	rps3	2	260030	329	M
Pulicaria_dysenterica	mito	rps3	2	260085	314	W
Pulicaria_dysenterica	mito	rps3	2	260493	180	F
Juncus_squarrosus	mito	nad2	3	113200	19	F
Ilex_aquifolium	mito	nad5	2	268164	152	V
Ilex_aquifolium	mito	nad5	2	268177	148	F
Ilex_aquifolium	mito	nad5	2	268224	132	F
Ilex_aquifolium	mito	nad5	2	268455	55	F
Ilex_aquifolium	mito	nad5	2	268581	13	F
Ilex_aquifolium	mito	nad5	4	359394	32	C
Carex_lepidocarpa	mito	nad5	1	400457	44	I
Carex_lepidocarpa	mito	nad5	2	939746	452	L
Moehringia_trinervia	mito	nad5	2	136691	132	F
Moehringia_trinervia	mito	nad5	2	136922	55	F
Moehringia_trinervia	mito	nad5	2	136962	42	F
Medicago_sativa	mito	nad1	4	153578	10	V
Medicago_sativa	mito	nad1	4	153599	17	L
Medicago_sativa	mito	nad1	5	154300	43	C
Ajuga_chamaepitys	mito	nad2	3	390574	52	*
Doronicum_pardalianches	mito	nad1	1	121346	127	W
Doronicum_pardalianches	mito	nad1	4	37200	8	V
Doronicum_pardalianches	mito	nad1	4	37227	17	V
Bazzania_trilobata	mito	nad1	4	64419	7	F
Kali_turgidum	mito	nad5	2	161009	55	F
Kali_turgidum	mito	nad5	2	161240	132	F
Kali_turgidum	mito	nad5	2	161287	148	F
Cryphaea_heteromalla	mito	nad1	4	3310	7	F
Cryphaea_heteromalla	mito	nad1	4	3328	1	V
Frangula_alnus	mito	nad5	2	397523	13	F
Frangula_alnus	mito	nad5	2	397649	55	F
Frangula_alnus	mito	nad5	2	397880	132	F
Frangula_alnus	mito	nad5	2	398114	210	F
Frangula_alnus	mito	nad5	2	398126	214	M
Frangula_alnus	mito	nad5	2	398651	452	L
Frangula_alnus	mito	nad5	4	82010	81	S
Frangula_alnus	mito	nad5	4	82163	32	C
Tanacetum_parthenium	mito	rps3	2	202062	507	M
Tanacetum_parthenium	mito	rps3	2	202309	431	F
Tanacetum_parthenium	mito	rps3	2	202632	329	M
Tanacetum_parthenium	mito	rps3	2	202687	314	W
Tanacetum_parthenium	mito	rps3	2	203095	180	F
Salix_lapponum	mito	nad2	3	364724	12	L
Ligusticum_scoticum	mito	nad1	1	19670	127	W
Ligusticum_scoticum	mito	nad1	4	192872	8	F
Ligusticum_scoticum	mito	nad1	4	192884	12	V
Juncus_bufonius	mito	rps3	2	598246	454	F
Juncus_bufonius	mito	rps3	2	598693	316	W
Juncus_bufonius	mito	rps3	2	598896	250	L
Juncus_bufonius	mito	rps3	2	599377	88	Y
Genista_tinctoria	mito	nad5	2	96204	214	M
Genista_tinctoria	mito	nad5	2	96216	210	F
Genista_tinctoria	mito	nad5	2	96403	148	F
Genista_tinctoria	mito	nad5	2	96450	132	F
Genista_tinctoria	mito	nad5	2	96681	55	F
Genista_tinctoria	mito	nad5	2	96721	42	F
Genista_tinctoria	mito	nad5	2	96807	13	F
Linum_catharticum	mito	nad5	2	149299	42	F
Linum_catharticum	mito	nad5	2	149339	55	F
Linum_catharticum	mito	nad5	2	149570	132	F
Linum_catharticum	mito	nad5	2	149617	148	F
Polygala_serpyllifolia	mito	nad2	2	156907	20	W
Sciuro_hypnum_plumosum	mito	nad1	4	10274	1	V
Sciuro_hypnum_plumosum	mito	nad1	4	10292	7	F
Sparganium_erectum	mito	nad5	2	213816	13	F
Sparganium_erectum	mito	nad5	2	213942	55	F
Sparganium_erectum	mito	nad5	2	214173	132	F
Sparganium_erectum	mito	nad5	2	214265	163	W
Sparganium_erectum	mito	nad5	2	214407	210	F
Sparganium_erectum	mito	nad5	2	214944	452	L
Conocephalum_conicum	mito	nad1	4	30336	1	V
Campanula_medium	mito	nad5	2	63944	13	F
Campanula_medium	mito	nad5	2	64070	55	F
Campanula_medium	mito	nad5	2	64301	132	F
Campanula_medium	mito	nad5	2	64348	148	F
Campanula_medium	mito	nad5	2	64361	152	V
Campanula_medium	mito	nad5	4	278325	32	C
Campanula_medium	mito	nad5	4	278407	58	L
Polygala_vulgaris	mito	nad2	2	246562	20	W
Riccardia_palmata	mito	nad2	3	63294	0	L
Potamogeton_natans	mito	nad5	2	198204	420	F
Potamogeton_natans	mito	nad5	2	198378	364	C
Potamogeton_natans	mito	nad5	2	198611	287	L
Potamogeton_natans	mito	nad5	2	198777	235	Y
Potamogeton_natans	mito	nad5	2	199061	65	V
Potamogeton_natans	mito	nad5	4	80662	56	L
Potamogeton_natans	mito	nad5	5	81885	39	C
Veronica_arvensis	mito	nad5	2	156250	42	F
Veronica_arvensis	mito	nad5	2	156289	55	F
Veronica_arvensis	mito	nad5	2	156520	132	F
Veronica_arvensis	mito	nad5	2	156567	148	F
Veronica_arvensis	mito	nad5	4	136726	32	C
Veronica_arvensis	mito	nad5	5	135304	39	C
Narcissus_pseudonarcissus	mito	rps3	2	385740	141	F
Narcissus_pseudonarcissus	mito	rps3	2	386151	5	C
Fuchsia_magellanica	mito	nad1	1	164119	127	W
Fuchsia_magellanica	mito	nad1	4	84153	0	V
Fuchsia_magellanica	mito	nad1	4	84183	10	V
Fuchsia_magellanica	mito	nad1	4	84204	17	L
Cryphaea_heteromalla	mito	rps3	1	6463	9	V
Petasites_japonicus	mito	nad5	2	41015	13	F
Petasites_japonicus	mito	nad5	2	41141	55	F
Petasites_japonicus	mito	nad5	2	41372	132	F
Petasites_japonicus	mito	nad5	2	41419	148	F
Petasites_japonicus	mito	nad5	2	41432	152	V
Petasites_japonicus	mito	nad5	4	100148	32	C
Carduus_nutans	mito	nad5	2	209579	13	F
Carduus_nutans	mito	nad5	2	209705	55	F
Carduus_nutans	mito	nad5	2	209936	132	F
Carduus_nutans	mito	nad5	2	209983	148	F
Carduus_nutans	mito	nad5	2	209996	152	V
Carduus_nutans	mito	nad5	4	179501	32	C
Ammi_majus	mito	nad1	4	192059	10	V
Ammi_majus	mito	nad1	4	192080	17	L
Dryas_octopetala	mito	rps3	2	135603	483	C
Dryas_octopetala	mito	rps3	2	135684	460	C
Dryas_octopetala	mito	rps3	2	136821	98	W
Sorbus_cuneifolia	mito	nad1	4	151214	11	V
Tamarix_gallica	mito	nad5	2	171608	42	F
Tamarix_gallica	mito	nad5	2	171648	55	F
Tamarix_gallica	mito	nad5	2	171879	132	F
Ptilium_crista_castrensis	mito	rps3	1	97223	9	V
Potamogeton_trichoides	mito	nad5	2	180960	420	F
Potamogeton_trichoides	mito	nad5	2	181367	287	L
Potamogeton_trichoides	mito	nad5	2	181533	235	Y
Potamogeton_trichoides	mito	nad5	2	181817	65	V
Potamogeton_trichoides	mito	nad5	4	81138	56	L
Potamogeton_trichoides	mito	nad5	5	82361	39	C
Logfia_minima	mito	nad1	4	92174	17	V
Logfia_minima	mito	nad1	4	92201	8	V
Carex_pallescens	mito	nad5	2	438819	452	L
Euphorbia_amygdaloides	mito	rps3	2	41641	68	M
Euphorbia_amygdaloides	mito	rps3	2	41655	74	W
Euphorbia_amygdaloides	mito	rps3	2	42885	454	F
Euphorbia_amygdaloides	mito	rps3	2	42903	460	C
Malva_sylvestris	mito	nad5	2	352056	5	V
Rubus_saxatilis	mito	nad5	2	341932	13	F
Rubus_saxatilis	mito	nad5	2	342018	42	F
Rubus_saxatilis	mito	nad5	2	342058	55	F
Rubus_saxatilis	mito	nad5	2	342289	132	F
Rubus_saxatilis	mito	nad5	2	342523	210	F
Rubus_saxatilis	mito	nad5	2	342535	214	M
Rubus_saxatilis	mito	nad5	2	343060	452	L
Rubus_saxatilis	mito	nad5	4	199433	32	C
Centaurea_cyanus	mito	nad5	2	68334	152	V
Centaurea_cyanus	mito	nad5	2	68347	148	F
Centaurea_cyanus	mito	nad5	2	68394	132	F
Centaurea_cyanus	mito	nad5	2	68625	55	F
Centaurea_cyanus	mito	nad5	2	68751	13	F
Centaurea_cyanus	mito	nad5	4	263928	32	C
Dichodontium_palustre	mito	rps3	1	63255	9	V
Cardamine_pratensis	mito	nad5	2	278193	452	L
Cardamine_pratensis	mito	nad5	2	278718	214	M
Cardamine_pratensis	mito	nad5	2	278730	210	F
Cardamine_pratensis	mito	nad5	2	278917	148	F
Cardamine_pratensis	mito	nad5	2	278964	132	F
Cardamine_pratensis	mito	nad5	2	279195	55	F
Cardamine_pratensis	mito	nad5	2	279235	42	F
Cardamine_pratensis	mito	nad5	2	279321	13	F
Scutellaria_minor	mito	rps3	2	372596	5	C
Hypericum_androsaemum	mito	nad2	5	9339	0	F
Carex_hirta	mito	nad2	3	965323	12	L
Ononis_reclinata	mito	rps3	2	106615	460	C
Lycopus_europaeus	mito	nad5	2	190351	42	F
Lycopus_europaeus	mito	nad5	2	190390	55	F
Lycopus_europaeus	mito	nad5	2	190621	132	F
Lycopus_europaeus	mito	nad5	2	190668	148	F
Lycopus_europaeus	mito	nad5	4	30455	32	C
Lycopus_europaeus	mito	nad5	5	28986	39	C
Glebionis_segetum	mito	nad5	2	5807	13	F
Glebionis_segetum	mito	nad5	2	5933	55	F
Glebionis_segetum	mito	nad5	2	6164	132	F
Glebionis_segetum	mito	nad5	2	6211	148	F
Glebionis_segetum	mito	nad5	2	6224	152	V
Glebionis_segetum	mito	nad5	4	136434	32	C
Suaeda_maritima	mito	nad1	4	121586	8	V
Oxytropis_halleri	mito	nad5	2	203590	13	F
Oxytropis_halleri	mito	nad5	2	203676	42	F
Oxytropis_halleri	mito	nad5	2	203716	55	F
Oxytropis_halleri	mito	nad5	2	203947	132	F
Oxytropis_halleri	mito	nad5	2	203994	148	F
Oxytropis_halleri	mito	nad5	2	204181	210	F
Oxytropis_halleri	mito	nad5	2	204193	214	M
Geranium_rotundifolium	mito	nad1	4	36173	7	V
Geranium_rotundifolium	mito	nad1	4	36179	9	V
Potamogeton_obtusifolius	mito	nad1	4	89822	8	V
Trocdaris_verticillatum	mito	nad1	3	9963	22	S
Trocdaris_verticillatum	mito	nad1	4	242816	10	V
Trocdaris_verticillatum	mito	nad1	4	242837	17	L
Xerophyllum_tenax	mito	nad2	3	245774	19	F
Chenopodium_album	mito	nad5	2	41157	42	F
Chenopodium_album	mito	nad5	2	41197	55	F
Potentilla_anglica	mito	nad1	4	30425	11	V
Platanus_x_hispanica	mito	nad5	2	304269	287	L
Struthiopteris_spicant	mito	nad2	3	249161	1	F
Helosciadium_nodiflorum	mito	nad2	3	294150	51	F
Ficus_carica	mito	nad5	2	44596	13	F
Ficus_carica	mito	nad5	2	44722	55	F
Ficus_carica	mito	nad5	2	44953	132	F
Ficus_carica	mito	nad5	2	45187	210	F
Ficus_carica	mito	nad5	2	45199	214	M
Ficus_carica	mito	nad5	2	45724	452	L
Ficus_carica	mito	nad5	5	64294	16	F
Drosera_rotundifolia	mito	nad1	4	75125	12	V
Bellis_perennis	mito	nad1	4	150370	8	V
Bellis_perennis	mito	nad1	4	150397	17	V
Ceratocapnos_claviculata	mito	nad5	2	11520	287	L
Ceratocapnos_claviculata	mito	nad5	2	11772	169	V
Rhynchostegiella_tenella	mito	nad1	4	65858	0	V
Allium_schoenoprasum	mito	rps3	1	136134	7	C
Allium_schoenoprasum	mito	rps3	1	136185	24	*
Rubus_caesius	mito	nad1	4	119209	11	V
Borago_officinalis	mito	nad1	4	45078	16	V
Centaurea_cyanus	mito	rps3	2	296611	180	F
Centaurea_cyanus	mito	rps3	2	297019	314	W
Centaurea_cyanus	mito	rps3	2	297074	329	M
Centaurea_cyanus	mito	rps3	2	297397	431	F
Cirsium_vulgare	mito	nad1	4	237819	17	V
Cirsium_vulgare	mito	nad1	4	237846	8	V
Astragalus_alpinus	mito	nad5	2	82292	214	M
Astragalus_alpinus	mito	nad5	2	82304	210	F
Astragalus_alpinus	mito	nad5	2	82491	148	F
Astragalus_alpinus	mito	nad5	2	82538	132	F
Astragalus_alpinus	mito	nad5	2	82769	55	F
Astragalus_alpinus	mito	nad5	2	82809	42	F
Astragalus_alpinus	mito	nad5	2	82895	13	F
Achillea_millefolium	mito	rps3	2	10003	98	W
Achillea_millefolium	mito	rps3	2	10255	180	F
Achillea_millefolium	mito	rps3	2	10663	314	W
Achillea_millefolium	mito	rps3	2	10718	329	M
Achillea_millefolium	mito	rps3	2	11041	431	F
Achillea_millefolium	mito	rps3	2	11288	507	M
Limosella_aquatica	mito	nad5	2	356569	148	F
Limosella_aquatica	mito	nad5	2	356616	132	F
Limosella_aquatica	mito	nad5	2	356847	55	F
Limosella_aquatica	mito	nad5	2	356886	42	F
Limosella_aquatica	mito	nad5	4	431260	32	C
Limosella_aquatica	mito	nad5	5	432681	39	C
Lactuca_serriola	mito	nad1	4	48712	17	V
Lactuca_serriola	mito	nad1	4	48739	8	V
Pinguicula_vulgaris	mito	nad5	2	167071	148	F
Pinguicula_vulgaris	mito	nad5	2	167118	132	F
Pinguicula_vulgaris	mito	nad5	2	167349	55	F
Pinguicula_vulgaris	mito	nad5	2	167388	42	F
Pinguicula_vulgaris	mito	nad5	4	153899	32	C
Pinguicula_vulgaris	mito	nad5	5	155314	39	C
Montia_fontana	mito	nad5	2	222139	42	F
Montia_fontana	mito	nad5	2	222179	55	F
Montia_fontana	mito	nad5	2	222410	132	F
Montia_fontana	mito	nad5	5	75037	39	C
Antennaria_dioica	mito	nad1	4	39904	8	V
Antennaria_dioica	mito	nad1	4	39931	17	V
Euphrasia_anglica	mito	nad5	2	48148	42	F
Euphrasia_anglica	mito	nad5	2	48187	55	F
Euphrasia_anglica	mito	nad5	2	48418	132	F
Euphrasia_anglica	mito	nad5	2	48465	148	F
Euphrasia_anglica	mito	nad5	4	5768	32	C
Polygala_vulgaris	mito	rps3	2	290039	260	F
Polygala_vulgaris	mito	rps3	2	290674	460	C
Polygala_vulgaris	mito	rps3	2	290755	483	C
Torilis_japonica	mito	nad5	2	218853	13	F
Torilis_japonica	mito	nad5	2	218979	55	F
Torilis_japonica	mito	nad5	2	219210	132	F
Torilis_japonica	mito	nad5	2	219257	148	F
Torilis_japonica	mito	nad5	4	293419	32	C
Ceratodon_purpureus	mito	nad5	1	12500	49	V
Arctium_minus	mito	nad1	1	281290	127	W
Arctium_minus	mito	nad1	4	293619	17	L
Arctium_minus	mito	nad1	4	293640	10	V
Salix_reticulata	mito	nad1	4	416551	8	V
Descurainia_sophia	mito	nad1	1	123503	127	W
Trifolium_fragiferum	mito	nad2	2	241274	20	W
Potentilla_indica	mito	nad2	3	411072	4	L
Daucus_carota	mito	nad5	2	87882	13	F
Daucus_carota	mito	nad5	2	88008	55	F
Daucus_carota	mito	nad5	2	88239	132	F
Daucus_carota	mito	nad5	2	88286	148	F
Daucus_carota	mito	nad5	4	133964	32	C
Raphanus_raphanistrum	mito	nad5	2	37707	13	F
Raphanus_raphanistrum	mito	nad5	2	37793	42	F
Raphanus_raphanistrum	mito	nad5	2	37833	55	F
Raphanus_raphanistrum	mito	nad5	2	38064	132	F
Raphanus_raphanistrum	mito	nad5	2	38111	148	F
Raphanus_raphanistrum	mito	nad5	2	38298	210	F
Raphanus_raphanistrum	mito	nad5	2	38310	214	M
Raphanus_raphanistrum	mito	nad5	2	38835	452	L
Equisetum_telmateia	mito	rps3	1	114520	0	C
Lepidium_campestre	mito	nad2	3	144967	26	W
Potamogeton_rutilus	mito	nad2	3	53063	37	F
Potamogeton_rutilus	mito	nad2	4	75364	131	L
Thuidium_delicatulum	mito	nad2	3	64455	4	L
Thuidium_delicatulum	mito	nad2	3	64479	12	L
Sarracenia_purpurea	mito	nad1	1	326189	127	W
Sarracenia_purpurea	mito	nad1	4	245319	10	V
Sarracenia_purpurea	mito	nad1	4	245340	17	L
Euphorbia_amygdaloides	mito	nad5	2	775084	148	F
Euphorbia_amygdaloides	mito	nad5	2	775131	132	F
Euphorbia_amygdaloides	mito	nad5	2	775362	55	F
Euphorbia_amygdaloides	mito	nad5	4	854434	32	C
Trifolium_occidentale	mito	nad1	4	149369	11	V
Trifolium_occidentale	mito	nad1	5	151106	43	C
Viola_tricolor	mito	rps3	1	114429	7	C
Viola_tricolor	mito	rps3	1	114442	11	L
Viola_tricolor	mito	rps3	2	29299	483	C
Viola_tricolor	mito	rps3	2	29380	460	C
Viola_tricolor	mito	rps3	2	30601	74	W
Arctium_lappa	mito	nad5	2	63758	13	F
Arctium_lappa	mito	nad5	2	63884	55	F
Arctium_lappa	mito	nad5	2	64115	132	F
Arctium_lappa	mito	nad5	2	64162	148	F
Arctium_lappa	mito	nad5	2	64175	152	V
Arctium_lappa	mito	nad5	4	104657	32	C
Ulex_minor	mito	nad1	4	347490	12	V
Ulex_minor	mito	nad1	4	347499	15	V
Ulex_minor	mito	nad1	5	347994	43	C
Potentilla_verna	mito	nad1	4	344837	11	V
Rumex_obtusifolius	mito	nad5	2	406455	214	M
Rumex_obtusifolius	mito	nad5	2	406701	132	F
Rumex_obtusifolius	mito	nad5	2	406932	55	F
Rumex_obtusifolius	mito	nad5	2	406972	42	F
Rumex_obtusifolius	mito	nad5	2	407058	13	F
Comarum_palustre	mito	nad1	4	103889	11	V
Orontium_aquaticum	mito	nad2	2	39649	20	W
Orontium_aquaticum	mito	nad2	2	39677	29	F
Castanea_sativa	mito	nad1	4	322400	10	V
Castanea_sativa	mito	nad1	4	322421	17	L
Castanea_sativa	mito	nad5	2	29039	0	F
Potamogeton_perfoliatus	mito	nad2	3	171634	37	F
Potamogeton_perfoliatus	mito	nad2	4	196814	131	L
Arabidopsis_thaliana	mito	rps3	2	348710	460	C
Arabidopsis_thaliana	mito	rps3	2	348725	455	W
Arabidopsis_thaliana	mito	rps3	2	348851	411	C
Arabidopsis_thaliana	mito	rps3	2	349892	74	W
Arabidopsis_thaliana	mito	rps3	2	349942	61	M
Arabidopsis_thaliana	mito	rps3	2	350036	27	W
Alnus_incana	mito	nad1	4	151605	11	V
Eryngium_campestre	mito	nad1	1	64941	127	W
Eryngium_campestre	mito	nad1	4	199007	17	L
Eryngium_campestre	mito	nad1	4	199028	10	V
Plagiothecium_denticulatum	mito	rps3	1	30983	16	C
Epilobium_palustre	mito	rps3	2	243956	512	M
Quercus_petraea	mito	rps3	2	134452	460	C
Sanguisorba_minor	mito	rps3	1	72332	7	C
Sanguisorba_minor	mito	rps3	1	72350	1	C
Sedum_album	mito	rps3	1	7256	13	L
Sedum_album	mito	rps3	2	132617	146	W
Sedum_album	mito	rps3	2	132803	88	W
Nigella_damascena	mito	rps3	2	381146	512	M
Rhabdoweisia_crispata	mito	rps3	1	41977	9	V
Euphorbia_maculata	mito	nad5	2	347012	55	F
Euphorbia_maculata	mito	nad5	2	347243	132	F
Euphorbia_maculata	mito	nad5	2	347290	148	F
Euphorbia_maculata	mito	nad5	4	237327	32	C
Medicago_lupulina	mito	nad2	2	260909	20	W
Pontederia_cordata	mito	nad5	2	232688	452	L
Pontederia_cordata	mito	nad5	2	233367	163	W
Pontederia_cordata	mito	nad5	2	233459	132	F
Pontederia_cordata	mito	nad5	2	233690	55	F
Pontederia_cordata	mito	nad5	2	233816	13	F
Rosa_canina	mito	rps3	2	260987	460	C
Robinia_pseudoacacia	mito	nad2	2	166041	20	W
Laburnum_anagyroides	mito	nad1	4	63758	15	V
Laburnum_anagyroides	mito	nad1	4	63767	12	V
Laburnum_anagyroides	mito	nad1	5	63263	43	C
Linnaea_borealis	mito	rps3	1	102460	5	C
Linnaea_borealis	mito	rps3	1	102463	4	C
Adoxa_moschatellina	mito	nad1	1	29662	127	W
Adoxa_moschatellina	mito	nad1	4	135524	17	L
Adoxa_moschatellina	mito	nad1	4	135545	10	V
Trifolium_strictum	mito	nad5	2	108732	214	M
Trifolium_strictum	mito	nad5	2	108744	210	F
Trifolium_strictum	mito	nad5	2	108931	148	F
Trifolium_strictum	mito	nad5	2	108978	132	F
Trifolium_strictum	mito	nad5	2	109209	55	F
Trifolium_strictum	mito	nad5	2	109249	42	F
Trifolium_strictum	mito	nad5	2	109335	13	F
Parthenocissus_inserta	mito	nad1	1	496407	127	W
Parthenocissus_inserta	mito	nad1	4	722693	11	V
Hieracium_britannicum	mito	rps3	2	325434	431	F
Hieracium_britannicum	mito	rps3	2	325757	329	M
Hieracium_britannicum	mito	rps3	2	325806	314	W
Hieracium_britannicum	mito	rps3	2	326205	180	F
Lathyrus_aphaca	mito	nad1	4	324336	10	V
Lathyrus_aphaca	mito	nad1	4	324357	17	L
Lathyrus_aphaca	mito	nad1	5	325061	43	C
Grimmia_montana	mito	rps3	1	5432	9	V
Alchemilla_micans	mito	nad2	3	177748	52	*
Sphagnum_rubellum	mito	nad1	4	8600	1	V
Sphagnum_rubellum	mito	nad1	4	8621	8	V
Vicia_sativa	mito	nad1	4	355535	11	V
Vicia_sativa	mito	nad1	5	354473	43	C
Aesculus_hippocastanum	mito	nad5	2	462510	214	M
Aesculus_hippocastanum	mito	nad5	2	462522	210	F
Aesculus_hippocastanum	mito	nad5	2	462709	148	F
Aesculus_hippocastanum	mito	nad5	2	462756	132	F
Aesculus_hippocastanum	mito	nad5	2	462987	55	F
Aesculus_hippocastanum	mito	nad5	2	463027	42	F
Aesculus_hippocastanum	mito	nad5	2	463113	13	F
Aesculus_hippocastanum	mito	nad5	4	306573	32	C
Lotus_pedunculatus	mito	nad2	2	191720	20	W
Butomus_umbellatus	mito	nad5	2	34564	13	F
Butomus_umbellatus	mito	nad5	2	34690	55	F
Butomus_umbellatus	mito	nad5	2	34921	132	F
Butomus_umbellatus	mito	nad5	2	34981	152	V
Butomus_umbellatus	mito	nad5	2	35013	163	W
Butomus_umbellatus	mito	nad5	2	35155	210	F
Butomus_umbellatus	mito	nad5	2	35332	275	F
Butomus_umbellatus	mito	nad5	2	35692	452	L
Butomus_umbellatus	mito	nad5	4	130601	56	L
Eryngium_campestre	mito	nad5	2	196495	148	F
Eryngium_campestre	mito	nad5	2	196542	132	F
Eryngium_campestre	mito	nad5	2	196773	55	F
Eryngium_campestre	mito	nad5	2	196899	13	F
Eryngium_campestre	mito	nad5	4	87803	32	C
Populus_alba	mito	nad2	3	759917	12	L
Carex_aquatilis	mito	nad5	2	940495	452	L
Polygala_serpyllifolia	mito	rps3	2	112714	483	C
Polygala_serpyllifolia	mito	rps3	2	112795	460	C
Polygala_serpyllifolia	mito	rps3	2	113430	260	F
Sphagnum_lindbergii	mito	nad1	4	58422	8	V
Sphagnum_lindbergii	mito	nad1	4	58443	1	V
Polytrichum_juniperinum	mito	nad1	2	1117	38	*
Carex_acutiformis	mito	nad5	2	855762	452	L
Rosa_spinosissima	mito	nad1	2	108643	36	F
Rosa_spinosissima	mito	nad1	4	213312	8	V
Conium_maculatum	mito	nad5	2	242339	452	L
Conium_maculatum	mito	nad5	2	242864	214	M
Conium_maculatum	mito	nad5	4	82146	32	C
Carex_pallescens	mito	nad2	3	81707	12	L
Equisetum_fluviatile	mito	rps3	1	168686	0	C
Lapsana_communis	mito	nad5	2	165716	13	F
Lapsana_communis	mito	nad5	2	165842	55	F
Lapsana_communis	mito	nad5	2	166073	132	F
Lapsana_communis	mito	nad5	2	166120	148	F
Lapsana_communis	mito	nad5	2	166133	152	V
Lapsana_communis	mito	nad5	4	230118	32	C
Plantago_maritima	mito	nad2	3	1801814	4	L
Trichostomum_littorale	mito	rps3	1	65917	23	C
Trichostomum_littorale	mito	rps3	1	65958	9	V
Populus_alba	mito	nad1	4	32220	8	V
Ceratodon_purpureus	mito	rps3	1	61482	9	V
Malva_neglecta	mito	nad5	2	55062	5	V
Petasites_fragrans	mito	rps3	2	156967	431	F
Petasites_fragrans	mito	rps3	2	157290	329	M
Petasites_fragrans	mito	rps3	2	157345	314	W
Petasites_fragrans	mito	rps3	2	157753	180	F
Lapsana_communis	mito	nad1	1	99481	127	W
Lapsana_communis	mito	nad1	4	132906	8	V
Lapsana_communis	mito	nad1	4	132933	17	V
Thymus_serpyllum	mito	nad1	1	153665	127	W
Thymus_serpyllum	mito	nad1	2	394986	17	F
Viola_palustris	mito	nad1	4	80296	17	V
Viola_palustris	mito	nad1	4	80323	8	V
Aria_edulis	mito	nad1	4	133482	11	V
Filago_pyramidata	mito	rps3	2	37936	431	F
Filago_pyramidata	mito	rps3	2	38259	329	M
Filago_pyramidata	mito	rps3	2	38314	314	W
Filago_pyramidata	mito	rps3	2	38722	180	F
Rosa_rubiginosa	mito	rps3	2	123575	460	C
Helleborus_foetidus	mito	nad1	4	3067	4	V
Helleborus_foetidus	mito	nad1	4	3078	8	F
Helleborus_foetidus	mito	nad1	4	3091	12	V
Potentilla_erecta	mito	nad2	3	50919	51	F
Potentilla_erecta	mito	nad2	3	50960	37	L
Salix_caprea	mito	nad5	2	358230	42	F
Salix_caprea	mito	nad5	2	358270	55	F
Salix_caprea	mito	nad5	2	358501	132	F
Salix_caprea	mito	nad5	2	358548	148	F
Ribes_nigrum	mito	nad5	2	77539	214	M
Ribes_nigrum	mito	nad5	2	77551	210	F
Ribes_nigrum	mito	nad5	2	77738	148	F
Ribes_nigrum	mito	nad5	2	77785	132	F
Ribes_nigrum	mito	nad5	2	78016	55	F
Ribes_nigrum	mito	nad5	2	78142	13	F
Ribes_nigrum	mito	nad5	4	161135	32	C
Ribes_nigrum	mito	nad5	5	162642	39	C
Lythrum_hyssopifolia	mito	nad5	2	170734	452	L
Lythrum_hyssopifolia	mito	nad5	2	171259	214	M
Lythrum_hyssopifolia	mito	nad5	2	171271	210	F
Lythrum_hyssopifolia	mito	nad5	2	171458	148	F
Lythrum_hyssopifolia	mito	nad5	2	171736	55	F
Lythrum_hyssopifolia	mito	nad5	2	171776	42	F
Lythrum_hyssopifolia	mito	nad5	4	155933	32	C
Veronica_beccabunga	mito	nad5	2	236129	42	F
Veronica_beccabunga	mito	nad5	2	236168	55	F
Veronica_beccabunga	mito	nad5	2	236399	132	F
Veronica_beccabunga	mito	nad5	2	236446	148	F
Veronica_beccabunga	mito	nad5	4	206381	32	C
Veronica_beccabunga	mito	nad5	5	204981	39	C
Phyteuma_spicatum	mito	nad2	3	47604	4	L
Anomodon_viticulosus	mito	nad1	4	99436	1	V
Anomodon_viticulosus	mito	nad1	4	99454	7	F
Lamium_amplexicaule	mito	nad5	2	128822	42	F
Lamium_amplexicaule	mito	nad5	2	128861	55	F
Lamium_amplexicaule	mito	nad5	2	129092	132	F
Lamium_amplexicaule	mito	nad5	2	129139	148	F
Lamium_amplexicaule	mito	nad5	4	60389	32	C
Lysimachia_thyrsiflora	mito	nad5	2	54052	148	F
Lysimachia_thyrsiflora	mito	nad5	2	54099	132	F
Lysimachia_thyrsiflora	mito	nad5	2	54330	55	F
Lysimachia_thyrsiflora	mito	nad5	4	20384	32	C
Tilia_cordata	mito	nad1	4	647185	11	V
Prunus_domestica	mito	rps3	2	289405	460	C
Prunus_domestica	mito	rps3	2	289589	515	I
Sorbus_cuneifolia	mito	rps3	2	306729	460	C
Salix_arbuscula	mito	nad2	3	79536	12	L
Leontodon_hispidus	mito	nad1	4	310989	17	V
Leontodon_hispidus	mito	nad1	4	311016	8	V
Luzula_pallescens	mito	nad2	3	335066	52	*
Luzula_pallescens	mito	nad2	3	335185	12	L
Pilularia_globulifera	mito	rps3	1	48756	0	C
Filago_pyramidata	mito	nad5	2	190586	13	F
Filago_pyramidata	mito	nad5	2	190712	55	F
Filago_pyramidata	mito	nad5	2	190943	132	F
Filago_pyramidata	mito	nad5	2	190990	148	F
Filago_pyramidata	mito	nad5	2	191003	152	V
Filago_pyramidata	mito	nad5	4	182170	32	C
Potentilla_sterilis	mito	nad1	4	339676	11	V
Rubus_saxatilis	mito	rps3	2	174972	460	C
Hieracium_radyrense	mito	nad1	1	246399	127	W
Hieracium_radyrense	mito	nad1	4	65351	17	V
Hieracium_radyrense	mito	nad1	4	65378	8	V
Potamogeton_nodosus	mito	nad2	3	170760	37	F
Potamogeton_nodosus	mito	nad2	4	195948	131	L
Lysimachia_nummularia	mito	nad5	2	226052	148	F
Lysimachia_nummularia	mito	nad5	2	226099	132	F
Lysimachia_nummularia	mito	nad5	2	226330	55	F
Lysimachia_nummularia	mito	nad5	4	333908	32	C
Tilia_cordata	mito	nad5	2	576418	5	V
Viola_palustris	mito	nad5	2	116247	148	F
Viola_palustris	mito	nad5	2	116294	132	F
Viola_palustris	mito	nad5	2	116525	55	F
Viola_palustris	mito	nad5	2	116651	13	F
Vicia_cracca	mito	nad5	2	327417	214	M
Vicia_cracca	mito	nad5	2	327429	210	F
Vicia_cracca	mito	nad5	2	327616	148	F
Vicia_cracca	mito	nad5	2	327663	132	F
Vicia_cracca	mito	nad5	2	327894	55	F
Vicia_cracca	mito	nad5	2	327934	42	F
Vicia_cracca	mito	nad5	2	328020	13	F
Thalictrum_flavum	mito	nad2	2	264670	29	F
Jasione_montana	mito	nad5	2	71882	13	F
Jasione_montana	mito	nad5	2	72008	55	F
Jasione_montana	mito	nad5	2	72239	132	F
Jasione_montana	mito	nad5	2	72286	148	F
Jasione_montana	mito	nad5	2	72299	152	V
Jasione_montana	mito	nad5	4	25099	58	L
Jasione_montana	mito	nad5	4	25181	32	C
Trichostomum_littorale	mito	nad5	1	18074	35	V
Carex_spicata	mito	nad1	4	192419	3	V
Carex_spicata	mito	nad1	4	192433	8	F
Carex_spicata	mito	nad1	4	192437	9	L
Ludwigia_grandiflora	mito	nad5	2	162109	452	L
Ludwigia_grandiflora	mito	nad5	2	162634	214	M
Ludwigia_grandiflora	mito	nad5	2	162646	210	F
Ludwigia_grandiflora	mito	nad5	2	162833	148	F
Ludwigia_grandiflora	mito	nad5	2	162880	132	F
Ludwigia_grandiflora	mito	nad5	2	163111	55	F
Ludwigia_grandiflora	mito	nad5	2	163151	42	F
Ludwigia_grandiflora	mito	nad5	2	163237	13	F
Gentiana_verna	mito	rps3	2	167362	17	F
Doronicum_pardalianches	mito	nad5	2	94988	13	F
Doronicum_pardalianches	mito	nad5	2	95114	55	F
Doronicum_pardalianches	mito	nad5	2	95345	132	F
Doronicum_pardalianches	mito	nad5	2	95392	148	F
Doronicum_pardalianches	mito	nad5	2	95405	152	V
Doronicum_pardalianches	mito	nad5	4	79317	32	C
Arabidopsis_thaliana	mito	nad5	2	144462	452	L
Arabidopsis_thaliana	mito	nad5	2	144987	214	M
Arabidopsis_thaliana	mito	nad5	2	144999	210	F
Arabidopsis_thaliana	mito	nad5	2	145186	148	F
Arabidopsis_thaliana	mito	nad5	2	145233	132	F
Arabidopsis_thaliana	mito	nad5	2	145464	55	F
Arabidopsis_thaliana	mito	nad5	2	145504	42	F
Arabidopsis_thaliana	mito	nad5	2	145590	13	F
Carex_atrata	mito	nad5	2	1070075	452	L
Borago_officinalis	mito	nad2	3	37210	38	Y
Poa_trivialis	mito	rps3	2	191420	180	F
Poa_trivialis	mito	rps3	2	191828	314	W
Poa_trivialis	mito	rps3	2	191883	329	M
Poa_trivialis	mito	rps3	2	192206	431	F
Poa_trivialis	mito	rps3	2	192453	507	M
Mastigophora_woodsii	mito	nad1	4	3112	4	V
Leucanthemum_vulgare	mito	nad5	2	809	13	F
Leucanthemum_vulgare	mito	nad5	2	935	55	F
Leucanthemum_vulgare	mito	nad5	2	1166	132	F
Leucanthemum_vulgare	mito	nad5	2	1213	148	F
Leucanthemum_vulgare	mito	nad5	2	1226	152	V
Leucanthemum_vulgare	mito	nad5	4	162767	32	C
Crocosmia_x_crocosmiiflora	mito	nad1	1	21539	127	W
Crocosmia_x_crocosmiiflora	mito	nad1	4	187989	15	V
Herbertus_hutchinsiae	mito	nad2	3	87592	51	F
Valeriana_officinalis	mito	nad1	4	22495	17	V
Valeriana_officinalis	mito	nad1	4	22516	10	V
Hornungia_petraea	mito	nad5	2	233274	452	L
Hornungia_petraea	mito	nad5	2	233799	214	M
Hornungia_petraea	mito	nad5	2	233811	210	F
Hornungia_petraea	mito	nad5	2	233998	148	F
Hornungia_petraea	mito	nad5	2	234045	132	F
Hornungia_petraea	mito	nad5	2	234276	55	F
Hornungia_petraea	mito	nad5	2	234316	42	F
Hornungia_petraea	mito	nad5	2	234402	13	F
Sagina_procumbens	mito	nad2	3	32699	4	L
Scorzonera_humilis	mito	nad5	2	283966	13	F
Scorzonera_humilis	mito	nad5	2	284092	55	F
Scorzonera_humilis	mito	nad5	2	284323	132	F
Scorzonera_humilis	mito	nad5	2	284370	148	F
Scorzonera_humilis	mito	nad5	2	284383	152	V
Scorzonera_humilis	mito	nad5	4	96554	32	C
Lamium_amplexicaule	mito	nad2	3	171905	32	F
Kali_turgidum	mito	nad1	4	109377	17	V
Kali_turgidum	mito	nad1	4	109404	8	V
Cirsium_vulgare	mito	rps3	2	34098	431	F
Cirsium_vulgare	mito	rps3	2	34421	329	M
Cirsium_vulgare	mito	rps3	2	34476	314	W
Cirsium_vulgare	mito	rps3	2	34677	245	C
Cirsium_vulgare	mito	rps3	2	34884	180	F
Cotoneaster_cambricus	mito	nad5	2	25058	452	L
Cotoneaster_cambricus	mito	nad5	2	25583	214	M
Cotoneaster_cambricus	mito	nad5	2	25595	210	F
Cotoneaster_cambricus	mito	nad5	2	25829	132	F
Cotoneaster_cambricus	mito	nad5	2	26060	55	F
Cotoneaster_cambricus	mito	nad5	2	26100	42	F
Cotoneaster_cambricus	mito	nad5	2	26186	13	F
Cotoneaster_cambricus	mito	nad5	4	111605	32	C
Leucanthemum_vulgare	mito	rps3	2	191504	180	F
Leucanthemum_vulgare	mito	rps3	2	191912	314	W
Leucanthemum_vulgare	mito	rps3	2	191967	329	M
Leucanthemum_vulgare	mito	rps3	2	192290	431	F
Leucanthemum_vulgare	mito	rps3	2	192537	507	M
Reseda_luteola	mito	nad5	2	381831	5	V
Hieracium_scullyi	mito	nad5	2	333183	152	V
Hieracium_scullyi	mito	nad5	2	333196	148	F
Hieracium_scullyi	mito	nad5	2	333243	132	F
Hieracium_scullyi	mito	nad5	2	333474	55	F
Hieracium_scullyi	mito	nad5	2	333600	13	F
Hieracium_scullyi	mito	nad5	4	80930	32	C
Linaria_vulgaris	mito	nad1	1	317971	127	W
Ailanthus_altissima	mito	nad5	4	550963	32	C
Lotus_pedunculatus	mito	rps3	2	183590	460	C
Lotus_pedunculatus	mito	rps3	2	184475	179	F
Sphagnum_fallax	mito	nad1	4	82331	4	V
Sphagnum_fallax	mito	nad1	4	82349	10	V
Petasites_hybridus	mito	nad2	3	72129	12	L
Spinacia_oleracea	mito	nad5	2	35957	55	F
Spinacia_oleracea	mito	nad5	2	35997	42	F
Genista_anglica	mito	nad1	4	315586	12	V
Genista_anglica	mito	nad1	4	315595	15	V
Genista_anglica	mito	nad1	5	316095	43	C
Zygodon_viridissimus	mito	nad1	4	32472	1	V
Hydrocotyle_ranunculoides	mito	nad1	2	253824	17	F
Hydrocotyle_ranunculoides	mito	nad1	4	244762	16	V
Lactuca_saligna	mito	nad5	2	151715	152	V
Lactuca_saligna	mito	nad5	2	151728	148	F
Lactuca_saligna	mito	nad5	2	151775	132	F
Lactuca_saligna	mito	nad5	2	152006	55	F
Lactuca_saligna	mito	nad5	2	152132	13	F
Lactuca_saligna	mito	nad5	4	191479	32	C
Hypericum_maculatum	mito	nad2	3	339452	0	L
Scorpidium_scorpioides	mito	nad1	4	148	1	V
Scorpidium_scorpioides	mito	nad1	4	166	7	F
Medicago_lupulina	mito	nad1	4	284518	17	L
Medicago_lupulina	mito	nad1	4	284539	10	V
Medicago_lupulina	mito	nad1	5	283817	43	C
Erigeron_borealis	mito	nad1	4	10938	10	V
Erigeron_borealis	mito	nad1	4	10959	17	L
Carex_divulsa	mito	nad1	4	828881	9	L
Carex_divulsa	mito	nad1	4	828885	8	F
Carex_divulsa	mito	nad1	4	828899	3	V
Petalophyllum_ralfsii	mito	nad1	2	35344	24	L
Tussilago_farfara	mito	nad1	4	84122	8	V
Tussilago_farfara	mito	nad1	4	84149	17	V
Onopordum_acanthium	mito	rps3	2	255644	180	F
Onopordum_acanthium	mito	rps3	2	256052	314	W
Onopordum_acanthium	mito	rps3	2	256107	329	M
Onopordum_acanthium	mito	rps3	2	256430	431	F
Oedipodium_griffithianum	mito	rps3	1	95684	9	V
Pedicularis_palustris	mito	nad5	2	183265	148	F
Pedicularis_palustris	mito	nad5	2	183312	132	F
Pedicularis_palustris	mito	nad5	2	183543	55	F
Pedicularis_palustris	mito	nad5	2	183582	42	F
Pedicularis_palustris	mito	nad5	4	340910	32	C
Achillea_maritima	mito	rps3	2	59929	507	M
Achillea_maritima	mito	rps3	2	60176	431	F
Achillea_maritima	mito	rps3	2	60499	329	M
Achillea_maritima	mito	rps3	2	60554	314	W
Achillea_maritima	mito	rps3	2	60962	180	F
Achillea_maritima	mito	rps3	2	61214	98	W
Pyrus_communis	mito	rps3	2	42497	460	C
Iris_foetidissima	mito	nad2	3	202609	1	F
Fumaria_purpurea	mito	nad5	2	11505	287	L
Fumaria_purpurea	mito	nad5	2	11757	169	V
Fumaria_purpurea	mito	nad5	3	13023	7	*
Cardamine_bulbifera	mito	rps3	2	67313	27	W
Cardamine_bulbifera	mito	rps3	2	67407	61	M
Cardamine_bulbifera	mito	rps3	2	67457	74	W
Cardamine_bulbifera	mito	rps3	2	68498	411	C
Cardamine_bulbifera	mito	rps3	2	68624	455	W
Cardamine_bulbifera	mito	rps3	2	68639	460	C
Vicia_sativa	mito	rps3	2	264205	179	F
Vicia_sativa	mito	rps3	2	265090	460	C
Pulicaria_dysenterica	mito	nad5	2	97653	13	F
Pulicaria_dysenterica	mito	nad5	2	97779	55	F
Pulicaria_dysenterica	mito	nad5	2	98010	132	F
Pulicaria_dysenterica	mito	nad5	2	98057	148	F
Pulicaria_dysenterica	mito	nad5	2	98070	152	V
Pulicaria_dysenterica	mito	nad5	4	86838	32	C
Dicranum_bonjeanii	mito	rps3	1	4815	9	V
Dryopteris_borreri	mito	rps3	1	116976	6	C
Salix_arbuscula	mito	nad1	4	352529	8	V
Cotoneaster_cambricus	mito	nad1	4	168894	11	V
Fumaria_purpurea	mito	nad2	2	109707	20	W
Fumaria_purpurea	mito	nad2	2	109735	29	F
Achillea_ptarmica	mito	nad1	4	77381	17	V
Achillea_ptarmica	mito	nad1	4	77408	8	V
Genista_pilosa	mito	nad1	4	372805	12	V
Genista_pilosa	mito	nad1	4	372814	15	V
Genista_pilosa	mito	nad1	5	373309	43	C
Tripolium_pannonicum	mito	nad1	4	12394	17	V
Tripolium_pannonicum	mito	nad1	4	12421	8	V
Linaria_repens	mito	rps3	2	323107	179	F
Malva_neglecta	mito	nad1	4	132536	11	V
Syntrichia_ruraliformis	mito	rps3	1	87567	9	V
Hibiscus_verdcourtii	mito	nad1	4	79965	11	V
Comarum_palustre	mito	nad5	2	106552	13	F
Comarum_palustre	mito	nad5	2	106638	42	F
Comarum_palustre	mito	nad5	2	106678	55	F
Comarum_palustre	mito	nad5	2	106909	132	F
Comarum_palustre	mito	nad5	2	107143	210	F
Comarum_palustre	mito	nad5	2	107155	214	M
Comarum_palustre	mito	nad5	2	107680	452	L
Comarum_palustre	mito	nad5	4	77892	32	C
Rubus_saxatilis	mito	nad2	3	181804	4	L
Fragaria_moschata	mito	rps3	2	164065	460	C
Fragaria_moschata	mito	rps3	2	164292	390	M
Campylium_stellatum	mito	nad1	4	61176	7	F
Campylium_stellatum	mito	nad1	4	61194	1	V
Geranium_robertianum	mito	nad1	4	714652	9	V
Geranium_robertianum	mito	nad1	4	714658	7	V
Anoectangium_aestivum	mito	nad5	3	100140	7	*
Thalictrum_flavum	mito	nad5	2	72927	55	F
Thalictrum_flavum	mito	nad5	2	73110	116	F
Thalictrum_flavum	mito	nad5	2	73158	132	F
Thalictrum_flavum	mito	nad5	2	73205	148	F
Thalictrum_flavum	mito	nad5	2	73311	183	M
Thalictrum_flavum	mito	nad5	2	73392	210	F
Thalictrum_flavum	mito	nad5	2	73404	214	M
Thalictrum_flavum	mito	nad5	4	221795	32	C
Thalictrum_flavum	mito	nad5	5	223187	39	C
Malus_x_robusta	mito	nad1	4	361365	11	V
Carex_hirta	mito	nad5	2	405695	452	L
Anemone_nemorosa	mito	nad1	2	167920	17	F
Anemone_nemorosa	mito	nad1	4	168261	8	V
Anemone_nemorosa	mito	nad1	4	168288	17	V
Salix_herbacea	mito	nad1	4	443687	8	V
Astragalus_alpinus	mito	nad1	4	95518	11	V
Astragalus_alpinus	mito	nad1	5	94448	43	C
Lithospermum_officinale	mito	nad5	2	219609	148	F
Lithospermum_officinale	mito	nad5	2	219656	132	F
Lithospermum_officinale	mito	nad5	2	219887	55	F
Lithospermum_officinale	mito	nad5	5	110658	39	C
Sambucus_nigra	mito	nad1	4	489292	10	V
Sambucus_nigra	mito	nad1	4	489313	17	L
Carex_nigra	mito	nad5	2	273232	452	L
Misopates_orontium	mito	nad1	1	58457	127	W
Misopates_orontium	mito	nad1	2	32400	36	F
Misopates_orontium	mito	nad1	2	32405	38	*
Misopates_orontium	mito	nad1	4	293541	12	V
Platanus_x_hispanica	mito	nad2	2	53450	20	W
Platanus_x_hispanica	mito	nad2	2	53478	29	F
Oxytropis_halleri	mito	rps3	2	71791	179	F
Oxytropis_halleri	mito	rps3	2	72673	460	C
Epilobium_alsinifolium	mito	nad1	1	179284	127	W
Epilobium_alsinifolium	mito	nad1	4	414486	16	V
Achillea_maritima	mito	nad5	2	31049	152	V
Achillea_maritima	mito	nad5	2	31062	148	F
Achillea_maritima	mito	nad5	2	31109	132	F
Achillea_maritima	mito	nad5	2	31340	55	F
Achillea_maritima	mito	nad5	2	31466	13	F
Achillea_maritima	mito	nad5	4	167601	32	C
Pedicularis_palustris	mito	nad1	1	316191	127	W
Pedicularis_palustris	mito	nad1	2	102773	17	F
Salix_herbacea	mito	nad2	3	381561	12	L
Trifolium_pratense	mito	nad5	2	67240	13	F
Trifolium_pratense	mito	nad5	2	67326	42	F
Trifolium_pratense	mito	nad5	2	67366	55	F
Trifolium_pratense	mito	nad5	2	67597	132	F
Trifolium_pratense	mito	nad5	2	67644	148	F
Trifolium_pratense	mito	nad5	2	67831	210	F
Trifolium_pratense	mito	nad5	2	67843	214	M
Aulacomnium_androgynum	mito	rps3	1	12859	9	V
Polytrichum_formosum	mito	nad1	2	26573	38	*
Poa_trivialis	mito	nad1	4	110912	10	V
Poa_trivialis	mito	nad1	4	110933	17	L
Carex_caryophyllea	mito	nad5	2	158152	452	L
Stuckenia_filiformis	mito	nad5	2	21875	475	F
Stuckenia_filiformis	mito	nad5	2	21884	472	W
Stuckenia_filiformis	mito	nad5	2	21970	452	L
Stuckenia_filiformis	mito	nad5	2	22330	275	F
Stuckenia_filiformis	mito	nad5	2	22507	210	F
Stuckenia_filiformis	mito	nad5	2	22681	152	V
Stuckenia_filiformis	mito	nad5	2	22972	55	F
Stuckenia_filiformis	mito	nad5	2	23098	13	F
Stuckenia_filiformis	mito	nad5	4	229016	56	L
Stuckenia_filiformis	mito	nad5	5	230244	39	C
Blindiadelphus_recurvatus	mito	nad1	4	27610	10	V
Sparganium_emersum	mito	nad1	4	91109	15	V
Verbena_officinalis	mito	rps3	2	323852	179	F
Blasia_pusilla	mito	nad1	4	15009	10	V
Lysimachia_vulgaris	mito	rps3	2	105668	383	F
Carex_divulsa	mito	nad5	2	249528	452	L
Knautia_arvensis	mito	rps3	1	130223	24	*
Knautia_arvensis	mito	rps3	2	233302	98	W
Calendula_officinalis	mito	nad2	3	78091	0	L
Saxifraga_aizoides	mito	nad2	3	136900	0	L
Iris_foetidissima	mito	rps3	2	302267	392	F
Iris_foetidissima	mito	rps3	2	303044	141	F
Mimulus_peregrinus	mito	nad5	2	45774	148	F
Mimulus_peregrinus	mito	nad5	2	45821	132	F
Mimulus_peregrinus	mito	nad5	2	46052	55	F
Mimulus_peregrinus	mito	nad5	2	46091	42	F
Mimulus_peregrinus	mito	nad5	4	146816	32	C
Cratoneuron_filicinum	mito	nad1	4	22642	1	V
Cratoneuron_filicinum	mito	nad1	4	22660	7	F
Polytrichastrum_sexangulare	mito	nad1	2	98124	38	*
Saxifraga_aizoides	mito	nad5	2	326679	13	F
Saxifraga_aizoides	mito	nad5	2	327036	132	F
Saxifraga_aizoides	mito	nad5	2	327083	148	F
Saxifraga_aizoides	mito	nad5	2	327270	210	F
Saxifraga_aizoides	mito	nad5	2	327282	214	M
Vicia_parviflora	mito	nad1	4	128410	11	V
Limonium_binervosum	mito	rps3	2	41000	5	C
Limonium_binervosum	mito	rps3	2	41997	329	M
Anethum_foeniculum	mito	nad5	2	3555	148	F
Anethum_foeniculum	mito	nad5	2	3602	132	F
Anethum_foeniculum	mito	nad5	2	3833	55	F
Anethum_foeniculum	mito	nad5	2	3959	13	F
Anethum_foeniculum	mito	nad5	4	108337	32	C
Funaria_hygrometrica	mito	rps3	1	13392	9	V
Epilobium_alsinifolium	mito	rps3	2	243518	512	M
Galium_verum	mito	nad5	2	29781	55	F
Galium_verum	mito	nad5	2	30012	132	F
Galium_verum	mito	nad5	2	30059	148	F
Hypericum_hircinum	mito	nad2	5	308413	0	F
Lactuca_saligna	mito	rps3	2	295297	180	F
Lactuca_saligna	mito	rps3	2	295696	314	W
Lactuca_saligna	mito	rps3	2	295751	329	M
Lactuca_saligna	mito	rps3	2	296074	431	F
Thelypteris_palustris	mito	rps3	1	208306	22	F
Trocdaris_verticillatum	mito	nad5	2	245210	13	F
Trocdaris_verticillatum	mito	nad5	2	245336	55	F
Trocdaris_verticillatum	mito	nad5	2	245567	132	F
Trocdaris_verticillatum	mito	nad5	2	245614	148	F
Trocdaris_verticillatum	mito	nad5	4	267346	32	C
Quercus_petraea	mito	nad1	4	44564	17	L
Quercus_petraea	mito	nad1	4	44585	10	V
Hieracium_sp_SM_2023a	mito	nad5	2	33759	13	F
Hieracium_sp_SM_2023a	mito	nad5	2	33885	55	F
Hieracium_sp_SM_2023a	mito	nad5	2	34116	132	F
Hieracium_sp_SM_2023a	mito	nad5	2	34163	148	F
Hieracium_sp_SM_2023a	mito	nad5	2	34176	152	V
Hieracium_sp_SM_2023a	mito	nad5	4	226833	32	C
Hieracium_drummondii	mito	nad5	2	333182	152	V
Hieracium_drummondii	mito	nad5	2	333195	148	F
Hieracium_drummondii	mito	nad5	2	333242	132	F
Hieracium_drummondii	mito	nad5	2	333473	55	F
Hieracium_drummondii	mito	nad5	2	333599	13	F
Hieracium_drummondii	mito	nad5	4	110360	32	C
Rubus_chamaemorus	mito	nad2	3	2375	12	L
Sabulina_verna	mito	nad5	2	157333	132	F
Sabulina_verna	mito	nad5	2	157564	55	F
Sabulina_verna	mito	nad5	2	157604	42	F
Sabulina_verna	mito	nad5	5	224983	39	C
Phyteuma_orbiculare	mito	nad2	3	132421	4	L
Salix_aurita	mito	nad5	2	31673	42	F
Salix_aurita	mito	nad5	2	31713	55	F
Salix_aurita	mito	nad5	2	31944	132	F
Salix_aurita	mito	nad5	2	31991	148	F
Lathyrus_pratensis	mito	nad1	4	49161	11	V
Lathyrus_pratensis	mito	nad1	5	48094	43	C
Senecio_sylvaticus	mito	nad1	4	28480	17	V
Senecio_sylvaticus	mito	nad1	4	28507	8	V
Ononis_repens	mito	nad1	4	177100	11	V
Ononis_repens	mito	nad1	5	176029	43	C
Sphagnum_tenellum	mito	nad1	4	17241	4	V
Sphagnum_tenellum	mito	nad1	4	17259	10	V
Meum_athamanticum	mito	nad5	2	387877	148	F
Meum_athamanticum	mito	nad5	2	387924	132	F
Meum_athamanticum	mito	nad5	2	388155	55	F
Meum_athamanticum	mito	nad5	2	388281	13	F
Meum_athamanticum	mito	nad5	4	238672	32	C
Coincya_wrightii	mito	nad1	1	55221	127	W
Adiantum_capillus_veneris	mito	rps3	1	205713	0	C
Cardamine_bulbifera	mito	nad5	2	108558	13	F
Cardamine_bulbifera	mito	nad5	2	108644	42	F
Cardamine_bulbifera	mito	nad5	2	108684	55	F
Cardamine_bulbifera	mito	nad5	2	108915	132	F
Cardamine_bulbifera	mito	nad5	2	108962	148	F
Cardamine_bulbifera	mito	nad5	2	109149	210	F
Cardamine_bulbifera	mito	nad5	2	109161	214	M
Cardamine_bulbifera	mito	nad5	2	109686	452	L
Solidago_virgaurea	mito	nad2	3	194758	12	L
Bidens_cernua	mito	nad5	2	20054	152	V
Bidens_cernua	mito	nad5	2	20067	148	F
Bidens_cernua	mito	nad5	2	20114	132	F
Bidens_cernua	mito	nad5	2	20345	55	F
Bidens_cernua	mito	nad5	2	20471	13	F
Bidens_cernua	mito	nad5	4	157891	32	C
Chamaenerion_angustifolium	mito	rps3	2	33725	512	M
Kurzia_trichoclados	mito	nad2	3	156346	4	L
Odontoschisma_sphagni	mito	rps3	1	53880	3	C
Vicia_sepium	mito	nad1	4	69902	11	V
Vicia_sepium	mito	nad1	5	70965	43	C
Epilobium_anagallidifolium	mito	nad5	2	401247	13	F
Epilobium_anagallidifolium	mito	nad5	2	401333	42	F
Epilobium_anagallidifolium	mito	nad5	2	401373	55	F
Epilobium_anagallidifolium	mito	nad5	2	401604	132	F
Epilobium_anagallidifolium	mito	nad5	2	401651	148	F
Epilobium_anagallidifolium	mito	nad5	2	401838	210	F
Epilobium_anagallidifolium	mito	nad5	2	401850	214	M
Epilobium_anagallidifolium	mito	nad5	2	402375	452	L
Epilobium_anagallidifolium	mito	nad5	4	323255	32	C
Verbascum_nigrum	mito	nad2	3	66529	52	*
Verbascum_nigrum	mito	nad2	5	121707	0	F
Aquilegia_vulgaris	mito	nad5	2	137396	214	M
Aquilegia_vulgaris	mito	nad5	2	137408	210	F
Aquilegia_vulgaris	mito	nad5	2	137489	183	M
Aquilegia_vulgaris	mito	nad5	2	137595	148	F
Aquilegia_vulgaris	mito	nad5	2	137642	132	F
Aquilegia_vulgaris	mito	nad5	2	137690	116	F
Aquilegia_vulgaris	mito	nad5	2	137873	55	F
Aquilegia_vulgaris	mito	nad5	4	19145	32	C
Aquilegia_vulgaris	mito	nad5	5	20526	39	C
Lamium_galeobdolon	mito	nad5	2	29652	42	F
Lamium_galeobdolon	mito	nad5	2	29691	55	F
Lamium_galeobdolon	mito	nad5	2	29922	132	F
Lamium_galeobdolon	mito	nad5	2	29969	148	F
Lamium_galeobdolon	mito	nad5	4	9827	32	C
Alchemilla_alpina	mito	nad5	2	74869	13	F
Alchemilla_alpina	mito	nad5	2	74955	42	F
Alchemilla_alpina	mito	nad5	2	74995	55	F
Alchemilla_alpina	mito	nad5	2	75226	132	F
Alchemilla_alpina	mito	nad5	2	75460	210	F
Alchemilla_alpina	mito	nad5	2	75472	214	M
Alchemilla_alpina	mito	nad5	2	75997	452	L
Alchemilla_alpina	mito	nad5	4	31881	32	C
Betula_pendula	mito	rps3	2	484106	460	C
Oxytropis_halleri	mito	nad1	4	284503	11	V
Oxytropis_halleri	mito	nad1	5	283431	43	C
Sphagnum_girgensohnii	mito	nad1	4	121001	1	V
Sphagnum_girgensohnii	mito	nad1	4	121022	8	V
Pulicaria_dysenterica	mito	nad1	4	361167	8	V
Pulicaria_dysenterica	mito	nad1	4	361194	17	V
Cardamine_amara	mito	nad5	2	60278	452	L
Cardamine_amara	mito	nad5	2	60803	214	M
Cardamine_amara	mito	nad5	2	60815	210	F
Cardamine_amara	mito	nad5	2	61002	148	F
Cardamine_amara	mito	nad5	2	61049	132	F
Cardamine_amara	mito	nad5	2	61280	55	F
Cardamine_amara	mito	nad5	2	61320	42	F
Cardamine_amara	mito	nad5	2	61406	13	F
Vitis_vinifera	mito	nad5	2	533723	11	V
Vitis_vinifera	mito	nad5	4	406858	32	C
Carex_buxbaumii	mito	nad5	2	644367	452	L
Spergula_arvensis	mito	nad5	2	117562	42	F
Spergula_arvensis	mito	nad5	2	117602	55	F
Spergula_arvensis	mito	nad5	2	117833	132	F
Rosa_rugosa	mito	nad5	2	116312	452	L
Rosa_rugosa	mito	nad5	2	116837	214	M
Rosa_rugosa	mito	nad5	2	116849	210	F
Rosa_rugosa	mito	nad5	2	117083	132	F
Rosa_rugosa	mito	nad5	2	117314	55	F
Rosa_rugosa	mito	nad5	2	117354	42	F
Rosa_rugosa	mito	nad5	2	117440	13	F
Rosa_rugosa	mito	nad5	4	236947	32	C
Hibiscus_trionum	mito	rps3	2	381876	487	Y
Hibiscus_trionum	mito	rps3	2	381969	460	C
Hibiscus_trionum	mito	rps3	2	383172	74	W
Torilis_japonica	mito	rps3	1	136632	11	L
Torilis_japonica	mito	rps3	1	136670	24	*
Trifolium_campestre	mito	nad5	2	226131	13	F
Trifolium_campestre	mito	nad5	2	226217	42	F
Trifolium_campestre	mito	nad5	2	226257	55	F
Trifolium_campestre	mito	nad5	2	226488	132	F
Trifolium_campestre	mito	nad5	2	226535	148	F
Trifolium_campestre	mito	nad5	2	226722	210	F
Trifolium_campestre	mito	nad5	2	226734	214	M
Aegonychon_purpurocaeruleum	mito	nad1	4	277952	16	V
Spergula_arvensis	mito	nad1	5	17066	43	C
Hippocrepis_comosa	mito	nad1	4	46278	11	V
Saxifraga_cespitosa	mito	nad1	1	459672	127	W
Saxifraga_cespitosa	mito	nad1	4	139965	17	V
Saxifraga_cespitosa	mito	nad1	4	139992	8	V
Lepidium_heterophyllum	mito	rps3	2	94055	27	W
Lepidium_heterophyllum	mito	rps3	2	94149	61	M
Lepidium_heterophyllum	mito	rps3	2	94199	74	W
Lepidium_heterophyllum	mito	rps3	2	95240	411	C
Lepidium_heterophyllum	mito	rps3	2	95366	455	W
Lepidium_heterophyllum	mito	rps3	2	95381	460	C
Helminthotheca_echioides	mito	nad1	1	259737	127	W
Helminthotheca_echioides	mito	nad1	4	117117	8	V
Helminthotheca_echioides	mito	nad1	4	117144	17	V
Potamogeton_obtusifolius	mito	nad2	3	58958	37	F
Potamogeton_obtusifolius	mito	nad2	4	34097	131	L
Malva_sylvestris	mito	nad1	4	498164	11	V
Veronica_officinalis	mito	nad5	2	145836	148	F
Veronica_officinalis	mito	nad5	2	145883	132	F
Veronica_officinalis	mito	nad5	2	146114	55	F
Veronica_officinalis	mito	nad5	2	146153	42	F
Veronica_officinalis	mito	nad5	4	4654	32	C
Veronica_officinalis	mito	nad5	5	3233	39	C
Plagiothecium_denticulatum	mito	nad1	4	102383	1	V
Plagiothecium_denticulatum	mito	nad1	4	102401	7	F
Alleniella_complanata	mito	rps3	1	18155	9	V
Sibthorpia_europaea	mito	nad2	3	337389	4	L
Salvia_verbenaca	mito	nad1	1	173147	127	W
Fritillaria_meleagris	mito	nad5	2	283034	42	F
Fritillaria_meleagris	mito	nad5	2	283073	55	F
Fritillaria_meleagris	mito	nad5	2	283304	132	F
Fritillaria_meleagris	mito	nad5	2	283351	148	F
Fritillaria_meleagris	mito	nad5	4	37041	32	C
Fritillaria_meleagris	mito	nad5	5	35609	39	C
Sparganium_angustifolium	mito	nad1	4	6999	15	V
Lotus_corniculatus	mito	nad5	2	127983	13	F
Lotus_corniculatus	mito	nad5	2	128069	42	F
Lotus_corniculatus	mito	nad5	2	128109	55	F
Lotus_corniculatus	mito	nad5	2	128340	132	F
Lotus_corniculatus	mito	nad5	2	128387	148	F
Lotus_corniculatus	mito	nad5	2	128574	210	F
Lotus_corniculatus	mito	nad5	2	128586	214	M
Triglochin_palustris	mito	nad2	2	93609	20	W
Nigella_damascena	mito	nad5	2	304074	287	L
Nigella_damascena	mito	nad5	4	193836	32	C
Nigella_damascena	mito	nad5	5	192393	39	C
Sonchus_oleraceus	mito	nad5	2	244678	152	V
Sonchus_oleraceus	mito	nad5	2	244691	148	F
Sonchus_oleraceus	mito	nad5	2	244738	132	F
Sonchus_oleraceus	mito	nad5	2	244969	55	F
Sonchus_oleraceus	mito	nad5	2	245095	13	F
Sonchus_oleraceus	mito	nad5	4	142973	32	C
Acer_pseudoplatanus	mito	nad5	2	382931	214	M
Acer_pseudoplatanus	mito	nad5	2	382943	210	F
Acer_pseudoplatanus	mito	nad5	2	383130	148	F
Acer_pseudoplatanus	mito	nad5	2	383177	132	F
Acer_pseudoplatanus	mito	nad5	2	383408	55	F
Acer_pseudoplatanus	mito	nad5	2	383448	42	F
Acer_pseudoplatanus	mito	nad5	2	383534	13	F
Acer_pseudoplatanus	mito	nad5	4	78750	32	C
Solidago_canadensis	mito	nad1	4	99357	8	V
Solidago_canadensis	mito	nad1	4	99384	17	V
Carex_pendula	mito	nad5	2	507304	452	L
Pyrus_communis	mito	nad5	2	122475	452	L
Pyrus_communis	mito	nad5	2	123000	214	M
Pyrus_communis	mito	nad5	2	123012	210	F
Pyrus_communis	mito	nad5	2	123246	132	F
Pyrus_communis	mito	nad5	2	123477	55	F
Pyrus_communis	mito	nad5	2	123517	42	F
Pyrus_communis	mito	nad5	2	123603	13	F
Pyrus_communis	mito	nad5	4	23760	32	C
Scilla_verna	mito	rps3	2	3917	141	F
Lactuca_serriola	mito	rps3	2	245925	431	F
Lactuca_serriola	mito	rps3	2	246248	329	M
Lactuca_serriola	mito	rps3	2	246303	314	W
Lactuca_serriola	mito	rps3	2	246702	180	F
Gnaphalium_supinum	mito	nad2	3	21012	0	L
Gnaphalium_supinum	mito	nad2	3	21015	1	F
Rorippa_islandica	mito	rps3	2	132368	27	W
Rorippa_islandica	mito	rps3	2	132462	61	M
Rorippa_islandica	mito	rps3	2	132512	74	W
Rorippa_islandica	mito	rps3	2	133553	411	C
Rorippa_islandica	mito	rps3	2	133679	455	W
Rorippa_islandica	mito	rps3	2	133694	460	C
Solanum_dulcamara	mito	rps3	1	367825	16	C
Prunus_padus	mito	rps3	2	139570	460	C
Prunus_padus	mito	rps3	2	139613	472	I
Prunus_padus	mito	rps3	2	139762	512	W
Rhynchostegium_megapolitanum	mito	nad1	4	549	1	V
Rhynchostegium_megapolitanum	mito	nad1	4	567	7	F
Cratoneuron_filicinum	mito	rps3	1	19526	9	V
Achillea_ptarmica	mito	rps3	2	123801	98	W
Achillea_ptarmica	mito	rps3	2	124053	180	F
Achillea_ptarmica	mito	rps3	2	124461	314	W
Achillea_ptarmica	mito	rps3	2	124516	329	M
Achillea_ptarmica	mito	rps3	2	124839	431	F
Achillea_ptarmica	mito	rps3	2	125086	507	M
Geheebia_maxima	mito	rps3	1	36619	9	V
Dioscorea_communis	mito	rps3	2	189344	179	F
Dioscorea_communis	mito	rps3	2	189878	5	C
Ranunculus_auricomus	mito	nad2	3	40680	32	F
Grimmia_ramondii	mito	rps3	1	43539	9	V
Tanacetum_vulgare	mito	rps3	2	167029	507	M
Tanacetum_vulgare	mito	rps3	2	167276	431	F
Tanacetum_vulgare	mito	rps3	2	167599	329	M
Tanacetum_vulgare	mito	rps3	2	167654	314	W
Tanacetum_vulgare	mito	rps3	2	168062	180	F
Scorpidium_scorpioides	mito	rps3	1	33460	16	C
Euphrasia_confusa	mito	nad1	1	7897	127	W
Euphrasia_confusa	mito	nad1	2	168096	17	F
Sisyrinchium_bermudianum	mito	rps3	2	3419	512	M
Sisyrinchium_bermudianum	mito	rps3	2	3435	507	C
Sisyrinchium_bermudianum	mito	rps3	2	4590	141	F
Leontodon_saxatilis	mito	nad5	2	50541	13	F
Leontodon_saxatilis	mito	nad5	2	50667	55	F
Leontodon_saxatilis	mito	nad5	2	50898	132	F
Leontodon_saxatilis	mito	nad5	2	50945	148	F
Leontodon_saxatilis	mito	nad5	2	50958	152	V
Leontodon_saxatilis	mito	nad5	4	272398	32	C
Trocdaris_verticillatum	mito	nad2	3	77680	19	F
Hookeria_lucens	mito	nad1	2	55429	38	*
Hypnum_cupressiforme	mito	rps3	1	40459	9	V
Cirsium_dissectum	mito	nad1	4	156902	8	V
Cirsium_dissectum	mito	nad1	4	156929	17	V
Calluna_vulgaris	mito	rps3	2	302930	483	C
Thamnobryum_alopecurum	mito	rps3	1	90590	9	V
Galatella_linosyris	mito	nad5	2	35906	13	F
Galatella_linosyris	mito	nad5	2	36032	55	F
Galatella_linosyris	mito	nad5	2	36263	132	F
Galatella_linosyris	mito	nad5	2	36310	148	F
Galatella_linosyris	mito	nad5	2	36323	152	V
Galatella_linosyris	mito	nad5	4	66892	32	C
Lepidium_heterophyllum	mito	nad5	2	232844	13	F
Lepidium_heterophyllum	mito	nad5	2	232930	42	F
Lepidium_heterophyllum	mito	nad5	2	232970	55	F
Lepidium_heterophyllum	mito	nad5	2	233201	132	F
Lepidium_heterophyllum	mito	nad5	2	233248	148	F
Lepidium_heterophyllum	mito	nad5	2	233435	210	F
Lepidium_heterophyllum	mito	nad5	2	233447	214	M
Lepidium_heterophyllum	mito	nad5	2	233972	452	L
Xerophyllum_tenax	mito	nad1	1	2535	127	W
Xerophyllum_tenax	mito	nad1	4	713407	16	V
Salicornia_ramosissima	mito	nad5	2	55310	42	F
Salicornia_ramosissima	mito	nad5	2	55350	55	F
Salicornia_ramosissima	mito	nad5	4	96758	106	M
Hippuris_vulgaris	mito	nad1	1	53569	127	W
Cerastium_fontanum	mito	nad5	2	216464	55	F
Cruciata_laevipes	mito	nad5	2	35572	55	F
Cruciata_laevipes	mito	nad5	2	35803	132	F
Cruciata_laevipes	mito	nad5	2	35850	148	F
Ulmus_minor	mito	rps3	2	177578	460	C
Calystegia_soldanella	mito	rps3	1	31417	11	C
Gnaphalium_uliginosum	mito	rps3	2	53799	431	F
Gnaphalium_uliginosum	mito	rps3	2	54122	329	M
Gnaphalium_uliginosum	mito	rps3	2	54177	314	W
Gnaphalium_uliginosum	mito	rps3	2	54585	180	F
Riccardia_palmata	mito	nad1	2	60057	36	F
Riccardia_palmata	mito	nad1	4	80960	14	V
Asplenium_viride	mito	rps3	1	157324	6	C
Asplenium_viride	mito	rps3	1	157345	13	C
Asplenium_viride	mito	rps3	1	157372	22	F
Trifolium_ochroleucon	mito	nad1	4	46794	10	V
Trifolium_ochroleucon	mito	nad1	4	46815	17	L
Trifolium_ochroleucon	mito	nad1	5	47523	43	C
Luzula_sylvatica	mito	rps3	2	96668	88	Y
Luzula_sylvatica	mito	rps3	2	97814	454	F
Viola_stagnina	mito	nad5	2	265533	13	F
Viola_stagnina	mito	nad5	2	265659	55	F
Viola_stagnina	mito	nad5	2	265890	132	F
Viola_stagnina	mito	nad5	2	265937	148	F
Alnus_incana	mito	rps3	2	194448	460	C
Carduus_crispus	mito	rps3	2	94672	180	F
Carduus_crispus	mito	rps3	2	94879	245	C
Carduus_crispus	mito	rps3	2	95080	314	W
Carduus_crispus	mito	rps3	2	95135	329	M
Carduus_crispus	mito	rps3	2	95458	431	F
Gymnostomum_aeruginosum	mito	nad5	1	59070	35	V
Equisetum_pratense	mito	rps3	1	188370	0	C
Senecio_vulgaris	mito	nad1	4	192127	17	V
Senecio_vulgaris	mito	nad1	4	192154	8	V
Syringa_vulgaris	mito	rps3	2	609394	179	F
Ailanthus_altissima	mito	rps3	2	260181	460	C
Ailanthus_altissima	mito	rps3	2	261059	180	F
Ailanthus_altissima	mito	rps3	2	261209	133	I
Ailanthus_altissima	mito	rps3	2	261390	74	W
Equisetum_palustre	mito	rps3	1	147414	0	C
Potamogeton_lucens	mito	nad2	3	62154	37	F
Potamogeton_lucens	mito	nad2	4	87341	131	L
Quercus_robur	mito	rps3	2	134733	460	C
Onoclea_sensibilis	mito	nad1	4	257352	7	V
Lobelia_dortmanna	mito	nad2	3	417991	4	L
Nymphaea_alba	mito	nad2	3	124984	0	L
Nymphaea_alba	mito	nad2	3	125040	19	F
Nymphaea_alba	mito	nad2	3	125166	52	*
Nymphaea_alba	mito	nad2	5	320968	0	F
Sanicula_europaea	mito	nad5	2	146765	148	F
Sanicula_europaea	mito	nad5	2	146812	132	F
Sanicula_europaea	mito	nad5	2	147043	55	F
Sanicula_europaea	mito	nad5	2	147169	13	F
Sanicula_europaea	mito	nad5	4	109378	32	C
Senecio_squalidus	mito	rps3	2	377324	180	F
Senecio_squalidus	mito	rps3	2	377732	314	W
Senecio_squalidus	mito	rps3	2	377787	329	M
Senecio_squalidus	mito	rps3	2	378110	431	F
Alnus_glutinosa	mito	nad1	4	70573	11	V
Molinia_caerulea	mito	rps3	2	310436	489	W
Veronica_serpyllifolia	mito	nad5	2	120632	148	F
Veronica_serpyllifolia	mito	nad5	2	120679	132	F
Veronica_serpyllifolia	mito	nad5	2	120910	55	F
Veronica_serpyllifolia	mito	nad5	2	120949	42	F
Veronica_serpyllifolia	mito	nad5	4	263048	32	C
Veronica_serpyllifolia	mito	nad5	5	261634	39	C
Artemisia_campestris	mito	nad1	4	156949	8	V
Artemisia_campestris	mito	nad1	4	156976	17	V
Reseda_lutea	mito	nad5	2	113556	5	V
Sphagnum_inundatum	mito	nad1	4	25987	1	V
Sphagnum_inundatum	mito	nad1	4	26008	8	V
Anagallis_tenella	mito	nad5	2	15533	55	F
Anagallis_tenella	mito	nad5	2	15764	132	F
Anagallis_tenella	mito	nad5	2	15811	148	F
Anagallis_tenella	mito	nad5	4	179179	32	C
Polystichum_lonchitis	mito	nad2	3	21717	32	F
Jacobaea_maritima	mito	nad5	2	296708	152	V
Jacobaea_maritima	mito	nad5	2	296721	148	F
Jacobaea_maritima	mito	nad5	2	296768	132	F
Jacobaea_maritima	mito	nad5	2	296999	55	F
Jacobaea_maritima	mito	nad5	2	297125	13	F
Jacobaea_maritima	mito	nad5	4	225228	32	C
Potamogeton_rutilus	mito	nad5	2	172787	65	V
Potamogeton_rutilus	mito	nad5	2	173071	235	Y
Potamogeton_rutilus	mito	nad5	2	173237	287	L
Potamogeton_rutilus	mito	nad5	2	173644	420	F
Potamogeton_rutilus	mito	nad5	4	31018	56	L
Potamogeton_rutilus	mito	nad5	5	29800	39	C
Thuidium_delicatulum	mito	nad1	4	54648	7	F
Thuidium_delicatulum	mito	nad1	4	54666	1	V
Barbarea_vulgaris	mito	nad5	2	210149	13	F
Barbarea_vulgaris	mito	nad5	2	210235	42	F
Barbarea_vulgaris	mito	nad5	2	210275	55	F
Barbarea_vulgaris	mito	nad5	2	210506	132	F
Barbarea_vulgaris	mito	nad5	2	210553	148	F
Barbarea_vulgaris	mito	nad5	2	210740	210	F
Barbarea_vulgaris	mito	nad5	2	210752	214	M
Barbarea_vulgaris	mito	nad5	2	211277	452	L
Homalia_trichomanoides	mito	nad1	4	30403	7	F
Homalia_trichomanoides	mito	nad1	4	30421	1	V
Syringa_vulgaris	mito	nad5	2	756470	148	F
Syringa_vulgaris	mito	nad5	2	756517	132	F
Syringa_vulgaris	mito	nad5	2	756748	55	F
Syringa_vulgaris	mito	nad5	4	811828	32	C
Lapsana_communis	mito	rps3	2	90097	431	F
Lapsana_communis	mito	rps3	2	90420	329	M
Lapsana_communis	mito	rps3	2	90466	314	W
Lapsana_communis	mito	rps3	2	90865	180	F
Circaea_lutetiana	mito	rps3	2	109954	512	M
Trifolium_bocconei	mito	nad2	2	241878	20	W
Tragopogon_porrifolius	mito	nad1	4	368830	8	V
Tragopogon_porrifolius	mito	nad1	4	368857	17	V
Anthyllis_vulneraria	mito	nad5	2	17323	214	M
Anthyllis_vulneraria	mito	nad5	2	17335	210	F
Anthyllis_vulneraria	mito	nad5	2	17522	148	F
Anthyllis_vulneraria	mito	nad5	2	17569	132	F
Anthyllis_vulneraria	mito	nad5	2	17800	55	F
Anthyllis_vulneraria	mito	nad5	2	17840	42	F
Anthyllis_vulneraria	mito	nad5	2	17926	13	F
Hypericum_tetrapterum	mito	nad1	4	246301	17	V
Cicerbita_macrophylla	mito	rps3	2	53806	431	F
Cicerbita_macrophylla	mito	rps3	2	54129	329	M
Cicerbita_macrophylla	mito	rps3	2	54184	314	W
Cicerbita_macrophylla	mito	rps3	2	54583	180	F
Dryas_octopetala	mito	nad5	2	248852	13	F
Dryas_octopetala	mito	nad5	2	248938	42	F
Dryas_octopetala	mito	nad5	2	248978	55	F
Dryas_octopetala	mito	nad5	2	249209	132	F
Dryas_octopetala	mito	nad5	2	249443	210	F
Dryas_octopetala	mito	nad5	2	249455	214	M
Dryas_octopetala	mito	nad5	2	249980	452	L
Dryas_octopetala	mito	nad5	4	167219	56	L
Dryas_octopetala	mito	nad5	4	167295	32	C
Draba_verna	mito	nad1	1	226803	127	W
Lepidium_didymum	mito	nad1	1	166817	127	W
Achillea_maritima	mito	nad1	4	75530	17	V
Achillea_maritima	mito	nad1	4	75557	8	V
Epilobium_brunnescens	mito	rps3	2	243772	512	M
Robinia_pseudoacacia	mito	nad5	2	181410	214	M
Robinia_pseudoacacia	mito	nad5	2	181422	210	F
Robinia_pseudoacacia	mito	nad5	2	181609	148	F
Robinia_pseudoacacia	mito	nad5	2	181656	132	F
Robinia_pseudoacacia	mito	nad5	2	181887	55	F
Robinia_pseudoacacia	mito	nad5	2	181927	42	F
Robinia_pseudoacacia	mito	nad5	2	182013	13	F
Prunus_laurocerasus	mito	nad5	2	28773	13	F
Prunus_laurocerasus	mito	nad5	2	28859	42	F
Prunus_laurocerasus	mito	nad5	2	28899	55	F
Prunus_laurocerasus	mito	nad5	2	29130	132	F
Prunus_laurocerasus	mito	nad5	2	29364	210	F
Prunus_laurocerasus	mito	nad5	2	29376	214	M
Prunus_laurocerasus	mito	nad5	2	29901	452	L
Prunus_laurocerasus	mito	nad5	4	36493	32	C
Papaver_somniferum	mito	nad5	2	42633	148	F
Papaver_somniferum	mito	nad5	2	42646	152	V
Papaver_somniferum	mito	nad5	2	42739	183	M
Papaver_somniferum	mito	nad5	2	42820	210	F
Papaver_somniferum	mito	nad5	2	42832	214	M
Epilobium_brunnescens	mito	nad1	1	178965	127	W
Epilobium_brunnescens	mito	nad1	4	415327	16	V
Herbertus_stramineus	mito	nad1	4	79278	14	V
Monotropa_hypopitys	mito	nad1	4	209314	16	V
Misopates_orontium	mito	rps3	2	461693	179	F
Betonica_officinalis	mito	nad5	2	342010	148	F
Betonica_officinalis	mito	nad5	2	342057	132	F
Betonica_officinalis	mito	nad5	2	342288	55	F
Betonica_officinalis	mito	nad5	2	342327	42	F
Betonica_officinalis	mito	nad5	4	209073	32	C
Myrica_gale	mito	nad1	4	4708	15	V
Myrica_gale	mito	nad1	4	4717	12	V
Lotus_tenuis	mito	nad5	2	104236	13	F
Lotus_tenuis	mito	nad5	2	104322	42	F
Lotus_tenuis	mito	nad5	2	104362	55	F
Lotus_tenuis	mito	nad5	2	104593	132	F
Lotus_tenuis	mito	nad5	2	104640	148	F
Lotus_tenuis	mito	nad5	2	104827	210	F
Lotus_tenuis	mito	nad5	2	104839	214	M
Carex_sylvatica	mito	nad5	2	498248	452	L
Anastrophyllum_donnianum	mito	nad2	3	65059	4	L
Prunus_padus	mito	nad1	4	25207	11	V
Thamnobryum_alopecurum	mito	nad1	4	87465	7	F
Thamnobryum_alopecurum	mito	nad1	4	87483	1	V
Thalictrum_minus	mito	nad5	2	125940	55	F
Thalictrum_minus	mito	nad5	2	126123	116	F
Thalictrum_minus	mito	nad5	2	126171	132	F
Thalictrum_minus	mito	nad5	2	126218	148	F
Thalictrum_minus	mito	nad5	2	126324	183	M
Thalictrum_minus	mito	nad5	2	126405	210	F
Thalictrum_minus	mito	nad5	2	126417	214	M
Thalictrum_minus	mito	nad5	4	323084	32	C
Thalictrum_minus	mito	nad5	5	324476	39	C
Petasites_japonicus	mito	rps3	2	66990	431	F
Petasites_japonicus	mito	rps3	2	67313	329	M
Petasites_japonicus	mito	rps3	2	67368	314	W
Petasites_japonicus	mito	rps3	2	67776	180	F
Thalictrum_minus	mito	nad2	2	376658	29	F
Viola_tricolor	mito	nad1	4	36670	17	V
Viola_tricolor	mito	nad1	4	36697	8	V
Castanea_sativa	mito	rps3	2	20462	460	C
Sarmentypnum_sarmentosum	mito	nad1	4	66164	7	F
Sarmentypnum_sarmentosum	mito	nad1	4	66182	1	V
Eriophorum_angustifolium	mito	nad5	2	2090657	452	L
Sherardia_arvensis	mito	nad5	2	119628	148	F
Sherardia_arvensis	mito	nad5	2	119675	132	F
Sherardia_arvensis	mito	nad5	2	119906	55	F
Potamogeton_berchtoldii	mito	nad1	4	23115	8	V
Salix_aurita	mito	nad2	3	23956	12	L
Ceratocapnos_claviculata	mito	nad2	2	79328	29	F
Ceratocapnos_claviculata	mito	nad2	2	79356	20	W
Ceratocapnos_claviculata	mito	nad2	3	11807	0	L
Daucus_carota	mito	nad1	1	212306	127	W
Daucus_carota	mito	nad1	4	38716	8	F
Daucus_carota	mito	nad1	4	38728	12	V
Veronica_scutellata	mito	nad5	2	67434	42	F
Veronica_scutellata	mito	nad5	2	67473	55	F
Veronica_scutellata	mito	nad5	2	67704	132	F
Veronica_scutellata	mito	nad5	2	67751	148	F
Veronica_scutellata	mito	nad5	4	110431	32	C
Veronica_scutellata	mito	nad5	5	109010	39	C
Lythrum_hyssopifolia	mito	nad1	1	186595	127	W
Herbertus_borealis	mito	nad2	3	55988	51	F
Tussilago_farfara	mito	nad5	2	290221	152	V
Tussilago_farfara	mito	nad5	2	290234	148	F
Tussilago_farfara	mito	nad5	2	290281	132	F
Tussilago_farfara	mito	nad5	2	290512	55	F
Tussilago_farfara	mito	nad5	2	290638	13	F
Tussilago_farfara	mito	nad5	4	175352	32	C
Lotus_corniculatus	mito	nad2	2	7107	20	W
Glechoma_hederacea	mito	nad5	4	355878	32	C
Glechoma_hederacea	mito	nad5	5	354415	39	C
Aegonychon_purpurocaeruleum	mito	nad5	2	24781	55	F
Aegonychon_purpurocaeruleum	mito	nad5	2	25012	132	F
Aegonychon_purpurocaeruleum	mito	nad5	2	25059	148	F
Aegonychon_purpurocaeruleum	mito	nad5	5	176248	39	C
Sonchus_asper	mito	nad1	4	248012	17	V
Sonchus_asper	mito	nad1	4	248039	8	V
Tripleurospermum_maritimum	mito	rps3	2	180773	507	M
Tripleurospermum_maritimum	mito	rps3	2	181020	431	F
Tripleurospermum_maritimum	mito	rps3	2	181343	329	M
Tripleurospermum_maritimum	mito	rps3	2	181398	314	W
Tripleurospermum_maritimum	mito	rps3	2	181806	180	F
Cirsium_vulgare	mito	nad5	2	19263	152	V
Cirsium_vulgare	mito	nad5	2	19276	148	F
Cirsium_vulgare	mito	nad5	2	19323	132	F
Cirsium_vulgare	mito	nad5	2	19554	55	F
Cirsium_vulgare	mito	nad5	2	19680	13	F
Cirsium_vulgare	mito	nad5	4	249232	32	C
Dicranodontium_denudatum	mito	rps3	1	84443	9	V
Hieracium_britannicum	mito	nad5	2	33759	13	F
Hieracium_britannicum	mito	nad5	2	33885	55	F
Hieracium_britannicum	mito	nad5	2	34116	132	F
Hieracium_britannicum	mito	nad5	2	34163	148	F
Hieracium_britannicum	mito	nad5	2	34176	152	V
Hieracium_britannicum	mito	nad5	4	212164	32	C
Juncus_tenuis	mito	rps3	2	301782	454	F
Juncus_tenuis	mito	rps3	2	302925	88	Y
Arabis_alpina	mito	nad5	2	16686	452	L
Arabis_alpina	mito	nad5	2	17211	214	M
Arabis_alpina	mito	nad5	2	17223	210	F
Arabis_alpina	mito	nad5	2	17410	148	F
Arabis_alpina	mito	nad5	2	17457	132	F
Arabis_alpina	mito	nad5	2	17688	55	F
Arabis_alpina	mito	nad5	2	17728	42	F
Arabis_alpina	mito	nad5	2	17814	13	F
Trifolium_scabrum	mito	nad2	2	176684	20	W
Trifolium_scabrum	mito	nad2	3	6939	0	L
Cardamine_raphanifolia	mito	nad5	2	56556	13	F
Cardamine_raphanifolia	mito	nad5	2	56642	42	F
Cardamine_raphanifolia	mito	nad5	2	56682	55	F
Cardamine_raphanifolia	mito	nad5	2	56913	132	F
Cardamine_raphanifolia	mito	nad5	2	56960	148	F
Cardamine_raphanifolia	mito	nad5	2	57147	210	F
Cardamine_raphanifolia	mito	nad5	2	57159	214	M
Cardamine_raphanifolia	mito	nad5	2	57684	452	L
Cochlearia_officinalis	mito	nad5	2	50010	13	F
Cochlearia_officinalis	mito	nad5	2	50096	42	F
Cochlearia_officinalis	mito	nad5	2	50136	55	F
Cochlearia_officinalis	mito	nad5	2	50367	132	F
Cochlearia_officinalis	mito	nad5	2	50414	148	F
Cochlearia_officinalis	mito	nad5	2	50601	210	F
Cochlearia_officinalis	mito	nad5	2	50613	214	M
Cochlearia_officinalis	mito	nad5	2	51138	452	L
Helosciadium_nodiflorum	mito	nad1	4	325946	10	V
Helosciadium_nodiflorum	mito	nad1	4	325967	17	L
Niphotrichum_ericoides	mito	rps3	1	66381	9	V
Crocosmia_x_crocosmiiflora	mito	rps3	2	45769	141	F
Thalictrum_minus	mito	nad1	4	421173	15	V
Brachypodium_pinnatum	mito	rps3	2	264302	489	W
Succisa_pratensis	mito	nad1	2	273479	17	F
Arum_maculatum	mito	nad1	1	194755	127	W
Arum_maculatum	mito	nad1	4	65638	10	V
Arum_maculatum	mito	nad1	4	65659	17	L
Tanacetum_vulgare	mito	nad1	4	103162	8	V
Tanacetum_vulgare	mito	nad1	4	103189	17	V
Littorella_uniflora	mito	rps3	2	377324	180	F
Littorella_uniflora	mito	rps3	2	377732	314	W
Littorella_uniflora	mito	rps3	2	377787	329	M
Littorella_uniflora	mito	rps3	2	378110	431	F
Platanus_orientalis	mito	nad5	2	304269	287	L
Asplenium_viride	mito	nad2	3	320297	19	F
Arctium_lappa	mito	nad1	4	35396	8	V
Arctium_lappa	mito	nad1	4	35423	17	V
Equisetum_sylvaticum	mito	nad2	3	5682	26	W
Geranium_pratense	mito	nad1	4	182984	9	V
Geranium_pratense	mito	nad1	4	182990	7	V
Vicia_sepium	mito	nad5	2	50883	13	F
Vicia_sepium	mito	nad5	2	50969	42	F
Vicia_sepium	mito	nad5	2	51009	55	F
Vicia_sepium	mito	nad5	2	51240	132	F
Vicia_sepium	mito	nad5	2	51287	148	F
Vicia_sepium	mito	nad5	2	51474	210	F
Vicia_sepium	mito	nad5	2	51486	214	M
Ligustrum_vulgare	mito	nad5	2	604603	55	F
Ligustrum_vulgare	mito	nad5	2	604834	132	F
Ligustrum_vulgare	mito	nad5	2	604881	148	F
Glechoma_hederacea	mito	nad1	1	56353	127	W
Glechoma_hederacea	mito	nad1	2	190342	17	F
Capsella_bursa_pastoris	mito	rps3	2	1313	27	W
Capsella_bursa_pastoris	mito	rps3	2	1407	61	M
Capsella_bursa_pastoris	mito	rps3	2	1457	74	W
Capsella_bursa_pastoris	mito	rps3	2	2498	411	C
Capsella_bursa_pastoris	mito	rps3	2	2624	455	W
Capsella_bursa_pastoris	mito	rps3	2	2639	460	C
Lepidozia_cupressina	mito	nad2	3	74840	38	Y
Aria_edulis	mito	rps3	2	381904	460	C
Hypericum_maculatum	mito	nad5	2	373367	132	F
Hypericum_maculatum	mito	nad5	2	373414	148	F
Galatella_linosyris	mito	nad1	4	192171	8	V
Galatella_linosyris	mito	nad1	4	192198	17	V
Geum_rivale	mito	nad5	2	178997	13	F
Geum_rivale	mito	nad5	2	179083	42	F
Geum_rivale	mito	nad5	2	179123	55	F
Geum_rivale	mito	nad5	2	179354	132	F
Geum_rivale	mito	nad5	2	179588	210	F
Geum_rivale	mito	nad5	2	179600	214	M
Geum_rivale	mito	nad5	2	180125	452	L
Geum_rivale	mito	nad5	2	180211	472	W
Geum_rivale	mito	nad5	2	180220	475	F
Geum_rivale	mito	nad5	4	226787	32	C
Cystopteris_fragilis	mito	rps3	1	27834	3	C
Cystopteris_fragilis	mito	rps3	1	27876	17	C
Pinguicula_vulgaris	mito	rps3	2	279029	179	F
Pinguicula_vulgaris	mito	rps3	2	279560	5	C
Scabiosa_columbaria	mito	nad5	2	11046	13	F
Scabiosa_columbaria	mito	nad5	2	11172	55	F
Scabiosa_columbaria	mito	nad5	2	11403	132	F
Scabiosa_columbaria	mito	nad5	2	11450	148	F
Scabiosa_columbaria	mito	nad5	2	11463	152	V
Scabiosa_columbaria	mito	nad5	4	293734	32	C
Cardamine_amara	mito	nad1	1	78285	127	W
Cardamine_amara	mito	nad1	4	230848	17	V
Cardamine_amara	mito	nad1	4	230875	8	V
Viola_odorata	mito	nad1	4	231291	8	V
Viola_odorata	mito	nad1	4	231318	17	V
Sparganium_emersum	mito	nad2	3	31683	48	C
Rhynchostegium_confertum	mito	rps3	1	71074	9	V
Calendula_officinalis	mito	rps3	2	114170	431	F
Calendula_officinalis	mito	rps3	2	114493	329	M
Calendula_officinalis	mito	rps3	2	114548	314	W
Calendula_officinalis	mito	rps3	2	114956	180	F
Carex_lepidocarpa	mito	nad2	3	832208	12	L
Potentilla_reptans	mito	rps3	1	205074	11	C
Potentilla_reptans	mito	rps3	2	208254	460	C
Potentilla_reptans	mito	rps3	2	208347	487	Y
Chrysosplenium_oppositifolium	mito	nad1	4	21460	8	V
Chrysosplenium_oppositifolium	mito	nad1	4	21487	17	V
Juncus_tenuis	mito	nad2	3	214853	4	L
Aegonychon_purpurocaeruleum	mito	nad2	3	176605	0	L
Kurzia_trichoclados	mito	nad1	4	33859	3	V
Kurzia_trichoclados	mito	nad1	4	33865	1	V
Spergularia_marina	mito	nad5	2	150076	42	F
Spergularia_marina	mito	nad5	2	150116	55	F
Spergularia_marina	mito	nad5	2	150347	132	F
Ulex_europaeus	mito	nad5	2	139950	13	F
Ulex_europaeus	mito	nad5	2	140036	42	F
Ulex_europaeus	mito	nad5	2	140076	55	F
Ulex_europaeus	mito	nad5	2	140307	132	F
Ulex_europaeus	mito	nad5	2	140354	148	F
Ulex_europaeus	mito	nad5	2	140541	210	F
Ulex_europaeus	mito	nad5	2	140553	214	M
Aquilegia_vulgaris	mito	nad2	2	106077	29	F
Luzula_spicata	mito	nad1	2	10295	17	F
Luzula_spicata	mito	nad1	4	8920	16	V
Trifolium_medium	mito	nad5	2	181035	13	F
Trifolium_medium	mito	nad5	2	181121	42	F
Trifolium_medium	mito	nad5	2	181161	55	F
Trifolium_medium	mito	nad5	2	181392	132	F
Trifolium_medium	mito	nad5	2	181439	148	F
Trifolium_medium	mito	nad5	2	181626	210	F
Trifolium_medium	mito	nad5	2	181638	214	M
Crocosmia_x_crocosmiiflora	mito	nad5	2	28288	13	F
Crocosmia_x_crocosmiiflora	mito	nad5	2	28705	152	V
Crocosmia_x_crocosmiiflora	mito	nad5	2	29416	452	L
Hornungia_petraea	mito	rps3	1	1198	17	C
Hornungia_petraea	mito	rps3	1	1216	23	C
Entodon_concinnus	mito	rps3	1	69295	9	V
Oxybasis_chenopodioides	mito	nad5	2	108687	55	F
Oxybasis_chenopodioides	mito	nad5	2	108727	42	F
Trifolium_subterraneum	mito	nad2	2	41062	20	W
Ballota_nigra	mito	nad5	2	123955	148	F
Ballota_nigra	mito	nad5	2	124002	132	F
Ballota_nigra	mito	nad5	2	124233	55	F
Ballota_nigra	mito	nad5	2	124272	42	F
Ballota_nigra	mito	nad5	4	74071	32	C
Stuckenia_pectinata	mito	nad5	2	267592	475	F
Stuckenia_pectinata	mito	nad5	2	267601	472	W
Stuckenia_pectinata	mito	nad5	2	267687	452	L
Stuckenia_pectinata	mito	nad5	2	268047	275	F
Stuckenia_pectinata	mito	nad5	2	268224	210	F
Stuckenia_pectinata	mito	nad5	2	268398	152	V
Stuckenia_pectinata	mito	nad5	2	268689	55	F
Stuckenia_pectinata	mito	nad5	2	268815	13	F
Stuckenia_pectinata	mito	nad5	4	203784	56	L
Stuckenia_pectinata	mito	nad5	5	205012	39	C
Clinopodium_vulgare	mito	nad1	1	70284	127	W
Clinopodium_vulgare	mito	nad1	2	115684	17	F
Stachys_palustris	mito	nad2	3	26105	33	Y
Sphagnum_fimbriatum	mito	nad1	4	128176	8	V
Sphagnum_fimbriatum	mito	nad1	4	128197	1	V
Andreaea_rothii	mito	nad1	2	36393	38	*
Euphorbia_maculata	mito	nad1	4	211106	11	V
Myrica_gale	mito	rps3	2	411646	460	C
Primula_scotica	mito	nad5	2	37475	148	F
Primula_scotica	mito	nad5	2	37522	132	F
Primula_scotica	mito	nad5	2	37753	55	F
Primula_scotica	mito	nad5	4	116328	32	C
Carex_depauperata	mito	nad2	3	535115	12	L
Ligusticum_scoticum	mito	nad5	2	39109	13	F
Ligusticum_scoticum	mito	nad5	2	39235	55	F
Ligusticum_scoticum	mito	nad5	2	39466	132	F
Ligusticum_scoticum	mito	nad5	2	39513	148	F
Ligusticum_scoticum	mito	nad5	4	54317	32	C
Populus_tremula	mito	nad1	4	543271	8	V
Euphorbia_amygdaloides	mito	nad1	4	235464	10	V
Euphorbia_amygdaloides	mito	nad1	4	235485	17	V
Trifolium_incarnatum	mito	nad5	2	13796	13	F
Trifolium_incarnatum	mito	nad5	2	13882	42	F
Trifolium_incarnatum	mito	nad5	2	13922	55	F
Trifolium_incarnatum	mito	nad5	2	14153	132	F
Trifolium_incarnatum	mito	nad5	2	14200	148	F
Trifolium_incarnatum	mito	nad5	2	14387	210	F
Trifolium_incarnatum	mito	nad5	2	14399	214	M
Malus_x_robusta	mito	nad5	2	199304	13	F
Malus_x_robusta	mito	nad5	2	199390	42	F
Malus_x_robusta	mito	nad5	2	199430	55	F
Malus_x_robusta	mito	nad5	2	199661	132	F
Malus_x_robusta	mito	nad5	2	199895	210	F
Malus_x_robusta	mito	nad5	2	199907	214	M
Malus_x_robusta	mito	nad5	2	200432	452	L
Malus_x_robusta	mito	nad5	4	230167	32	C
Alisma_plantago_aquatica	mito	nad1	4	89787	19	*
Alisma_plantago_aquatica	mito	nad1	4	89795	16	V
Ranunculus_auricomus	mito	nad1	4	51689	17	V
Ranunculus_auricomus	mito	nad1	4	51716	8	V
Onoclea_sensibilis	mito	rps3	1	155331	18	C
Eriophorum_latifolium	mito	nad5	2	1730974	452	L
Sanguisorba_minor	mito	nad2	3	144532	12	L
Sphagnum_capillifolium	mito	nad1	4	131200	1	V
Sphagnum_capillifolium	mito	nad1	4	131221	8	V
Hieracium_snowdoniense	mito	nad1	1	237520	127	W
Hieracium_snowdoniense	mito	nad1	4	128479	17	V
Hieracium_snowdoniense	mito	nad1	4	128506	8	V
Scrophularia_umbrosa	mito	nad5	2	690914	148	F
Scrophularia_umbrosa	mito	nad5	2	690961	132	F
Scrophularia_umbrosa	mito	nad5	2	691192	55	F
Scrophularia_umbrosa	mito	nad5	2	691231	42	F
Scrophularia_umbrosa	mito	nad5	4	754050	32	C
Scrophularia_umbrosa	mito	nad5	5	755469	39	C
Potentilla_indica	mito	nad1	4	46268	11	V
Lepidium_heterophyllum	mito	nad2	3	77289	26	W
Luzula_spicata	mito	rps3	2	136461	88	Y
Luzula_spicata	mito	rps3	2	137607	454	F
Carpinus_betulus	mito	nad5	2	217738	11	V
Carpinus_betulus	mito	nad5	2	218931	531	C
Robinia_pseudoacacia	mito	rps3	2	376997	179	F
Robinia_pseudoacacia	mito	rps3	2	377882	460	C
Allium_triquetrum	mito	nad5	2	60206	452	L
Allium_triquetrum	mito	nad5	2	60743	210	F
Allium_triquetrum	mito	nad5	2	60885	163	W
Allium_triquetrum	mito	nad5	2	60917	152	V
Allium_triquetrum	mito	nad5	2	60930	148	F
Allium_triquetrum	mito	nad5	2	60977	132	F
Allium_triquetrum	mito	nad5	2	61208	55	F
Allium_triquetrum	mito	nad5	2	61334	13	F
Ajuga_reptans	mito	nad5	2	333747	42	F
Ajuga_reptans	mito	nad5	2	333786	55	F
Ajuga_reptans	mito	nad5	2	334017	132	F
Ajuga_reptans	mito	nad5	2	334064	148	F
Ajuga_reptans	mito	nad5	4	376314	32	C
Ajuga_reptans	mito	nad5	5	377755	39	C
Pentaglottis_sempervirens	mito	nad2	3	174395	0	L
Grimmia_donniana	mito	rps3	1	15558	9	V
Epilobium_palustre	mito	nad5	2	401716	13	F
Epilobium_palustre	mito	nad5	2	401802	42	F
Epilobium_palustre	mito	nad5	2	401842	55	F
Epilobium_palustre	mito	nad5	2	402073	132	F
Epilobium_palustre	mito	nad5	2	402120	148	F
Epilobium_palustre	mito	nad5	2	402307	210	F
Epilobium_palustre	mito	nad5	2	402319	214	M
Epilobium_palustre	mito	nad5	2	402844	452	L
Epilobium_palustre	mito	nad5	4	323695	32	C
Fissidens_taxifolius	mito	rps3	1	28901	9	V
Fissidens_taxifolius	mito	rps3	1	28920	3	W
Luzula_spicata	mito	nad5	4	158480	26	L
Anagallis_tenella	mito	rps3	2	331253	505	M
Anagallis_tenella	mito	rps3	2	331652	383	F
Leucanthemum_vulgare	mito	nad1	4	174380	8	V
Leucanthemum_vulgare	mito	nad1	4	174407	17	V
Cirsium_heterophyllum	mito	rps3	2	306870	180	F
Cirsium_heterophyllum	mito	rps3	2	307077	245	C
Cirsium_heterophyllum	mito	rps3	2	307278	314	W
Cirsium_heterophyllum	mito	rps3	2	307333	329	M
Cirsium_heterophyllum	mito	rps3	2	307656	431	F
Racomitrium_heterostichum	mito	nad1	4	11117	4	V
Baldellia_ranunculoides	mito	nad2	4	105120	131	L
Pedicularis_palustris	mito	nad2	5	336058	76	V
Symphytum_tuberosum	mito	nad5	2	347355	148	F
Symphytum_tuberosum	mito	nad5	2	347402	132	F
Symphytum_tuberosum	mito	nad5	2	347633	55	F
Symphytum_tuberosum	mito	nad5	5	325711	39	C
Asparagus_officinalis	mito	nad5	2	18842	452	L
Asparagus_officinalis	mito	nad5	2	19379	210	F
Asparagus_officinalis	mito	nad5	2	19521	163	W
Asparagus_officinalis	mito	nad5	2	19553	152	V
Asparagus_officinalis	mito	nad5	2	19566	148	F
Asparagus_officinalis	mito	nad5	2	19613	132	F
Asparagus_officinalis	mito	nad5	2	19844	55	F
Trifolium_scabrum	mito	nad5	2	295355	13	F
Trifolium_scabrum	mito	nad5	2	295441	42	F
Trifolium_scabrum	mito	nad5	2	295481	55	F
Trifolium_scabrum	mito	nad5	2	295712	132	F
Trifolium_scabrum	mito	nad5	2	295759	148	F
Trifolium_scabrum	mito	nad5	2	295946	210	F
Trifolium_scabrum	mito	nad5	2	295958	214	M
Lonicera_periclymenum	mito	nad5	2	786496	152	V
Lonicera_periclymenum	mito	nad5	2	786509	148	F
Lonicera_periclymenum	mito	nad5	2	786556	132	F
Lonicera_periclymenum	mito	nad5	2	786787	55	F
Lonicera_periclymenum	mito	nad5	2	786913	13	F
Lonicera_periclymenum	mito	nad5	4	484520	32	C
Dasiphora_fruticosa	mito	rps3	2	266650	390	M
Dasiphora_fruticosa	mito	rps3	2	266877	460	C
Fissidens_pusillus	mito	nad1	2	63341	36	F
Fissidens_pusillus	mito	nad1	4	101861	7	V
Draba_incana	mito	nad5	2	101422	13	F
Draba_incana	mito	nad5	2	101508	42	F
Draba_incana	mito	nad5	2	101548	55	F
Draba_incana	mito	nad5	2	101779	132	F
Draba_incana	mito	nad5	2	101826	148	F
Draba_incana	mito	nad5	2	102013	210	F
Draba_incana	mito	nad5	2	102025	214	M
Draba_incana	mito	nad5	2	102550	452	L
Rhynchostegiella_tenella	mito	rps3	1	68914	9	V
Carex_disticha	mito	nad5	2	537095	452	L
Kurzia_trichoclados	mito	rps3	1	90595	1	C
Petasites_hybridus	mito	rps3	2	167350	431	F
Petasites_hybridus	mito	rps3	2	167673	329	M
Petasites_hybridus	mito	rps3	2	167728	314	W
Petasites_hybridus	mito	rps3	2	168136	180	F
Galega_officinalis	mito	nad1	4	161206	11	V
Galega_officinalis	mito	nad1	5	162274	43	C
Calystegia_sepium	mito	nad5	2	103557	55	F
Calystegia_sepium	mito	nad5	2	103788	132	F
Calystegia_sepium	mito	nad5	4	194485	32	C
Allium_schoenoprasum	mito	nad1	1	9941	127	W
Allium_schoenoprasum	mito	nad1	4	22705	0	V
Allium_schoenoprasum	mito	nad1	4	22735	10	V
Glaux_maritima	mito	nad2	3	47281	0	L
Glaux_maritima	mito	nad2	3	47317	12	L
Hippocrepis_comosa	mito	rps3	2	247061	179	F
Hippocrepis_comosa	mito	rps3	2	247946	460	C
Myrrhis_odorata	mito	nad1	4	163594	16	V
Galium_saxatile	mito	nad5	2	23686	55	F
Galium_saxatile	mito	nad5	2	23917	132	F
Galium_saxatile	mito	nad5	2	23964	148	F
Heracleum_sphondylium	mito	nad1	4	42333	10	V
Ficus_carica	mito	rps3	2	141815	460	C
Buddleja_davidii	mito	rps3	2	330732	179	F
Cardamine_amara	mito	rps3	2	293492	27	W
Cardamine_amara	mito	rps3	2	293586	61	M
Cardamine_amara	mito	rps3	2	293636	74	W
Cardamine_amara	mito	rps3	2	294677	411	C
Cardamine_amara	mito	rps3	2	294803	455	W
Cardamine_amara	mito	rps3	2	294818	460	C
Chaenorhinum_minus	mito	nad1	1	396428	127	W
Malus_sylvestris	mito	nad5	2	301788	452	L
Malus_sylvestris	mito	nad5	2	302313	214	M
Malus_sylvestris	mito	nad5	2	302325	210	F
Malus_sylvestris	mito	nad5	2	302559	132	F
Malus_sylvestris	mito	nad5	2	302790	55	F
Malus_sylvestris	mito	nad5	2	302830	42	F
Malus_sylvestris	mito	nad5	2	302916	13	F
Malus_sylvestris	mito	nad5	4	272053	32	C
Jacobaea_vulgaris	mito	rps3	2	184186	180	F
Jacobaea_vulgaris	mito	rps3	2	184594	314	W
Jacobaea_vulgaris	mito	rps3	2	184649	329	M
Jacobaea_vulgaris	mito	rps3	2	184972	431	F
Oxyria_digyna	mito	nad5	2	106109	13	F
Oxyria_digyna	mito	nad5	2	106195	42	F
Oxyria_digyna	mito	nad5	2	106235	55	F
Oxyria_digyna	mito	nad5	2	106466	132	F
Oxyria_digyna	mito	nad5	2	106712	214	M
Vaccinium_oxycoccos	mito	nad2	3	60467	0	L
Potentilla_anserina	mito	nad5	2	285605	452	L
Potentilla_anserina	mito	nad5	2	286130	214	M
Potentilla_anserina	mito	nad5	2	286142	210	F
Potentilla_anserina	mito	nad5	2	286376	132	F
Potentilla_anserina	mito	nad5	2	286607	55	F
Potentilla_anserina	mito	nad5	2	286647	42	F
Potentilla_anserina	mito	nad5	2	286733	13	F
Potentilla_anserina	mito	nad5	4	269418	32	C
Carpinus_betulus	mito	nad2	4	292932	94	L
Trifolium_arvense	mito	nad2	2	81070	20	W
Trifolium_arvense	mito	nad2	3	188223	7	Y
Rubus_saxatilis	mito	nad1	4	351348	11	V
Thelypteris_palustris	mito	nad2	3	142039	12	L
Thelypteris_palustris	mito	nad2	3	142063	4	L
Phytolacca_acinosa	mito	rps3	2	91317	475	I
